filename,score_N,score_L,score_M,score_H,prob_N,prob_L,prob_M,prob_H,predict class,actual class
CF02_English_N_0062.npy,7.979982,-3.554445,-3.6268785,-5.3496413,0.9999795,9.7870825e-06,9.103235e-06,1.6255835e-06,N,N
CM30_Gujarati_N_0045.npy,8.300542,-3.831749,-4.078023,-5.307978,0.9999893,5.3828016e-06,4.2077795e-06,1.2299572e-06,N,N
CF09_Hindi_N_0018.npy,8.402072,-4.08101,-4.343829,-3.9823008,0.99998915,3.7901966e-06,2.9142095e-06,4.183411e-06,N,N
CF09_Hindi_N_0013.npy,7.814204,-4.8259106,-4.2256947,-2.1288345,0.9999428,3.2392397e-06,5.9035533e-06,4.8058282e-05,N,N
CF09_Hindi_N_0005.npy,8.522109,-3.8748603,-4.0555077,-5.089317,0.9999912,4.1310554e-06,3.4483126e-06,1.2263918e-06,N,N
CM03_English_N_0069.npy,3.1381283,-2.211683,-1.58192,-1.6889566,0.97878623,0.0046483004,0.008725632,0.007839917,N,N
CF04_Hindi_N_0138.npy,7.7705607,-4.1668534,-4.065435,-3.3192737,0.9999709,6.5408512e-06,7.2390194e-06,1.5266292e-05,N,N
CM16_Hindi_N_0043.npy,6.5129004,-3.7015026,-2.7622313,-4.1807985,0.99984694,3.6633177e-05,9.3712006e-05,2.2683973e-05,N,N
CM30_Gujarati_N_0012.npy,6.961843,-2.84654,-3.6327052,-4.8651867,0.9999126,5.4983888e-05,2.505003e-05,7.3037877e-06,N,N
CF14_Gujarati_N_0029.npy,7.6710176,-3.406513,-3.8482237,-4.544386,0.9999697,1.545526e-05,9.93674e-06,4.9534124e-06,N,N
CF04_English_N_0045.npy,8.011697,-4.296905,-3.1472692,-4.694794,0.9999782,4.512663e-06,1.42466615e-05,3.0313174e-06,N,N
CM30_Gujarati_N_0040.npy,7.999926,-3.5657694,-3.9467359,-5.311119,0.9999825,9.485812e-06,6.480717e-06,1.6560717e-06,N,N
CM38_English_N_0029.npy,8.170844,-3.4010456,-3.9896984,-5.21629,0.9999838,9.42725e-06,5.232828e-06,1.5347382e-06,N,N
CF09_Hindi_N_0152.npy,7.0801773,-3.4982095,-3.7716026,-3.177061,0.9999201,2.5458367e-05,1.9368554e-05,3.5099692e-05,N,N
CM16_Hindi_N_0080.npy,6.3946815,-3.197806,-2.479125,-5.4616075,0.99978477,6.8224785e-05,0.00013997857,7.0922765e-06,N,N
CF04_Hindi_N_0082.npy,8.2479315,-4.6572695,-4.09235,-2.8823035,0.9999784,2.485038e-06,4.3719433e-06,1.4661929e-05,N,N
CF14_Hindi_N_0039.npy,7.197243,-3.8536758,-3.9406812,-2.3923492,0.9999012,1.5870995e-05,1.4548495e-05,6.843058e-05,N,N
CF09_Hindi_N_0064.npy,8.365761,-3.451178,-4.148189,-5.447846,0.99998796,7.3784245e-06,3.6749816e-06,1.001894e-06,N,N
CM27_Gujarati_N_0004.npy,7.455729,-3.0145388,-3.4505577,-6.2571754,0.9999522,2.8366092e-05,1.8341689e-05,1.1080025e-06,N,N
CM03_English_N_0017.npy,4.9290576,-2.1872942,-2.5572968,-4.096264,0.99850947,0.0008105125,0.0005598476,0.000120144716,N,N
CM30_English_N_0003.npy,7.8421307,-3.1534781,-3.738014,-6.053575,0.99997306,1.6774742e-05,9.349649e-06,9.22911e-07,N,N
CM05_Hindi_N_0058.npy,7.619287,-3.200975,-3.6226926,-5.610891,0.9999651,1.998963e-05,1.3111583e-05,1.7955255e-06,N,N
CF09_Hindi_N_0040.npy,8.70259,-3.8580275,-4.0005975,-5.5641274,0.9999927,3.5074381e-06,3.0413923e-06,6.3685417e-07,N,N
CF20_Gujarati_N_0015.npy,7.436786,-4.3670936,-3.403456,-2.7833023,0.9999366,7.4750246e-06,1.9593635e-05,3.6428748e-05,N,N
CF04_Hindi_N_0002.npy,8.756242,-4.568583,-4.1444473,-3.9978013,0.99999297,1.6334237e-06,2.496312e-06,2.8905881e-06,N,N
CF04_Hindi_N_0055.npy,7.024976,-3.7545676,-3.553286,-3.7298765,0.9999323,2.0819705e-05,2.5461832e-05,2.1340156e-05,N,N
CF04_Hindi_N_0141.npy,7.638195,-3.5616512,-3.9020221,-3.8590598,0.9999664,1.3675839e-05,9.730444e-06,1.0157594e-05,N,N
CF04_English_N_0007.npy,7.595945,-3.3425999,-3.9511533,-4.0821342,0.9999641,1.775966e-05,9.6636995e-06,8.477326e-06,N,N
CF02_English_N_0047.npy,7.033595,-4.1540575,-3.3519325,-2.8941646,0.9999064,1.3842789e-05,3.0873227e-05,4.879646e-05,N,N
CM35_English_N_0117.npy,8.341578,-3.3832004,-4.0504,-5.3880134,0.99998665,8.09073e-06,4.1517083e-06,1.0897037e-06,N,N
CM30_Gujarati_N_0055.npy,7.3160844,-2.588047,-3.5784297,-5.9104905,0.99992967,4.996433e-05,1.8558467e-05,1.8019426e-06,N,N
CM27_Gujarati_N_0046.npy,6.1792173,-1.211935,-4.029833,-6.33982,0.9993432,0.0006162799,3.6811245e-05,3.653978e-06,N,N
CM30_Gujarati_N_0062.npy,7.7601285,-3.2523904,-3.8151495,-5.5806684,0.99997246,1.6493463e-05,9.395255e-06,1.6075088e-06,N,N
CF04_English_N_0086.npy,8.752391,-3.8304942,-4.226658,-5.3185506,0.99999356,3.4302027e-06,2.308171e-06,7.745773e-07,N,N
CM30_English_N_0012.npy,7.51617,-3.9808974,-3.9528751,-2.9283195,0.9999503,1.015934e-05,1.0448048e-05,2.9106788e-05,N,N
CF09_Hindi_N_0037.npy,8.621749,-4.814469,-4.255748,-3.1533303,0.9999883,1.4612331e-06,2.554872e-06,7.693833e-06,N,N
CF04_English_N_0041.npy,8.562434,-3.8351634,-4.205682,-5.063209,0.9999918,4.128462e-06,2.850192e-06,1.2090798e-06,N,N
CM05_English_N_0023.npy,7.608586,-2.9047427,-3.6052186,-6.453282,0.99995863,2.7170741e-05,1.3486173e-05,7.816107e-07,N,N
CM35_English_N_0091.npy,8.16006,-3.6298256,-4.0749454,-4.782522,0.9999851,7.5807347e-06,4.857337e-06,2.3938753e-06,N,N
CM05_Hindi_N_0078.npy,7.335142,-2.6772883,-3.7286167,-5.904165,0.9999378,4.4836306e-05,1.5669082e-05,1.7791592e-06,N,N
CM05_English_N_0054.npy,8.445313,-3.7824526,-4.2579947,-5.169828,0.9999908,4.8926563e-06,3.0410208e-06,1.221843e-06,N,N
CF04_English_N_0096.npy,8.465632,-4.7207875,-3.8715212,-3.905343,0.9999895,1.8758833e-06,4.3856885e-06,4.239836e-06,N,N
CM05_Hindi_N_0092.npy,8.04741,-3.190168,-3.9189775,-5.795712,0.9999795,1.3169619e-05,6.354113e-06,9.72746e-07,N,N
CM35_English_N_0053.npy,8.001664,-3.260361,-3.6621652,-5.8207965,0.9999776,1.2851534e-05,8.599107e-06,9.930521e-07,N,N
CF02_Gujarati_N_0033.npy,7.6234903,-3.7250311,-3.660688,-4.3990965,0.9999697,1.178655e-05,1.2569869e-05,6.006808e-06,N,N
CF04_Hindi_N_0061.npy,8.074957,-3.850981,-4.068201,-4.113374,0.99998295,6.6164293e-06,5.324589e-06,5.0894096e-06,N,N
CF09_Hindi_N_0051.npy,8.220984,-3.8746302,-3.5806162,-5.25701,0.99998546,5.583867e-06,7.4924474e-06,1.4014412e-06,N,N
CF20_Gujarati_N_0054.npy,5.9949365,-4.5575957,-3.0121562,-0.86072755,0.9987993,2.6095868e-05,0.0001223905,0.0010522067,N,N
CM05_English_N_0012.npy,7.835166,-3.1218615,-4.002695,-5.223656,0.9999732,1.7434593e-05,7.225545e-06,2.1311487e-06,N,N
CF18_English_N_0018.npy,7.363645,-3.215107,-3.2488127,-5.887103,0.99994826,2.544976e-05,2.4606277e-05,1.7589397e-06,N,N
CM35_English_N_0027.npy,7.7134075,-3.2033489,-3.7155406,-5.7719254,0.9999696,1.8150962e-05,1.08757085e-05,1.3911736e-06,N,N
CM05_English_N_0096.npy,8.490571,-3.3776412,-4.275833,-6.2996035,0.99998975,7.0096553e-06,2.8550694e-06,3.7731527e-07,N,N
CM05_Hindi_N_0042.npy,7.842041,-3.4924123,-3.4937944,-5.7266707,0.99997485,1.1953592e-05,1.1937085e-05,1.2798887e-06,N,N
CF04_Hindi_N_0050.npy,7.341987,-3.2528462,-3.8501596,-3.8996096,0.999948,2.5043773e-05,1.3781295e-05,1.3116386e-05,N,N
CF14_Hindi_N_0145.npy,3.7450802,-2.6664176,-1.6514815,-2.5152924,0.9919796,0.0016293881,0.004495788,0.0018952104,N,N
CF20_Gujarati_N_0042.npy,7.923701,-4.3219957,-3.7623048,-3.6283495,0.9999771,4.8056418e-06,8.4105095e-06,9.616084e-06,N,N
CF14_Hindi_N_0123.npy,8.471942,-3.7529192,-4.0976725,-5.1348104,0.99999046,4.9068876e-06,3.4760155e-06,1.2321353e-06,N,N
CM30_English_N_0058.npy,6.9223876,-2.0627577,-3.665868,-6.2122064,0.99984765,0.00012523758,2.5206511e-05,1.9753868e-06,N,N
CF04_English_N_0032.npy,8.916533,-4.2672873,-4.3999796,-4.5058856,0.999995,1.8807767e-06,1.6470609e-06,1.4815473e-06,N,N
CM35_English_N_0052.npy,8.1269,-3.6361654,-3.921389,-5.282279,0.99998486,7.786801e-06,5.8544792e-06,1.501278e-06,N,N
CF14_Hindi_N_0032.npy,8.381135,-3.8338196,-3.9852443,-4.859772,0.99998903,4.9557334e-06,4.259368e-06,1.7764055e-06,N,N
CF02_English_N_0053.npy,6.654463,-3.7350585,-3.032433,-3.8046608,0.9998784,3.0749303e-05,6.208433e-05,2.8681876e-05,N,N
CM05_English_N_0018.npy,7.6434245,-3.1169937,-3.4567466,-6.0983996,0.99996257,2.1222357e-05,1.5109173e-05,1.0764289e-06,N,N
CM03_English_N_0041.npy,4.8562083,-1.8394824,-2.1667433,-4.5863123,0.9977982,0.0012335059,0.00088922895,7.91058e-05,N,N
CF04_English_N_0038.npy,7.879726,-4.0345716,-3.9579167,-3.8856003,0.9999783,6.6938674e-06,7.22716e-06,7.769163e-06,N,N
CF04_Hindi_N_0009.npy,8.372308,-4.0100207,-4.0388584,-4.4771867,0.99998915,4.1919734e-06,4.0728114e-06,2.6274263e-06,N,N
CM05_English_N_0100.npy,7.84508,-3.3362722,-3.840171,-5.5917974,0.99997616,1.3931245e-05,8.416849e-06,1.4602527e-06,N,N
CM05_English_N_0026.npy,7.46893,-2.7722988,-3.663442,-6.310574,0.9999486,3.566718e-05,1.4630191e-05,1.0366097e-06,N,N
CM30_English_N_0020.npy,8.000646,-3.052369,-3.8888025,-5.7878594,0.9999763,1.5838948e-05,6.862272e-06,1.0273486e-06,N,N
CF14_Hindi_N_0134.npy,0.27283442,-1.513458,0.7176073,-1.7564478,0.3497548,0.058612026,0.54566497,0.045968212,M,N
CM30_English_N_0045.npy,8.071841,-3.1779704,-4.0642433,-5.567986,0.99998045,1.3009499e-05,5.362372e-06,1.1920366e-06,N,N
CF09_Hindi_N_0095.npy,8.094285,-3.8784766,-3.720054,-4.885458,0.999984,6.313773e-06,7.397602e-06,2.306547e-06,N,N
CM38_English_N_0137.npy,8.101323,-3.513243,-3.9163375,-5.036789,0.99998295,9.03339e-06,6.0365546e-06,1.9687157e-06,N,N
CF02_English_N_0034.npy,7.2165885,-3.6275735,-3.8136747,-3.703876,0.99994624,1.9517174e-05,1.620296e-05,1.8083363e-05,N,N
CM35_English_N_0006.npy,8.298764,-3.4385874,-4.095521,-5.4493375,0.99998677,7.989642e-06,4.142138e-06,1.069718e-06,N,N
CF18_English_N_0019.npy,8.214823,-3.7969992,-3.9978557,-4.9599795,0.999987,6.0719262e-06,4.967013e-06,1.8977989e-06,N,N
CF14_English_N_0047.npy,-1.2122015,-3.4447918,3.0021737,-1.4218488,0.014374013,0.0015416167,0.97242886,0.0116554545,M,N
CM35_English_N_0012.npy,8.129002,-3.7101383,-4.0926027,-5.1607327,0.9999862,7.2164044e-06,4.9228734e-06,1.6917488e-06,N,N
CF09_Hindi_N_0012.npy,8.029425,-3.8809257,-3.9534836,-4.053166,0.9999814,6.7203564e-06,6.250014e-06,5.6570466e-06,N,N
CF09_Hindi_N_0139.npy,8.13968,-3.5246623,-3.8366575,-5.4340553,0.9999838,8.594758e-06,6.2912322e-06,1.2734873e-06,N,N
CF04_Hindi_N_0111.npy,8.4107065,-5.08241,-3.0124562,-4.605446,0.99998546,1.3804087e-06,1.0938991e-05,2.2240806e-06,N,N
CM05_Hindi_N_0090.npy,7.8199673,-3.2513132,-3.8441658,-5.0403366,0.9999733,1.5552221e-05,8.596463e-06,2.5991383e-06,N,N
CM30_English_N_0032.npy,7.306456,-2.3696895,-4.0874267,-6.3690095,0.9999249,6.275824e-05,1.1263334e-05,1.1502391e-06,N,N
CF20_Gujarati_N_0034.npy,7.372135,-4.897666,-4.0283356,-1.3935182,0.9998281,4.690492e-06,1.1188293e-05,0.00015597335,N,N
CF20_Gujarati_N_0041.npy,7.3525925,-3.4512455,-3.0226154,-5.1580234,0.9999448,2.0320242e-05,3.119468e-05,3.6870958e-06,N,N
CM05_Hindi_N_0080.npy,8.221675,-3.345977,-4.018791,-5.919752,0.999985,9.4673005e-06,4.830884e-06,7.2185463e-07,N,N
CM27_Gujarati_N_0011.npy,6.4431977,-1.9020392,-3.3388145,-6.4126587,0.99970347,0.00023745478,5.644135e-05,2.6100204e-06,N,N
CF09_Hindi_N_0068.npy,8.2706785,-3.5864415,-4.0667334,-5.0638847,0.9999869,7.0878136e-06,4.384544e-06,1.6175848e-06,N,N
CF09_Hindi_N_0078.npy,6.8800416,-3.6823936,-3.739922,-2.8871179,0.99989235,2.5866993e-05,2.4420899e-05,5.729673e-05,N,N
CM05_Hindi_N_0049.npy,7.886534,-3.015477,-3.8624096,-5.861933,0.9999727,1.8420651e-05,7.89745e-06,1.0693124e-06,N,N
CM03_English_N_0087.npy,7.356146,-3.4369397,-3.8977435,-4.0103364,0.99995494,2.0540128e-05,1.2956226e-05,1.1576575e-05,N,N
CF04_Hindi_N_0011.npy,7.3812833,-4.191941,-3.5704136,-3.1390343,0.9999461,9.414326e-06,1.7527313e-05,2.698118e-05,N,N
CF04_Hindi_N_0126.npy,7.484307,-3.4484296,-4.02162,-3.465297,0.9999546,1.786295e-05,1.0069782e-05,1.756417e-05,N,N
CF09_Hindi_N_0067.npy,7.9688153,-3.6391568,-3.9747138,-4.4058614,0.9999801,9.0931235e-06,6.501036e-06,4.2241327e-06,N,N
CM03_English_N_0027.npy,3.9095888,-0.50334966,-2.115068,-4.9682164,0.9855349,0.011944202,0.0023833993,0.00013743267,N,N
CF04_Hindi_N_0113.npy,8.331098,-5.0126395,-4.021559,-2.5311894,0.99997497,1.6027948e-06,4.318159e-06,1.9167152e-05,N,N
CF04_Hindi_N_0021.npy,8.711109,-4.1500087,-4.3655043,-4.672402,0.9999937,2.5970753e-06,2.093612e-06,1.5403253e-06,N,N
CM24_Gujarati_N_0057.npy,5.5043387,-3.571105,-1.968953,-3.2047877,0.99915314,0.00011434499,0.00056757417,0.00016493259,N,N
CM03_English_N_0050.npy,4.2682676,-1.6930846,-1.8809968,-4.0332627,0.9950649,0.0025637106,0.0021245151,0.0002469121,N,N
CF14_Hindi_N_0141.npy,6.134404,-3.6729536,-3.2950277,-2.606099,0.99970466,5.502884e-05,8.03011e-05,0.00015992612,N,N
CF14_Gujarati_N_0047.npy,5.2210374,-2.9008286,-1.9489878,-5.2960734,0.9989079,0.00029664964,0.0007684631,2.7039723e-05,N,N
CF20_Gujarati_N_0072.npy,5.0381713,-2.7581773,-2.4272408,-3.051787,0.9987112,0.00041070383,0.00057181116,0.00030620742,N,N
CM16_Hindi_N_0044.npy,7.118461,-3.0786932,-2.870604,-5.4897437,0.99991345,3.727303e-05,4.589512e-05,3.344172e-06,N,N
CF04_Hindi_N_0112.npy,8.812062,-4.570753,-4.3453665,-4.0259414,0.9999939,1.5413971e-06,1.9310728e-06,2.6578068e-06,N,N
CF04_English_N_0054.npy,8.428315,-4.552581,-4.212411,-3.5828667,0.99998844,2.3038992e-06,3.2374078e-06,6.0758216e-06,N,N
CF09_Hindi_N_0056.npy,8.190868,-3.7125738,-4.342099,-4.549425,0.99998677,6.7669803e-06,3.60575e-06,2.93059e-06,N,N
CM27_Gujarati_N_0043.npy,7.192675,-3.0425048,-3.0520368,-5.5793557,0.99992573,3.588274e-05,3.554233e-05,2.8388683e-06,N,N
CM30_English_N_0025.npy,7.799756,-3.1239095,-3.7267337,-6.0435843,0.99997115,1.8026009e-05,9.864993e-06,9.725262e-07,N,N
CM16_Hindi_N_0072.npy,6.580797,-3.972103,-2.612118,-4.015658,0.99984705,2.6113627e-05,0.00010174225,2.500068e-05,N,N
CM27_Gujarati_N_0007.npy,4.8413424,-2.7903278,-2.4844527,-3.3029656,0.9985684,0.0004841564,0.00065739354,0.00028996784,N,N
CF02_English_N_0040.npy,6.4077735,-2.7961533,-3.0548763,-5.4677205,0.9998147,0.00010062474,7.768599e-05,6.9575767e-06,N,N
CF02_English_N_0012.npy,7.936372,-4.382208,-3.9348316,-3.5713267,0.9999784,4.467859e-06,6.988637e-06,1.0052195e-05,N,N
CF04_English_N_0082.npy,7.87434,-5.064753,-3.5390577,-2.6827035,0.99996054,2.4021842e-06,1.1046055e-05,2.600862e-05,N,N
CM38_English_N_0008.npy,7.8707523,-3.6736038,-3.8932831,-4.415983,0.99997795,9.690366e-06,7.779197e-06,4.6124214e-06,N,N
CM05_Hindi_N_0115.npy,8.082967,-3.2307954,-4.008373,-5.599952,0.99998105,1.2203575e-05,5.6077665e-06,1.1417624e-06,N,N
CM35_English_N_0116.npy,8.08712,-3.5697508,-3.7376428,-5.5435615,0.99998283,8.659202e-06,7.3208835e-06,1.2029915e-06,N,N
CF18_English_N_0021.npy,7.577137,-3.6784637,-3.649349,-4.427665,0.9999676,1.2934229e-05,1.3316341e-05,6.114576e-06,N,N
CF14_Gujarati_N_0072.npy,4.2051296,-2.1662288,-2.526856,-2.6637032,0.9960737,0.0017031217,0.0011874827,0.001035608,N,N
CF14_Hindi_N_0135.npy,5.07859,-3.6573777,-2.1272016,-2.7834764,0.9987136,0.00016049386,0.0007413197,0.000384582,N,N
CF09_Hindi_N_0096.npy,8.316794,-4.4548464,-4.448723,-3.1282651,0.99998355,2.84014e-06,2.857585e-06,1.0702039e-05,N,N
CF04_English_N_0079.npy,7.829475,-5.095761,-3.1978312,-3.098208,0.9999634,2.43571e-06,1.6251226e-05,1.795361e-05,N,N
CF04_English_N_0055.npy,7.2584004,-3.7608526,-3.5739067,-3.3058605,0.999938,1.6382208e-05,1.9749767e-05,2.5820998e-05,N,N
CF04_English_N_0059.npy,8.106203,-3.7905633,-3.9092793,-4.5964117,0.999984,6.8122877e-06,6.0497237e-06,3.0431092e-06,N,N
CM05_Hindi_N_0123.npy,8.166581,-3.5243046,-3.5829883,-5.7696805,0.99998283,8.369615e-06,7.8925905e-06,8.8623887e-07,N,N
CM16_Hindi_N_0052.npy,8.043887,-3.238268,-3.8149147,-6.0984735,0.9999796,1.2595444e-05,7.0758556e-06,7.2117706e-07,N,N
CM30_Gujarati_N_0013.npy,7.1778812,-2.3889582,-4.0340366,-5.9213314,0.9999145,7.0006354e-05,1.3511041e-05,2.0466669e-06,N,N
CM35_English_N_0019.npy,8.271146,-3.413312,-4.0938907,-6.016378,0.99998665,8.423618e-06,4.2650813e-06,6.237372e-07,N,N
CF20_Gujarati_N_0039.npy,8.241338,-4.150127,-4.077688,-4.0721507,0.9999869,4.15384e-06,4.4659027e-06,4.490704e-06,N,N
CM38_English_N_0129.npy,7.921622,-2.6195278,-4.124666,-6.7008977,0.99996734,2.6425483e-05,5.8661026e-06,4.4617607e-07,N,N
CM24_Gujarati_N_0064.npy,5.518569,-1.8600286,-2.952209,-5.683407,0.99915314,0.0006239472,0.00020932453,1.36356475e-05,N,N
CF09_English_N_0037.npy,8.226484,-3.8216722,-3.845622,-4.7076373,0.99998605,5.855257e-06,5.7166917e-06,2.414216e-06,N,N
CF02_English_N_0028.npy,7.5326104,-3.456581,-3.671706,-4.7712293,0.99996495,1.6882617e-05,1.3614826e-05,4.534142e-06,N,N
CM05_Hindi_N_0015.npy,7.9389133,-3.170557,-3.9597235,-5.9157443,0.99997723,1.4969539e-05,6.7995134e-06,9.615869e-07,N,N
CF09_Hindi_N_0115.npy,8.631399,-3.9309912,-4.0410523,-5.2032223,0.9999924,3.5012242e-06,3.1363256e-06,9.810631e-07,N,N
CM16_Hindi_N_0006.npy,7.0474896,-3.2728574,-3.5427756,-4.4189453,0.99993145,3.2953423e-05,2.515802e-05,1.0475169e-05,N,N
CF02_Gujarati_N_0052.npy,8.15487,-4.16034,-3.802118,-4.209259,0.99998486,4.4829667e-06,6.4141536e-06,4.2689435e-06,N,N
CF09_Hindi_N_0085.npy,8.81913,-4.1625657,-4.117966,-5.162782,0.9999945,2.3020725e-06,2.407068e-06,8.46701e-07,N,N
CF04_Hindi_N_0048.npy,7.5195947,-4.793022,-3.4616961,-2.4781954,0.999933,4.4943777e-06,1.7015976e-05,4.5497312e-05,N,N
CF18_English_N_0012.npy,6.821895,-4.644396,-3.463893,-2.078516,0.9998191,1.0475489e-05,3.4108343e-05,0.00013630812,N,N
CF09_Hindi_N_0044.npy,8.268861,-4.1324267,-3.8835542,-4.275687,0.9999871,4.1132384e-06,5.275547e-06,3.5642356e-06,N,N
CM24_Gujarati_N_0039.npy,7.1537943,-2.7827437,-3.4734337,-6.2190247,0.99992585,4.8370912e-05,2.4244957e-05,1.5567767e-06,N,N
CF14_Hindi_N_0031.npy,8.2741,-3.9390962,-3.9503875,-4.8377213,0.9999881,4.964447e-06,4.9087107e-06,2.0211698e-06,N,N
CF20_Gujarati_N_0057.npy,7.26976,-4.2992115,-3.5419858,-2.7025518,0.9999237,9.454234e-06,2.0159761e-05,4.6670964e-05,N,N
CM03_English_N_0054.npy,3.336442,-0.096610785,-2.227074,-5.113837,0.96493673,0.03115609,0.003700792,0.00020634275,N,N
CF20_Gujarati_N_0018.npy,8.152559,-4.017251,-3.988131,-4.6646733,0.99998677,5.1845705e-06,5.3377676e-06,2.7135704e-06,N,N
CF04_Hindi_N_0096.npy,8.152079,-4.6145477,-3.9367259,-2.9594703,0.99997663,2.8543977e-06,5.6219747e-06,1.4938441e-05,N,N
CF14_Hindi_N_0013.npy,4.2057104,-4.604435,-1.0751371,-1.8028325,0.9923638,0.00014807214,0.0050492627,0.002438899,N,N
CF04_Hindi_N_0074.npy,8.2564745,-5.0154614,-3.7700162,-3.3222022,0.99998295,1.7221217e-06,5.98348e-06,9.363483e-06,N,N
CF14_Hindi_N_0027.npy,7.168264,-3.4108539,-3.30622,-4.848038,0.9999403,2.5440262e-05,2.8246439e-05,6.0444995e-06,N,N
CM30_English_N_0008.npy,7.941003,-3.4159617,-3.8682017,-5.520608,0.9999795,1.1687572e-05,7.4356494e-06,1.4245832e-06,N,N
CF04_Hindi_N_0006.npy,8.974269,-4.192901,-4.273699,-5.034828,0.99999547,1.912357e-06,1.7639195e-06,8.2399475e-07,N,N
CM35_English_N_0001.npy,7.9189906,-3.2246823,-3.9370446,-5.380042,0.99997675,1.4466193e-05,7.0954384e-06,1.6760756e-06,N,N
CF14_Gujarati_N_0042.npy,7.1372657,-4.071024,-2.6156182,-4.6178713,0.99992037,1.3560225e-05,5.812216e-05,7.848281e-06,N,N
CF04_English_N_0075.npy,8.142201,-4.358908,-3.6193485,-4.116052,0.9999838,3.7224584e-06,7.7986015e-06,4.745711e-06,N,N
CM38_English_N_0023.npy,7.6662703,-3.1362152,-3.7238758,-5.220056,0.9999658,2.0348167e-05,1.1305961e-05,2.532357e-06,N,N
CF02_Gujarati_N_0027.npy,7.625145,-3.5547724,-3.8169568,-4.610902,0.99997044,1.3951175e-05,1.0733605e-05,4.8522097e-06,N,N
CF04_English_N_0109.npy,8.937557,-4.22409,-4.2202845,-4.990267,0.99999523,1.9229453e-06,1.9302781e-06,8.937598e-07,N,N
CM30_Gujarati_N_0024.npy,7.0615783,-2.7755551,-3.7903552,-5.0167303,0.99992156,5.3426065e-05,1.9365607e-05,5.6809813e-06,N,N
CM03_English_N_0039.npy,4.7082853,-1.8066937,-2.7926483,-3.5406885,0.9977101,0.0014776957,0.0005513029,0.00026092792,N,N
CM05_Hindi_N_0076.npy,7.212415,-2.7177994,-3.566638,-6.1072206,0.99992883,4.8677874e-05,2.0829842e-05,1.6418177e-06,N,N
CF14_Hindi_N_0015.npy,5.907865,-3.8914356,-2.5332026,-3.127145,0.99960977,5.546871e-05,0.00021573536,0.00011911744,N,N
CM35_English_N_0099.npy,7.6610785,-2.9510179,-3.5223122,-6.18884,0.9999604,2.4615449e-05,1.3902662e-05,9.661392e-07,N,N
CM05_Hindi_N_0069.npy,7.019836,-1.8511438,-3.950048,-6.7578096,0.99984133,0.00014038275,1.7209612e-05,1.0384267e-06,N,N
CM16_Hindi_N_0078.npy,6.858503,-3.592578,-2.7150877,-5.1814637,0.9998957,2.8914003e-05,6.9534006e-05,5.9028757e-06,N,N
CM35_English_N_0039.npy,8.549675,-3.5051823,-4.130799,-6.0658207,0.9999906,5.8161813e-06,3.11126e-06,4.4933142e-07,N,N
CF09_Hindi_N_0125.npy,8.459397,-3.8539495,-4.2744703,-5.144975,0.9999913,4.4913572e-06,2.9494959e-06,1.2350727e-06,N,N
CM30_English_N_0035.npy,7.715347,-2.8800282,-3.6758218,-6.536494,0.99996305,2.5030586e-05,1.1294377e-05,6.4638044e-07,N,N
CF04_Hindi_N_0095.npy,8.672124,-4.902945,-3.8719382,-3.4235206,0.9999895,1.2717967e-06,3.565978e-06,5.583725e-06,N,N
CM35_English_N_0034.npy,7.501825,-2.6045394,-3.7526894,-5.7974315,0.99994457,4.081668e-05,1.2947989e-05,1.6756461e-06,N,N
CM38_English_N_0131.npy,8.05663,-3.251093,-3.9381247,-4.989425,0.9999794,1.2277483e-05,6.176397e-06,2.1585463e-06,N,N
CM05_Hindi_N_0113.npy,8.234441,-3.5296538,-3.7316022,-5.6191535,0.999985,7.778794e-06,6.3563357e-06,9.626184e-07,N,N
CM05_English_N_0021.npy,7.989804,-3.2968252,-3.7630343,-6.116812,0.9999789,1.2539213e-05,7.866799e-06,7.474211e-07,N,N
CF09_English_N_0054.npy,7.5325584,-4.747851,-4.104026,-1.5928705,0.9998777,4.64123e-06,8.835732e-06,0.000108848726,N,N
CM16_Hindi_N_0081.npy,3.3120687,-3.346304,-0.80447274,-2.6244683,0.9801758,0.0012577935,0.015977645,0.0025888018,N,N
CM05_English_N_0027.npy,7.4164014,-1.9610232,-4.0730867,-7.4364934,0.99990475,8.46048e-05,1.0236162e-05,3.5434667e-07,N,N
CF04_Hindi_N_0063.npy,8.31767,-3.8976853,-4.0298166,-4.7404046,0.9999887,4.9537475e-06,4.3406008e-06,2.1327758e-06,N,N
CM27_Gujarati_N_0005.npy,5.2630153,-2.3257217,-2.6585145,-5.150809,0.9991019,0.0005056653,0.00036252092,2.998772e-05,N,N
CF04_English_N_0009.npy,8.291465,-4.1311736,-4.1198826,-3.8071046,0.9999864,4.0263453e-06,4.072062e-06,5.567394e-06,N,N
CF20_Gujarati_N_0019.npy,8.363607,-3.9141798,-3.883344,-5.266576,0.9999894,4.653933e-06,4.7996778e-06,1.2035996e-06,N,N
CF14_English_N_0024.npy,7.204877,-3.7795672,-3.4570181,-4.483136,0.99995124,1.6962722e-05,2.3419454e-05,8.393426e-06,N,N
CM03_English_N_0079.npy,7.287584,-3.3345509,-3.3005955,-4.6891975,0.9999442,2.436919e-05,2.5210868e-05,6.288188e-06,N,N
CM05_Hindi_N_0122.npy,7.052612,-3.3091354,-3.9710822,-3.1479354,0.9999149,3.161645e-05,1.6309234e-05,3.7146823e-05,N,N
CF02_Gujarati_N_0021.npy,7.5370927,-3.8000035,-3.2387023,-4.7927594,0.9999628,1.19219e-05,2.0898522e-05,4.417709e-06,N,N
CM30_Gujarati_N_0027.npy,7.4087315,-2.414019,-4.1454973,-6.0832305,0.9999349,5.4200787e-05,9.594756e-06,1.3819329e-06,N,N
CM05_Hindi_N_0087.npy,7.0785747,-2.6362882,-3.5746684,-6.040767,0.99991405,6.0374197e-05,2.3622073e-05,2.0058799e-06,N,N
CF02_Gujarati_N_0002.npy,8.024852,-3.86071,-4.119877,-4.3700504,0.99998355,6.8890427e-06,5.3162357e-06,4.13957e-06,N,N
CF04_English_N_0003.npy,7.6659226,-3.370895,-3.9418042,-4.8105426,0.99997103,1.6097501e-05,9.09527e-06,3.815289e-06,N,N
CF14_English_N_0023.npy,7.696839,-3.5324748,-3.8594058,-4.717776,0.9999732,1.3278815e-05,9.575799e-06,4.058726e-06,N,N
CM05_Hindi_N_0059.npy,7.5760994,-4.192352,-3.8013365,-3.1554468,0.999959,7.74477e-06,1.1450505e-05,2.1843933e-05,N,N
CF09_Hindi_N_0174.npy,6.6301985,-3.175344,-3.5776458,-3.652514,0.99987376,5.513818e-05,3.6875244e-05,3.421525e-05,N,N
CF20_Gujarati_N_0033.npy,7.9308505,-4.270897,-3.8136787,-3.8128073,0.999979,5.0215654e-06,7.932434e-06,7.939351e-06,N,N
CF14_Hindi_N_0022.npy,7.72887,-3.5563707,-3.8345003,-4.495102,0.99997294,1.255656e-05,9.507812e-06,4.911165e-06,N,N
CF09_Hindi_N_0030.npy,8.208266,-3.9783604,-4.1797943,-4.3401384,0.9999871,5.098117e-06,4.1680037e-06,3.550516e-06,N,N
CM35_English_N_0035.npy,7.9166927,-2.7848902,-3.9196653,-6.5681,0.9999697,2.2508597e-05,7.2363882e-06,5.120605e-07,N,N
CF04_English_N_0090.npy,9.427722,-4.7231555,-4.3319464,-4.7595787,0.9999975,7.1507424e-07,1.0574282e-06,6.894972e-07,N,N
CF20_Gujarati_N_0009.npy,8.097226,-3.707357,-3.891952,-4.840807,0.9999839,7.470126e-06,6.2109675e-06,2.4047872e-06,N,N
CF04_Hindi_N_0001.npy,8.308444,-4.1435256,-4.2632256,-3.9544337,0.99998796,3.9099687e-06,3.46887e-06,4.7238354e-06,N,N
CM03_English_N_0093.npy,5.191259,-1.0347954,-3.0467043,-6.1987805,0.99775213,0.0019727938,0.00026382803,1.1282137e-05,N,N
CF09_Hindi_N_0137.npy,7.9714074,-3.918014,-4.122457,-3.9237704,0.9999807,6.8624863e-06,5.5936207e-06,6.8230966e-06,N,N
CF02_English_N_0043.npy,5.1080437,-2.1267233,-1.9485092,-5.5061765,0.99839514,0.00071991805,0.0008603605,2.45248e-05,N,N
CF14_Hindi_N_0067.npy,7.4621634,-3.8144114,-3.2581635,-4.559522,0.99995923,1.2665664e-05,2.2090386e-05,6.0121606e-06,N,N
CM38_English_N_0063.npy,8.636153,-3.7070255,-4.0945263,-6.2062883,0.99999225,4.359355e-06,2.9589169e-06,3.581015e-07,N,N
CF04_Hindi_N_0119.npy,8.688976,-3.8940084,-4.079085,-5.2497673,0.99999285,3.4298566e-06,2.8503525e-06,8.840513e-07,N,N
CF20_Gujarati_N_0060.npy,7.7387843,-3.5557752,-3.7974916,-4.3788557,0.99997234,1.24400785e-05,9.768932e-06,5.462155e-06,N,N
CM03_English_N_0073.npy,5.3229237,-2.8725934,-2.8565445,-3.4034834,0.99928206,0.00027568964,0.00028014972,0.00016212786,N,N
CM27_Gujarati_N_0057.npy,6.4334245,-1.5831385,-4.130011,-6.334733,0.9996414,0.0003298337,2.5834644e-05,2.8490738e-06,N,N
CF20_Gujarati_N_0023.npy,6.6579514,-4.137358,-3.0346692,-2.8429809,0.999843,2.0492203e-05,6.172773e-05,7.4770316e-05,N,N
CF04_Hindi_N_0125.npy,6.713486,-3.044947,-3.8895712,-3.351736,0.99987483,5.7797875e-05,2.4836829e-05,4.252804e-05,N,N
CF09_Hindi_N_0130.npy,8.983436,-4.7013125,-4.2282915,-4.26935,0.99999535,1.1396921e-06,1.8290173e-06,1.7554412e-06,N,N
CF09_English_N_0052.npy,5.402038,-1.6433635,-3.6350312,-3.8276982,0.9989127,0.0008704594,0.00011878954,9.797246e-05,N,N
CM05_Hindi_N_0107.npy,7.284864,-2.237289,-4.2527256,-6.221166,0.9999156,7.32057e-05,9.7555485e-06,1.362602e-06,N,N
CM35_English_N_0013.npy,7.642472,-2.9675007,-3.8614254,-5.712464,0.99996364,2.4667885e-05,1.0090331e-05,1.5849274e-06,N,N
CM35_English_N_0068.npy,8.623818,-3.9192553,-4.2391887,-5.3215384,0.99999297,3.5695155e-06,2.5921743e-06,8.782246e-07,N,N
CF09_Hindi_N_0070.npy,8.696309,-3.670222,-3.9165285,-5.882035,0.9999919,4.25873e-06,3.3289757e-06,4.6633926e-07,N,N
CM16_Hindi_N_0029.npy,6.9759464,-2.863038,-3.200088,-5.061508,0.9999027,5.3326257e-05,3.8068163e-05,5.917764e-06,N,N
CF04_Hindi_N_0059.npy,7.839836,-3.701128,-3.8584447,-4.3495283,0.9999769,9.723283e-06,8.307902e-06,5.084125e-06,N,N
CF02_English_N_0084.npy,6.410415,-2.9851093,-2.911984,-5.6186385,0.9998216,8.308026e-05,8.938322e-05,5.9672034e-06,N,N
CF04_English_N_0097.npy,8.816989,-4.389514,-4.3249207,-4.3934274,0.9999944,1.8385957e-06,1.9612762e-06,1.8314138e-06,N,N
CM35_English_N_0072.npy,8.146151,-3.3115447,-4.0081205,-6.1277633,0.99998355,1.0567668e-05,5.265747e-06,6.322817e-07,N,N
CF14_Hindi_N_0147.npy,4.3584247,-3.884814,-1.4136232,-2.813161,0.99587256,0.0002619454,0.0031005244,0.0007649336,N,N
CF09_Hindi_N_0015.npy,8.388236,-3.9710996,-3.881824,-4.887341,0.9999894,4.289474e-06,4.690037e-06,1.7158737e-06,N,N
CF14_Hindi_N_0112.npy,8.1865015,-3.4634418,-4.0051203,-5.47014,0.999985,8.719415e-06,5.0727026e-06,1.1721675e-06,N,N
CM05_English_N_0009.npy,8.184384,-3.2843394,-4.0136824,-5.7565846,0.99998367,1.0451765e-05,5.040108e-06,8.8207764e-07,N,N
CF14_Gujarati_N_0062.npy,8.063545,-3.4641972,-3.9051871,-5.5205393,0.9999826,9.852752e-06,6.3392486e-06,1.2603742e-06,N,N
CF04_English_N_0021.npy,8.207381,-3.8442373,-3.6109946,-5.2585545,0.99998534,5.835018e-06,7.3678084e-06,1.4184436e-06,N,N
CF14_Hindi_N_0143.npy,0.26454058,-2.5254343,0.64532816,-0.5674764,0.33783442,0.020750718,0.49439928,0.14701563,M,N
CM27_Gujarati_N_0024.npy,8.169066,-3.0044863,-4.058141,-6.4064827,0.99998057,1.4040395e-05,4.895341e-06,4.676393e-07,N,N
CM35_English_N_0108.npy,8.410279,-3.4158912,-3.9959679,-6.200023,0.9999882,7.310625e-06,4.0928912e-06,4.5167008e-07,N,N
CF14_Gujarati_N_0065.npy,4.6339903,-2.6675982,-1.6792134,-3.7679176,0.99729615,0.0006726429,0.0018073181,0.00022383186,N,N
CF04_English_N_0093.npy,8.612819,-4.030895,-3.99333,-5.0816674,0.99999225,3.2277617e-06,3.3513195e-06,1.1286431e-06,N,N
CM27_Gujarati_N_0023.npy,6.6919775,-2.8235168,-2.9156585,-5.479425,0.99985385,7.369022e-05,6.720374e-05,5.175637e-06,N,N
CM05_Hindi_N_0037.npy,8.226099,-3.3854756,-4.1130266,-5.3709893,0.99998534,9.060477e-06,4.377029e-06,1.2440946e-06,N,N
CF04_Hindi_N_0065.npy,6.608972,-4.300134,-4.025509,-0.95267755,0.99943787,1.828063e-05,2.4057983e-05,0.0005197243,N,N
CM27_Gujarati_N_0061.npy,6.6419735,-2.0373306,-3.7564416,-6.1279736,0.99979657,0.00017003476,3.047457e-05,2.8444224e-06,N,N
CM27_Gujarati_N_0050.npy,5.937705,-1.9360942,-2.933855,-6.03613,0.99947315,0.0003803851,0.00014024957,6.3037746e-06,N,N
CF02_Gujarati_N_0008.npy,6.9900756,-3.6258821,-3.1729822,-4.3941293,0.9999255,2.4519748e-05,3.8566297e-05,1.1372875e-05,N,N
CM38_English_N_0068.npy,7.831558,-3.0478573,-4.0504217,-4.9649835,0.9999715,1.8841589e-05,6.9136804e-06,2.770259e-06,N,N
CF14_Gujarati_N_0057.npy,6.7333307,-3.8155437,-4.0001044,-2.4038186,0.9998443,2.6218913e-05,2.1800224e-05,0.0001075768,N,N
CM35_English_N_0045.npy,8.240764,-3.144402,-3.9268782,-6.2776356,0.99998295,1.1362601e-05,5.1958064e-06,4.951445e-07,N,N
CF14_Hindi_N_0108.npy,6.7523675,-3.868798,-2.889555,-3.8961453,0.9998869,2.4391438e-05,6.494076e-05,2.373343e-05,N,N
CM27_Gujarati_N_0059.npy,6.674561,-3.021545,-3.234504,-4.4904485,0.9998746,6.151489e-05,4.9715654e-05,1.4159356e-05,N,N
CM27_Gujarati_N_0030.npy,7.14836,-2.9248893,-3.503892,-5.508983,0.999931,4.21904e-05,2.3645893e-05,3.1838736e-06,N,N
CM05_Hindi_N_0036.npy,8.05174,-3.3973207,-4.0270176,-5.040421,0.9999815,1.0659287e-05,5.678771e-06,2.0612877e-06,N,N
CM24_Gujarati_N_0047.npy,7.9743466,-3.3520603,-4.0086446,-5.388782,0.9999802,1.2050236e-05,6.249488e-06,1.5720211e-06,N,N
CF04_Hindi_N_0098.npy,8.808568,-4.834048,-4.0118227,-4.2248116,0.9999939,1.1887331e-06,2.705032e-06,2.1861129e-06,N,N
CM38_English_N_0105.npy,7.870951,-2.6507714,-4.018546,-6.744928,0.99996567,2.6943804e-05,6.861859e-06,4.49148e-07,N,N
CF04_English_N_0047.npy,7.2129703,-3.2007363,-3.725864,-4.3105965,0.9999423,3.0016467e-05,1.7754139e-05,9.893575e-06,N,N
CF14_Hindi_N_0122.npy,8.079896,-3.7038484,-4.0345373,-4.3699527,0.99998295,7.6274127e-06,5.4797547e-06,3.918251e-06,N,N
CM38_English_N_0026.npy,8.038203,-3.5190077,-3.9756336,-4.669456,0.9999813,9.566629e-06,6.059668e-06,3.0277904e-06,N,N
CF14_Hindi_N_0133.npy,5.113815,-3.47377,-2.6562376,-2.5324287,0.9989147,0.0001862035,0.0004217329,0.00047731714,N,N
CM35_English_N_0018.npy,6.7523913,-2.5797105,-3.162932,-5.2553306,0.999856,8.852321e-05,4.9404585e-05,6.0960724e-06,N,N
CM24_Gujarati_N_0031.npy,5.469848,-2.6090665,-2.150385,-5.8057513,0.9991875,0.00030975544,0.0004900291,1.2668243e-05,N,N
CM24_Gujarati_N_0002.npy,6.597478,-3.0117373,-2.832499,-5.3539195,0.9998462,6.709718e-05,8.026866e-05,6.449224e-06,N,N
CF02_Gujarati_N_0061.npy,6.593585,-3.8840694,-2.9004588,-3.8671246,0.9998679,2.8154975e-05,7.528908e-05,2.8636121e-05,N,N
CM05_English_N_0064.npy,8.040257,-3.3218834,-3.9456592,-5.3498955,0.9999807,1.16272395e-05,6.2312383e-06,1.5301081e-06,N,N
CF04_Hindi_N_0115.npy,6.580009,-4.4427404,-3.169616,-1.851858,0.99970764,1.632127e-05,5.829947e-05,0.00021775084,N,N
CM05_English_N_0007.npy,8.246074,-3.1928072,-4.283304,-5.677283,0.99998474,1.0768384e-05,3.618709e-06,8.977518e-07,N,N
CF04_Hindi_N_0118.npy,7.3951745,-4.481426,-3.8439746,-1.9443176,0.999892,6.9504213e-06,1.3147787e-05,8.78746e-05,N,N
CM27_Gujarati_N_0067.npy,6.1479764,-1.8086318,-3.0012271,-6.950995,0.9995415,0.0003501787,0.00010625573,2.0463967e-06,N,N
CM16_Hindi_N_0032.npy,6.5444236,-3.6969724,-2.6626954,-4.2825947,0.9998441,3.565747e-05,0.000100307014,1.9852618e-05,N,N
CF02_Gujarati_N_0024.npy,6.954841,-3.5018682,-3.0385618,-4.903615,0.99991846,2.8752367e-05,4.569672e-05,7.0778724e-06,N,N
CF04_Hindi_N_0068.npy,8.637764,-4.685001,-4.2293863,-3.6441793,0.99999106,1.6367889e-06,2.5814502e-06,4.634639e-06,N,N
CF09_Hindi_N_0151.npy,7.4268126,-3.862361,-3.6041415,-3.7081857,0.9999567,1.2507071e-05,1.619193e-05,1.4591936e-05,N,N
CF14_Hindi_N_0033.npy,7.512289,-3.474842,-3.4420784,-4.792043,0.999961,1.6917362e-05,1.7480814e-05,4.5318893e-06,N,N
CF04_English_N_0094.npy,9.087447,-4.5783,-3.6949303,-5.637612,0.9999956,1.1615548e-06,2.8098439e-06,4.0270407e-07,N,N
CF14_Hindi_N_0068.npy,8.352563,-3.8459141,-3.96657,-5.028264,0.99998903,5.0380686e-06,4.4654357e-06,1.5444575e-06,N,N
CF14_Hindi_N_0026.npy,7.9568176,-3.495501,-3.6512222,-5.370542,0.99997866,1.0624589e-05,9.092495e-06,1.6292652e-06,N,N
CM16_Hindi_N_0042.npy,7.731606,-3.446863,-4.105323,-4.267184,0.9999726,1.3971428e-05,7.232276e-06,6.151484e-06,N,N
CM24_Gujarati_N_0017.npy,5.9447722,-3.7399921,-2.3233058,-4.004187,0.99963355,6.220151e-05,0.000256484,4.7759822e-05,N,N
CF04_English_N_0019.npy,6.704,-4.099149,-3.484076,-2.1440468,0.99979836,2.0331261e-05,3.7608606e-05,0.00014363302,N,N
CM03_English_N_0002.npy,4.1580195,-0.34709677,-3.2032974,-5.5847006,0.98838997,0.010923985,0.0006279848,5.803887e-05,N,N
CM03_English_N_0048.npy,2.2892497,0.117488354,-1.7961813,-4.6021156,0.8835412,0.100703105,0.01485753,0.000898142,N,N
CM05_English_N_0034.npy,5.431022,-1.3978845,-3.0257654,-6.9493423,0.998703,0.0010806372,0.00021217801,4.194811e-06,N,N
CM05_English_N_0069.npy,8.334053,-3.4681137,-4.2858152,-5.8114333,0.99998844,7.4882273e-06,3.3056422e-06,7.189325e-07,N,N
CF04_Hindi_N_0013.npy,8.109821,-5.152642,-3.6425097,-2.8401508,0.9999728,1.7384967e-06,7.870744e-06,1.7558028e-05,N,N
CM30_English_N_0013.npy,8.510983,-3.7648559,-3.8174706,-5.9592047,0.99999046,4.663015e-06,4.424012e-06,5.196046e-07,N,N
CM30_Gujarati_N_0009.npy,7.303677,-2.996294,-3.3696408,-5.75882,0.9999411,3.3632106e-05,2.3153218e-05,2.123264e-06,N,N
CM24_Gujarati_N_0007.npy,7.279079,-3.255828,-3.3552597,-5.8847914,0.9999474,2.6590436e-05,2.4073692e-05,1.9185854e-06,N,N
CM05_Hindi_N_0032.npy,7.754016,-2.5805054,-3.8542774,-6.445834,0.9999578,3.249048e-05,9.089999e-06,6.808715e-07,N,N
CF14_Hindi_N_0054.npy,8.4465685,-3.775353,-4.262178,-5.074987,0.9999907,4.921332e-06,3.0245287e-06,1.3417119e-06,N,N
CM35_English_N_0118.npy,8.513824,-3.6652827,-3.9559522,-5.8788424,0.99999046,5.13661e-06,3.84097e-06,5.614875e-07,N,N
CM16_Hindi_N_0082.npy,6.362787,-3.5198755,-3.0072358,-3.8635216,0.9998275,5.1043404e-05,8.522674e-05,3.6198922e-05,N,N
CM16_Hindi_N_0054.npy,6.1356525,-4.578715,-2.0468094,-3.639565,0.99964154,2.2215389e-05,0.0002794128,5.6822646e-05,N,N
CM03_English_N_0014.npy,5.666596,-1.3968166,-3.0178876,-5.9273305,0.9989668,0.00085496815,0.00016901598,9.2124e-06,N,N
CF09_Hindi_N_0105.npy,8.0786295,-3.7915878,-3.874149,-4.56837,0.9999833,6.995566e-06,6.4412015e-06,3.2171456e-06,N,N
CF02_Gujarati_N_0004.npy,7.8929553,-4.109813,-3.3505137,-4.824535,0.9999777,6.1270894e-06,1.3092232e-05,2.998158e-06,N,N
CM03_English_N_0098.npy,5.4261527,-2.4165626,-2.618741,-4.621248,0.99924386,0.0003923047,0.00032049313,4.3265416e-05,N,N
CF14_Hindi_N_0117.npy,8.40738,-3.6440372,-4.139386,-5.56878,0.99998975,5.836218e-06,3.5563476e-06,8.515818e-07,N,N
CF20_Gujarati_N_0036.npy,7.3773746,-4.655264,-2.889833,-3.1494474,0.9999324,5.9465096e-06,3.475192e-05,2.680587e-05,N,N
CF14_Hindi_N_0061.npy,8.179799,-4.947584,-4.259863,-2.2541535,0.9999647,1.9899153e-06,3.9582947e-06,2.9415536e-05,N,N
CF18_English_N_0003.npy,7.0535483,-2.9390244,-3.6794183,-4.830247,0.9999255,4.573497e-05,2.1812206e-05,6.900827e-06,N,N
CF09_English_N_0044.npy,8.532407,-4.0245805,-3.9671812,-4.6810174,0.99999094,3.5201858e-06,3.728155e-06,1.8259069e-06,N,N
CF04_Hindi_N_0071.npy,8.017083,-4.320192,-4.103227,-3.3198001,0.9999782,4.385108e-06,5.447621e-06,1.1924621e-05,N,N
CF04_English_N_0053.npy,8.076439,-3.79797,-3.6240053,-4.9422727,0.9999825,6.966301e-06,8.28999e-06,2.2183904e-06,N,N
CF09_Hindi_N_0002.npy,8.2191725,-4.3028893,-4.232434,-3.737091,0.99998605,3.645284e-06,3.9113784e-06,6.418812e-06,N,N
CM05_Hindi_N_0008.npy,6.989652,-2.5681095,-3.725025,-5.6593256,0.9999039,7.064394e-05,2.2214334e-05,3.2105338e-06,N,N
CM35_English_N_0005.npy,8.249052,-3.348614,-3.9641018,-5.94789,0.9999851,9.187371e-06,4.964645e-06,6.8287346e-07,N,N
CM03_English_N_0081.npy,6.0433903,-3.0689368,-2.9340396,-3.900607,0.9997155,0.000110266315,0.00012619088,4.8001326e-05,N,N
CF18_English_N_0023.npy,7.93406,-4.0967965,-4.020388,-3.9961414,0.99998105,5.957402e-06,6.4304395e-06,6.588265e-06,N,N
CM38_English_N_0072.npy,7.3047867,-4.2933855,-3.3546972,-3.4617066,0.99994624,9.182363e-06,2.3475866e-05,2.1093481e-05,N,N
CF14_Hindi_N_0017.npy,6.1731615,-2.6785278,-3.2037292,-4.712548,0.99975353,0.00014310445,8.46372e-05,1.8719287e-05,N,N
CF20_Gujarati_N_0068.npy,6.900419,-5.2732496,-2.8476512,-1.7621335,0.99976355,5.1634515e-06,5.839343e-05,0.00017290135,N,N
CM05_Hindi_N_0103.npy,7.2365756,-3.3565304,-3.705287,-4.034324,0.99994457,2.5086978e-05,1.7700502e-05,1.2737563e-05,N,N
CF09_Hindi_N_0155.npy,7.8955297,-3.7152596,-3.4781585,-4.7574296,0.9999763,9.0675085e-06,1.14937e-05,3.1980044e-06,N,N
CM38_English_N_0069.npy,7.72454,-3.3998408,-3.917326,-4.9297523,0.9999732,1.47479295e-05,8.790021e-06,3.1937336e-06,N,N
CM38_English_N_0024.npy,7.9478936,-2.8615294,-4.241001,-5.963198,0.9999738,2.0207643e-05,5.0865006e-06,9.088207e-07,N,N
CF14_Hindi_N_0080.npy,8.220119,-4.7665505,-4.129253,-2.8133128,0.99997723,2.2906104e-06,4.3323707e-06,1.6152193e-05,N,N
CM05_Hindi_N_0038.npy,6.839976,-3.9234266,-3.0212052,-3.9320242,0.9999057,2.1157899e-05,5.215578e-05,2.0976777e-05,N,N
CM35_English_N_0101.npy,8.4062395,-3.8683271,-4.3257666,-4.9869595,0.9999908,4.6689524e-06,2.9549904e-06,1.5254699e-06,N,N
CM30_English_N_0011.npy,6.936196,-3.5533533,-3.178579,-4.257084,0.99991786,2.782344e-05,4.047375e-05,1.3765276e-05,N,N
CM05_English_N_0077.npy,8.141871,-3.4713702,-4.0894237,-5.0873675,0.99998426,9.045376e-06,4.8753905e-06,1.7972476e-06,N,N
CF02_Gujarati_N_0065.npy,7.2312946,-4.488466,-3.463829,-2.5536942,0.999913,8.130827e-06,2.265317e-05,5.6285397e-05,N,N
CM27_Gujarati_N_0021.npy,4.0133843,-4.0235224,-0.7068149,-3.1674366,0.9901012,0.00032010698,0.008825172,0.00075350946,N,N
CM24_Gujarati_N_0056.npy,7.105701,-2.7061336,-3.608525,-6.2460475,0.99992144,5.479493e-05,2.2224744e-05,1.5899196e-06,N,N
CM35_English_N_0031.npy,8.444198,-3.435995,-4.2397695,-5.6105943,0.99998915,6.9261696e-06,3.100403e-06,7.8718443e-07,N,N
CF14_Hindi_N_0140.npy,5.8463745,-2.0465958,-3.4066448,-4.7388167,0.99950576,0.0003731745,9.5774536e-05,2.527522e-05,N,N
CF09_Hindi_N_0043.npy,8.140582,-4.5553236,-4.166525,-3.352871,0.99998224,3.0635892e-06,4.5194297e-06,1.01964515e-05,N,N
CF14_English_N_0052.npy,1.941675,-1.9616705,-1.3415548,-0.44422218,0.86980146,0.01754764,0.032623574,0.080027305,N,N
CF14_English_N_0029.npy,6.2791057,-3.1970778,-3.309607,-3.6161814,0.99980444,7.664099e-05,6.848415e-05,5.040188e-05,N,N
CF02_Gujarati_N_0046.npy,7.2086806,-3.0947795,-3.6766174,-5.1108603,0.99994326,3.3515018e-05,1.8730552e-05,4.463409e-06,N,N
CF02_Gujarati_N_0009.npy,8.106273,-4.1927276,-3.914021,-3.9857697,0.9999838,4.556226e-06,6.0206794e-06,5.6038366e-06,N,N
CF20_Gujarati_N_0040.npy,8.158621,-3.9648588,-3.7012076,-4.834974,0.9999852,5.4304173e-06,7.0686306e-06,2.2748195e-06,N,N
CF14_English_N_0041.npy,7.8153496,-4.228995,-4.4942393,-2.7079568,0.9999627,5.877487e-06,4.5081365e-06,2.6901103e-05,N,N
CM05_Hindi_N_0098.npy,7.2807884,-2.0493844,-4.1441083,-6.559309,0.9998994,8.8698005e-05,1.0919101e-05,9.756149e-07,N,N
CM03_English_N_0065.npy,6.851848,-3.101118,-3.1472964,-5.24312,0.9999014,4.758156e-05,4.5434306e-05,5.587004e-06,N,N
CF18_English_N_0020.npy,7.608754,-3.5482624,-3.470018,-5.2859063,0.9999678,1.4274313e-05,1.5436066e-05,2.5113425e-06,N,N
CF09_English_N_0047.npy,8.748952,-4.0072055,-4.162059,-4.9724426,0.99999356,2.8844872e-06,2.47068e-06,1.0986802e-06,N,N
CF20_Gujarati_N_0004.npy,6.572223,-2.4977899,-3.0509346,-5.642491,0.99981385,0.000115043615,6.616601e-05,4.9560567e-06,N,N
CM05_Hindi_N_0110.npy,7.669199,-3.248512,-3.7510536,-5.1189256,0.99996805,1.8133616e-05,1.0970676e-05,2.7936653e-06,N,N
CM05_Hindi_N_0018.npy,7.7723765,-4.5008364,-3.7633243,-3.0412498,0.9999654,4.675161e-06,9.774482e-06,2.0122725e-05,N,N
CM38_English_N_0108.npy,7.9870887,-2.8447165,-4.094301,-5.7980204,0.99997354,1.976038e-05,5.6637923e-06,1.0308415e-06,N,N
CM30_Gujarati_N_0071.npy,7.7571483,-2.9330547,-4.128821,-5.402164,0.9999684,2.2766184e-05,6.886134e-06,1.9273898e-06,N,N
CF04_Hindi_N_0056.npy,7.9346814,-4.118576,-3.6044898,-4.0582337,0.9999782,5.825424e-06,9.740744e-06,6.1877627e-06,N,N
CF14_Hindi_N_0024.npy,6.717624,-3.9560494,-2.8518496,-4.032366,0.99988556,2.3143697e-05,6.982017e-05,2.1443158e-05,N,N
CM05_Hindi_N_0121.npy,8.286422,-4.0075336,-4.154258,-4.9003253,0.9999896,4.5792963e-06,3.9543675e-06,1.8752719e-06,N,N
CF02_English_N_0104.npy,6.8827424,-2.0819213,-3.8160152,-6.362594,0.9998479,0.0001278292,2.2569542e-05,1.7683059e-06,N,N
CM38_English_N_0057.npy,8.363212,-3.683853,-3.9061122,-5.5065627,0.99998856,5.8616683e-06,4.693487e-06,9.471718e-07,N,N
CM35_English_N_0059.npy,8.449201,-3.4266565,-4.2350497,-5.657138,0.99998915,6.9562625e-06,3.0995282e-06,7.4763614e-07,N,N
CM03_English_N_0101.npy,5.876627,-3.0908284,-2.436937,-4.3000436,0.9995894,0.0001274399,0.00024506796,3.8032067e-05,N,N
CM35_English_N_0092.npy,8.534969,-3.7960591,-4.1010427,-5.6253533,0.99999166,4.412645e-06,3.2527153e-06,7.083479e-07,N,N
CM27_Gujarati_N_0025.npy,5.548557,-3.8745549,-2.1842756,-3.1487482,0.9993144,8.077866e-05,0.0004379008,0.0001669209,N,N
CM03_English_N_0095.npy,7.3503094,-3.375326,-3.537069,-4.4791408,0.9999521,2.1973281e-05,1.8691782e-05,7.2864177e-06,N,N
CF02_Gujarati_N_0059.npy,6.5530915,-3.9823706,-3.2930865,-2.801584,0.99983394,2.6572641e-05,5.2940384e-05,8.654541e-05,N,N
CF18_English_N_0005.npy,6.7966256,-4.2739477,-3.254304,-3.036484,0.9998876,1.556188e-05,4.3140757e-05,5.363964e-05,N,N
CF04_English_N_0089.npy,8.364859,-4.8356037,-3.9839888,-2.985989,0.9999821,1.8497127e-06,4.3346695e-06,1.1759312e-05,N,N
CF14_Hindi_N_0072.npy,8.128936,-3.62149,-3.9374824,-4.888059,0.99998415,7.885845e-06,5.749294e-06,2.2222057e-06,N,N
CF04_English_N_0072.npy,8.916925,-4.330904,-4.1978507,-4.864723,0.99999523,1.7641631e-06,2.0152218e-06,1.0344369e-06,N,N
CF02_English_N_0009.npy,1.8372399,-1.1114057,-0.814943,-2.5891254,0.8811616,0.046182245,0.06211939,0.010536819,N,N
CM30_English_N_0026.npy,7.8925657,-3.2766101,-3.9256077,-5.6339664,0.99997723,1.410193e-05,7.3692386e-06,1.3350325e-06,N,N
CM05_Hindi_N_0006.npy,7.7646303,-2.923526,-3.9606657,-6.28638,0.9999683,2.2812821e-05,8.086394e-06,7.901509e-07,N,N
CM27_Gujarati_N_0055.npy,6.746921,-2.1907258,-3.4406815,-6.4595504,0.9998292,0.00013132732,3.7627557e-05,1.8383498e-06,N,N
CF14_English_N_0036.npy,7.962743,-3.5875232,-3.87989,-4.7484846,0.9999802,9.633287e-06,7.191203e-06,3.017001e-06,N,N
CM24_Gujarati_N_0018.npy,6.91711,-3.461429,-3.056393,-4.7973814,0.99991417,3.108998e-05,4.6614965e-05,8.1738e-06,N,N
CM38_English_N_0039.npy,7.877832,-2.7259574,-4.1403637,-6.3611207,0.9999684,2.482099e-05,6.0332322e-06,6.547684e-07,N,N
CF14_Hindi_N_0092.npy,7.736083,-4.2701,-4.1291885,-2.9066691,0.99996305,6.1061105e-06,7.030108e-06,2.3872375e-05,N,N
CM16_Hindi_N_0004.npy,6.0780196,-3.5445857,-2.6885352,-3.798253,0.9997267,6.6196786e-05,0.00015581703,5.1365416e-05,N,N
CF09_Hindi_N_0060.npy,8.125841,-3.897196,-4.0997424,-4.1164217,0.99998426,6.004192e-06,4.9033115e-06,4.8222087e-06,N,N
CM35_English_N_0123.npy,8.127204,-3.1677573,-4.079204,-5.6528955,0.9999815,1.2435198e-05,4.9982336e-06,1.036026e-06,N,N
CF14_Hindi_N_0132.npy,8.192887,-3.6398926,-4.0567017,-5.1861625,0.9999864,7.262449e-06,4.7870194e-06,1.5472014e-06,N,N
CM35_English_N_0022.npy,8.064667,-3.395594,-4.1776237,-5.4256916,0.9999833,1.054059e-05,4.8220704e-06,1.3842182e-06,N,N
CF02_English_N_0019.npy,6.8545785,-3.172907,-3.5124533,-4.09136,0.9999068,4.416495e-05,3.1449566e-05,1.7627837e-05,N,N
CM03_English_N_0062.npy,8.08328,-3.365144,-3.9326286,-5.8639364,0.99998236,1.0666089e-05,6.0471352e-06,8.7658367e-07,N,N
CF14_Hindi_N_0096.npy,7.8537784,-3.8283782,-3.7712712,-4.3246136,0.99997747,8.442948e-06,8.939132e-06,5.1402185e-06,N,N
CM03_English_N_0083.npy,7.5346866,-3.132049,-3.730186,-5.2297764,0.9999609,2.3306582e-05,1.2814776e-05,2.8605332e-06,N,N
CM24_Gujarati_N_0050.npy,8.181927,-3.7230473,-3.3874931,-5.415827,0.9999826,6.7565957e-06,9.450553e-06,1.2432633e-06,N,N
CF14_English_N_0008.npy,1.9926296,-2.7116034,-0.47167042,-1.158654,0.87956756,0.007966117,0.074823365,0.037642986,N,N
CM16_Hindi_N_0050.npy,8.042579,-3.3444476,-4.0552826,-5.182112,0.9999813,1.1341472e-05,5.571312e-06,1.805433e-06,N,N
CM38_English_N_0078.npy,6.870958,-3.4520147,-3.284025,-4.0749593,0.9999106,3.2866334e-05,3.8878392e-05,1.7628274e-05,N,N
CF18_English_N_0042.npy,8.283574,-4.231605,-4.1888995,-4.052145,0.9999881,3.6704712e-06,3.8306157e-06,4.3919777e-06,N,N
CF14_Gujarati_N_0056.npy,5.0780168,-2.8137085,-2.901931,-2.5861778,0.998816,0.00037338136,0.00034185196,0.00046877892,N,N
CM16_Hindi_N_0001.npy,7.0591817,-4.0744185,-3.348147,-3.3003604,0.9999236,1.46118655e-05,3.0207964e-05,3.1686548e-05,N,N
CM03_English_N_0103.npy,6.1927824,-3.1804628,-2.78579,-4.365051,0.99976295,8.494705e-05,0.00012605276,2.5982954e-05,N,N
CM35_English_N_0015.npy,8.521325,-3.408671,-4.1585197,-5.8554225,0.99998975,6.5896734e-06,3.1132133e-06,5.704973e-07,N,N
CF20_Gujarati_N_0010.npy,7.4226856,-3.3023908,-3.5720513,-4.6683874,0.99995565,2.1985641e-05,1.6789096e-05,5.609116e-06,N,N
CM16_Hindi_N_0002.npy,5.0258384,-2.2576714,-2.189169,-4.402565,0.9984995,0.00068574044,0.0007343617,8.0286794e-05,N,N
CM35_English_N_0085.npy,8.812596,-3.826713,-4.034804,-5.779558,0.9999937,3.242016e-06,2.6329467e-06,4.5994412e-07,N,N
CM35_English_N_0048.npy,8.231748,-3.6797018,-4.247806,-5.1772017,0.99998796,6.713021e-06,3.8035898e-06,1.5016277e-06,N,N
CM05_Hindi_N_0052.npy,7.1955276,-3.1750011,-3.606645,-5.171792,0.999944,3.1340944e-05,2.035409e-05,4.255173e-06,N,N
CM35_English_N_0046.npy,8.210788,-3.4174252,-3.9283419,-5.897315,0.999985,8.910965e-06,5.3460917e-06,7.4631515e-07,N,N
CM30_English_N_0048.npy,7.9977775,-3.6801047,-3.87804,-5.0328794,0.99998236,8.479155e-06,6.956494e-06,2.1920475e-06,N,N
CF20_Gujarati_N_0038.npy,7.9911914,-3.6128726,-3.4778485,-5.21016,0.99997854,9.1287175e-06,1.0448403e-05,1.8480628e-06,N,N
CM05_Hindi_N_0040.npy,8.138627,-3.3841805,-3.9086463,-5.566881,0.9999832,9.901494e-06,5.8604132e-06,1.1162618e-06,N,N
CM38_English_N_0076.npy,7.5315156,-2.4207864,-4.0295258,-6.78937,0.9999422,4.7615136e-05,9.529686e-06,6.0324436e-07,N,N
CM35_English_N_0112.npy,8.053572,-3.2760353,-3.982255,-5.6856833,0.9999809,1.201174e-05,5.927869e-06,1.0792178e-06,N,N
CF09_Hindi_N_0106.npy,8.148577,-3.4358783,-3.9576573,-5.633127,0.99998415,9.309536e-06,5.5248775e-06,1.0343682e-06,N,N
CM27_Gujarati_N_0035.npy,6.338042,-2.9463673,-3.0861216,-4.1914372,0.9997998,9.2842245e-05,8.073293e-05,2.6731199e-05,N,N
CF02_Gujarati_N_0034.npy,7.363111,-3.4693232,-3.705608,-4.293962,0.999956,1.9747617e-05,1.559184e-05,8.657219e-06,N,N
CF09_Hindi_N_0038.npy,8.275958,-3.671201,-4.0404334,-5.0937614,0.9999875,6.4775304e-06,4.4776893e-06,1.5617055e-06,N,N
CF02_Gujarati_N_0053.npy,7.459283,-3.6343799,-3.5160604,-4.614955,0.999962,1.5207827e-05,1.711797e-05,5.7043826e-06,N,N
CM05_Hindi_N_0114.npy,8.258916,-3.7386384,-4.056868,-4.9043784,0.99998736,6.159177e-06,4.480405e-06,1.9197676e-06,N,N
CF14_Gujarati_N_0055.npy,4.5454693,-2.21041,-2.7999563,-2.0349917,0.9968135,0.0011603065,0.0006434816,0.0013827892,N,N
CF14_Gujarati_N_0027.npy,8.12471,-4.3837657,-3.1334362,-5.299109,0.999982,3.6951321e-06,1.2901535e-05,1.4794554e-06,N,N
CM30_Gujarati_N_0018.npy,6.873347,-1.6698805,-3.913081,-6.808808,0.99978346,0.00019481819,2.0673784e-05,1.1424091e-06,N,N
CM35_English_N_0038.npy,7.747117,-2.9257069,-3.8189178,-5.3265443,0.9999652,2.3165217e-05,9.482438e-06,2.0997409e-06,N,N
CF04_English_N_0116.npy,8.103511,-3.7635417,-3.670912,-4.7556167,0.9999826,7.0177384e-06,7.698847e-06,2.6022233e-06,N,N
CF04_English_N_0056.npy,7.1830635,-4.6118717,-4.149221,-1.0876536,0.9997247,7.5405865e-06,1.1976546e-05,0.00025583114,N,N
CM35_English_N_0102.npy,8.019861,-3.3357975,-3.916833,-5.528875,0.99998045,1.170285e-05,6.545625e-06,1.3057197e-06,N,N
CM38_English_N_0033.npy,8.215943,-3.0728855,-4.0729837,-6.5651693,0.9999825,1.2511699e-05,4.6023447e-06,3.807472e-07,N,N
CM30_English_N_0057.npy,7.7846084,-3.5366893,-4.0035586,-5.092069,0.9999777,1.2111926e-05,7.593718e-06,2.5569386e-06,N,N
CF20_Gujarati_N_0024.npy,7.550711,-4.1860647,-3.82208,-3.1685739,0.9999583,7.99401e-06,1.1503801e-05,2.2113403e-05,N,N
CM24_Gujarati_N_0067.npy,6.663694,-3.3347175,-3.821442,-3.3946586,0.9998838,4.5466833e-05,2.794556e-05,4.2821564e-05,N,N
CM27_Gujarati_N_0012.npy,5.030947,-1.0928444,-3.051831,-5.2168427,0.997472,0.0021845992,0.00030803127,3.534617e-05,N,N
CF14_English_N_0032.npy,7.2777553,-4.3558517,-4.0803523,-1.9159038,0.9998778,8.862079e-06,1.1673027e-05,0.00010166973,N,N
CM05_English_N_0020.npy,7.3624387,-2.37401,-3.5185082,-6.4143553,0.9999211,5.9085374e-05,1.8811803e-05,1.0393932e-06,N,N
CM38_English_N_0127.npy,7.5071054,-3.4958277,-3.5219116,-4.5735316,0.9999615,1.6652139e-05,1.6223416e-05,5.6679933e-06,N,N
CF02_Gujarati_N_0060.npy,5.413816,-3.1667466,-1.9280664,-4.90815,0.99913234,0.00018755646,0.00064726785,3.2873813e-05,N,N
CM35_English_N_0080.npy,8.454812,-3.629453,-3.9570093,-5.8291063,0.9999896,5.647627e-06,4.0701457e-06,6.259917e-07,N,N
CM35_English_N_0070.npy,8.55099,-3.8986416,-4.1806955,-5.360849,0.99999225,3.9191355e-06,2.9559415e-06,9.081591e-07,N,N
CM27_Gujarati_N_0029.npy,7.4913907,-3.4670825,-3.5404797,-4.9281597,0.99996233,1.7409215e-05,1.6177202e-05,4.0387004e-06,N,N
CM35_English_N_0106.npy,8.417068,-3.5951662,-4.2615576,-5.0582967,0.9999894,6.069439e-06,3.117012e-06,1.4051377e-06,N,N
CF02_English_N_0091.npy,7.9178696,-3.699062,-3.6588693,-5.228913,0.9999796,9.012011e-06,9.381614e-06,1.9517147e-06,N,N
CF09_Hindi_N_0082.npy,8.390281,-3.821301,-3.6239586,-5.4734693,0.99998796,4.972468e-06,6.0572706e-06,9.528937e-07,N,N
CM16_Hindi_N_0045.npy,5.228678,-4.2262883,-1.6955861,-3.1136541,0.9987016,7.8198056e-05,0.0009823493,0.00023790667,N,N
CF09_Hindi_N_0011.npy,7.9063334,-4.079599,-4.014864,-3.7827282,0.99997866,6.2311246e-06,6.6478356e-06,8.3848545e-06,N,N
CF20_Gujarati_N_0048.npy,8.416523,-4.5550838,-4.0577574,-3.4135082,0.9999865,2.325395e-06,3.823693e-06,7.2824378e-06,N,N
CF04_Hindi_N_0088.npy,8.152219,-3.9104404,-4.083833,-4.7094135,0.99998677,5.770958e-06,4.852266e-06,2.5957227e-06,N,N
CF02_English_N_0082.npy,8.300426,-3.3456767,-4.049883,-5.769355,0.9999862,8.752985e-06,4.328358e-06,7.754718e-07,N,N
CM24_Gujarati_N_0060.npy,6.8789306,-2.0129025,-3.9360003,-6.5587296,0.99984086,0.00013748545,2.0093987e-05,1.4589125e-06,N,N
CM03_English_N_0008.npy,8.167001,-3.674629,-3.8466353,-4.8408494,0.9999845,7.198446e-06,6.060907e-06,2.2426188e-06,N,N
CF14_Hindi_N_0044.npy,8.028581,-4.460727,-3.3590145,-4.441131,0.99998105,3.7666432e-06,1.13350125e-05,3.8411827e-06,N,N
CF20_Gujarati_N_0032.npy,7.962834,-4.3466334,-4.15308,-2.899128,0.9999708,4.508723e-06,5.4715833e-06,1.9173323e-05,N,N
CF09_English_N_0006.npy,7.34275,-3.4174771,-3.9518795,-3.5468047,0.99994767,2.1226087e-05,1.24388935e-05,1.8651064e-05,N,N
CM05_Hindi_N_0085.npy,7.4251685,-2.8851852,-3.6692245,-5.731043,0.9999497,3.3284974e-05,1.5196535e-05,1.9333386e-06,N,N
CF02_English_N_0032.npy,6.8148365,-3.4237318,-3.2714343,-4.495899,0.99991035,3.576081e-05,4.164368e-05,1.2239706e-05,N,N
CM30_Gujarati_N_0005.npy,7.8487267,-3.2171793,-3.7987378,-5.918479,0.9999746,1.5636044e-05,8.7409635e-06,1.0494634e-06,N,N
CM38_English_N_0020.npy,8.05989,-3.6091106,-4.000044,-4.673846,0.9999826,8.5548e-06,5.7866846e-06,2.949858e-06,N,N
CM30_Gujarati_N_0065.npy,6.815105,-2.511222,-3.4908824,-5.587367,0.9998735,8.90375e-05,3.3428096e-05,4.107902e-06,N,N
CM05_Hindi_N_0099.npy,7.7319264,-2.4045706,-4.1239476,-6.477988,0.99995255,3.9605402e-05,7.09641e-06,6.740499e-07,N,N
CF20_Gujarati_N_0025.npy,7.181828,-4.8316636,-3.633528,-1.1051717,0.99972206,6.0601888e-06,2.0083055e-05,0.00025169874,N,N
CF04_English_N_0036.npy,9.133289,-4.7568746,-4.134481,-4.8485165,0.9999964,9.2806226e-07,1.7293338e-06,8.4679317e-07,N,N
CF14_Hindi_N_0087.npy,7.453506,-3.7222445,-3.5821989,-4.5616245,0.9999639,1.40093325e-05,1.6115311e-05,6.0517254e-06,N,N
CM05_Hindi_N_0074.npy,8.121524,-3.2494373,-3.9045613,-5.472418,0.9999813,1.1525139e-05,5.9859017e-06,1.2480099e-06,N,N
CF14_English_N_0013.npy,6.8191113,-4.216042,-2.8564568,-3.6013165,0.9998913,1.6123025e-05,6.279241e-05,2.9813893e-05,N,N
CF02_Gujarati_N_0050.npy,8.048282,-4.099734,-3.7445605,-4.2062383,0.9999825,5.298782e-06,7.5583366e-06,4.7634517e-06,N,N
CM27_Gujarati_N_0001.npy,6.313412,-2.5004053,-3.1794147,-5.346982,0.9997675,0.00014863002,7.537319e-05,8.626883e-06,N,N
CM03_English_N_0042.npy,6.2730794,-2.4686313,-2.9565396,-4.790128,0.9997265,0.00015973662,9.806377e-05,1.5674408e-05,N,N
CF04_Hindi_N_0029.npy,8.496957,-4.7606387,-4.183521,-3.1741652,0.99998665,1.7470037e-06,3.1112359e-06,8.536709e-06,N,N
CM03_English_N_0063.npy,5.352944,-3.9005542,-1.8257948,-3.5812318,0.9990108,9.5681295e-05,0.00076187484,0.00013167613,N,N
CM03_English_N_0046.npy,4.2124257,-1.2282273,-1.9453706,-4.870321,0.99347574,0.0043083574,0.002103102,0.00011286793,N,N
CM30_English_N_0019.npy,7.322996,-2.459087,-3.8853383,-6.0185647,0.99992836,5.6450008e-05,1.3559738e-05,1.606212e-06,N,N
CF14_Hindi_N_0070.npy,8.106151,-3.5556335,-3.73959,-5.268077,0.9999827,8.616759e-06,7.1689055e-06,1.5546738e-06,N,N
CM38_English_N_0095.npy,7.4437475,-3.564961,-3.4098747,-5.2444854,0.999961,1.6556232e-05,1.9333691e-05,3.0871217e-06,N,N
CM30_Gujarati_N_0016.npy,7.862068,-2.8806427,-4.015889,-6.2340837,0.9999707,2.160166e-05,6.941542e-06,7.552774e-07,N,N
CF09_Hindi_N_0087.npy,8.329371,-3.6866553,-4.0990624,-5.044083,0.9999883,6.0464567e-06,4.003082e-06,1.555884e-06,N,N
CF04_English_N_0008.npy,7.798578,-3.178835,-3.9384685,-4.9984174,0.9999721,1.7082755e-05,7.991963e-06,2.7690032e-06,N,N
CF04_Hindi_N_0110.npy,8.15619,-5.2491426,-3.3563821,-2.991086,0.999974,1.5070469e-06,1.0003272e-05,1.4414126e-05,N,N
CM16_Hindi_N_0036.npy,4.1756425,-2.4589298,-2.328494,-1.8241936,0.9947372,0.0013072251,0.0014893535,0.0024661114,N,N
CF02_Gujarati_N_0056.npy,8.14693,-3.542899,-3.8857865,-4.9561367,0.99998367,8.378471e-06,5.946349e-06,2.0389352e-06,N,N
CM16_Hindi_N_0016.npy,7.2175064,-2.2830803,-3.7046673,-5.625622,0.9999045,7.48008e-05,1.805173e-05,2.643984e-06,N,N
CM38_English_N_0030.npy,7.959514,-2.996632,-3.7226462,-6.2671576,0.9999734,1.7449967e-05,8.44288e-06,6.6286276e-07,N,N
CF02_English_N_0038.npy,7.109432,-3.5290275,-3.3916407,-4.3289757,0.99993765,2.3974435e-05,2.7505206e-05,1.0772971e-05,N,N
CM35_English_N_0049.npy,7.5169735,-2.629157,-3.735402,-6.4107823,0.99994683,3.922549e-05,1.2975744e-05,8.9377795e-07,N,N
CM30_English_N_0056.npy,7.6026998,-2.8639207,-4.10503,-4.939049,0.9999597,2.8469969e-05,8.229629e-06,3.5741316e-06,N,N
CF09_English_N_0017.npy,8.475549,-4.222962,-4.191354,-3.8338394,0.9999894,3.0556391e-06,3.1537666e-06,4.5091642e-06,N,N
CF09_Hindi_N_0093.npy,5.580165,-3.3256245,-2.6751642,-2.8396974,0.9993844,0.00013551813,0.00025971,0.00022030922,N,N
CF14_Gujarati_N_0037.npy,8.125798,-4.1075387,-4.1159515,-3.8829212,0.99998426,4.8654415e-06,4.8246834e-06,6.090775e-06,N,N
CF09_Hindi_N_0159.npy,7.30429,-3.2934237,-3.832073,-3.969951,0.9999478,2.4971741e-05,1.4571904e-05,1.2695123e-05,N,N
CF14_Hindi_N_0110.npy,8.269304,-4.331988,-4.4066515,-3.1902025,0.99998295,3.3676051e-06,3.1253235e-06,1.054853e-05,N,N
CF02_English_N_0093.npy,5.9979863,-3.0771995,-3.040991,-3.269288,0.9996724,0.000114433875,0.00011865324,9.4434654e-05,N,N
CM30_English_N_0024.npy,8.116776,-3.8832965,-4.0137944,-4.5457788,0.99998534,6.143677e-06,5.3920435e-06,3.1674924e-06,N,N
CM30_English_N_0054.npy,8.073657,-3.3437538,-4.031579,-4.9833746,0.9999814,1.1002045e-05,5.5303767e-06,2.1349863e-06,N,N
CF09_Hindi_N_0076.npy,8.259192,-4.4101048,-4.23668,-3.8404713,0.9999876,3.1462175e-06,3.7420202e-06,5.561314e-06,N,N
CM38_English_N_0074.npy,7.6012454,-4.3133087,-3.4411829,-4.193598,0.99996984,6.692087e-06,1.6007421e-05,7.5431262e-06,N,N
CF09_Hindi_N_0112.npy,8.054666,-3.8620539,-4.000903,-4.7691236,0.99998474,6.677715e-06,5.812011e-06,2.695829e-06,N,N
CM05_Hindi_N_0102.npy,8.346366,-3.4774914,-3.9936485,-5.570027,0.99998736,7.327545e-06,4.3731493e-06,9.040276e-07,N,N
CM05_Hindi_N_0060.npy,7.8773055,-4.1989164,-3.6531572,-3.9922662,0.9999776,5.6931667e-06,9.825941e-06,7.000044e-06,N,N
CF04_Hindi_N_0093.npy,9.210898,-4.579746,-3.9971728,-5.276547,0.99999666,1.0251753e-06,1.8357194e-06,5.1071754e-07,N,N
CF14_Gujarati_N_0001.npy,7.545402,-3.3935165,-3.8660285,-4.5301175,0.9999654,1.7753044e-05,1.1067862e-05,5.6970953e-06,N,N
CF04_Hindi_N_0106.npy,8.212727,-3.797826,-4.167451,-4.473033,0.99998665,6.079636e-06,4.200988e-06,3.0948447e-06,N,N
CF14_English_N_0007.npy,4.8556213,-1.9145135,-2.5356474,-3.5090873,0.9980069,0.0011452526,0.00061538414,0.00023248054,N,N
CF14_Hindi_N_0042.npy,8.102191,-3.820438,-3.933315,-4.751207,0.99998474,6.638373e-06,5.9297918e-06,2.6171813e-06,N,N
CM35_English_N_0093.npy,8.010057,-3.1268518,-4.154504,-5.320439,0.99997854,1.4564391e-05,5.2118135e-06,1.624164e-06,N,N
CM16_Hindi_N_0011.npy,7.6504817,-3.2933958,-3.370304,-5.9842796,0.99996483,1.7665227e-05,1.6357542e-05,1.1980719e-06,N,N
CM05_English_N_0052.npy,8.207942,-3.5293279,-3.908548,-5.4446054,0.99998534,7.9902775e-06,5.468507e-06,1.1769755e-06,N,N
CM05_Hindi_N_0067.npy,8.026263,-3.3232107,-3.887064,-5.525463,0.9999802,1.177545e-05,6.7003753e-06,1.3018214e-06,N,N
CM24_Gujarati_N_0046.npy,7.718954,-3.22518,-3.6629262,-5.3379307,0.99996877,1.7660766e-05,1.1399843e-05,2.135273e-06,N,N
CM05_Hindi_N_0061.npy,7.8012857,-3.3354957,-3.710638,-4.958175,0.9999726,1.4566166e-05,1.0009747e-05,2.8749137e-06,N,N
CF04_Hindi_N_0015.npy,8.15901,-4.3200326,-4.3106003,-3.3806403,0.9999826,3.8055143e-06,3.841577e-06,9.736125e-06,N,N
CF04_Hindi_N_0105.npy,7.7330813,-4.2034864,-2.6477342,-5.6244807,0.9999609,6.546327e-06,3.102074e-05,1.5807658e-06,N,N
CF09_Hindi_N_0014.npy,8.046895,-4.558614,-4.0961933,-2.9154432,0.9999739,3.353403e-06,5.324911e-06,1.7342256e-05,N,N
CM03_English_N_0011.npy,4.715979,-1.1393014,-2.8138146,-5.060303,0.99655366,0.0028548595,0.0005349988,5.6586814e-05,N,N
CM35_English_N_0111.npy,8.25139,-3.362553,-3.6636996,-6.3957496,0.9999839,9.039026e-06,6.6885955e-06,4.3533217e-07,N,N
CF14_Hindi_N_0004.npy,3.7963312,-3.714527,-1.0763911,-2.4630942,0.9899893,0.00054163445,0.0075758984,0.0018932009,N,N
CM35_English_N_0104.npy,8.478953,-3.503114,-4.194582,-5.590199,0.99998987,6.2553263e-06,3.1329187e-06,7.759615e-07,N,N
CM16_Hindi_N_0046.npy,8.06388,-3.3425524,-3.7787905,-6.1777673,0.99998105,1.1123494e-05,7.190935e-06,6.530144e-07,N,N
CM35_English_N_0079.npy,8.286053,-3.291449,-4.108176,-5.682076,0.9999856,9.374515e-06,4.142367e-06,8.5844545e-07,N,N
CF09_Hindi_N_0083.npy,7.7164264,-4.018172,-3.8748417,-4.0078087,0.9999746,8.011572e-06,9.246237e-06,8.095025e-06,N,N
CM38_English_N_0061.npy,8.216382,-3.263338,-3.780293,-6.0844207,0.99998283,1.03374505e-05,6.164567e-06,6.155071e-07,N,N
CM05_Hindi_N_0104.npy,8.203498,-3.5212612,-4.000785,-5.1825924,0.99998534,8.090875e-06,5.008884e-06,1.5363441e-06,N,N
CM16_Hindi_N_0056.npy,6.326741,-2.7238674,-3.351859,-3.748995,0.9997781,0.00011729357,6.259518e-05,4.2079162e-05,N,N
CF14_English_N_0004.npy,4.2870874,-2.0072317,-2.2478304,-2.5779965,0.9956766,0.001838782,0.0014455714,0.0010390832,N,N
CM38_English_N_0112.npy,7.835217,-2.8363328,-3.7055776,-6.034183,0.999966,2.3194769e-05,9.7248285e-06,9.4750465e-07,N,N
CF14_Gujarati_N_0016.npy,6.970357,-4.7984767,-3.8489275,-0.7189331,0.9995148,7.738378e-06,2.000017e-05,0.00045748096,N,N
CM05_Hindi_N_0105.npy,8.141565,-3.247056,-4.052878,-5.4260535,0.99998236,1.1323403e-05,5.0584e-06,1.281298e-06,N,N
CM24_Gujarati_N_0035.npy,6.709008,-3.0011106,-3.107394,-5.2400613,0.9998783,6.06591e-05,5.4542837e-05,6.464456e-06,N,N
CF09_Hindi_N_0077.npy,7.222673,-3.4922245,-3.1609948,-4.256982,0.9999366,2.2210164e-05,3.0931627e-05,1.0337652e-05,N,N
CM30_Gujarati_N_0054.npy,7.4302073,-2.248952,-4.1696777,-6.25533,0.99992716,6.256954e-05,9.166474e-06,1.1387149e-06,N,N
CF04_Hindi_N_0041.npy,8.349263,-4.338183,-3.828909,-4.17941,0.9999882,3.0896329e-06,5.1414067e-06,3.621273e-06,N,N
CM05_English_N_0041.npy,8.313661,-4.1885138,-4.01019,-4.2627435,0.99998844,3.7185157e-06,4.4444155e-06,3.4524855e-06,N,N
CF20_Gujarati_N_0005.npy,8.276931,-3.5463748,-3.8003118,-5.781251,0.9999862,7.331584e-06,5.6874037e-06,7.845186e-07,N,N
CF04_English_N_0098.npy,9.198226,-4.209107,-4.1020803,-5.6126432,0.9999964,1.5040685e-06,1.6739743e-06,3.6958951e-07,N,N
CF14_Gujarati_N_0059.npy,7.318566,-3.381811,-3.5461211,-4.9914107,0.99995387,2.2535412e-05,1.9120815e-05,4.5063516e-06,N,N
CF20_Gujarati_N_0053.npy,7.3681407,-3.7459135,-3.3146284,-4.0810504,0.9999516,1.4900703e-05,2.293567e-05,1.0657576e-05,N,N
CM05_English_N_0028.npy,5.9729786,-1.4875613,-3.6232114,-6.139379,0.9993517,0.00057497254,6.7943234e-05,5.487671e-06,N,N
CM35_English_N_0021.npy,7.8221254,-3.11624,-3.8902369,-5.9624543,0.99997294,1.7763e-05,8.191698e-06,1.0313858e-06,N,N
CM05_Hindi_N_0025.npy,8.593375,-3.504633,-3.9720507,-5.8328023,0.99999046,5.5705445e-06,3.4906054e-06,5.429832e-07,N,N
CM05_English_N_0080.npy,7.388478,-2.8169785,-3.800743,-5.1077075,0.9999455,3.696606e-05,1.3821643e-05,3.7406924e-06,N,N
CF09_Hindi_N_0032.npy,7.9848366,-4.124102,-3.952622,-3.7128243,0.9999796,5.50993e-06,6.540621e-06,8.313076e-06,N,N
CF14_Hindi_N_0142.npy,3.8078942,-2.2192657,-2.1689749,-1.9584796,0.99198455,0.002393,0.0025164227,0.003105994,N,N
CM05_Hindi_N_0089.npy,7.769084,-2.3395216,-4.086672,-6.9877496,0.9999517,4.07256e-05,7.0972433e-06,3.9009234e-07,N,N
CF14_Hindi_N_0007.npy,5.739242,-3.782891,-3.120133,-1.8160235,0.9992619,7.31593e-05,0.00014193897,0.0005229609,N,N
CF14_Hindi_N_0005.npy,7.9484515,-4.2576127,-3.9120595,-3.7581048,0.99997973,4.9999408e-06,7.063774e-06,8.239454e-06,N,N
CF09_Hindi_N_0100.npy,8.401106,-3.7042444,-4.1592875,-4.936708,0.9999894,5.5297883e-06,3.5082123e-06,1.6123386e-06,N,N
CM16_Hindi_N_0086.npy,5.061101,-2.836586,-2.7581143,-2.3503015,0.99862397,0.00037109072,0.00040138385,0.00060349086,N,N
CM16_Hindi_N_0051.npy,6.660819,-4.1010537,-2.9925294,-3.351684,0.9998697,2.1189526e-05,6.4201806e-05,4.483e-05,N,N
CM05_English_N_0030.npy,8.377294,-3.8853164,-4.4001718,-4.847174,0.9999906,4.7251137e-06,2.823664e-06,1.8058528e-06,N,N
CF02_Gujarati_N_0041.npy,7.405645,-3.621141,-3.9836607,-3.8177817,0.9999591,1.6259606e-05,1.1315398e-05,1.335703e-05,N,N
CF02_English_N_0011.npy,5.8157163,-3.8505807,-3.126615,-2.135532,0.99945396,6.334952e-05,0.0001306645,0.00035202995,N,N
CF20_Gujarati_N_0050.npy,7.7106876,-3.8737905,-3.6682518,-4.225501,0.9999727,9.309217e-06,1.1433453e-05,6.5488834e-06,N,N
CM35_English_N_0037.npy,7.6788106,-3.0886102,-3.6124837,-5.6878557,0.99996483,2.1074307e-05,1.2480672e-05,1.5664448e-06,N,N
CM38_English_N_0005.npy,8.362765,-3.3330002,-4.094313,-5.8194556,0.999987,8.328905e-06,3.8900366e-06,6.9300165e-07,N,N
CF02_English_N_0051.npy,5.4949574,-2.1619916,-3.0826066,-3.3211727,0.99919134,0.00047236527,0.00018813078,0.00014820136,N,N
CF09_English_N_0042.npy,8.29071,-4.351236,-4.359806,-3.624948,0.9999869,3.2334533e-06,3.2058617e-06,6.6848147e-06,N,N
CF14_Gujarati_N_0064.npy,3.16991,-3.0990882,-2.306213,0.8145834,0.908313,0.0017204586,0.0038017677,0.08616485,N,N
CF09_Hindi_N_0061.npy,7.8586392,-3.6202898,-4.068412,-4.2065406,0.99997735,1.03455695e-05,6.609027e-06,5.7563757e-06,N,N
CM05_English_N_0101.npy,5.567207,-2.557734,-2.6704755,-4.4136333,0.99939346,0.00029588267,0.00026433612,4.6250076e-05,N,N
CF04_Hindi_N_0084.npy,7.4253955,-4.342208,-3.9961867,-2.4955125,0.99993217,7.751139e-06,1.0955708e-05,4.913319e-05,N,N
CM05_Hindi_N_0108.npy,8.033377,-3.5619357,-3.6362364,-5.072434,0.9999802,9.208977e-06,8.549544e-06,2.0333416e-06,N,N
CF20_Gujarati_N_0056.npy,6.934929,-4.820682,-2.9770665,-1.9279275,0.9998011,7.843618e-06,4.9566574e-05,0.00014152208,N,N
CF14_Hindi_N_0060.npy,8.453166,-3.9132955,-3.9118786,-5.333302,0.99999046,4.259021e-06,4.265061e-06,1.0294582e-06,N,N
CF04_Hindi_N_0019.npy,9.003564,-4.6610093,-3.9987998,-4.533732,0.99999523,1.1629177e-06,2.2549832e-06,1.320763e-06,N,N
CF18_English_N_0055.npy,7.834643,-3.2674696,-3.7345972,-5.0672207,0.99997306,1.50800215e-05,9.452158e-06,2.4933333e-06,N,N
CM24_Gujarati_N_0025.npy,6.7410884,-2.2406788,-3.207358,-6.8031225,0.9998253,0.00012565854,4.7793495e-05,1.3114394e-06,N,N
CF09_Hindi_N_0158.npy,7.5053344,-3.495572,-3.8699596,-3.7927406,0.99995947,1.6685899e-05,1.1475064e-05,1.2396266e-05,N,N
CF04_Hindi_N_0007.npy,9.024675,-4.512361,-4.071769,-4.229192,0.9999949,1.321105e-06,2.0525038e-06,1.753543e-06,N,N
CF02_English_N_0037.npy,7.634887,-3.6283092,-3.5060883,-4.892541,0.999969,1.2836372e-05,1.4505147e-05,3.6257163e-06,N,N
CF04_Hindi_N_0038.npy,8.84634,-5.0678983,-3.844607,-3.8209143,0.99999285,9.0598314e-07,3.078849e-06,3.1526677e-06,N,N
CM35_English_N_0007.npy,8.245233,-3.6952777,-4.054379,-5.108989,0.99998736,6.5207414e-06,4.553453e-06,1.5860975e-06,N,N
CM38_English_N_0067.npy,7.474313,-3.0742505,-3.3411136,-5.8365865,0.99995196,2.6229887e-05,2.0086274e-05,1.6562612e-06,N,N
CM03_English_N_0108.npy,5.9138637,-2.5314298,-3.1852422,-4.5468326,0.99964476,0.00021483318,0.000111725996,2.8630113e-05,N,N
CM05_English_N_0082.npy,7.904331,-2.779677,-3.9510818,-6.4051633,0.99996936,2.2907681e-05,7.0997994e-06,6.101722e-07,N,N
CM27_Gujarati_N_0020.npy,4.7068143,-2.2811148,-1.8988492,-5.067778,0.997673,0.00092080794,0.0013495379,5.6746187e-05,N,N
CF14_Hindi_N_0069.npy,7.738924,-3.8560557,-3.7701797,-4.084276,0.9999734,9.21197e-06,1.0038024e-05,7.33226e-06,N,N
CF14_Gujarati_N_0063.npy,6.396404,-3.8591871,-3.0725741,-3.320428,0.9998274,3.515432e-05,7.719696e-05,6.0250248e-05,N,N
CM16_Hindi_N_0038.npy,6.739817,-3.1218162,-3.5897317,-3.6437178,0.99988425,5.2131087e-05,3.2650034e-05,3.093411e-05,N,N
CM38_English_N_0025.npy,7.179828,-3.5682845,-3.4293556,-4.633782,0.9999465,2.1484771e-05,2.4686904e-05,7.4027157e-06,N,N
CF14_Gujarati_N_0009.npy,7.741857,-4.050176,-4.1341095,-3.7290704,0.9999751,7.5643957e-06,6.955402e-06,1.0428666e-05,N,N
CF04_Hindi_N_0080.npy,7.9743342,-4.4431076,-3.9858088,-3.090361,0.9999739,4.0472687e-06,6.3938805e-06,1.565498e-05,N,N
CM35_English_N_0033.npy,8.138891,-3.086995,-4.0898104,-6.330871,0.9999813,1.3324514e-05,4.8880347e-06,5.1982084e-07,N,N
CM30_English_N_0042.npy,7.986254,-3.221065,-4.071006,-5.245381,0.9999788,1.3574188e-05,5.8021515e-06,1.7929356e-06,N,N
CF14_Hindi_N_0062.npy,7.306496,-3.2981048,-3.7847295,-4.0848613,0.9999486,2.4800362e-05,1.5244726e-05,1.1292082e-05,N,N
CM03_English_N_0038.npy,1.2264415,-0.3926538,-0.92534167,-2.3371365,0.7447726,0.14752293,0.08659965,0.021104807,N,N
CM16_Hindi_N_0055.npy,6.385587,-2.4891684,-2.600162,-5.494514,0.99972814,0.00013983775,0.00012514705,6.924996e-06,N,N
CM05_Hindi_N_0002.npy,7.915384,-2.8067536,-3.9675303,-6.2910566,0.9999703,2.2050679e-05,6.9072203e-06,6.7640786e-07,N,N
CF09_Hindi_N_0063.npy,8.139195,-3.6452985,-3.943633,-4.946561,0.99998474,7.6217107e-06,5.655716e-06,2.0745392e-06,N,N
CM30_Gujarati_N_0061.npy,7.483014,-2.8901074,-4.1057343,-5.1874785,0.99995625,3.1260195e-05,9.269393e-06,3.1423615e-06,N,N
CF20_Gujarati_N_0065.npy,6.998096,-3.8204203,-3.2349997,-3.546018,0.9999176,2.0023617e-05,3.5957335e-05,2.6345939e-05,N,N
CF09_Hindi_N_0108.npy,6.895202,-3.087734,-3.5692525,-4.3507395,0.99991226,4.6177232e-05,2.8530343e-05,1.3059053e-05,N,N
CF14_English_N_0042.npy,5.676149,-5.022885,-1.5820125,-3.094484,0.9991186,2.2546845e-05,0.000703781,0.0001550885,N,N
CF09_Hindi_N_0010.npy,8.163428,-3.7484808,-4.0784764,-4.7189565,0.99998593,6.709922e-06,4.8239417e-06,2.542407e-06,N,N
CF02_English_N_0086.npy,7.075995,-3.2916746,-3.4472802,-4.5949383,0.9999331,3.1430336e-05,2.6901129e-05,8.537864e-06,N,N
CF09_Hindi_N_0148.npy,7.068442,-4.585104,-3.810291,-1.7797652,0.9998288,8.686708e-06,1.885177e-05,0.00014361441,N,N
CF09_Hindi_N_0065.npy,8.085222,-3.448536,-4.219446,-4.9762893,0.99998355,9.793667e-06,4.53047e-06,2.125447e-06,N,N
CM03_English_N_0055.npy,4.256722,-0.49242708,-3.1569197,-4.376958,0.9906482,0.008578084,0.00059733185,0.00017634362,N,N
CF09_English_N_0033.npy,8.768785,-4.2820935,-4.2381287,-4.293553,0.99999344,2.1481897e-06,2.2447402e-06,2.1237133e-06,N,N
CF14_Gujarati_N_0043.npy,7.607536,-3.2577758,-3.7850556,-4.8436894,0.99996567,1.9109099e-05,1.1278347e-05,3.9127913e-06,N,N
CF09_Hindi_N_0101.npy,8.101254,-3.9393287,-4.123,-4.2154036,0.99998474,5.8997657e-06,4.9098367e-06,4.476481e-06,N,N
CF18_English_N_0037.npy,7.966159,-3.4948208,-3.645228,-5.252634,0.99997854,1.0532963e-05,9.062109e-06,1.8161087e-06,N,N
CF02_English_N_0021.npy,6.4198346,-3.1935275,-3.3634126,-3.703457,0.9998367,6.681883e-05,5.63792e-05,4.0127234e-05,N,N
CM24_Gujarati_N_0066.npy,6.5191665,-2.8578932,-3.1116424,-4.75396,0.9998369,8.4629886e-05,6.56632e-05,1.2707862e-05,N,N
CF14_Gujarati_N_0039.npy,7.3179555,-3.6302552,-4.0834274,-3.394795,0.999949,1.7588563e-05,1.1179448e-05,2.2258171e-05,N,N
CF09_Hindi_N_0163.npy,7.594954,-4.695118,-3.283372,-3.3067017,0.99995816,4.5969696e-06,1.8861867e-05,1.8426936e-05,N,N
CF09_Hindi_N_0054.npy,7.7521596,-4.167078,-3.2820182,-4.1643147,0.99997056,6.660829e-06,1.6140044e-05,6.6792572e-06,N,N
CF09_Hindi_N_0057.npy,7.908857,-5.1616225,-3.974352,-1.6870558,0.999923,2.106345e-06,6.9048515e-06,6.8000874e-05,N,N
CF14_Gujarati_N_0036.npy,7.948581,-3.5956402,-3.978263,-4.532106,0.99998,9.691688e-06,6.610418e-06,3.7992488e-06,N,N
CM35_English_N_0100.npy,8.156665,-3.1769578,-3.8240674,-6.07476,0.99998105,1.1963599e-05,6.263628e-06,6.5972466e-07,N,N
CF02_English_N_0035.npy,7.1101985,-3.7680378,-3.2161503,-4.6384373,0.9999404,1.8863224e-05,3.275651e-05,7.89962e-06,N,N
CF18_English_N_0027.npy,8.4937105,-3.597425,-4.1409736,-5.82277,0.9999906,5.608965e-06,3.2570358e-06,6.0593686e-07,N,N
CM05_Hindi_N_0063.npy,6.8421226,-1.9351033,-3.8522038,-6.71577,0.99982196,0.00015417788,2.2669175e-05,1.2936149e-06,N,N
CM03_English_N_0102.npy,6.437738,-3.6658378,-3.151527,-3.0014653,0.9998111,4.0925195e-05,6.84468e-05,7.9528734e-05,N,N
CM05_Hindi_N_0050.npy,7.4158115,-3.0292478,-3.6093104,-5.4403257,0.99995196,2.909027e-05,1.6286569e-05,2.609935e-06,N,N
CF09_Hindi_N_0084.npy,8.395274,-4.5437155,-3.9791903,-3.5829582,0.9999871,2.4024955e-06,4.225061e-06,6.2793424e-06,N,N
CM16_Hindi_N_0024.npy,7.010483,-2.8519735,-3.3874216,-4.8330417,0.99991024,5.208956e-05,3.0493586e-05,7.184284e-06,N,N
CM27_Gujarati_N_0006.npy,5.8078666,-2.7214532,-2.4586792,-5.16245,0.9995284,0.00019749615,0.0002568501,1.7196791e-05,N,N
CF04_English_N_0001.npy,7.9683514,-3.4914072,-4.042074,-4.4627604,0.9999794,1.05458375e-05,6.0803627e-06,3.9923407e-06,N,N
CM05_English_N_0083.npy,7.724197,-3.0068893,-3.919402,-5.6851897,0.9999678,2.1854168e-05,8.774763e-06,1.5009404e-06,N,N
CF09_Hindi_N_0111.npy,8.447252,-4.1785417,-3.9653606,-4.7694726,0.9999908,3.2861212e-06,4.06693e-06,1.8198917e-06,N,N
CM30_English_N_0037.npy,7.7720137,-3.2598271,-3.8528323,-5.283152,0.9999727,1.6177833e-05,8.940914e-06,2.1389542e-06,N,N
CF04_English_N_0029.npy,8.325923,-4.183145,-4.072464,-4.1295986,0.9999882,3.6929707e-06,4.125189e-06,3.8961043e-06,N,N
CF20_Gujarati_N_0013.npy,7.146412,-3.8382945,-3.3904262,-3.604808,0.99993503,1.6957982e-05,2.653878e-05,2.1417874e-05,N,N
CF09_Hindi_N_0167.npy,7.433987,-4.5164323,-3.8603997,-2.5744872,0.9999361,6.456112e-06,1.2441775e-05,4.5013945e-05,N,N
CM05_Hindi_N_0041.npy,8.112231,-4.367722,-4.268585,-3.1753364,0.9999795,3.8020344e-06,4.1982744e-06,1.2527459e-05,N,N
CF09_English_N_0007.npy,8.248166,-3.7270486,-4.058586,-4.7143683,0.99998677,6.2983163e-06,4.5210536e-06,2.3465902e-06,N,N
CF02_Gujarati_N_0039.npy,8.265752,-4.5635667,-3.7241116,-4.071188,0.99998677,2.6809691e-06,6.2067284e-06,4.3866135e-06,N,N
CM38_English_N_0109.npy,7.8254805,-2.7726035,-3.9798489,-6.0637746,0.9999666,2.4962974e-05,7.464421e-06,9.288776e-07,N,N
CM30_Gujarati_N_0052.npy,8.415492,-3.6431544,-4.0657845,-5.66427,0.9999896,5.79418e-06,3.7970472e-06,7.6777286e-07,N,N
CM05_English_N_0068.npy,8.27333,-3.4613094,-3.9999676,-5.5661836,0.9999864,8.011338e-06,4.674862e-06,9.762692e-07,N,N
CF04_Hindi_N_0130.npy,8.3974285,-3.9659405,-4.1383667,-4.9080853,0.99999046,4.272213e-06,3.5955818e-06,1.6652707e-06,N,N
CM30_Gujarati_N_0023.npy,7.431844,-1.9539053,-3.9451585,-7.091377,0.99990416,8.39033e-05,1.1454836e-05,4.9272387e-07,N,N
CF02_Gujarati_N_0010.npy,7.7736573,-3.6391103,-3.3885481,-5.3564615,0.9999728,1.1053156e-05,1.42005065e-05,1.9844942e-06,N,N
CF14_Hindi_N_0116.npy,8.344485,-4.0564256,-3.6167567,-5.1527267,0.9999881,4.1147878e-06,6.3869506e-06,1.3747712e-06,N,N
CM16_Hindi_N_0003.npy,7.120564,-4.0643063,-3.4861212,-2.9285636,0.9999181,1.3881526e-05,2.474796e-05,4.32199e-05,N,N
CM30_Gujarati_N_0064.npy,5.6716313,-1.2179182,-3.372488,-6.670381,0.9988605,0.0010172124,0.000117948905,4.3595023e-06,N,N
CF09_Hindi_N_0098.npy,8.575367,-4.230816,-4.2674255,-4.2055097,0.9999918,2.7437334e-06,2.6451025e-06,2.8140541e-06,N,N
CF14_English_N_0016.npy,8.380618,-3.7726393,-3.9911847,-5.332383,0.9999893,5.271118e-06,4.2363267e-06,1.1079356e-06,N,N
CM03_English_N_0085.npy,8.199347,-3.3218224,-4.2447205,-5.3002057,0.99998474,9.917755e-06,3.9409756e-06,1.3715529e-06,N,N
CM30_Gujarati_N_0026.npy,8.071191,-3.6247897,-4.2138042,-4.611298,0.9999839,8.327093e-06,4.620483e-06,3.1049733e-06,N,N
CM05_Hindi_N_0014.npy,7.955557,-2.5102606,-4.253766,-6.7177277,0.999966,2.8493021e-05,4.983606e-06,4.240907e-07,N,N
CF09_Hindi_N_0099.npy,8.2999115,-3.615154,-4.0960546,-5.2001576,0.9999877,6.6887865e-06,4.1351877e-06,1.3708482e-06,N,N
CM05_Hindi_N_0043.npy,7.528004,-3.1601968,-3.849726,-4.8215714,0.9999614,2.2811642e-05,1.1447159e-05,4.331426e-06,N,N
CM05_English_N_0091.npy,7.5473228,-3.2122524,-3.7611866,-4.6199055,0.99996126,2.1240226e-05,1.2267604e-05,5.1978395e-06,N,N
CF04_English_N_0074.npy,8.605945,-5.175692,-4.1118197,-3.0053148,0.9999869,1.0344401e-06,2.9973648e-06,9.063343e-06,N,N
CM30_English_N_0046.npy,7.709021,-2.8346176,-3.813483,-6.3457417,0.9999629,2.6359672e-05,9.904305e-06,7.8718705e-07,N,N
CF09_Hindi_N_0080.npy,8.16441,-4.573912,-4.364858,-2.9285212,0.9999783,2.9363507e-06,3.619083e-06,1.5219203e-05,N,N
CM05_English_N_0084.npy,7.5002913,-2.9673195,-3.914414,-5.3268886,0.9999578,2.8441718e-05,1.10315905e-05,2.6866321e-06,N,N
CF04_Hindi_N_0129.npy,6.309962,-3.6341176,-3.0983768,-2.7380695,0.99975246,4.7999165e-05,8.201683e-05,0.00011759331,N,N
CM38_English_N_0102.npy,7.8223987,-2.867143,-4.054186,-6.1667023,0.9999695,2.278126e-05,6.951066e-06,8.406151e-07,N,N
CM35_English_N_0011.npy,8.614326,-3.4246364,-4.233714,-5.914827,0.99999094,5.909375e-06,2.6312575e-06,4.8985277e-07,N,N
CF09_English_N_0014.npy,7.60464,-3.4383183,-3.887199,-4.5542216,0.9999685,1.5998912e-05,1.0212788e-05,5.2415535e-06,N,N
CF14_English_N_0048.npy,4.7961936,-3.3424015,-3.2099094,-0.671372,0.99517643,0.00029063836,0.0003318131,0.0042011347,N,N
CF04_Hindi_N_0008.npy,8.574086,-4.303357,-4.2456074,-4.4060636,0.9999924,2.555019e-06,2.7069143e-06,2.3056273e-06,N,N
CM38_English_N_0086.npy,7.955499,-4.143768,-3.6247199,-4.2815423,0.99998033,5.56348e-06,9.349021e-06,4.8474335e-06,N,N
CF04_English_N_0104.npy,8.487858,-4.712252,-4.104965,-3.4611065,0.9999883,1.850377e-06,3.3962633e-06,6.4658516e-06,N,N
CF09_Hindi_N_0110.npy,8.456523,-3.662229,-4.298861,-4.8825774,0.9999901,5.4561815e-06,2.8867064e-06,1.6102682e-06,N,N
CF04_English_N_0002.npy,8.227445,-3.561132,-3.994722,-5.076434,0.9999858,7.5906723e-06,4.9201076e-06,1.6679872e-06,N,N
CF04_Hindi_N_0121.npy,7.622155,-3.8812838,-3.6159673,-4.2317157,0.9999697,1.0095012e-05,1.3162309e-05,7.1107656e-06,N,N
CF04_English_N_0115.npy,6.7664638,-4.62312,-3.469307,-1.5059531,0.99969745,1.1309287e-05,3.585334e-05,0.00025538978,N,N
CF04_Hindi_N_0069.npy,7.2151318,-3.0905457,-3.7401333,-4.2922015,0.99993896,3.3440647e-05,1.7464748e-05,1.005546e-05,N,N
CF04_English_N_0023.npy,8.46915,-3.8726914,-4.205675,-5.0038123,0.9999912,4.3651867e-06,3.1288862e-06,1.4085213e-06,N,N
CF14_Hindi_N_0012.npy,5.759859,-2.6815724,-2.7655485,-4.240759,0.9995408,0.00021564211,0.00019827273,4.5351047e-05,N,N
CF14_Hindi_N_0008.npy,1.6923643,-2.5400043,-0.24537998,-0.8222096,0.80681354,0.011713291,0.116204105,0.06526909,N,N
CM05_English_N_0015.npy,6.942704,-2.8467393,-3.3821347,-5.3406854,0.99990654,5.603481e-05,3.2804917e-05,4.6275477e-06,N,N
CM35_English_N_0126.npy,8.071382,-3.0850983,-4.0907726,-5.5527453,0.99997926,1.4282142e-05,5.2243777e-06,1.2108994e-06,N,N
CM24_Gujarati_N_0042.npy,6.886295,-3.8538046,-2.2513018,-5.331825,0.9998659,2.165589e-05,0.00010753112,4.939464e-06,N,N
CM05_English_N_0017.npy,8.054437,-3.3483953,-4.0225153,-5.8528857,0.99998224,1.11636255e-05,5.689036e-06,9.122611e-07,N,N
CF14_Hindi_N_0030.npy,8.125597,-3.8852386,-4.0160317,-4.658109,0.9999857,6.0779084e-06,5.332755e-06,2.806083e-06,N,N
CF04_English_N_0016.npy,8.662909,-4.241592,-4.2741365,-4.526094,0.9999932,2.486815e-06,2.4071867e-06,1.8710518e-06,N,N
CF09_Hindi_N_0021.npy,8.272164,-3.5460477,-4.186317,-5.1009955,0.9999871,7.3690235e-06,3.8845874e-06,1.5563421e-06,N,N
CM35_English_N_0105.npy,8.444896,-3.50311,-4.1647015,-5.4868646,0.9999893,6.4720584e-06,3.3397723e-06,8.9024286e-07,N,N
CF04_English_N_0113.npy,8.670159,-4.011898,-4.131941,-5.243123,0.9999932,3.1063437e-06,2.754962e-06,9.0684966e-07,N,N
CF04_English_N_0026.npy,8.596747,-3.9735377,-4.196575,-4.8845553,0.9999924,3.4736922e-06,2.779248e-06,1.3968234e-06,N,N
CM05_English_N_0014.npy,6.877723,-2.027906,-3.8346171,-6.6053586,0.99984074,0.00013560173,2.226489e-05,1.3941286e-06,N,N
CM03_English_N_0094.npy,4.228881,-4.016816,-1.191467,-2.8605137,0.99450845,0.00026094427,0.004401302,0.0008293227,N,N
CM35_English_N_0124.npy,7.7158456,-3.189731,-4.0244756,-4.8639197,0.9999702,1.8355038e-05,7.965818e-06,3.4408392e-06,N,N
CM05_Hindi_N_0039.npy,7.832484,-3.2949913,-4.0093646,-4.9579825,0.9999753,1.4702405e-05,7.1968075e-06,2.7871502e-06,N,N
CF02_English_N_0085.npy,8.013644,-3.9024925,-3.9846468,-4.111078,0.99998164,6.6815865e-06,6.154609e-06,5.4236593e-06,N,N
CM24_Gujarati_N_0009.npy,7.4751024,-3.213154,-3.6639159,-5.439378,0.9999602,2.2810353e-05,1.4533447e-05,2.4620406e-06,N,N
CM35_English_N_0067.npy,8.1852455,-3.3442922,-3.9762979,-5.587165,0.9999839,9.8350965e-06,5.2275964e-06,1.0440256e-06,N,N
CM38_English_N_0114.npy,8.009066,-2.976091,-3.976244,-6.532883,0.9999764,1.6951053e-05,6.2349923e-06,4.836173e-07,N,N
CF09_Hindi_N_0047.npy,7.978288,-4.0941725,-4.1655607,-3.8716433,0.99998176,5.714645e-06,5.320908e-06,7.138914e-06,N,N
CF09_Hindi_N_0170.npy,8.052215,-3.8780224,-3.8440354,-4.5156727,0.9999832,6.5880467e-06,6.8158038e-06,3.4819986e-06,N,N
CF04_Hindi_N_0072.npy,7.7407193,-3.643808,-3.541031,-4.7730565,0.99997234,1.1369742e-05,1.2600458e-05,3.6755657e-06,N,N
CM16_Hindi_N_0071.npy,3.2778137,-3.1927435,-1.4618685,-1.9219315,0.98443824,0.0015242675,0.008605392,0.005432101,N,N
CF02_English_N_0080.npy,7.3943458,-3.268596,-3.4217176,-5.3368497,0.9999536,2.3395e-05,2.0073514e-05,2.9572766e-06,N,N
CM03_English_N_0001.npy,6.6206913,-2.701364,-3.103749,-5.9057755,0.99984705,8.941619e-05,5.97947e-05,3.6287609e-06,N,N
CM35_English_N_0056.npy,8.337506,-3.793249,-4.114584,-5.1706285,0.9999893,5.391073e-06,3.9095003e-06,1.3598374e-06,N,N
CM24_Gujarati_N_0044.npy,6.9287477,-2.7112484,-3.5569165,-5.4543185,0.99990284,6.5067026e-05,2.793133e-05,4.188519e-06,N,N
CM05_Hindi_N_0055.npy,7.7520304,-3.126377,-3.731296,-5.659259,0.99996936,1.886055e-05,1.0300104e-05,1.4980895e-06,N,N
CF14_Gujarati_N_0013.npy,6.6599784,-3.0163229,-3.0029783,-4.691138,0.99986196,6.274454e-05,6.358747e-05,1.1754737e-05,N,N
CF09_English_N_0043.npy,8.569194,-4.659426,-4.399424,-3.1479864,0.9999877,1.7983648e-06,2.3323582e-06,8.152447e-06,N,N
CF14_English_N_0050.npy,6.7601943,-3.0114594,-3.501163,-3.8756332,0.999884,5.7039295e-05,3.4954155e-05,2.4036335e-05,N,N
CF04_English_N_0083.npy,8.778953,-4.1660066,-4.2140484,-4.8489146,0.99999416,2.3882124e-06,2.2761917e-06,1.2063967e-06,N,N
CF04_English_N_0022.npy,8.209375,-3.728518,-3.96212,-4.970233,0.9999864,6.5378217e-06,5.1758393e-06,1.8886997e-06,N,N
CM35_English_N_0081.npy,8.254211,-3.6873226,-3.7874699,-5.4718156,0.9999865,6.5140607e-06,5.893298e-06,1.0935951e-06,N,N
CM05_English_N_0050.npy,7.661885,-4.2882285,-4.1285505,-2.8537667,0.99995875,6.4582346e-06,7.5763646e-06,2.7107695e-05,N,N
CM35_English_N_0066.npy,7.3269067,-3.1408477,-3.8803546,-4.4234223,0.99995005,2.8437431e-05,1.3574588e-05,7.886336e-06,N,N
CF20_Gujarati_N_0011.npy,7.3419313,-3.1693964,-3.5231137,-4.6136475,0.9999473,2.7224849e-05,1.9113833e-05,6.42296e-06,N,N
CF04_English_N_0028.npy,8.556544,-4.1725206,-3.8904877,-4.9390574,0.9999918,2.963697e-06,3.929336e-06,1.376991e-06,N,N
CM38_English_N_0128.npy,6.8295555,-4.8723235,-2.71281,-2.3954706,0.9998215,8.276767e-06,7.173407e-05,9.852456e-05,N,N
CM38_English_N_0031.npy,6.187613,-2.182705,-3.5294006,-5.026949,0.9996948,0.0002315713,6.0231287e-05,1.3472409e-05,N,N
CF04_Hindi_N_0135.npy,8.7681265,-4.144441,-3.8527617,-5.4425526,0.99999356,2.4668377e-06,3.302291e-06,6.735622e-07,N,N
CF04_Hindi_N_0085.npy,8.905209,-5.016666,-4.333971,-3.1577778,0.99999154,8.9908934e-07,1.7794824e-06,5.769098e-06,N,N
CF14_Hindi_N_0082.npy,6.298697,-3.8089426,-2.5880342,-4.118258,0.9997912,4.075842e-05,0.00013818186,2.9914601e-05,N,N
CM38_English_N_0022.npy,8.133321,-3.0735927,-4.079112,-6.4319086,0.9999809,1.3579734e-05,4.9682053e-06,4.7249034e-07,N,N
CF09_Hindi_N_0144.npy,8.153179,-3.9042091,-3.7841287,-4.773174,0.9999852,5.8014475e-06,6.5416434e-06,2.433042e-06,N,N
CF09_Hindi_N_0097.npy,8.113515,-3.5945678,-3.653733,-5.531362,0.99998283,8.226916e-06,7.754283e-06,1.1860362e-06,N,N
CM27_Gujarati_N_0014.npy,5.5593467,-3.1209755,-2.5527675,-4.10232,0.99946684,0.00016980564,0.00029972437,6.3644344e-05,N,N
CM16_Hindi_N_0017.npy,8.335134,-3.34041,-3.7881315,-6.286605,0.9999856,8.499032e-06,5.431584e-06,4.4653285e-07,N,N
CM03_English_N_0107.npy,4.574514,-1.7487406,-2.3066082,-3.919226,0.99698335,0.0017886828,0.001023893,0.00020412843,N,N
CF09_Hindi_N_0049.npy,8.314715,-3.5963612,-4.144676,-4.925567,0.9999876,6.715522e-06,3.881053e-06,1.7775145e-06,N,N
CF04_Hindi_N_0081.npy,7.6098905,-5.0405455,-3.127953,-3.298797,0.99995685,3.2060223e-06,2.1706765e-05,1.8297782e-05,N,N
CM30_English_N_0051.npy,8.235946,-3.4690497,-4.070044,-5.485607,0.9999862,8.25238e-06,4.5244974e-06,1.098498e-06,N,N
CF09_Hindi_N_0050.npy,8.815684,-4.644639,-4.5585113,-3.6534376,0.9999932,1.426438e-06,1.5547406e-06,3.8434946e-06,N,N
CF04_English_N_0061.npy,7.4307647,-4.876146,-3.9398582,-1.8414941,0.99988997,4.5199004e-06,1.1527988e-05,9.398562e-05,N,N
CF09_Hindi_N_0117.npy,8.849455,-4.1581163,-3.8975267,-5.681749,0.9999944,2.243268e-06,2.9110777e-06,4.8885016e-07,N,N
CM30_Gujarati_N_0057.npy,7.9612293,-3.8022363,-4.0277,-4.452597,0.999982,7.78366e-06,6.2124964e-06,4.061964e-06,N,N
CF14_Gujarati_N_0002.npy,8.328691,-3.945623,-4.123228,-4.615204,0.99998903,4.6701284e-06,3.9101706e-06,2.3907455e-06,N,N
CM38_English_N_0089.npy,6.7416983,-4.5895905,-3.1638763,-2.3544817,0.999826,1.1989691e-05,4.988706e-05,0.000112073685,N,N
CM05_Hindi_N_0004.npy,7.8181305,-2.9628892,-3.7217379,-6.2931633,0.99996865,2.0789748e-05,9.7338625e-06,7.4392534e-07,N,N
CF09_English_N_0010.npy,8.125404,-2.9814277,-3.8644764,-6.6151137,0.9999784,1.5009096e-05,6.20657e-06,3.9651968e-07,N,N
CM30_English_N_0004.npy,6.3836627,-1.8683639,-3.7505264,-5.9765425,0.9996954,0.0002606502,3.9686707e-05,4.2844886e-06,N,N
CF09_English_N_0004.npy,8.381277,-4.089169,-4.298184,-4.289371,0.99998987,3.838397e-06,3.1144107e-06,3.1419759e-06,N,N
CF09_Hindi_N_0160.npy,8.015351,-3.467534,-3.7694776,-5.04407,0.99998,1.0304752e-05,7.6191236e-06,2.129887e-06,N,N
CF02_English_N_0065.npy,6.919232,-2.8988938,-3.2280428,-5.8110805,0.9999033,5.445029e-05,3.917892e-05,2.9597404e-06,N,N
CM16_Hindi_N_0040.npy,8.124564,-3.488737,-4.0453353,-5.232548,0.99998426,9.044832e-06,5.184098e-06,1.581513e-06,N,N
CF09_English_N_0001.npy,8.193162,-3.9773922,-4.150826,-4.344732,0.99998677,5.1807156e-06,4.3558025e-06,3.5880328e-06,N,N
CF14_Gujarati_N_0066.npy,3.7845714,-2.290008,-2.3159158,-1.6160369,0.9910251,0.0022799661,0.0022216556,0.0044733244,N,N
CM27_Gujarati_N_0044.npy,7.489204,-2.7038298,-4.004113,-5.979185,0.9999509,3.7428345e-05,1.0197523e-05,1.4149185e-06,N,N
CF14_English_N_0031.npy,8.396588,-3.5848956,-3.8319151,-5.743934,0.9999881,6.2589675e-06,4.8890374e-06,7.225104e-07,N,N
CF04_Hindi_N_0039.npy,8.515108,-4.593877,-4.1497083,-3.6371007,0.9999895,2.0269154e-06,3.1603545e-06,5.276652e-06,N,N
CF02_English_N_0100.npy,7.977253,-3.6513753,-3.6953802,-5.2162776,0.9999807,8.907232e-06,8.523764e-06,1.8625756e-06,N,N
CF04_English_N_0114.npy,8.325946,-3.7026105,-4.130436,-4.907079,0.9999883,5.9711647e-06,3.8927546e-06,1.7904631e-06,N,N
CF14_Gujarati_N_0053.npy,7.4148607,-4.5179873,-3.6467056,-2.3199973,0.99991846,6.5704417e-06,1.570317e-05,5.917928e-05,N,N
CM30_Gujarati_N_0060.npy,7.1594834,-2.850134,-3.619794,-5.5807652,0.9999312,4.4962326e-05,2.0825206e-05,2.9305588e-06,N,N
CF04_English_N_0076.npy,8.764121,-3.994274,-4.2430935,-5.3662834,0.99999416,2.87804e-06,2.244068e-06,7.2986205e-07,N,N
CM30_English_N_0034.npy,8.225202,-3.0168939,-4.2664967,-6.416512,0.9999826,1.3110287e-05,3.7576542e-06,4.3770027e-07,N,N
CM16_Hindi_N_0048.npy,7.9241567,-3.200047,-3.8462398,-5.4139886,0.9999759,1.4750586e-05,7.7298555e-06,1.6117833e-06,N,N
CF02_Gujarati_N_0062.npy,6.4624887,-4.2684216,-2.417189,-4.0714927,0.9998123,2.1854625e-05,0.00013916288,2.661145e-05,N,N
CF04_Hindi_N_0012.npy,8.247133,-4.661468,-3.7509556,-3.8719943,0.9999858,2.4766196e-06,6.155879e-06,5.4541083e-06,N,N
CM38_English_N_0010.npy,7.9997,-3.1649137,-3.8371718,-5.7110806,0.99997747,1.4166419e-05,7.2327257e-06,1.1103851e-06,N,N
CF14_English_N_0006.npy,5.3995194,-3.0502374,-2.6826162,-3.600933,0.99935406,0.00021381427,0.00030881065,0.00012327435,N,N
CM35_English_N_0017.npy,7.056065,-3.2917237,-3.4943326,-4.762387,0.9999343,3.2061504e-05,2.6181342e-05,7.3668707e-06,N,N
CM35_English_N_0088.npy,8.014065,-3.1969335,-3.7069964,-6.394031,0.9999778,1.3524324e-05,8.1207845e-06,5.5288353e-07,N,N
CM35_English_N_0113.npy,8.168527,-3.6031823,-3.9780006,-5.1727076,0.99998534,7.719785e-06,5.3066915e-06,1.6068275e-06,N,N
CM38_English_N_0138.npy,7.6064544,-3.7872295,-3.770296,-3.8529384,0.99996674,1.126604e-05,1.1458437e-05,1.05495665e-05,N,N
CF04_Hindi_N_0136.npy,6.9073925,-3.4888856,-3.5499456,-3.7309468,0.9999168,3.0543408e-05,2.873423e-05,2.397684e-05,N,N
CF14_Hindi_N_0045.npy,6.9805236,-3.8336852,-3.0681171,-3.9041352,0.99991786,2.0110045e-05,4.324092e-05,1.8742048e-05,N,N
CM30_English_N_0007.npy,7.9795485,-3.4446418,-3.7214317,-5.5899596,0.9999795,1.0927686e-05,8.285524e-06,1.2788771e-06,N,N
CM38_English_N_0034.npy,8.113097,-3.145303,-4.0446405,-5.7237506,0.9999809,1.2898248e-05,5.2475107e-06,9.788706e-07,N,N
CF04_English_N_0017.npy,7.86247,-5.135591,-3.7653084,-1.969541,0.99993503,2.2645688e-06,8.914388e-06,5.370115e-05,N,N
CF18_English_N_0032.npy,7.891446,-4.0360928,-3.9793372,-3.7040262,0.9999771,6.605805e-06,6.9915677e-06,9.2074715e-06,N,N
CM35_English_N_0004.npy,8.250216,-3.2816184,-3.995345,-5.8393226,0.9999846,9.812544e-06,4.8063334e-06,7.6029903e-07,N,N
CF02_English_N_0073.npy,7.2193666,-3.7417789,-3.342351,-4.1984305,0.99994576,1.7362468e-05,2.5886933e-05,1.0997404e-05,N,N
CF18_English_N_0058.npy,5.9054627,-3.801031,-2.9147494,-2.5692973,0.99958295,6.0861454e-05,0.00014765537,0.00020858223,N,N
CM30_English_N_0005.npy,8.087356,-3.347114,-3.9729934,-5.3965654,0.999982,1.0815966e-05,5.784281e-06,1.3931557e-06,N,N
CM38_English_N_0006.npy,8.198665,-3.679554,-3.9784212,-4.759031,0.9999856,6.9398316e-06,5.1469806e-06,2.35797e-06,N,N
CF04_Hindi_N_0064.npy,7.980531,-4.527639,-3.9576511,-3.1265342,0.9999747,3.6962367e-06,6.5358504e-06,1.5005549e-05,N,N
CM27_Gujarati_N_0045.npy,6.4648333,-3.732617,-2.9661317,-4.127022,0.9998574,3.7259888e-05,8.01903e-05,2.5116196e-05,N,N
CF09_English_N_0025.npy,8.447515,-4.0564814,-4.104875,-4.77826,0.99999094,3.711758e-06,3.536411e-06,1.8034956e-06,N,N
CF02_English_N_0016.npy,5.6727176,-2.8363643,-3.0079284,-4.152374,0.9995746,0.0002015431,0.00016976908,5.405455e-05,N,N
CM35_English_N_0073.npy,7.862082,-3.1400993,-3.7808096,-5.175507,0.99997234,1.6664853e-05,8.781007e-06,2.1768826e-06,N,N
CM03_English_N_0078.npy,6.3015633,-2.124732,-3.3012094,-5.3975387,0.99970514,0.00021896684,6.752129e-05,8.298819e-06,N,N
CF14_Hindi_N_0129.npy,6.928111,-3.0528834,-3.7946541,-3.8119187,0.99991,4.6266876e-05,2.203552e-05,2.1658332e-05,N,N
CM05_Hindi_N_0077.npy,7.850263,-3.280285,-3.8762782,-5.303984,0.9999753,1.4657284e-05,8.076386e-06,1.93719e-06,N,N
CF18_English_N_0014.npy,8.260445,-3.6001687,-3.9891825,-5.3420906,0.9999869,7.0631036e-06,4.7868393e-06,1.2373378e-06,N,N
CM05_Hindi_N_0044.npy,7.9883027,-3.0834234,-3.8558848,-6.1644874,0.99997663,1.5545345e-05,7.1800005e-06,7.1369266e-07,N,N
CF09_Hindi_N_0020.npy,8.374959,-4.6968503,-4.0493393,-3.3467588,0.9999857,2.1036765e-06,4.019663e-06,8.115521e-06,N,N
CM30_Gujarati_N_0059.npy,3.1627364,-3.772962,-0.46888998,-2.8385153,0.9709481,0.00094419223,0.025704002,0.0024037291,N,N
CM05_Hindi_N_0062.npy,7.089326,-2.0616522,-3.659783,-6.655252,0.9998714,0.000106102314,2.1461758e-05,1.0733714e-06,N,N
CF20_Gujarati_N_0046.npy,7.92088,-3.824831,-3.874038,-4.100855,0.99997854,7.9230695e-06,7.5426306e-06,6.0119846e-06,N,N
CM24_Gujarati_N_0058.npy,7.9752517,-3.845892,-3.744207,-4.843569,0.9999819,7.3474134e-06,8.133846e-06,2.709249e-06,N,N
CM30_Gujarati_N_0025.npy,8.291774,-3.197015,-4.0736165,-5.9780774,0.99998486,1.024415e-05,4.2635606e-06,6.348565e-07,N,N
CF09_Hindi_N_0132.npy,7.595142,-4.2627397,-3.899553,-3.406784,0.99996614,7.082275e-06,1.0183635e-05,1.6668993e-05,N,N
CM03_English_N_0105.npy,5.7022023,-2.5847268,-3.2622032,-3.5250804,0.9995222,0.00025166618,0.00012782057,9.827308e-05,N,N
CF20_Gujarati_N_0028.npy,7.4768505,-4.6094155,-3.5869327,-2.5145674,0.999933,5.636019e-06,1.5668618e-05,4.578817e-05,N,N
CF09_Hindi_N_0141.npy,8.721211,-4.4365873,-4.1663404,-4.6319613,0.9999939,1.9303584e-06,2.5293243e-06,1.5877727e-06,N,N
CM24_Gujarati_N_0038.npy,7.5010667,-3.051969,-3.722032,-5.6238356,0.9999585,2.6113003e-05,1.3361405e-05,1.994845e-06,N,N
CF09_English_N_0012.npy,8.45025,-4.046327,-3.927078,-4.6700506,0.9999901,3.7393968e-06,4.2129905e-06,2.0041107e-06,N,N
CF14_Hindi_N_0078.npy,6.8119817,-5.039232,-3.0974946,-1.2533033,0.999629,7.1272543e-06,4.968302e-05,0.00031414503,N,N
CF04_English_N_0005.npy,8.141463,-3.3954678,-3.9780073,-5.4946127,0.99998355,9.762642e-06,5.4522234e-06,1.196521e-06,N,N
CM30_English_N_0039.npy,8.17093,-3.1480799,-4.2331157,-5.6772065,0.99998283,1.2139732e-05,4.101892e-06,9.678835e-07,N,N
CM38_English_N_0019.npy,7.667777,-3.9475446,-3.5414977,-3.8180017,0.9999671,9.0264175e-06,1.3547518e-05,1.0274847e-05,N,N
CF14_Hindi_N_0086.npy,7.6748533,-3.5671816,-3.7794418,-4.504394,0.99997115,1.3110937e-05,1.0603526e-05,5.1357956e-06,N,N
CM24_Gujarati_N_0029.npy,6.5949626,-2.7439713,-2.9051883,-6.526403,0.99983525,8.791865e-05,7.4828225e-05,2.0016669e-06,N,N
CF04_English_N_0013.npy,7.076132,-4.328364,-3.9702973,-1.6350355,0.99980825,1.1143134e-05,1.594093e-05,0.00016470425,N,N
CF04_English_N_0006.npy,6.743921,-3.534996,-3.5600834,-2.7603054,0.99985766,3.434481e-05,3.349391e-05,7.452551e-05,N,N
CF09_Hindi_N_0045.npy,7.719843,-4.7002397,-3.7240915,-2.8286214,0.999959,4.0365385e-06,1.0713827e-05,2.6232676e-05,N,N
CF14_Gujarati_N_0049.npy,7.980265,-3.6376407,-3.8671246,-5.217193,0.999982,9.003262e-06,7.157089e-06,1.8552776e-06,N,N
CM05_English_N_0090.npy,7.893173,-3.1356478,-3.6555586,-6.203998,0.9999734,1.622678e-05,9.648015e-06,7.545092e-07,N,N
CM27_Gujarati_N_0060.npy,6.771219,-3.072328,-3.3336666,-4.5876217,0.9998944,5.3083073e-05,4.0875046e-05,1.1664662e-05,N,N
CM27_Gujarati_N_0056.npy,6.061956,-1.4802334,-3.4543333,-6.0535374,0.99939096,0.0005299124,7.3597614e-05,5.4707057e-06,N,N
CF02_English_N_0041.npy,6.226353,-3.7070389,-2.445706,-4.139211,0.99974877,4.8514743e-05,0.00017126297,3.1490785e-05,N,N
CF04_English_N_0110.npy,7.9089227,-4.2841434,-4.187289,-3.2001858,0.99997437,5.0653302e-06,5.580467e-06,1.4974922e-05,N,N
CM38_English_N_0071.npy,7.484881,-4.4790745,-3.344741,-3.5223594,0.9999572,6.369449e-06,1.980324e-05,1.6580503e-05,N,N
CF18_English_N_0034.npy,8.183788,-3.9696097,-4.0710297,-4.2621875,0.99998605,5.270357e-06,4.762052e-06,3.933463e-06,N,N
CF09_English_N_0039.npy,8.354386,-4.352693,-3.970274,-4.424159,0.99998975,3.029572e-06,4.440825e-06,2.820615e-06,N,N
CM35_English_N_0063.npy,7.8566275,-3.1588843,-4.098003,-5.126308,0.99997485,1.6444217e-05,6.4292344e-06,2.2991753e-06,N,N
CM05_Hindi_N_0120.npy,7.5028462,-2.596707,-3.864776,-5.840034,0.99994576,4.109569e-05,1.1563272e-05,1.6041213e-06,N,N
CF09_Hindi_N_0035.npy,8.982808,-3.91779,-4.3005853,-5.608869,0.99999535,2.4965439e-06,1.7025244e-06,4.6016473e-07,N,N
CF18_English_N_0056.npy,7.438007,-4.2664266,-3.95507,-2.9668453,0.9999502,8.256719e-06,1.1272698e-05,3.0283674e-05,N,N
CM05_English_N_0094.npy,8.029639,-2.9006522,-4.1161127,-6.0444083,0.9999759,1.7907065e-05,5.310758e-06,7.721622e-07,N,N
CF04_Hindi_N_0017.npy,8.770425,-4.586591,-4.139562,-4.3025284,0.9999938,1.5816819e-06,2.4732124e-06,2.1012895e-06,N,N
CF02_English_N_0022.npy,7.3584404,-3.5700092,-3.7239003,-4.327853,0.9999583,1.7939756e-05,1.5380932e-05,8.407929e-06,N,N
CF04_English_N_0018.npy,8.119512,-4.2870507,-3.6342843,-4.286365,0.9999839,4.091582e-06,7.85931e-06,4.0943924e-06,N,N
CF02_English_N_0069.npy,7.662286,-3.4433765,-3.8732908,-4.959635,0.99997187,1.5026571e-05,9.7757575e-06,3.2988105e-06,N,N
CM35_English_N_0090.npy,8.224536,-3.3920217,-3.863548,-5.991317,0.99998474,9.015427e-06,5.6260697e-06,6.700805e-07,N,N
CF02_Gujarati_N_0037.npy,7.674915,-3.3202174,-3.7443433,-5.240296,0.99996984,1.678269e-05,1.0981613e-05,2.4602666e-06,N,N
CM03_English_N_0064.npy,5.0588946,-2.0255644,-2.9305487,-3.7523346,0.99867564,0.00083691796,0.0003385738,0.00014885246,N,N
CF04_English_N_0048.npy,7.918589,-3.8327117,-3.7528214,-4.657249,0.9999801,7.878913e-06,8.534187e-06,3.454413e-06,N,N
CM05_English_N_0061.npy,7.7165895,-2.9869037,-3.6316495,-6.1825576,0.99996483,2.2465536e-05,1.1789819e-05,9.197333e-07,N,N
CM16_Hindi_N_0035.npy,7.541388,-2.6197052,-3.5587833,-6.2909393,0.9999453,3.8642902e-05,1.5108912e-05,9.832705e-07,N,N
CF14_Hindi_N_0138.npy,4.4594035,-2.7126682,-2.313825,-2.5309486,0.99717546,0.0007655623,0.0011407639,0.00091812166,N,N
CF09_Hindi_N_0131.npy,8.926314,-4.4540052,-4.2724004,-4.49258,0.9999951,1.5452507e-06,1.8529713e-06,1.4867788e-06,N,N
CF14_Hindi_N_0052.npy,7.9183574,-3.221441,-4.124369,-4.974175,0.9999771,1.4522359e-05,5.8870864e-06,2.5167174e-06,N,N
CM24_Gujarati_N_0021.npy,5.945342,-2.364551,-2.623219,-5.8964896,0.99955684,0.00024596142,0.00018990155,7.19392e-06,N,N
CM05_English_N_0045.npy,8.185182,-3.318419,-4.0145807,-5.457789,0.99998367,1.0093515e-05,5.031569e-06,1.1882993e-06,N,N
CF04_English_N_0103.npy,8.3923,-4.2236705,-4.1602764,-4.3419247,0.9999901,3.318557e-06,3.535747e-06,2.9484404e-06,N,N
CF18_English_N_0013.npy,6.4897776,-3.5388336,-2.898443,-3.6417863,0.9998324,4.4112e-05,8.369022e-05,3.9796498e-05,N,N
CF14_Hindi_N_0014.npy,8.3189945,-3.8978815,-4.1213055,-4.6558194,0.9999888,4.9462183e-06,3.9558654e-06,2.3179564e-06,N,N
CM35_English_N_0127.npy,8.092282,-3.3196843,-3.768368,-5.9001756,0.99998105,1.1062105e-05,7.0628e-06,8.378077e-07,N,N
CM30_English_N_0015.npy,7.6504827,-2.4615312,-4.2025857,-6.3164983,0.99995136,4.058701e-05,7.11634e-06,8.5940155e-07,N,N
CF14_Gujarati_N_0025.npy,8.529122,-3.8396645,-3.9576998,-5.5284786,0.9999912,4.2491333e-06,3.7760542e-06,7.849783e-07,N,N
CF18_English_N_0053.npy,8.73525,-4.30203,-4.34776,-4.4840035,0.99999404,2.1776004e-06,2.080262e-06,1.8153006e-06,N,N
CM05_English_N_0032.npy,7.414323,-2.6895006,-3.6769204,-6.5319295,0.9999429,4.0920448e-05,1.5244361e-05,8.7739375e-07,N,N
CM05_Hindi_N_0035.npy,8.186706,-3.2102103,-3.927162,-6.321078,0.99998283,1.1229879e-05,5.4828533e-06,5.004285e-07,N,N
CM16_Hindi_N_0010.npy,8.174693,-3.770116,-3.8694618,-4.662987,0.999985,6.4927526e-06,5.878728e-06,2.65864e-06,N,N
CF14_English_N_0045.npy,6.8528013,-3.7057912,-3.1020503,-3.9791627,0.9999068,2.5966949e-05,4.7492234e-05,1.9755915e-05,N,N
CM27_Gujarati_N_0037.npy,7.8139124,-3.6710062,-3.8703716,-4.6206727,0.99997723,1.0283795e-05,8.4250005e-06,3.9784895e-06,N,N
CF14_Gujarati_N_0003.npy,8.056537,-3.7208638,-3.7190523,-4.859733,0.9999821,7.675947e-06,7.689869e-06,2.4576939e-06,N,N
CF14_Gujarati_N_0044.npy,6.5749264,-3.1935048,-3.594098,-3.9743145,0.99987817,5.7223122e-05,3.8335034e-05,2.6210175e-05,N,N
CM03_English_N_0049.npy,5.6964645,-2.6569593,-2.2790408,-5.2993636,0.9994042,0.0002354481,0.0003435763,1.6761522e-05,N,N
CF09_Hindi_N_0091.npy,7.731542,-4.386874,-3.9194818,-3.2863793,0.9999695,5.457901e-06,8.709864e-06,1.6404549e-05,N,N
CF14_English_N_0003.npy,5.616099,-3.0144536,-2.6830492,-3.5026069,0.9994635,0.00017847017,0.00024859508,0.000109537636,N,N
CF04_English_N_0077.npy,8.0873375,-3.7535455,-3.9578419,-4.56222,0.9999838,7.2038174e-06,5.8727032e-06,3.208929e-06,N,N
CM05_English_N_0057.npy,8.130319,-3.338943,-4.216312,-5.1509767,0.99998355,1.0446144e-05,4.3442974e-06,1.7060801e-06,N,N
CM05_English_N_0085.npy,7.8808923,-2.3545744,-4.4420476,-6.821118,0.99995935,3.5873647e-05,4.448336e-06,4.12079e-07,N,N
CM30_Gujarati_N_0069.npy,8.257654,-3.3255122,-4.0672655,-5.996576,0.9999856,9.32156e-06,4.439654e-06,6.4485204e-07,N,N
CF18_English_N_0007.npy,7.4745874,-3.3085613,-3.7030346,-4.633679,0.9999598,2.074534e-05,1.3983086e-05,5.513522e-06,N,N
CF02_Gujarati_N_0011.npy,7.558775,-3.5019479,-3.9061239,-4.2894664,0.9999666,1.5717189e-05,1.04916335e-05,7.1508794e-06,N,N
CF02_English_N_0075.npy,7.6444173,-3.7078218,-3.6560712,-4.581365,0.9999709,1.1742819e-05,1.2366521e-05,4.9022733e-06,N,N
CM03_English_N_0091.npy,6.5195775,-2.794167,-3.48407,-4.230965,0.99984324,9.01621e-05,4.522753e-05,2.1430415e-05,N,N
CM05_English_N_0098.npy,7.726177,-4.0962806,-3.9619532,-3.5872588,0.9999721,7.3376928e-06,8.392616e-06,1.2207448e-05,N,N
CF02_English_N_0076.npy,7.5859284,-4.026755,-3.40924,-4.610369,0.9999691,9.050286e-06,1.6782069e-05,5.048959e-06,N,N
CF09_Hindi_N_0092.npy,7.7009645,-4.623812,-3.3471417,-3.4983292,0.9999659,4.440202e-06,1.5916723e-05,1.3683399e-05,N,N
CF04_Hindi_N_0035.npy,8.816543,-4.3215694,-3.8554337,-5.1810274,0.99999404,1.9687375e-06,3.1378208e-06,8.3354684e-07,N,N
CF04_Hindi_N_0045.npy,7.579923,-3.975276,-3.6862879,-3.5611145,0.99996316,9.585726e-06,1.2797671e-05,1.4504164e-05,N,N
CM05_English_N_0037.npy,6.7604775,-1.8408755,-3.694222,-6.7013016,0.99978596,0.00018381758,2.8806382e-05,1.4240684e-06,N,N
CF09_Hindi_N_0104.npy,8.310712,-4.565681,-4.2351704,-3.0882196,0.9999827,2.5576808e-06,3.5594676e-06,1.120726e-05,N,N
CF02_English_N_0005.npy,4.0068545,-1.4223362,-2.7401757,-2.9389281,0.99351865,0.0043582134,0.0011667506,0.0009564471,N,N
CF04_Hindi_N_0109.npy,8.37272,-4.5629783,-4.024765,-4.0942225,0.9999895,2.4104238e-06,4.1289177e-06,3.8518683e-06,N,N
CM05_English_N_0040.npy,6.9710116,-3.1697578,-3.503856,-4.313816,0.9999198,3.943526e-05,2.8235005e-05,1.2561067e-05,N,N
CF02_English_N_0050.npy,7.519299,-3.7604377,-3.1724706,-5.202073,0.9999616,1.26257155e-05,2.2730384e-05,2.9864923e-06,N,N
CM03_English_N_0047.npy,2.5707266,0.35764322,-2.5141115,-2.6090016,0.8919155,0.09754247,0.005520859,0.005021069,N,N
CF20_Gujarati_N_0049.npy,7.779368,-4.8088713,-3.276719,-3.4352624,0.99996734,3.411794e-06,1.5790212e-05,1.3475156e-05,N,N
CF14_Hindi_N_0099.npy,8.123872,-3.4128182,-3.9822388,-5.1915183,0.9999831,9.764993e-06,5.5255514e-06,1.6488927e-06,N,N
CM05_Hindi_N_0096.npy,8.066489,-3.4141335,-3.804386,-5.824613,0.99998176,1.0328108e-05,6.9909534e-06,9.271782e-07,N,N
CF18_English_N_0047.npy,6.5579367,-4.376931,-2.4106977,-3.6488903,0.999818,1.782248e-05,0.00012731877,3.6910697e-05,N,N
CF20_Gujarati_N_0008.npy,8.337383,-3.7495365,-3.94384,-5.201671,0.99998844,5.6326458e-06,4.637965e-06,1.3184333e-06,N,N
CF02_Gujarati_N_0017.npy,7.3908534,-4.7221675,-2.7296352,-4.1451864,0.99994445,5.4872885e-06,4.02442e-05,9.77097e-06,N,N
CM05_Hindi_N_0100.npy,8.153771,-3.0748405,-4.079233,-5.909494,0.99998105,1.3288243e-05,4.8670454e-06,7.805369e-07,N,N
CM38_English_N_0058.npy,7.9851327,-3.2910922,-4.039193,-5.2181764,0.9999795,1.2670354e-05,5.996427e-06,1.8444497e-06,N,N
CF18_English_N_0054.npy,7.497969,-4.641254,-2.7662213,-4.4160876,0.99995315,5.3454223e-06,3.4857665e-05,6.6953075e-06,N,N
CM03_English_N_0031.npy,6.92832,-2.8669236,-3.850342,-4.0398283,0.9999062,5.571077e-05,2.0837517e-05,1.7240625e-05,N,N
CM05_Hindi_N_0117.npy,7.7425733,-3.027978,-3.7917733,-6.176961,0.9999683,2.1008502e-05,9.787756e-06,9.01175e-07,N,N
CM35_English_N_0119.npy,8.079079,-3.1472528,-3.817533,-6.113843,0.99997926,1.3318553e-05,6.813307e-06,6.8561997e-07,N,N
CM38_English_N_0049.npy,8.159228,-3.2961712,-4.149739,-5.789066,0.999984,1.0591959e-05,4.511037e-06,8.7564104e-07,N,N
CM30_Gujarati_N_0004.npy,6.8261375,-2.309441,-3.742331,-5.791344,0.99986315,0.00010774804,2.5710659e-05,3.3131273e-06,N,N
CF04_English_N_0070.npy,6.046557,-3.9421368,-3.1965513,-2.1577272,0.999584,4.589707e-05,9.673602e-05,0.00027336553,N,N
CM24_Gujarati_N_0041.npy,6.5969653,-4.3665404,-2.433873,-3.8994067,0.9998354,1.7319624e-05,0.00011964247,2.7631979e-05,N,N
CM03_English_N_0025.npy,4.9031973,-2.1466079,-2.290978,-4.294026,0.99828315,0.0008660885,0.0007496579,0.000101146354,N,N
CM38_English_N_0092.npy,7.845691,-2.8015895,-4.041717,-5.9624023,0.9999683,2.3764627e-05,6.8762306e-06,1.0074122e-06,N,N
CM30_English_N_0036.npy,7.68286,-2.3217583,-4.1083975,-7.03919,0.99994683,4.5188368e-05,7.570049e-06,4.038982e-07,N,N
CF09_English_N_0002.npy,8.287523,-3.657669,-4.2075586,-4.905455,0.99998796,6.490283e-06,3.7449813e-06,1.8636197e-06,N,N
CM27_Gujarati_N_0040.npy,6.7951694,-2.7860105,-3.270072,-5.441839,0.99988353,6.9007445e-05,4.2527598e-05,4.8471215e-06,N,N
CM38_English_N_0104.npy,8.0702305,-3.430136,-3.7864456,-5.6520348,0.99998176,1.0126199e-05,7.090928e-06,1.097711e-06,N,N
CF09_Hindi_N_0114.npy,8.888474,-4.2137804,-4.3818955,-4.716688,0.9999951,2.040614e-06,1.7248416e-06,1.2341013e-06,N,N
CF02_Gujarati_N_0022.npy,7.4222455,-4.084565,-3.5905268,-3.669958,0.9999583,1.0060911e-05,1.6489046e-05,1.5229978e-05,N,N
CF14_Gujarati_N_0032.npy,8.027839,-4.1164937,-3.9310126,-3.8174038,0.99998105,5.3183267e-06,6.402194e-06,7.1724626e-06,N,N
CF02_Gujarati_N_0016.npy,6.627599,-3.703823,-2.7324076,-4.4539905,0.9998659,3.258834e-05,8.6088e-05,1.5391073e-05,N,N
CM30_Gujarati_N_0070.npy,7.379089,-2.4442034,-3.5236874,-6.4047947,0.99992645,5.4170974e-05,1.8405699e-05,1.0320559e-06,N,N
CM16_Hindi_N_0008.npy,6.291582,-4.637927,-3.137664,-0.43783417,0.9987081,1.7898352e-05,8.023597e-05,0.0011936863,N,N
CM30_Gujarati_N_0003.npy,7.613954,-2.3403664,-4.013707,-6.590764,0.9999429,4.751914e-05,8.915512e-06,6.7755525e-07,N,N
CM05_Hindi_N_0022.npy,7.0232263,-2.6932082,-3.5904217,-5.4862914,0.9999114,6.0279224e-05,2.4576102e-05,3.6910253e-06,N,N
CF09_English_N_0031.npy,7.821599,-4.121174,-4.008617,-3.3424144,0.9999721,6.505902e-06,7.2809926e-06,1.4174856e-05,N,N
CF09_English_N_0055.npy,8.628112,-4.6066766,-4.2244534,-3.6741478,0.99999106,1.7873118e-06,2.6193754e-06,4.5414313e-06,N,N
CF14_Hindi_N_0065.npy,6.7612042,-3.4693534,-2.7621436,-4.5527234,0.99987864,3.6047295e-05,7.3115574e-05,1.2200313e-05,N,N
CM24_Gujarati_N_0043.npy,8.21303,-3.6782398,-3.9161444,-5.0501075,0.99998605,6.849851e-06,5.3995864e-06,1.7373462e-06,N,N
CM16_Hindi_N_0057.npy,6.706144,-3.5640788,-2.5578804,-5.0650487,0.9998629,3.4644905e-05,9.476013e-05,7.722831e-06,N,N
CF04_Hindi_N_0060.npy,7.403156,-3.2091408,-3.8723495,-3.9776843,0.99995136,2.4610295e-05,1.2679125e-05,1.14115e-05,N,N
CF02_Gujarati_N_0029.npy,7.5571313,-3.7007754,-3.5426996,-4.534762,0.9999664,1.2904422e-05,1.5114375e-05,5.6045783e-06,N,N
CF09_Hindi_N_0086.npy,8.012015,-3.6809378,-4.185418,-4.213147,0.99998176,8.352319e-06,5.0432914e-06,4.9053665e-06,N,N
CM05_English_N_0087.npy,6.9279103,-1.764762,-4.1199317,-7.030614,0.9998154,0.00016777993,1.5918531e-05,8.665818e-07,N,N
CF14_Hindi_N_0130.npy,5.064699,-4.738123,-2.3061104,-0.94226635,0.9968637,5.5121905e-05,0.00062738464,0.002453826,N,N
CF04_English_N_0067.npy,8.233558,-3.5140867,-3.9227247,-5.232416,0.99998546,7.907815e-06,5.2551763e-06,1.4183897e-06,N,N
CM03_English_N_0007.npy,5.44688,-1.9749099,-2.718111,-4.905326,0.9990864,0.00059753144,0.00028417923,3.189315e-05,N,N
CF14_Gujarati_N_0014.npy,7.475666,-3.565714,-3.6265953,-3.9548676,0.99995804,1.6024016e-05,1.5077552e-05,1.0858359e-05,N,N
CF09_Hindi_N_0072.npy,7.937538,-3.6272407,-4.082742,-4.2664866,0.9999794,9.494481e-06,6.0207335e-06,5.010144e-06,N,N
CM35_English_N_0098.npy,8.323667,-3.5545259,-3.971754,-5.6207433,0.9999876,6.9400244e-06,4.5725797e-06,8.7905113e-07,N,N
CF09_English_N_0011.npy,8.308692,-4.519737,-4.227811,-3.2059941,0.9999838,2.6833504e-06,3.5930143e-06,9.982242e-06,N,N
CF14_English_N_0002.npy,7.3396955,-3.62768,-3.3980985,-4.3236704,0.99995244,1.7254746e-05,2.1707743e-05,8.602877e-06,N,N
CF02_Gujarati_N_0030.npy,5.571113,-3.5472486,-2.213027,-3.9830847,0.9994036,0.000109568784,0.0004160368,7.086075e-05,N,N
CM30_Gujarati_N_0002.npy,7.813809,-3.6101265,-3.906384,-4.69414,0.99997723,1.0930454e-05,8.127839e-06,3.6970637e-06,N,N
CM03_English_N_0018.npy,5.411768,-2.3439918,-2.7616677,-4.8236833,0.9992543,0.00042794936,0.00028183713,3.584893e-05,N,N
CM38_English_N_0101.npy,6.6125693,-2.1335282,-3.2942019,-6.1350703,0.9997882,0.00015904722,4.9825558e-05,2.908563e-06,N,N
CF14_Gujarati_N_0011.npy,8.159382,-3.248015,-4.1027927,-5.526111,0.99998295,1.1112796e-05,4.7271333e-06,1.1388283e-06,N,N
CF18_English_N_0049.npy,7.135859,-3.3683004,-3.5612268,-4.0938234,0.9999367,2.7420401e-05,2.260929e-05,1.327343e-05,N,N
CM30_English_N_0040.npy,7.517487,-2.7198634,-3.9835544,-6.132951,0.9999529,3.580591e-05,1.0119073e-05,1.1794227e-06,N,N
CF02_English_N_0008.npy,7.5375075,-4.379236,-3.332985,-4.070874,0.9999653,6.67742e-06,1.9010336e-05,9.08927e-06,N,N
CF02_English_N_0098.npy,8.244639,-3.813623,-3.9836946,-4.746912,0.999987,5.796392e-06,4.8898573e-06,2.2794773e-06,N,N
CM16_Hindi_N_0058.npy,6.280808,-2.4369054,-3.412496,-4.04921,0.999742,0.00016361877,6.1679304e-05,3.2630076e-05,N,N
CM38_English_N_0037.npy,7.651661,-1.9598225,-4.3357716,-6.867001,0.9999263,6.695049e-05,6.2214585e-06,4.949865e-07,N,N
CM05_Hindi_N_0091.npy,8.345986,-3.6015565,-4.029678,-5.422564,0.9999883,6.475046e-06,4.2200004e-06,1.0480675e-06,N,N
CM03_English_N_0052.npy,5.623557,-2.6007376,-2.8921895,-3.5493968,0.9994282,0.0002679081,0.00020017492,0.00010375009,N,N
CM30_Gujarati_N_0011.npy,6.4199905,-2.6031969,-3.2350545,-4.7913613,0.9998018,0.00012055724,6.408869e-05,1.3517172e-05,N,N
CM38_English_N_0001.npy,8.136285,-3.3150249,-4.186439,-5.1188912,0.9999832,1.0635362e-05,4.4494054e-06,1.7512278e-06,N,N
CF02_English_N_0095.npy,8.326773,-4.081226,-3.634584,-4.9264717,0.9999877,4.0857253e-06,6.3862117e-06,1.7546228e-06,N,N
CM27_Gujarati_N_0013.npy,6.0152216,-3.3968034,-2.8330648,-3.7552807,0.99971753,8.171214e-05,0.00014358705,5.709554e-05,N,N
CF09_Hindi_N_0126.npy,8.577098,-3.8734999,-3.9481778,-5.3277717,0.99999154,3.9153483e-06,3.6336075e-06,9.145099e-07,N,N
CF20_Gujarati_N_0003.npy,7.129428,-4.010468,-3.1642747,-3.8728137,0.9999349,1.452032e-05,3.3843346e-05,1.6663227e-05,N,N
CF09_Hindi_N_0019.npy,8.240007,-4.035107,-4.3369675,-4.2648005,0.9999882,4.666385e-06,3.4505165e-06,3.7087332e-06,N,N
CM16_Hindi_N_0062.npy,6.3990717,-3.0056965,-2.9081588,-4.5331135,0.9998091,8.231486e-05,9.074828e-05,1.78702e-05,N,N
CF09_English_N_0035.npy,7.6603594,-3.554501,-3.8292146,-4.910209,0.9999728,1.347212e-05,1.023598e-05,3.4726406e-06,N,N
CM05_English_N_0049.npy,7.9909825,-3.4567595,-4.0002565,-4.76577,0.9999802,1.0673332e-05,6.1981523e-06,2.8827328e-06,N,N
CM05_English_N_0073.npy,8.074112,-3.247397,-4.044772,-5.5536323,0.99998116,1.2109416e-05,5.4554093e-06,1.2065283e-06,N,N
CF09_Hindi_N_0103.npy,8.340682,-3.6838984,-4.0443363,-5.263907,0.99998856,5.9949602e-06,4.1807084e-06,1.2348008e-06,N,N
CF14_Hindi_N_0051.npy,7.306144,-3.20434,-3.5026946,-4.6063304,0.99994576,2.724777e-05,2.0218893e-05,6.7058595e-06,N,N
CM05_English_N_0010.npy,7.662412,-2.1909769,-4.0103593,-7.063702,0.9999386,5.256552e-05,8.522227e-06,4.0225657e-07,N,N
CF20_Gujarati_N_0045.npy,7.364364,-4.5813704,-3.3040457,-2.5502267,0.99992085,6.4863334e-06,2.3266677e-05,4.9443992e-05,N,N
CM24_Gujarati_N_0059.npy,7.210222,-1.9206785,-3.917759,-7.0756173,0.9998765,0.00010825469,1.469351e-05,6.2471986e-07,N,N
CF04_English_N_0092.npy,8.839279,-4.4596276,-4.041393,-4.964611,0.99999475,1.6763169e-06,2.5467878e-06,1.0116828e-06,N,N
CM24_Gujarati_N_0022.npy,7.48534,-3.1096168,-4.097897,-4.8446765,0.99996126,2.5041001e-05,9.320676e-06,4.4169738e-06,N,N
CF20_Gujarati_N_0062.npy,7.5386057,-4.4036565,-2.9125314,-4.3679867,0.9999578,6.5091294e-06,2.8914143e-05,6.7455026e-06,N,N
CF14_Hindi_N_0119.npy,8.061488,-3.8211446,-4.052046,-4.4135294,0.9999838,6.9092503e-06,5.484689e-06,3.820865e-06,N,N
CF14_English_N_0049.npy,6.2639656,-3.8513997,-2.607967,-2.856164,0.9997099,4.0441453e-05,0.0001402305,0.00010940876,N,N
CM35_English_N_0023.npy,8.148411,-3.6896093,-3.7824728,-5.376209,0.99998486,7.2244784e-06,6.5838e-06,1.3375978e-06,N,N
CF14_Hindi_N_0043.npy,8.147775,-3.67563,-3.9639206,-5.0875707,0.99998546,7.330852e-06,5.4947923e-06,1.7863067e-06,N,N
CF02_Gujarati_N_0035.npy,8.329011,-4.0866017,-3.8463755,-4.5705733,0.9999883,4.054737e-06,5.1557495e-06,2.499061e-06,N,N
CF04_English_N_0088.npy,7.646115,-4.528117,-2.8713949,-4.6749544,0.9999633,5.161573e-06,2.7057506e-05,4.45668e-06,N,N
CM27_Gujarati_N_0034.npy,5.9113426,-2.0652804,-2.9291298,-5.757917,0.9995036,0.00034322665,0.00014468252,8.548484e-06,N,N
CM30_English_N_0023.npy,7.681949,-2.842387,-3.6196535,-6.1573277,0.9999597,2.6873331e-05,1.2352617e-05,9.764741e-07,N,N
CF09_English_N_0049.npy,8.264553,-3.6346562,-3.9853182,-5.074768,0.99998677,6.7956885e-06,4.7856706e-06,1.6099067e-06,N,N
CF04_English_N_0112.npy,8.1755,-5.086409,-4.2016273,-2.1508706,0.9999614,1.7394387e-06,4.2137176e-06,3.275651e-05,N,N
CF14_Hindi_N_0107.npy,8.084755,-3.6601286,-4.0288343,-4.710756,0.9999838,7.929666e-06,5.4843854e-06,2.7731478e-06,N,N
CM05_Hindi_N_0009.npy,8.009452,-2.9317107,-4.0305924,-6.16869,0.9999757,1.7713448e-05,5.9028866e-06,6.958255e-07,N,N
CM38_English_N_0140.npy,6.041199,-3.035966,-3.0773296,-3.3733978,0.9996947,0.00011421008,0.000109582405,8.150045e-05,N,N
CF02_English_N_0056.npy,6.800586,-4.2497716,-3.5763023,-2.0845296,0.9998147,1.5878522e-05,3.1138246e-05,0.00013840852,N,N
CF09_Hindi_N_0026.npy,7.9927163,-3.4790282,-3.5085404,-6.2165117,0.9999788,1.0420185e-05,1.01171545e-05,6.7452993e-07,N,N
CM03_English_N_0074.npy,7.5599995,-2.968705,-3.9144864,-5.493471,0.9999608,2.6756212e-05,1.0391477e-05,2.1425585e-06,N,N
CM24_Gujarati_N_0028.npy,7.219008,-2.9950993,-3.8371763,-5.1131225,0.99994326,3.6647536e-05,1.5788297e-05,4.4075696e-06,N,N
CM16_Hindi_N_0085.npy,7.2369466,-4.0230546,-2.8828652,-4.7869396,0.9999409,1.2877096e-05,4.0271316e-05,5.998838e-06,N,N
CF04_Hindi_N_0010.npy,8.616319,-3.930648,-4.0592146,-5.258535,0.9999924,3.5556445e-06,3.1266736e-06,9.4237674e-07,N,N
CM30_Gujarati_N_0038.npy,7.4743767,-3.3366737,-3.7897851,-5.075071,0.9999634,2.0174582e-05,1.2823916e-05,3.5467294e-06,N,N
CM38_English_N_0070.npy,8.15381,-3.7114723,-4.049826,-4.6329494,0.9999852,7.03019e-06,5.012123e-06,2.7975314e-06,N,N
CM35_English_N_0002.npy,7.7172637,-3.2351513,-3.9606738,-4.719684,0.9999701,1.751513e-05,8.478581e-06,3.969074e-06,N,N
CF09_English_N_0005.npy,8.468814,-4.060471,-4.200138,-4.454065,0.9999908,3.6190659e-06,3.1473141e-06,2.4415258e-06,N,N
CM35_English_N_0122.npy,8.05069,-3.517788,-3.8851976,-5.2661867,0.99998236,9.45946e-06,6.5509207e-06,1.6464418e-06,N,N
CF04_English_N_0040.npy,8.661076,-3.9923902,-3.9397304,-5.5683913,0.99999285,3.1964412e-06,3.3692736e-06,6.610247e-07,N,N
CM03_English_N_0053.npy,6.481739,-2.4176915,-3.1270232,-5.95248,0.9997925,0.00013643834,6.712391e-05,3.9792117e-06,N,N
CM30_English_N_0010.npy,8.340442,-4.3709264,-4.3494477,-3.709797,0.9999881,3.0165993e-06,3.0820925e-06,5.843092e-06,N,N
CF18_English_N_0057.npy,7.5574627,-3.6882105,-3.3327494,-4.3623896,0.99996173,1.30632e-05,1.8639077e-05,6.6566745e-06,N,N
CM35_English_N_0062.npy,6.9601216,-2.895143,-3.6799347,-5.1863904,0.9999182,5.246594e-05,2.3935727e-05,5.3064164e-06,N,N
CF02_Gujarati_N_0003.npy,7.7223287,-3.7330265,-3.354114,-5.2676187,0.9999716,1.0592302e-05,1.5472117e-05,2.2831016e-06,N,N
CM24_Gujarati_N_0048.npy,7.7979894,-4.1719327,-3.2549732,-5.2954807,0.9999758,6.3316716e-06,1.5839772e-05,2.0585808e-06,N,N
CM30_Gujarati_N_0041.npy,7.8085628,-3.0434563,-3.7337084,-5.672438,0.9999696,1.9364874e-05,9.710516e-06,1.3972126e-06,N,N
CM03_English_N_0024.npy,5.600161,-2.8632357,-2.392015,-4.5572205,0.9994124,0.00021092988,0.0003378989,3.8765927e-05,N,N
CF02_English_N_0027.npy,6.970715,-3.337871,-3.1088128,-4.5785146,0.999915,3.334272e-05,4.1925643e-05,9.642649e-06,N,N
CM24_Gujarati_N_0037.npy,6.617326,-2.6247487,-3.0563126,-6.0111747,0.9998369,9.6860575e-05,6.291025e-05,3.276735e-06,N,N
CM03_English_N_0003.npy,5.087708,-1.2726538,-3.1345887,-5.051201,0.9979673,0.0017252266,0.0002680515,3.9431594e-05,N,N
CF09_Hindi_N_0119.npy,7.7364583,-3.4620383,-3.5618844,-5.09771,0.9999713,1.3694373e-05,1.2393091e-05,2.667958e-06,N,N
CM30_Gujarati_N_0058.npy,6.6713834,-2.0894077,-3.3048975,-6.6900945,0.99979526,0.00015672848,4.6480116e-05,1.574327e-06,N,N
CF02_English_N_0088.npy,7.4686685,-3.4345555,-3.8591478,-4.378345,0.99996245,1.839813e-05,1.203305e-05,7.159639e-06,N,N
CF14_Gujarati_N_0017.npy,8.123332,-3.4824908,-3.8631124,-5.1181765,0.99998295,9.112717e-06,6.227961e-06,1.7753277e-06,N,N
CF04_English_N_0105.npy,7.9598694,-4.7226067,-3.0980773,-4.2944865,0.9999764,3.1049915e-06,1.576102e-05,4.7642047e-06,N,N
CF09_Hindi_N_0004.npy,8.552691,-3.927883,-4.274772,-4.8597703,0.999992,3.7997222e-06,2.6859634e-06,1.4963673e-06,N,N
CF02_English_N_0081.npy,7.3605843,-3.1554408,-3.6642337,-4.817559,0.9999515,2.7097365e-05,1.62915e-05,5.1413695e-06,N,N
CF14_Hindi_N_0046.npy,4.3962207,-1.8649981,-2.5603218,-2.4820693,0.99612385,0.0019015181,0.00094869215,0.0010259114,N,N
CF04_English_N_0099.npy,8.026573,-5.0580745,-4.291485,-1.8873644,0.9999441,2.076755e-06,4.4700364e-06,4.9477454e-05,N,N
CM38_English_N_0091.npy,8.124976,-2.8111548,-3.976729,-6.6973186,0.9999763,1.780281e-05,5.5499077e-06,3.6538364e-07,N,N
CF02_English_N_0071.npy,7.1672144,-3.6500869,-3.0498085,-4.8484716,0.9999373,2.0048356e-05,3.6540638e-05,6.0482066e-06,N,N
CF09_Hindi_N_0171.npy,7.308127,-3.6761475,-3.7525742,-3.4680676,0.99994636,1.696552e-05,1.5717196e-05,2.088983e-05,N,N
CF04_Hindi_N_0134.npy,8.184623,-4.502236,-4.106761,-3.2515745,0.9999814,3.091427e-06,4.5910474e-06,1.0797285e-05,N,N
CF04_Hindi_N_0067.npy,7.1502633,-4.5314837,-4.073801,-1.7129507,0.9998367,8.445214e-06,1.3346889e-05,0.00014147638,N,N
CM03_English_N_0100.npy,5.0487685,-2.0904627,-2.5762007,-5.1190734,0.99868184,0.00079231604,0.00048746675,3.8334474e-05,N,N
CF02_Gujarati_N_0044.npy,7.127791,-3.8340952,-3.8181846,-3.0912871,0.9999286,1.734931e-05,1.7627566e-05,3.64653e-05,N,N
CM30_Gujarati_N_0021.npy,7.463744,-2.805636,-3.7895896,-5.865899,0.99995065,3.467714e-05,1.2963364e-05,1.625504e-06,N,N
CF09_Hindi_N_0124.npy,7.6135507,-3.3347125,-3.786933,-4.590169,0.99996614,1.7587941e-05,1.1189687e-05,5.0116073e-06,N,N
CM30_English_N_0041.npy,7.77253,-2.4888396,-3.9834328,-6.291135,0.99995637,3.495625e-05,7.842084e-06,7.802051e-07,N,N
CM16_Hindi_N_0059.npy,7.0300584,-3.523516,-3.0207987,-4.996408,0.9999248,2.6098056e-05,4.3145486e-05,5.98328e-06,N,N
CM16_Hindi_N_0064.npy,3.5553675,-4.4143014,0.20948711,-3.6728597,0.9649708,0.0003336806,0.03399514,0.0007003821,N,N
CF09_English_N_0050.npy,8.639358,-4.069096,-4.2311954,-4.8785415,0.99999297,3.0254184e-06,2.572686e-06,1.3466298e-06,N,N
CF02_Gujarati_N_0005.npy,7.8468175,-4.0706058,-4.0160856,-3.829719,0.9999778,6.672971e-06,7.046878e-06,8.490533e-06,N,N
CM35_English_N_0020.npy,8.239473,-3.357049,-4.1333113,-5.46429,0.99998534,9.197885e-06,4.232155e-06,1.118213e-06,N,N
CF09_Hindi_N_0034.npy,8.052136,-3.4023976,-4.1135125,-5.026777,0.9999821,1.0601105e-05,5.2061637e-06,2.0887794e-06,N,N
CF09_English_N_0021.npy,8.369168,-3.6210208,-4.078286,-5.3528056,0.9999888,6.204723e-06,3.9276642e-06,1.0980391e-06,N,N
CF14_Hindi_N_0146.npy,3.5784655,-4.0644045,-1.1141506,-1.8373349,0.9861078,0.00047278986,0.009035396,0.004384018,N,N
CM38_English_N_0053.npy,8.3487625,-3.410584,-4.1129675,-6.0196996,0.99998784,7.81584e-06,3.8719886e-06,5.752427e-07,N,N
CF04_Hindi_N_0092.npy,8.647246,-4.938754,-3.5802732,-3.8051722,0.99999,1.257971e-06,4.893856e-06,3.9082206e-06,N,N
CM05_English_N_0019.npy,6.8306494,-2.157013,-3.7624462,-6.383718,0.99984825,0.00012492287,2.5084824e-05,1.823927e-06,N,N
CF14_Hindi_N_0137.npy,4.8017855,-3.8020997,-3.0004675,0.22552505,0.98923177,0.00018141701,0.00040441073,0.010182475,N,N
CF02_English_N_0061.npy,6.5461135,-3.6985092,-3.6024404,-3.003236,0.9998541,3.5542937e-05,3.9126924e-05,7.123718e-05,N,N
CM05_Hindi_N_0079.npy,7.9548583,-2.7297707,-4.1078424,-6.825116,0.99997103,2.289348e-05,5.7706297e-06,3.8117665e-07,N,N
CF14_Gujarati_N_0033.npy,8.439988,-4.6115155,-4.083391,-3.5788646,0.9999881,2.1468345e-06,3.6404938e-06,6.0293933e-06,N,N
CM05_Hindi_N_0056.npy,8.302348,-3.7348914,-3.7076933,-5.7664495,0.99998724,5.91954e-06,6.082748e-06,7.762348e-07,N,N
CF14_Gujarati_N_0005.npy,8.122552,-3.4849815,-3.4076903,-6.0301924,0.99998045,9.097116e-06,9.828134e-06,7.1372807e-07,N,N
CF14_Hindi_N_0098.npy,7.928019,-3.7465415,-3.7404518,-4.8765655,0.9999802,8.507348e-06,8.5593165e-06,2.7480905e-06,N,N
CF02_Gujarati_N_0038.npy,8.075021,-4.078066,-4.0874543,-4.1687284,0.9999846,5.2719934e-06,5.2227265e-06,4.8150455e-06,N,N
CM38_English_N_0122.npy,8.252576,-3.4243104,-4.037075,-5.623663,0.99998593,8.487631e-06,4.5990305e-06,9.410657e-07,N,N
CM24_Gujarati_N_0051.npy,7.419399,-4.116545,-3.13866,-4.6473207,0.9999585,9.7720385e-06,2.5982165e-05,5.747414e-06,N,N
CF20_Gujarati_N_0031.npy,7.374414,-4.581232,-3.3934193,-2.51787,0.9999219,6.4223623e-06,2.1064703e-05,5.055936e-05,N,N
CF02_Gujarati_N_0007.npy,6.605443,-3.0135598,-3.6504636,-3.9233797,0.9998716,6.644529e-05,3.514475e-05,2.6750664e-05,N,N
CF09_Hindi_N_0090.npy,8.380813,-4.1025057,-4.222663,-4.272564,0.9999896,3.789302e-06,3.3602812e-06,3.1967147e-06,N,N
CF09_Hindi_N_0073.npy,7.5676937,-3.2517776,-4.0025883,-4.419229,0.99996436,2.0005426e-05,9.442238e-06,6.2248646e-06,N,N
CF04_Hindi_N_0049.npy,6.3351026,-3.7700334,-3.1419568,-2.7549481,0.99976987,4.085971e-05,7.6571196e-05,0.000112756396,N,N
CF09_Hindi_N_0136.npy,8.535161,-4.60707,-4.1375046,-3.9789703,0.9999913,1.9606398e-06,3.1356494e-06,3.6743281e-06,N,N
CF09_English_N_0029.npy,8.214627,-4.0384283,-4.138712,-4.2678294,0.9999871,4.770457e-06,4.315264e-06,3.7925608e-06,N,N
CM27_Gujarati_N_0063.npy,6.3679404,-1.8452615,-2.915498,-6.710948,0.999634,0.00027095235,9.291693e-05,2.0881043e-06,N,N
CF02_English_N_0045.npy,7.8600893,-4.370435,-3.4008622,-4.15044,0.99997616,4.8791094e-06,1.2865313e-05,6.079711e-06,N,N
CM05_Hindi_N_0017.npy,7.6083093,-3.5940025,-3.985097,-4.264643,0.9999702,1.3642219e-05,9.226448e-06,6.9763673e-06,N,N
CM05_Hindi_N_0011.npy,7.8635864,-3.1704395,-3.5451632,-5.8305635,0.9999716,1.6142507e-05,1.1097642e-05,1.1289999e-06,N,N
CF14_Gujarati_N_0019.npy,7.595281,-3.801279,-3.7713015,-3.6954186,0.9999647,1.123366e-05,1.1575518e-05,1.2488089e-05,N,N
CF20_Gujarati_N_0055.npy,7.4276342,-3.5737324,-3.1909385,-4.53317,0.99995244,1.66781e-05,2.445637e-05,6.3895195e-06,N,N
CF02_English_N_0058.npy,6.4439387,-3.0512156,-3.331161,-3.9189715,0.9998363,7.52031e-05,5.6840392e-05,3.1577238e-05,N,N
CF14_Hindi_N_0127.npy,8.699828,-4.1543155,-4.177845,-4.55523,0.9999931,2.615252e-06,2.5544334e-06,1.7514524e-06,N,N
CF18_English_N_0050.npy,8.009887,-3.8911908,-4.1315613,-4.232146,0.9999831,6.782979e-06,5.333702e-06,4.823311e-06,N,N
CM05_English_N_0062.npy,7.974686,-3.0942402,-3.620558,-6.447775,0.9999747,1.5588905e-05,9.209549e-06,5.4499685e-07,N,N
CM05_Hindi_N_0007.npy,7.2598166,-2.9099922,-3.643322,-5.6505914,0.9999409,3.830736e-05,1.8399294e-05,2.4720393e-06,N,N
CF09_Hindi_N_0027.npy,8.304994,-4.1947594,-4.315835,-3.542047,0.9999858,3.7275208e-06,3.3024605e-06,7.1596155e-06,N,N
CF14_Hindi_N_0120.npy,7.824938,-3.8215775,-3.7969244,-3.8543277,0.9999739,8.7492635e-06,8.967636e-06,8.4673575e-06,N,N
CF04_Hindi_N_0032.npy,8.371032,-3.4388423,-3.9606295,-5.864794,0.9999875,7.4307322e-06,4.4098333e-06,6.568317e-07,N,N
CM30_Gujarati_N_0072.npy,7.148269,-2.5244565,-3.7037935,-5.7827983,0.99991524,6.297262e-05,1.9362991e-05,2.42143e-06,N,N
CM03_English_N_0099.npy,5.091125,-1.4990386,-2.7887864,-4.583155,0.9981883,0.0013713262,0.00037758125,6.2766216e-05,N,N
CM38_English_N_0015.npy,7.790232,-4.151482,-4.161649,-3.161702,0.9999695,6.5127756e-06,6.446895e-06,1.7523558e-05,N,N
CM05_Hindi_N_0081.npy,7.244561,-3.1424718,-3.7483134,-4.498476,0.99994445,3.082794e-05,1.6820204e-05,7.944007e-06,N,N
CM03_English_N_0037.npy,5.717197,-2.708993,-2.728018,-4.3418016,0.9995234,0.00021895021,0.0002148239,4.2778505e-05,N,N
CM30_English_N_0044.npy,7.414425,-3.2558033,-3.9681563,-4.701343,0.9999598,2.3225304e-05,1.1391741e-05,5.472317e-06,N,N
CM27_Gujarati_N_0019.npy,6.3872695,-2.3877535,-3.3136039,-4.5961514,0.99976724,0.00015450944,6.1215746e-05,1.6976948e-05,N,N
CF04_English_N_0027.npy,8.649587,-3.9268737,-4.367094,-4.932613,0.99999297,3.4523102e-06,2.2229226e-06,1.2627659e-06,N,N
CF09_Hindi_N_0058.npy,8.735107,-4.040533,-4.327449,-4.9609637,0.9999939,2.828832e-06,2.1232506e-06,1.1268576e-06,N,N
CF04_English_N_0014.npy,8.270319,-4.254911,-3.4691758,-5.0561028,0.99998677,3.6337565e-06,7.972539e-06,1.630808e-06,N,N
CM30_Gujarati_N_0028.npy,6.5389295,-2.1659722,-3.6938097,-5.354166,0.99979144,0.00016573668,3.5965586e-05,6.836029e-06,N,N
CF09_Hindi_N_0071.npy,7.807244,-4.14679,-3.6232362,-4.0959163,0.9999759,6.4330743e-06,1.0859132e-05,6.7688175e-06,N,N
CM03_English_N_0059.npy,6.7695527,-3.0842266,-3.0978503,-4.8004193,0.99988616,5.2542262e-05,5.1831277e-05,9.444427e-06,N,N
CF02_English_N_0006.npy,5.592402,-3.6401243,-2.5404215,-2.6114008,0.9993352,9.7740776e-05,0.00029354228,0.00027342915,N,N
CM24_Gujarati_N_0045.npy,6.0934634,-3.6029816,-2.0584111,-4.9992824,0.9996351,6.147928e-05,0.00028808948,1.5216796e-05,N,N
CM38_English_N_0120.npy,7.916974,-3.378684,-3.828073,-5.5762944,0.9999782,1.2426492e-05,7.928327e-06,1.3801881e-06,N,N
CM03_English_N_0060.npy,6.747658,-3.8393328,-2.5446217,-4.6204844,0.999871,2.5239022e-05,9.212095e-05,1.1556401e-05,N,N
CM30_Gujarati_N_0034.npy,7.2259145,-2.3355951,-3.7141802,-6.1093106,0.99991024,7.038011e-05,1.7731201e-05,1.6163907e-06,N,N
CM05_English_N_0003.npy,7.9736447,-3.8327339,-3.7426734,-4.9914746,0.9999821,7.45671e-06,8.159432e-06,2.3405205e-06,N,N
CM35_English_N_0036.npy,8.116752,-3.2802699,-3.9508333,-5.9832997,0.99998224,1.1228683e-05,5.7425755e-06,7.523459e-07,N,N
CF04_English_N_0069.npy,8.102055,-3.7080603,-3.8895984,-4.4508376,0.99998283,7.4289055e-06,6.1956034e-06,3.534602e-06,N,N
CF14_Hindi_N_0093.npy,6.0151324,-2.352922,-3.5559938,-3.972156,0.99965227,0.00023208608,6.96886e-05,4.5964727e-05,N,N
CF02_English_N_0092.npy,6.9625163,-3.6434503,-2.9976592,-4.8040423,0.99992025,2.4765815e-05,4.7240675e-05,7.759145e-06,N,N
CF14_Gujarati_N_0040.npy,7.2112494,-4.262248,-4.016264,-1.9529641,0.9998715,1.04008195e-05,1.3301393e-05,0.00010470731,N,N
CF04_English_N_0063.npy,7.983975,-4.4883237,-4.031272,-2.7591093,0.9999685,3.8312096e-06,6.0510492e-06,2.159356e-05,N,N
CM05_Hindi_N_0012.npy,7.178723,-2.619166,-3.5679302,-6.0628805,0.9999211,5.5564415e-05,2.151562e-05,1.7750486e-06,N,N
CF02_Gujarati_N_0026.npy,7.2764363,-4.09284,-3.2007859,-4.159279,0.9999496,1.1544211e-05,2.816944e-05,1.0802152e-05,N,N
CF09_Hindi_N_0023.npy,8.741012,-4.1050553,-4.177046,-5.123571,0.9999939,2.63646e-06,2.4533317e-06,9.5210726e-07,N,N
CM27_Gujarati_N_0018.npy,6.9109044,-2.7173562,-3.6365113,-5.1100717,0.9999019,6.583501e-05,2.6258684e-05,6.016083e-06,N,N
CM05_English_N_0038.npy,7.40734,-2.5779185,-3.7064939,-6.5689077,0.99993813,4.607132e-05,1.4903771e-05,8.514631e-07,N,N
CM05_Hindi_N_0003.npy,8.006242,-2.67178,-4.019567,-6.620951,0.99997056,2.304523e-05,5.987493e-06,4.4409697e-07,N,N
CM05_Hindi_N_0034.npy,8.29595,-3.3633528,-3.9503355,-5.810538,0.9999858,8.638194e-06,4.802857e-06,7.4752245e-07,N,N
CF14_Gujarati_N_0051.npy,7.910506,-3.585978,-4.089267,-4.5127277,0.9999796,1.0165569e-05,6.145482e-06,4.0239224e-06,N,N
CF18_English_N_0002.npy,5.9873433,-4.890063,-2.457035,-1.0020576,0.9988458,1.8858233e-05,0.0002148581,0.0009205349,N,N
CM38_English_N_0084.npy,8.0313635,-3.5477624,-3.8924723,-4.617932,0.9999808,9.359248e-06,6.630337e-06,3.209758e-06,N,N
CM03_English_N_0056.npy,5.0961266,-4.0174327,-1.7402653,-3.322764,0.9985972,0.000110007335,0.0010724649,0.0002203499,N,N
CM05_Hindi_N_0073.npy,8.159955,-3.1936255,-3.9931016,-6.27401,0.9999825,1.1727219e-05,5.272138e-06,5.3876664e-07,N,N
CM03_English_N_0015.npy,-0.5086353,0.33860928,0.5982592,-3.7585595,0.15632485,0.36473855,0.4728748,0.0060618315,M,N
CF09_Hindi_N_0009.npy,8.5060625,-3.8301373,-4.069643,-5.384994,0.9999912,4.389881e-06,3.4549096e-06,9.2722934e-07,N,N
CM38_English_N_0004.npy,8.466354,-3.5814004,-4.0933623,-5.459665,0.99998975,5.8576356e-06,3.5105866e-06,8.9536906e-07,N,N
CF14_Hindi_N_0056.npy,7.0538616,-2.9711714,-3.6614757,-4.792602,0.9999263,4.427428e-05,2.2200154e-05,7.1633144e-06,N,N
CM30_English_N_0018.npy,7.268413,-2.197763,-3.8991854,-6.383067,0.9999074,7.741975e-05,1.4123206e-05,1.1781416e-06,N,N
CM30_Gujarati_N_0042.npy,7.778427,-3.0482526,-3.899627,-5.1520576,0.99996924,1.9861845e-05,8.4775875e-06,2.4229723e-06,N,N
CM16_Hindi_N_0028.npy,6.937943,-4.7697954,-3.350428,-1.6767657,0.9997764,8.228042e-06,3.401889e-05,0.00018137705,N,N
CM05_English_N_0053.npy,8.28899,-3.3506484,-4.103367,-6.040472,0.9999864,8.809741e-06,4.150132e-06,5.981193e-07,N,N
CF04_English_N_0043.npy,8.515092,-4.5467963,-3.7528214,-4.182036,0.9999902,2.1246626e-06,4.700115e-06,3.0598703e-06,N,N
CM35_English_N_0107.npy,8.374798,-3.8059165,-4.252617,-5.3537593,0.99999046,5.128363e-06,3.2807968e-06,1.090835e-06,N,N
CF04_Hindi_N_0097.npy,6.628983,-5.179057,-1.4642165,-4.5045257,0.9996724,7.4420195e-06,0.0003055102,1.4609533e-05,N,N
CM03_English_N_0013.npy,4.801492,-1.6011823,-2.802623,-3.8987756,0.9976833,0.0016532801,0.00049724145,0.00016615537,N,N
CM05_English_N_0071.npy,8.40518,-3.524706,-4.2789974,-5.2888007,0.99998915,6.5903987e-06,3.0997528e-06,1.1292102e-06,N,N
CM16_Hindi_N_0047.npy,6.0478272,-2.220583,-3.3710487,-4.3141212,0.9996308,0.00025639814,8.1147264e-05,3.1601143e-05,N,N
CF09_English_N_0030.npy,8.324945,-3.7834616,-3.9222302,-5.0960746,0.9999882,5.5129053e-06,4.7985964e-06,1.4836099e-06,N,N
CF02_Gujarati_N_0057.npy,6.934257,-3.2900233,-3.5692341,-3.8356972,0.99991524,3.6275607e-05,2.743815e-05,2.1019932e-05,N,N
CM03_English_N_0019.npy,4.1963463,-1.9276828,-1.7740122,-4.3288727,0.995083,0.0021788492,0.0025407714,0.00019742573,N,N
CF04_English_N_0039.npy,8.500411,-4.707547,-4.425,-3.0424032,0.99998605,1.8359066e-06,2.4353378e-06,9.7054e-06,N,N
CF14_Hindi_N_0097.npy,7.8944674,-3.4175124,-3.6961684,-5.171046,0.9999764,1.2225301e-05,9.25211e-06,2.1169435e-06,N,N
CM30_Gujarati_N_0001.npy,7.8914742,-2.842033,-4.0686126,-6.6148205,0.9999713,2.1801412e-05,6.3942234e-06,5.0116876e-07,N,N
CF04_Hindi_N_0036.npy,8.629828,-3.9392235,-4.0878034,-5.0439277,0.9999924,3.4779782e-06,2.9977757e-06,1.1522854e-06,N,N
CM35_English_N_0096.npy,8.386589,-3.267834,-4.193401,-5.8507004,0.99998724,8.680465e-06,3.4401237e-06,6.5587074e-07,N,N
CM05_Hindi_N_0101.npy,7.6029162,-2.980989,-4.0998006,-4.6935406,0.99996185,2.5319308e-05,8.271001e-06,4.5677243e-06,N,N
CM24_Gujarati_N_0040.npy,6.5136266,-2.4613037,-3.2327263,-5.483336,0.99980885,0.00012651864,5.849646e-05,6.1617257e-06,N,N
CF04_Hindi_N_0070.npy,7.44427,-3.685708,-3.7811275,-3.6835968,0.9999573,1.4665381e-05,1.3330715e-05,1.46963785e-05,N,N
CM30_English_N_0043.npy,8.210752,-3.0726302,-4.0919847,-6.1747026,0.99998236,1.2580041e-05,4.5392267e-06,5.655473e-07,N,N
CM30_Gujarati_N_0049.npy,8.186967,-3.4038196,-3.8389933,-5.919853,0.999984,9.250787e-06,5.9866657e-06,7.472724e-07,N,N
CF04_Hindi_N_0034.npy,8.7727585,-4.536138,-4.2008214,-4.018112,0.9999933,1.6596503e-06,2.320829e-06,2.7860733e-06,N,N
CM30_Gujarati_N_0047.npy,7.7711034,-2.504753,-4.17415,-6.505061,0.9999585,3.4453584e-05,6.4896963e-06,6.3084445e-07,N,N
CM05_Hindi_N_0071.npy,8.193046,-3.9822092,-4.261972,-4.256597,0.999987,5.156421e-06,3.898066e-06,3.919074e-06,N,N
CM38_English_N_0119.npy,8.152241,-3.4734063,-3.8599925,-5.1275964,0.9999833,8.933848e-06,6.0694024e-06,1.7085708e-06,N,N
CF02_Gujarati_N_0048.npy,8.317297,-4.5552387,-4.4708858,-2.9798052,0.99998224,2.5675627e-06,2.79354e-06,1.2408613e-05,N,N
CM05_English_N_0056.npy,7.005179,-2.0829945,-3.8427355,-6.1293507,0.99986565,0.000112979156,1.9442503e-05,1.9755505e-06,N,N
CF14_Hindi_N_0023.npy,3.0147653,-3.3020396,-1.3970076,-1.1853662,0.9718807,0.0017549285,0.0117924595,0.0145719955,N,N
CF09_Hindi_N_0089.npy,7.9890256,-3.6215181,-3.8864887,-4.8326335,0.9999813,9.069777e-06,6.9585967e-06,2.7015692e-06,N,N
CM16_Hindi_N_0026.npy,7.2684436,-2.892411,-3.8051028,-4.6457877,0.9999392,3.865188e-05,1.5516489e-05,6.694046e-06,N,N
CF02_Gujarati_N_0020.npy,7.508333,-4.3265934,-3.0144947,-4.633165,0.9999604,7.2466864e-06,2.6913898e-05,5.3333115e-06,N,N
CM05_English_N_0051.npy,7.9065204,-4.1401954,-3.8039532,-3.813218,0.9999778,5.863652e-06,8.207221e-06,8.131541e-06,N,N
CM05_Hindi_N_0001.npy,8.2846,-3.32345,-3.9556737,-6.1324606,0.99998546,9.092462e-06,4.831812e-06,5.479535e-07,N,N
CF14_Gujarati_N_0052.npy,7.8921933,-3.9732425,-3.618165,-4.4963474,0.9999788,7.029065e-06,1.00254865e-05,4.1659696e-06,N,N
CF04_Hindi_N_0139.npy,8.406785,-4.107347,-4.1406574,-4.551105,0.99999034,3.6743247e-06,3.5539456e-06,2.3575228e-06,N,N
CM24_Gujarati_N_0016.npy,6.711283,-3.2627728,-2.8379064,-5.71674,0.99987817,4.6587513e-05,7.125031e-05,4.0042864e-06,N,N
CM05_Hindi_N_0047.npy,7.899543,-3.6472769,-3.635765,-5.0885606,0.9999783,9.666528e-06,9.7784505e-06,2.2873296e-06,N,N
CM03_English_N_0076.npy,7.1971107,-3.152665,-3.3483157,-5.1041203,0.99993706,3.1997963e-05,2.63119e-05,4.545857e-06,N,N
CF02_Gujarati_N_0032.npy,7.9140887,-4.389463,-3.7946677,-3.9516618,0.9999802,4.5355173e-06,8.221349e-06,7.0268634e-06,N,N
CM30_Gujarati_N_0063.npy,7.339627,-2.6834514,-3.8859367,-5.7972536,0.9999403,4.4361543e-05,1.33282765e-05,1.971057e-06,N,N
CM05_Hindi_N_0088.npy,7.193841,-2.3806326,-4.1101604,-5.160366,0.99991393,6.94739e-05,1.2322461e-05,4.311205e-06,N,N
CF20_Gujarati_N_0014.npy,6.995588,-3.753295,-2.8214693,-3.8326464,0.9999043,2.1467336e-05,5.4508586e-05,1.9829704e-05,N,N
CM24_Gujarati_N_0036.npy,6.915852,-2.765378,-3.1612246,-6.136044,0.9998933,6.243795e-05,4.2027616e-05,2.14579e-06,N,N
CM35_English_N_0083.npy,6.97591,-3.4918323,-2.7533038,-5.603542,0.9999087,2.8436578e-05,5.951364e-05,3.4417044e-06,N,N
CF02_English_N_0083.npy,8.203582,-4.3667994,-4.3206573,-3.130957,0.9999809,3.473318e-06,3.637341e-06,1.1952649e-05,N,N
CF14_Hindi_N_0002.npy,7.247105,-3.6250033,-3.8438053,-3.4022477,0.99994206,1.897921e-05,1.5249439e-05,2.3714809e-05,N,N
CM38_English_N_0055.npy,8.047426,-3.1490865,-3.828831,-6.1634507,0.99997866,1.3721679e-05,6.953411e-06,6.734192e-07,N,N
CF14_Hindi_N_0100.npy,7.3901553,-3.6482167,-2.8783007,-5.6071534,0.99994695,1.607211e-05,3.4709105e-05,2.2663005e-06,N,N
CF09_Hindi_N_0169.npy,8.317812,-3.6893058,-3.903264,-4.993814,0.99998736,6.100555e-06,4.925481e-06,1.6551166e-06,N,N
CF14_English_N_0022.npy,7.479934,-3.1940742,-3.729516,-5.4102426,0.9999608,2.313769e-05,1.35450555e-05,2.5226113e-06,N,N
CF14_Hindi_N_0020.npy,4.2485538,-4.6926885,-0.9259384,-2.1304398,0.9925688,0.00012990579,0.005617035,0.0016842205,N,N
CM16_Hindi_N_0065.npy,6.2782083,-3.444776,-2.9530516,-4.1653304,0.99981314,5.9879803e-05,9.791144e-05,2.9130479e-05,N,N
CF18_English_N_0059.npy,5.2078466,-2.6895895,-2.7146034,-3.347666,0.9990741,0.00037135114,0.00036217738,0.00019230292,N,N
CF04_Hindi_N_0133.npy,7.925074,-4.115502,-3.8407528,-3.612618,0.99997663,5.8997575e-06,7.765261e-06,9.755147e-06,N,N
CM30_Gujarati_N_0073.npy,6.5012527,-2.8495746,-3.2472134,-4.743698,0.9998416,8.687974e-05,5.837488e-05,1.3071063e-05,N,N
CM05_English_N_0008.npy,7.7565475,-2.671519,-3.9258971,-6.31638,0.99996114,2.9589084e-05,8.440378e-06,7.730158e-07,N,N
CF02_English_N_0030.npy,7.5332856,-3.4926472,-3.623186,-4.698785,0.9999646,1.627358e-05,1.4282055e-05,4.8715115e-06,N,N
CF18_English_N_0048.npy,7.9247684,-3.7580757,-3.8281136,-4.7249837,0.99998045,8.4371695e-06,7.866467e-06,3.208294e-06,N,N
CM38_English_N_0002.npy,7.680879,-3.3342829,-4.0514474,-4.4056163,0.99996996,1.6449892e-05,8.029756e-06,5.634932e-06,N,N
CM35_English_N_0094.npy,8.466691,-3.582431,-4.1180067,-5.8239465,0.9999901,5.8496325e-06,3.4239777e-06,6.217997e-07,N,N
CM05_English_N_0076.npy,7.995629,-2.9433472,-4.0122423,-6.604829,0.9999757,1.7752209e-05,6.095889e-06,4.5613254e-07,N,N
CF04_Hindi_N_0116.npy,7.1314144,-3.8815925,-3.5764742,-3.2250724,0.9999293,1.6484699e-05,2.236621e-05,3.1783668e-05,N,N
CM03_English_N_0096.npy,5.393702,-3.379589,-2.451933,-3.319112,0.99928975,0.00015470336,0.00039117897,0.00016434793,N,N
CM35_English_N_0129.npy,5.6366687,-2.9261756,-2.8023787,-3.4162345,0.9994759,0.0001909749,0.00021614283,0.00011698937,N,N
CF20_Gujarati_N_0047.npy,7.8497987,-3.5409093,-3.5216725,-4.9616,0.99997437,1.12997095e-05,1.151918e-05,2.7294125e-06,N,N
CF09_Hindi_N_0062.npy,8.034414,-3.7978265,-3.9361231,-4.225005,0.99998164,7.266329e-06,6.3278158e-06,4.740169e-06,N,N
CM05_Hindi_N_0075.npy,7.636583,-3.3011413,-3.9241898,-4.9887958,0.99996936,1.777434e-05,9.5325e-06,3.2874143e-06,N,N
CF04_Hindi_N_0052.npy,7.4555564,-4.7799296,-3.1021576,-3.4685981,0.9999511,4.8548377e-06,2.5990921e-05,1.801685e-05,N,N
CF14_Gujarati_N_0034.npy,8.396815,-4.149678,-3.7950444,-4.9294667,0.9999896,3.557317e-06,5.071517e-06,1.6310398e-06,N,N
CF09_Hindi_N_0017.npy,8.397948,-3.9951568,-4.2684207,-4.41524,0.99999,4.147045e-06,3.155453e-06,2.724574e-06,N,N
CF02_English_N_0039.npy,5.6350307,-2.5197031,-2.9994931,-3.7010684,0.9994469,0.0002872129,0.00017775992,8.813394e-05,N,N
CF09_Hindi_N_0069.npy,7.1830926,-4.54645,-3.8996668,-1.6805532,0.99983513,8.051054e-06,1.5372589e-05,0.00014141519,N,N
CM24_Gujarati_N_0004.npy,7.4800014,-3.4077294,-3.1128106,-5.809033,0.99995446,1.868525e-05,2.509462e-05,1.6928799e-06,N,N
CF20_Gujarati_N_0016.npy,7.6870294,-4.101519,-3.9483747,-3.3616402,0.9999677,7.590745e-06,8.846958e-06,1.5907783e-05,N,N
CF09_Hindi_N_0121.npy,8.840047,-3.8269086,-4.326319,-5.6819596,0.9999944,3.1536135e-06,1.913891e-06,4.9336694e-07,N,N
CM30_Gujarati_N_0008.npy,7.7394643,-3.5177727,-3.7655907,-5.1813087,0.9999745,1.2913181e-05,1.0078763e-05,2.4466322e-06,N,N
CF14_English_N_0043.npy,6.65176,-2.7774625,-3.4319336,-4.5243826,0.999864,8.033075e-05,4.174923e-05,1.4002443e-05,N,N
CF02_Gujarati_N_0006.npy,8.175335,-4.434322,-3.5998807,-4.010428,0.9999838,3.3395534e-06,7.692756e-06,5.1025067e-06,N,N
CF09_Hindi_N_0147.npy,8.239064,-4.0503225,-3.9810805,-4.4485736,0.99998736,4.600252e-06,4.9300725e-06,3.0890408e-06,N,N
CF14_Hindi_N_0084.npy,8.29604,-3.7014506,-4.0471797,-4.877526,0.9999875,6.1595765e-06,4.359155e-06,1.9001507e-06,N,N
CF14_English_N_0019.npy,6.995014,-3.1622314,-3.4524288,-4.3042235,0.9999199,3.8790866e-05,2.9020064e-05,1.2381362e-05,N,N
CF02_Gujarati_N_0058.npy,7.6900954,-3.472557,-3.6383417,-4.9061866,0.99997044,1.4194123e-05,1.2025677e-05,3.3844756e-06,N,N
CF18_English_N_0036.npy,7.4567986,-3.8034465,-3.311677,-4.5647845,0.99996006,1.28742e-05,2.105199e-05,6.012779e-06,N,N
CF04_English_N_0078.npy,8.467911,-3.856316,-4.346018,-4.9780226,0.9999914,4.442759e-06,2.7225622e-06,1.4471103e-06,N,N
CM38_English_N_0003.npy,7.4112067,-3.5227144,-3.6001322,-4.338637,0.9999577,1.784186e-05,1.651269e-05,7.890225e-06,N,N
CM35_English_N_0025.npy,7.8686757,-3.9387524,-3.5119872,-4.7972455,0.99997795,7.448854e-06,1.1413827e-05,3.1568268e-06,N,N
CF14_Gujarati_N_0038.npy,7.7907767,-3.3738196,-3.5625553,-5.1997905,0.99997187,1.4166583e-05,1.1730003e-05,2.2816873e-06,N,N
CF09_English_N_0046.npy,8.459907,-4.6363444,-4.402251,-2.9632392,0.9999844,2.0528814e-06,2.594353e-06,1.0939168e-05,N,N
CF04_Hindi_N_0004.npy,8.391188,-5.4543633,-3.9588585,-2.4844747,0.9999758,9.703832e-07,4.329449e-06,1.8912526e-05,N,N
CF02_Gujarati_N_0070.npy,5.4635525,-3.2638822,-2.857277,-2.3472655,0.9991898,0.00016194646,0.00024319672,0.00040499808,N,N
CM16_Hindi_N_0049.npy,5.551364,-1.436949,-3.2081835,-4.6795774,0.9988856,0.0009215738,0.00015678073,3.599765e-05,N,N
CF09_Hindi_N_0146.npy,7.46823,-3.4828477,-3.8312802,-4.149479,0.999961,1.7538423e-05,1.2378506e-05,9.004851e-06,N,N
CM35_English_N_0077.npy,8.510395,-3.6378317,-4.076446,-5.535931,0.99999046,5.297708e-06,3.4166465e-06,7.938786e-07,N,N
CF02_English_N_0046.npy,7.7050037,-4.0403895,-3.302012,-4.793004,0.99997175,7.925525e-06,1.6584476e-05,3.7339796e-06,N,N
CF02_Gujarati_N_0031.npy,6.7850037,-3.9226193,-3.488799,-2.8636737,0.9998785,2.2371025e-05,3.4521636e-05,6.4502965e-05,N,N
CM38_English_N_0121.npy,6.2200274,-3.2159817,-2.5397716,-4.879147,0.9997483,7.977813e-05,0.00015687665,1.5120997e-05,N,N
CF14_Gujarati_N_0045.npy,8.520991,-4.331373,-3.6496074,-4.8935905,0.9999907,2.6199016e-06,5.1805036e-06,1.4931978e-06,N,N
CF09_Hindi_N_0133.npy,8.848141,-4.3959174,-4.232687,-4.7370486,0.999995,1.7708276e-06,2.0848101e-06,1.2589975e-06,N,N
CF02_English_N_0059.npy,6.710875,-3.1979697,-3.6172585,-3.4484558,0.9998789,4.972682e-05,3.26961e-05,3.8708495e-05,N,N
CM05_English_N_0025.npy,7.0085616,-2.0622265,-3.864971,-6.9344864,0.9998652,0.00011496036,1.8950748e-05,8.8014133e-07,N,N
CM05_English_N_0043.npy,8.174024,-3.1206021,-4.0665855,-6.288928,0.9999821,1.2439369e-05,4.830179e-06,5.2337396e-07,N,N
CF02_English_N_0077.npy,7.5304236,-3.4820623,-3.4640417,-5.13673,0.9999635,1.6493866e-05,1.679379e-05,3.152891e-06,N,N
CF02_Gujarati_N_0023.npy,7.8654046,-4.069275,-4.134668,-3.31346,0.9999733,6.558781e-06,6.143603e-06,1.39659105e-05,N,N
CF20_Gujarati_N_0021.npy,6.998295,-4.564715,-3.8381863,-1.242618,0.9997073,9.5087125e-06,1.9662963e-05,0.00026356644,N,N
CM38_English_N_0110.npy,8.248426,-3.311222,-3.89384,-5.9065194,0.9999844,9.543368e-06,5.3293465e-06,7.121616e-07,N,N
CM24_Gujarati_N_0070.npy,6.0505404,-1.991288,-3.127539,-6.154974,0.9995702,0.00032158202,0.00010323429,5.0006392e-06,N,N
CM35_English_N_0095.npy,8.406676,-3.5239406,-4.2358685,-5.7123218,0.9999895,6.5855884e-06,3.2315288e-06,7.382317e-07,N,N
CF02_Gujarati_N_0015.npy,6.893825,-3.6330676,-3.4470763,-3.728857,0.99991655,2.6803553e-05,3.2282514e-05,2.435518e-05,N,N
CM35_English_N_0026.npy,8.189355,-3.3786912,-3.7882094,-5.8073716,0.99998343,9.46355e-06,6.2835184e-06,8.34241e-07,N,N
CM05_English_N_0063.npy,7.764592,-2.7596774,-4.0530977,-6.016502,0.9999647,2.6875261e-05,7.3727106e-06,1.0349796e-06,N,N
CF14_Hindi_N_0028.npy,8.032463,-4.119854,-4.065626,-3.68479,0.9999809,5.276033e-06,5.57004e-06,8.151799e-06,N,N
CM35_English_N_0028.npy,8.20798,-3.404243,-3.740498,-5.9116945,0.9999838,9.05459e-06,6.4689616e-06,7.377278e-07,N,N
CF20_Gujarati_N_0022.npy,5.960667,-3.9517512,-3.0143135,-1.3746985,0.9991725,4.9514445e-05,0.00012643173,0.0006515258,N,N
CM27_Gujarati_N_0022.npy,7.3633966,-3.5239806,-3.7051325,-4.439163,0.99995816,1.8691931e-05,1.5594831e-05,7.485058e-06,N,N
CM05_English_N_0047.npy,7.5679092,-3.1530266,-3.5804436,-5.3146615,0.9999609,2.2076985e-05,1.4398425e-05,2.541873e-06,N,N
CM30_Gujarati_N_0006.npy,7.3394876,-2.8442242,-3.4869647,-6.149399,0.9999409,3.7778475e-05,1.9865789e-05,1.3861992e-06,N,N
CF14_English_N_0034.npy,6.059073,-3.546527,-3.0889058,-3.259537,0.9997365,6.7332745e-05,0.00010640667,8.97149e-05,N,N
CM05_Hindi_N_0125.npy,7.7605734,-2.579695,-3.9919882,-6.5521607,0.99995923,3.2304342e-05,7.868821e-06,6.0819195e-07,N,N
CM38_English_N_0106.npy,7.924066,-2.6915827,-3.894635,-6.6412683,0.9999676,2.4528359e-05,7.3652823e-06,4.724345e-07,N,N
CF14_Hindi_N_0148.npy,2.0845494,-4.5942607,-0.77727956,1.8697431,0.5361588,0.0006740981,0.030649042,0.43251806,N,N
CM03_English_N_0071.npy,5.494557,-3.065031,-2.9916222,-2.743653,0.999338,0.00019157145,0.00020616339,0.0002641821,N,N
CF18_English_N_0039.npy,8.359575,-4.211595,-3.8987513,-4.6110044,0.9999894,3.4706059e-06,4.745389e-06,2.3277935e-06,N,N
CM16_Hindi_N_0022.npy,6.729653,-3.308857,-2.8278334,-4.5981803,0.99987364,4.3679323e-05,7.066128e-05,1.20317745e-05,N,N
CM38_English_N_0045.npy,8.154555,-3.3814974,-4.0840883,-5.7454033,0.9999844,9.771229e-06,4.8396932e-06,9.190051e-07,N,N
CF14_Gujarati_N_0028.npy,8.074951,-3.5727346,-3.8912294,-5.0001273,0.99998283,8.739102e-06,6.3554494e-06,2.0968043e-06,N,N
CF04_Hindi_N_0117.npy,6.452161,-2.7807164,-3.704315,-3.268325,0.99980336,9.775224e-05,3.8816204e-05,6.0029022e-05,N,N
CM03_English_N_0010.npy,6.2942376,-1.5971537,-3.2854667,-6.1204453,0.999553,0.0003737818,6.908649e-05,4.056746e-06,N,N
CF04_Hindi_N_0025.npy,8.578826,-3.7628832,-4.2250466,-5.1318154,0.9999918,4.3657637e-06,2.7500782e-06,1.1105557e-06,N,N
CF04_Hindi_N_0100.npy,8.305245,-4.4861627,-3.8029437,-3.5205207,0.9999844,2.7845504e-06,5.5140886e-06,7.3135543e-06,N,N
CM05_English_N_0044.npy,7.4522333,-2.6889176,-3.543439,-6.7668514,0.99994314,3.9421146e-05,1.6773185e-05,6.678905e-07,N,N
CM03_English_N_0012.npy,6.5513716,-3.3216267,-2.8029556,-4.953851,0.9998518,5.1540308e-05,8.657709e-05,1.0075836e-05,N,N
CF14_English_N_0021.npy,7.944529,-3.6530194,-4.011823,-4.796609,0.9999814,9.188415e-06,6.418213e-06,2.9280995e-06,N,N
CM27_Gujarati_N_0051.npy,5.580442,-2.13573,-3.064918,-4.4870563,0.9993364,0.00044526721,0.00017582459,4.240849e-05,N,N
CF02_English_N_0026.npy,5.9056063,-2.8899248,-2.5888338,-5.0135803,0.99962604,0.00015135155,0.00020452627,1.8100689e-05,N,N
CM05_Hindi_N_0119.npy,8.182869,-3.8157704,-3.765007,-5.2315106,0.99998593,6.1524934e-06,6.472876e-06,1.4934926e-06,N,N
CF04_Hindi_N_0054.npy,6.569385,-4.007624,-2.7158375,-3.1460757,0.9998215,2.5490932e-05,9.276868e-05,6.0332517e-05,N,N
CF04_Hindi_N_0077.npy,7.852348,-5.426336,-3.244345,-2.2889519,0.99994373,1.7104741e-06,1.5161529e-05,3.94153e-05,N,N
CM30_Gujarati_N_0050.npy,8.184797,-3.4848058,-3.9394734,-5.467496,0.99998474,8.549664e-06,5.426123e-06,1.1772746e-06,N,N
CM35_English_N_0032.npy,8.1492195,-3.767798,-4.0122304,-4.9565372,0.99998605,6.675737e-06,5.228096e-06,2.0334621e-06,N,N
CF09_Hindi_N_0162.npy,7.9680142,-3.2770247,-3.8988123,-5.1312203,0.9999778,1.3071697e-05,7.019285e-06,2.0467512e-06,N,N
CF04_English_N_0058.npy,8.231258,-3.735622,-4.064413,-4.59393,0.9999864,6.3510247e-06,4.5714273e-06,2.692067e-06,N,N
CF09_Hindi_N_0046.npy,7.6190486,-3.4430575,-3.7834587,-4.386964,0.999967,1.569546e-05,1.1167076e-05,6.1071833e-06,N,N
CM35_English_N_0061.npy,8.121142,-3.2773044,-3.7962618,-6.0520625,0.9999814,1.1212676e-05,6.673122e-06,6.992741e-07,N,N
CF14_English_N_0044.npy,7.2519083,-3.7162616,-3.3369045,-4.0007734,0.9999447,1.724091e-05,2.5194922e-05,1.2971745e-05,N,N
CF14_Hindi_N_0029.npy,7.811467,-3.6719027,-3.7915864,-4.267389,0.99997485,1.0299708e-05,9.137906e-06,5.678175e-06,N,N
CF14_Hindi_N_0037.npy,6.473791,-3.4020386,-3.4484794,-2.669396,0.99979264,5.1391533e-05,4.905943e-05,0.00010692382,N,N
CM05_Hindi_N_0097.npy,7.7081294,-2.5152967,-3.8167434,-6.781675,0.99995327,3.6307996e-05,9.880776e-06,5.0949234e-07,N,N
CM30_Gujarati_N_0007.npy,7.7905936,-2.7612386,-3.7295377,-6.49229,0.9999633,2.6144573e-05,9.927839e-06,6.266232e-07,N,N
CM38_English_N_0027.npy,6.7246747,-2.589804,-3.689822,-5.457011,0.9998747,9.0098765e-05,2.9990744e-05,5.1227885e-06,N,N
CM05_Hindi_N_0112.npy,7.968318,-3.2026706,-3.8798623,-5.4018455,0.99997723,1.40764005e-05,7.1513923e-06,1.5609971e-06,N,N
CM05_Hindi_N_0045.npy,8.454188,-3.4742465,-4.164997,-5.630511,0.9999893,6.5999725e-06,3.307903e-06,7.639906e-07,N,N
CM05_English_N_0004.npy,7.9515877,-3.3823667,-3.7892418,-5.089066,0.9999778,1.1959602e-05,7.96183e-06,2.1702342e-06,N,N
CF09_Hindi_N_0165.npy,7.8836064,-4.126791,-3.312554,-4.212239,0.9999746,6.080508e-06,1.3726453e-05,5.5825176e-06,N,N
CF14_Hindi_N_0003.npy,7.3982186,-3.658062,-3.4493325,-4.0369153,0.999954,1.5786962e-05,1.9451285e-05,1.0808476e-05,N,N
CM35_English_N_0121.npy,7.86403,-2.5198274,-4.0032206,-7.0258727,0.99996173,3.0926534e-05,7.016201e-06,3.414924e-07,N,N
CF02_Gujarati_N_0028.npy,6.668322,-3.1000311,-3.1741238,-4.741211,0.9998785,5.7227564e-05,5.3140735e-05,1.1087924e-05,N,N
CM35_English_N_0009.npy,8.032437,-3.2190666,-3.8624952,-5.6159444,0.999979,1.2987477e-05,6.8247577e-06,1.1818813e-06,N,N
CM05_English_N_0042.npy,8.228179,-3.375,-3.7731752,-5.9421825,0.999984,9.136849e-06,6.1357996e-06,7.012668e-07,N,N
CF04_Hindi_N_0051.npy,8.349264,-3.5675006,-3.7448795,-5.800901,0.999987,6.6774246e-06,5.5920937e-06,7.155756e-07,N,N
CF14_Gujarati_N_0023.npy,6.92313,-3.2462003,-3.2125807,-4.7392964,0.99991333,3.832465e-05,3.9635022e-05,8.610633e-06,N,N
CF14_Hindi_N_0071.npy,8.441691,-3.7048635,-4.150475,-5.177382,0.99999,5.306569e-06,3.3984984e-06,1.2170461e-06,N,N
CM03_English_N_0084.npy,1.8708264,0.1716219,-1.331554,-4.59346,0.81629163,0.14924172,0.033194736,0.0012718663,N,N
CM30_English_N_0052.npy,7.9824357,-3.6115718,-4.2503586,-4.581286,0.99998236,9.2210175e-06,4.8680777e-06,3.4965308e-06,N,N
CM16_Hindi_N_0005.npy,7.0586267,-4.0584135,-3.169653,-3.787589,0.99992955,1.4855935e-05,3.6131354e-05,1.94768e-05,N,N
CF02_English_N_0048.npy,7.5020885,-3.4367428,-3.647626,-4.426413,0.99996126,1.7754524e-05,1.4378835e-05,6.599347e-06,N,N
CF09_Hindi_N_0075.npy,8.22286,-4.300277,-4.0903273,-4.278457,0.9999881,3.6413724e-06,4.4920585e-06,3.7217005e-06,N,N
CM30_Gujarati_N_0039.npy,7.6392827,-2.9636703,-3.810183,-5.253942,0.9999621,2.48416e-05,1.0654761e-05,2.5149377e-06,N,N
CM38_English_N_0035.npy,6.8661857,-1.9996959,-3.967,-5.1621327,0.9998331,0.000141099,1.9730358e-05,5.9716617e-06,N,N
CF04_English_N_0091.npy,7.711668,-4.931048,-4.1885247,-1.5406823,0.99989414,3.230669e-06,6.7883807e-06,9.587592e-05,N,N
CM30_English_N_0028.npy,7.851003,-2.9888568,-3.8799424,-5.585439,0.9999709,1.9601803e-05,8.040859e-06,1.4608802e-06,N,N
CM30_English_N_0030.npy,7.560963,-2.685494,-3.9187284,-6.325362,0.99995327,3.548133e-05,1.03374405e-05,9.315905e-07,N,N
CF04_Hindi_N_0031.npy,8.223787,-4.1626325,-4.1290417,-4.052757,0.9999869,4.174849e-06,4.3174655e-06,4.659709e-06,N,N
CF09_Hindi_N_0041.npy,8.245185,-3.9584923,-4.2734776,-4.422684,0.9999882,5.0119324e-06,3.6577064e-06,3.1507143e-06,N,N
CM05_Hindi_N_0070.npy,6.413601,-1.8491387,-3.208399,-6.939879,0.9996743,0.00025786742,6.623341e-05,1.5867778e-06,N,N
CM38_English_N_0100.npy,7.323425,-2.2713435,-3.4572477,-6.8115478,0.9999105,6.807789e-05,2.0795756e-05,7.264748e-07,N,N
CM38_English_N_0032.npy,8.386594,-3.2763443,-4.187153,-5.5840006,0.9999871,8.60686e-06,3.4616696e-06,8.5633235e-07,N,N
CM05_English_N_0088.npy,7.9777994,-3.1143608,-3.9944253,-5.867703,0.99997747,1.5230924e-05,6.3171165e-06,9.704312e-07,N,N
CM27_Gujarati_N_0064.npy,5.417006,-3.1477065,-2.7921095,-3.1292648,0.9993432,0.00019059314,0.00027198246,0.0001941407,N,N
CM30_English_N_0021.npy,8.029074,-2.9297862,-4.133304,-6.3735127,0.99997675,1.7402728e-05,5.2231935e-06,5.559379e-07,N,N
CM35_English_N_0058.npy,8.162089,-3.324815,-4.035863,-5.666495,0.9999838,1.0263462e-05,5.040685e-06,9.869949e-07,N,N
CM16_Hindi_N_0068.npy,5.062041,-3.1170075,-2.72304,-2.5296614,0.9988004,0.00028013223,0.00041539478,0.0005040158,N,N
CM03_English_N_0077.npy,2.2541504,-0.342748,-1.881586,-2.2067223,0.907402,0.067605354,0.01451016,0.01048256,N,N
CF14_Hindi_N_0106.npy,8.619138,-3.998395,-3.9225984,-5.2353473,0.99999213,3.3133836e-06,3.574288e-06,9.617681e-07,N,N
CM27_Gujarati_N_0002.npy,7.0393076,-2.977205,-3.6747742,-4.6562905,0.9999249,4.4653047e-05,2.2228021e-05,8.329778e-06,N,N
CM38_English_N_0073.npy,7.6264215,-3.6533027,-3.4583464,-4.9608226,0.9999685,1.262596e-05,1.534379e-05,3.4151965e-06,N,N
CF14_Hindi_N_0139.npy,6.653853,-2.7989223,-3.5603945,-4.4622264,0.99987006,7.846131e-05,3.663972e-05,1.4869339e-05,N,N
CM38_English_N_0028.npy,3.4964228,-1.3720932,-2.0181494,-3.0067747,0.98696125,0.007584561,0.003975135,0.0014790989,N,N
CM16_Hindi_N_0075.npy,5.9140496,-3.878687,-2.1798553,-4.39072,0.9996055,5.5833825e-05,0.00030527453,3.3459855e-05,N,N
CF14_Gujarati_N_0031.npy,7.7656302,-4.0271993,-3.8804078,-3.8981981,0.9999751,7.5583744e-06,8.753447e-06,8.599101e-06,N,N
CF09_English_N_0032.npy,8.625159,-4.528642,-4.2852154,-3.5563087,0.99999046,1.9380843e-06,2.4722442e-06,5.1245006e-06,N,N
CM16_Hindi_N_0013.npy,7.616904,-3.5410514,-3.8212576,-3.847971,0.9999645,1.4260876e-05,1.0775911e-05,1.0491871e-05,N,N
CM35_English_N_0120.npy,7.982106,-3.2642632,-3.4748144,-6.0780025,0.99997556,1.3054289e-05,1.057577e-05,7.830004e-07,N,N
CF14_Gujarati_N_0070.npy,1.3161279,-1.5024264,-0.80517095,-0.60655653,0.75427186,0.045024127,0.090418965,0.11028505,N,N
CF14_Hindi_N_0041.npy,7.7326436,-3.9983077,-3.5239491,-4.4793034,0.99997413,8.040839e-06,1.292149e-05,4.970588e-06,N,N
CF04_Hindi_N_0143.npy,8.481843,-3.697793,-4.2724724,-5.1651096,0.9999908,5.133899e-06,2.8897962e-06,1.1835859e-06,N,N
CF09_English_N_0051.npy,8.822652,-4.0872416,-4.2824574,-5.1322336,0.99999464,2.4734456e-06,2.0347968e-06,8.698971e-07,N,N
CF14_Gujarati_N_0021.npy,8.850137,-4.699371,-4.099922,-4.1283765,0.99999404,1.3047318e-06,2.376065e-06,2.3094071e-06,N,N
CF02_English_N_0064.npy,7.462793,-4.002201,-3.718576,-3.588574,0.9999597,1.049056e-05,1.3930789e-05,1.586481e-05,N,N
CF04_English_N_0065.npy,8.627242,-4.8482146,-4.362192,-3.0714176,0.9999881,1.4050073e-06,2.284311e-06,8.304843e-06,N,N
CM05_English_N_0097.npy,8.108913,-3.4199893,-3.9586153,-5.177284,0.9999827,9.841324e-06,5.7429015e-06,1.6977361e-06,N,N
CM27_Gujarati_N_0032.npy,6.7696285,-2.606502,-3.4396727,-5.2200837,0.9998722,8.471153e-05,3.6821497e-05,6.206959e-06,N,N
CM24_Gujarati_N_0030.npy,6.473286,-2.7752485,-3.110552,-4.8753567,0.9998233,9.623553e-05,6.882006e-05,1.1783396e-05,N,N
CM30_Gujarati_N_0032.npy,7.326978,-2.399593,-4.077436,-6.0484114,0.9999275,5.9672246e-05,1.1145366e-05,1.5527834e-06,N,N
CF04_Hindi_N_0040.npy,8.964327,-4.3058667,-4.2955456,-4.88815,0.99999547,1.7251482e-06,1.7430451e-06,9.637041e-07,N,N
CM35_English_N_0043.npy,8.373847,-3.178181,-4.0604806,-6.3222837,0.99998605,9.61639e-06,3.979549e-06,4.1452e-07,N,N
CF04_Hindi_N_0073.npy,8.205268,-4.1796145,-4.139806,-4.2681775,0.9999877,4.1812755e-06,4.3510827e-06,3.82689e-06,N,N
CM35_English_N_0103.npy,8.135845,-3.293535,-3.8618705,-5.4851794,0.99998176,1.0871144e-05,6.15815e-06,1.2146637e-06,N,N
CM38_English_N_0047.npy,7.4626546,-2.496831,-3.5519428,-6.57095,0.9999355,4.727398e-05,1.6458616e-05,8.039979e-07,N,N
CM38_English_N_0077.npy,8.281984,-4.042962,-3.8043146,-5.1069207,0.99998844,4.4395483e-06,5.636143e-06,1.5320313e-06,N,N
CF14_English_N_0051.npy,6.2635922,-2.3760133,-3.16009,-5.1130614,0.99973077,0.00017690904,8.076624e-05,1.1456848e-05,N,N
CM16_Hindi_N_0020.npy,7.5799756,-3.1323543,-3.5962446,-5.102418,0.99996066,2.2267794e-05,1.4002715e-05,3.1051973e-06,N,N
CM30_Gujarati_N_0020.npy,7.302132,-3.368105,-3.832737,-4.105983,0.9999511,2.3224904e-05,1.4593746e-05,1.1104454e-05,N,N
CM03_English_N_0029.npy,3.6739244,-0.7252481,-2.1698556,-4.3985934,0.9847392,0.012099983,0.0028536438,0.00030723555,N,N
CF02_English_N_0020.npy,6.58248,-3.1406002,-2.9291973,-5.371096,0.9998597,5.9876886e-05,7.397251e-05,6.435272e-06,N,N
CM38_English_N_0064.npy,8.085166,-3.5058107,-3.8933794,-5.013083,0.99998236,9.249008e-06,6.2773483e-06,2.048778e-06,N,N
CF04_Hindi_N_0033.npy,8.77754,-3.9298053,-4.1615324,-5.413776,0.9999939,3.0287758e-06,2.4023127e-06,6.8673137e-07,N,N
CF18_English_N_0001.npy,7.900909,-4.610331,-4.1784697,-2.4510179,0.99995863,3.6848478e-06,5.675117e-06,3.1929885e-05,N,N
CM38_English_N_0043.npy,7.769092,-3.1687312,-3.7920012,-4.875037,0.9999695,1.777258e-05,9.529446e-06,3.2263492e-06,N,N
CM38_English_N_0009.npy,7.10181,-2.8191333,-3.9095023,-5.1279817,0.9999294,4.9131322e-05,1.6512662e-05,4.882456e-06,N,N
CF18_English_N_0041.npy,8.041554,-3.6582727,-3.9785633,-4.664779,0.9999826,8.295108e-06,6.0217353e-06,3.0318106e-06,N,N
CF02_English_N_0099.npy,7.4028783,-3.5556855,-3.1006064,-4.858399,0.9999504,1.740743e-05,2.7439299e-05,4.7312233e-06,N,N
CM16_Hindi_N_0053.npy,5.969027,-3.4545345,-2.7188172,-3.3086805,0.99965715,8.077008e-05,0.00016856533,9.345309e-05,N,N
CM38_English_N_0014.npy,8.074969,-3.5094068,-3.9753637,-5.4819655,0.99998355,9.310268e-06,5.8425135e-06,1.2950636e-06,N,N
CM35_English_N_0114.npy,8.383437,-3.3255987,-4.295558,-5.50081,0.9999877,8.2191145e-06,3.1158536e-06,9.335614e-07,N,N
CM30_English_N_0033.npy,8.019942,-3.508668,-4.043043,-4.7285376,0.9999815,9.844195e-06,5.7690454e-06,2.9066823e-06,N,N
CF04_Hindi_N_0016.npy,8.426996,-4.8879447,-3.9471104,-3.3348477,0.9999864,1.6496376e-06,4.226569e-06,7.796332e-06,N,N
CM27_Gujarati_N_0017.npy,6.2158313,-3.000937,-2.9563928,-4.9838514,0.9997832,9.933773e-05,0.00010386269,1.3675576e-05,N,N
CF02_English_N_0078.npy,7.580844,-3.5699515,-3.6432014,-4.5137544,0.99996674,1.4363386e-05,1.334888e-05,5.5894366e-06,N,N
CM05_English_N_0065.npy,6.919788,-2.2207234,-3.8520026,-5.914422,0.9998691,0.00010721843,2.0980411e-05,2.6675762e-06,N,N
CF04_Hindi_N_0103.npy,7.2588544,-5.1234097,-2.8082592,-2.779618,0.99990964,4.191908e-06,4.2449126e-05,4.368252e-05,N,N
CM05_Hindi_N_0116.npy,7.9979157,-3.3671317,-3.9158616,-5.177525,0.99997985,1.159348e-05,6.6973575e-06,1.8965751e-06,N,N
CF14_Gujarati_N_0007.npy,8.1230135,-4.702206,-4.3619256,-2.3100753,0.999964,2.6919195e-06,3.7830669e-06,2.9440942e-05,N,N
CF14_Gujarati_N_0060.npy,3.3532696,-2.077363,-1.6496874,-2.191606,0.985216,0.0043155653,0.0066187335,0.0038496617,N,N
CM03_English_N_0082.npy,4.634629,-1.5387179,-2.9686358,-3.6224532,0.9971656,0.0020783418,0.00049740635,0.0002586796,N,N
CF09_English_N_0057.npy,7.999985,-3.2816257,-3.8467581,-5.62789,0.999979,1.2602296e-05,7.16169e-06,1.2063681e-06,N,N
CF14_Gujarati_N_0061.npy,7.613981,-3.1021116,-3.784227,-5.1137605,0.99996364,2.218424e-05,1.1215162e-05,2.967539e-06,N,N
CM30_English_N_0002.npy,7.850473,-3.359605,-3.7793822,-5.2456417,0.99997544,1.3536743e-05,8.89626e-06,2.053141e-06,N,N
CM16_Hindi_N_0063.npy,-0.98284924,-1.74757,1.1091586,-0.62907434,0.090983,0.042349305,0.73706836,0.12959933,M,N
CM27_Gujarati_N_0041.npy,7.845692,-3.4887257,-3.5304651,-5.364464,0.9999747,1.1954024e-05,1.1465328e-05,1.8318563e-06,N,N
CF02_English_N_0015.npy,5.5782576,-2.3434815,-3.2161338,-5.0375996,0.99946135,0.0003625755,0.00015149916,2.451082e-05,N,N
CF04_English_N_0024.npy,8.206034,-3.9172688,-3.7105732,-5.060868,0.9999862,5.4313855e-06,6.6784764e-06,1.7308207e-06,N,N
CM38_English_N_0050.npy,7.573239,-2.9088676,-3.5776463,-6.0833387,0.9999565,2.8032395e-05,1.4361951e-05,1.1722077e-06,N,N
CF09_Hindi_N_0003.npy,8.533437,-4.2215877,-4.2634916,-4.407426,0.999992,2.887753e-06,2.7692436e-06,2.3980117e-06,N,N
CM03_English_N_0072.npy,6.8301435,-3.0781298,-3.7384646,-3.7794318,0.99989986,4.9756283e-05,2.5707997e-05,2.4676103e-05,N,N
CM30_Gujarati_N_0019.npy,7.203997,-2.3180242,-4.019099,-5.7247224,0.99991095,7.321499e-05,1.3360795e-05,2.4271117e-06,N,N
CM05_Hindi_N_0127.npy,7.2940173,-3.0792465,-3.7168617,-5.121338,0.99994814,3.1255466e-05,1.6520124e-05,4.0556183e-06,N,N
CF14_English_N_0028.npy,8.359867,-3.3205557,-3.798714,-6.5724735,0.99998593,8.4576695e-06,5.2431146e-06,3.273111e-07,N,N
CM27_Gujarati_N_0038.npy,6.086479,-3.0161386,-2.8512592,-3.9832299,0.99971503,0.0001113422,0.0001313003,4.2330874e-05,N,N
CF14_English_N_0033.npy,5.3211102,-3.954097,-1.7495517,-3.0713649,0.99883133,9.360968e-05,0.00084867753,0.00022630102,N,N
CF14_English_N_0039.npy,6.657392,-3.6299171,-3.646854,-2.8514085,0.99985826,3.40578e-05,3.3485845e-05,7.418547e-05,N,N
CM03_English_N_0032.npy,7.1588626,-3.7269316,-3.2332609,-4.5549226,0.9999424,1.872125e-05,3.0671377e-05,8.179801e-06,N,N
CF04_Hindi_N_0044.npy,8.552501,-3.916646,-3.8889399,-5.3560967,0.9999913,3.8433914e-06,3.9513657e-06,9.11106e-07,N,N
CM35_English_N_0086.npy,8.094754,-3.9196374,-4.308195,-4.1289835,0.999985,6.056328e-06,4.1063977e-06,4.9123764e-06,N,N
CF14_Gujarati_N_0068.npy,5.732681,-2.9554024,-3.1183186,-3.2180097,0.9995586,0.00016850837,0.00014317523,0.00012959042,N,N
CF18_English_N_0035.npy,8.23355,-4.110747,-4.1449127,-4.277441,0.99998784,4.354462e-06,4.2082024e-06,3.6858728e-06,N,N
CM05_English_N_0089.npy,7.746082,-2.6067924,-3.9410877,-6.6407304,0.99995923,3.1899654e-05,8.4005715e-06,5.6476676e-07,N,N
CM38_English_N_0052.npy,6.289994,-2.8757133,-3.2750556,-3.923248,0.9997887,0.000104542385,7.0122944e-05,3.6673617e-05,N,N
CM05_Hindi_N_0066.npy,7.541987,-2.5332332,-3.8909564,-6.4569054,0.99994624,4.2107957e-05,1.08320955e-05,8.32406e-07,N,N
CF02_English_N_0070.npy,7.9554396,-3.8555992,-3.755739,-4.9102225,0.99998176,7.4220347e-06,8.201472e-06,2.5852721e-06,N,N
CF09_Hindi_N_0059.npy,8.481111,-3.5638373,-4.24582,-5.551174,0.99999034,5.874102e-06,2.970025e-06,8.05104e-07,N,N
CF02_English_N_0079.npy,7.6411433,-3.668709,-3.4917665,-5.0136337,0.99996984,1.2251248e-05,1.4622635e-05,3.1921763e-06,N,N
CF02_English_N_0007.npy,5.4505706,-2.5188346,-2.9845452,-4.0542884,0.999363,0.0003456643,0.00021696965,7.444156e-05,N,N
CM16_Hindi_N_0014.npy,7.849389,-3.7140555,-3.407364,-5.44683,0.9999759,9.507133e-06,1.2919444e-05,1.6807962e-06,N,N
CF09_Hindi_N_0123.npy,8.257464,-3.7790291,-3.7059777,-5.5469155,0.99998677,5.9239533e-06,6.372906e-06,1.0111789e-06,N,N
CM30_English_N_0053.npy,8.302388,-3.2207723,-4.097299,-5.7334576,0.9999851,9.89802e-06,4.1198177e-06,8.0223793e-07,N,N
CF04_Hindi_N_0144.npy,7.7760587,-3.369447,-4.0194063,-4.6530757,0.999974,1.4439661e-05,7.5384687e-06,4.0002233e-06,N,N
CF09_Hindi_N_0140.npy,8.754027,-4.259479,-4.3429627,-4.732426,0.9999944,2.2299942e-06,2.0513833e-06,1.3896488e-06,N,N
CM38_English_N_0115.npy,8.09559,-3.5275922,-3.805477,-5.534337,0.9999831,8.955889e-06,6.7830506e-06,1.2039009e-06,N,N
CM03_English_N_0005.npy,5.436339,-1.5636133,-2.7223463,-5.7858343,0.99878997,0.00091082195,0.000285892,1.33581425e-05,N,N
CF09_Hindi_N_0127.npy,8.12963,-3.9177144,-3.9970074,-4.5662656,0.9999857,5.860015e-06,5.4132997e-06,3.0636288e-06,N,N
CM38_English_N_0135.npy,8.275611,-3.6553736,-3.9609785,-5.176643,0.9999871,6.583149e-06,4.849658e-06,1.4379872e-06,N,N
CM30_Gujarati_N_0033.npy,7.29429,-2.1233058,-3.9777775,-6.6715636,0.9999051,8.127348e-05,1.2722189e-05,8.6033106e-07,N,N
CM38_English_N_0059.npy,7.292762,-3.2537165,-3.8178737,-4.169575,0.99994826,2.628453e-05,1.495167e-05,1.0518351e-05,N,N
CF20_Gujarati_N_0006.npy,7.84943,-3.6513638,-3.9283693,-4.3170443,0.999977,1.0121827e-05,7.672849e-06,5.201844e-06,N,N
CM05_English_N_0055.npy,6.8069544,-2.0454152,-3.8411245,-6.773956,0.9998319,0.00014301838,2.3742428e-05,1.2641915e-06,N,N
CM16_Hindi_N_0027.npy,7.5647407,-3.7307377,-3.3342938,-4.4604964,0.99996305,1.2428532e-05,1.8475383e-05,5.990869e-06,N,N
CF09_English_N_0008.npy,8.685621,-4.009596,-4.139682,-4.794214,0.99999285,3.065732e-06,2.6917735e-06,1.3988745e-06,N,N
CM05_Hindi_N_0026.npy,7.608475,-2.5449853,-4.061365,-6.6444554,0.99995184,3.893922e-05,8.54736e-06,6.45669e-07,N,N
CF09_Hindi_N_0156.npy,7.873901,-3.7994847,-3.9160297,-3.9643312,0.99997663,8.517318e-06,7.580331e-06,7.2228895e-06,N,N
CF14_Hindi_N_0047.npy,7.5351205,-4.4915648,-4.042994,-2.519072,0.9999416,5.9820686e-06,9.368356e-06,4.300256e-05,N,N
CM35_English_N_0078.npy,8.527641,-3.4574506,-3.639894,-6.5561905,0.9999882,6.2364215e-06,5.196384e-06,2.8130015e-07,N,N
CF04_Hindi_N_0104.npy,8.088262,-4.3260055,-4.208948,-3.7841382,0.9999844,4.0601844e-06,4.5643915e-06,6.980319e-06,N,N
CF18_English_N_0044.npy,8.462761,-4.0502934,-3.915826,-4.483859,0.99998975,3.6782842e-06,4.207689e-06,2.3842397e-06,N,N
CF14_Hindi_N_0057.npy,7.9030166,-3.547827,-3.8786378,-4.6163416,0.99997807,1.0640259e-05,7.643337e-06,3.6551273e-06,N,N
CF14_Hindi_N_0101.npy,7.194944,-3.7078466,-2.9957943,-4.6923046,0.9999372,1.8405648e-05,3.7513808e-05,6.8771114e-06,N,N
CF14_Hindi_N_0048.npy,8.356069,-4.702988,-3.875718,-3.6191168,0.99998665,2.1306773e-06,4.873004e-06,6.298502e-06,N,N
CF04_Hindi_N_0083.npy,7.8369536,-4.3673234,-3.1506128,-4.475937,0.99997354,5.0088533e-06,1.6910219e-05,4.493326e-06,N,N
CF04_English_N_0117.npy,7.365328,-3.3358686,-3.7987986,-4.102415,0.9999528,2.2516913e-05,1.4172974e-05,1.0461694e-05,N,N
CM05_Hindi_N_0019.npy,6.6951284,-1.5074099,-3.8351154,-6.8957453,0.99969816,0.00027387455,2.6708043e-05,1.2514902e-06,N,N
CM24_Gujarati_N_0023.npy,6.800757,-3.070441,-2.7441113,-5.927259,0.9998739,5.163433e-05,7.155855e-05,2.966458e-06,N,N
CF14_Hindi_N_0149.npy,6.942637,-2.9952426,-3.583862,-4.3143167,0.9999119,4.8305377e-05,2.6813988e-05,1.2916018e-05,N,N
CM30_Gujarati_N_0043.npy,8.149407,-3.1873012,-4.1807613,-5.4610715,0.9999825,1.1926763e-05,4.4163976e-06,1.2275418e-06,N,N
CF04_Hindi_N_0020.npy,8.835055,-4.8700533,-4.1640797,-3.319234,0.9999913,1.116717e-06,2.2622658e-06,5.2656924e-06,N,N
CF04_English_N_0034.npy,8.183345,-3.8335423,-3.861479,-4.832192,0.99998593,6.041237e-06,5.8748046e-06,2.22545e-06,N,N
CM35_English_N_0044.npy,8.284061,-3.764676,-4.1352196,-4.985271,0.9999883,5.851871e-06,4.039892e-06,1.7266204e-06,N,N
CM35_English_N_0057.npy,7.300142,-3.27175,-3.8861558,-4.148706,0.99994993,2.5625008e-05,1.3862164e-05,1.0661218e-05,N,N
CF14_English_N_0001.npy,5.3153596,-4.369708,-2.7445135,-0.16530433,0.9954758,6.192401e-05,0.00031453726,0.0041477126,N,N
CM24_Gujarati_N_0026.npy,5.9174614,-2.491908,-3.1919389,-3.9469113,0.9996147,0.00022268445,0.000110578476,5.197449e-05,N,N
CM30_English_N_0017.npy,8.192477,-3.7759714,-4.196245,-5.084625,0.9999877,6.3410835e-06,4.1652484e-06,1.7132579e-06,N,N
CM03_English_N_0040.npy,4.1788526,-1.6676022,-2.0992928,-4.831176,0.99513465,0.002876066,0.0018677468,0.00012158389,N,N
CM05_Hindi_N_0053.npy,8.295709,-3.171235,-4.005646,-5.724998,0.99998415,1.0470386e-05,4.5455076e-06,8.144751e-07,N,N
CF14_Hindi_N_0077.npy,7.64178,-4.120803,-3.9518957,-2.872285,0.9999559,7.790333e-06,9.223834e-06,2.715067e-05,N,N
CF02_English_N_0096.npy,6.5229425,-3.1983166,-3.2007945,-3.8516166,0.99984896,5.9985356e-05,5.9836915e-05,3.1211923e-05,N,N
CF09_Hindi_N_0135.npy,8.754653,-4.8896556,-4.283103,-3.2906597,0.9999908,1.18672e-06,2.1765595e-06,5.8719597e-06,N,N
CM38_English_N_0136.npy,7.1732526,-3.066337,-3.989818,-3.8744187,0.9999342,3.5725156e-05,1.418768e-05,1.5923142e-05,N,N
CM30_Gujarati_N_0056.npy,8.475723,-3.5525672,-3.9283786,-6.013227,0.9999895,5.972761e-06,4.101684e-06,5.099459e-07,N,N
CM38_English_N_0012.npy,8.19799,-4.269524,-3.8115249,-4.6426206,0.99998736,3.8496564e-06,6.085946e-06,2.6508687e-06,N,N
CM05_English_N_0093.npy,8.235318,-3.0950007,-4.0764403,-6.3178654,0.99998295,1.2003222e-05,4.4984613e-06,4.782173e-07,N,N
CM30_Gujarati_N_0037.npy,8.233255,-3.5961678,-4.082729,-5.2971005,0.9999869,7.286873e-06,4.4795056e-06,1.3299508e-06,N,N
CM35_English_N_0071.npy,7.9951577,-3.4942737,-3.7823038,-5.302289,0.99998045,1.02375225e-05,7.675467e-06,1.6787404e-06,N,N
CF14_English_N_0010.npy,8.08887,-4.2787156,-4.148204,-3.5778556,0.99998224,4.2541997e-06,4.8472857e-06,8.574286e-06,N,N
CF20_Gujarati_N_0061.npy,7.8832917,-4.0315638,-3.650508,-4.346497,0.99997866,6.69013e-06,9.793208e-06,4.8827105e-06,N,N
CF09_Hindi_N_0008.npy,8.021535,-3.5900965,-4.2508125,-4.5106525,0.9999827,9.059934e-06,4.679287e-06,3.6085494e-06,N,N
CF02_Gujarati_N_0014.npy,6.96088,-3.52048,-3.1606042,-4.5301633,0.99992156,2.8052356e-05,4.0203267e-05,1.0220435e-05,N,N
CF14_Gujarati_N_0010.npy,8.790918,-3.8291962,-4.006378,-5.717406,0.99999344,3.3048454e-06,2.7682281e-06,5.0016376e-07,N,N
CM35_English_N_0115.npy,8.437747,-3.8289413,-4.0280504,-5.5231175,0.9999906,4.70588e-06,3.856283e-06,8.647076e-07,N,N
CM03_English_N_0075.npy,6.766564,-2.997778,-3.546018,-4.2758164,0.9998933,5.7458477e-05,3.320903e-05,1.6006958e-05,N,N
CF04_Hindi_N_0124.npy,8.390393,-3.8746839,-3.9193823,-5.2301927,0.9999895,4.713461e-06,4.507419e-06,1.2152061e-06,N,N
CM35_English_N_0051.npy,7.7061276,-3.5027127,-3.910668,-4.540953,0.9999726,1.3553472e-05,9.013177e-06,4.798975e-06,N,N
CM38_English_N_0036.npy,7.9216123,-3.302422,-3.839909,-5.6015544,0.9999776,1.3349165e-05,7.798776e-06,1.3395336e-06,N,N
CM05_Hindi_N_0029.npy,7.3307595,-2.9127228,-3.5437438,-5.6421657,0.99994314,3.558667e-05,1.8933835e-05,2.3222315e-06,N,N
CF14_Hindi_N_0053.npy,7.686166,-3.2773433,-3.8405616,-4.856993,0.99996924,1.7321892e-05,9.862623e-06,3.5691244e-06,N,N
CF02_Gujarati_N_0055.npy,6.3947268,-3.62324,-3.4694176,-2.4925554,0.99976534,4.458104e-05,5.1994164e-05,0.00013810213,N,N
CM03_English_N_0033.npy,5.6984696,-2.6453118,-3.16172,-3.1937888,0.999483,0.00023774816,0.0001418548,0.0001373778,N,N
CM35_English_N_0055.npy,8.07698,-3.1263704,-4.0988684,-6.005974,0.99998045,1.3628197e-05,5.1533293e-06,7.653191e-07,N,N
CF04_English_N_0107.npy,8.087256,-4.462749,-3.8083715,-3.3455935,0.9999788,3.5448093e-06,6.820013e-06,1.083346e-05,N,N
CM05_Hindi_N_0084.npy,7.701146,-3.2283492,-3.986918,-5.1253867,0.99997103,1.7921242e-05,8.39316e-06,2.688408e-06,N,N
CF18_English_N_0006.npy,7.140545,-3.7894354,-2.867274,-4.819891,0.9999306,1.7911821e-05,4.50432e-05,6.3917323e-06,N,N
CM38_English_N_0098.npy,8.013686,-3.542832,-3.9262958,-4.5966797,0.99998057,9.573248e-06,6.524143e-06,3.337177e-06,N,N
CM38_English_N_0018.npy,6.158577,-4.088659,-2.8983715,-1.8133311,0.99950314,3.543774e-05,0.000116520234,0.0003448486,N,N
CF14_Hindi_N_0076.npy,8.427776,-4.2478538,-4.1511507,-4.206284,0.9999901,3.1263621e-06,3.4437935e-06,3.2590663e-06,N,N
CF14_Hindi_N_0083.npy,7.8426685,-3.7781596,-3.9365544,-4.0710316,0.99997675,8.976937e-06,7.661937e-06,6.6978546e-06,N,N
CF09_English_N_0022.npy,8.487544,-3.9361806,-4.287472,-4.996374,0.9999918,4.0219916e-06,2.830594e-06,1.3931734e-06,N,N
CF14_Hindi_N_0126.npy,6.788465,-3.833171,-3.1612847,-3.931415,0.9999058,2.4380435e-05,4.7735073e-05,2.2099088e-05,N,N
CF09_Hindi_N_0128.npy,8.484087,-4.911217,-4.2959137,-3.145845,0.99998677,1.5222563e-06,2.8165045e-06,8.895673e-06,N,N
CF14_Gujarati_N_0018.npy,6.5866857,-4.4510226,-3.4709861,-1.6835196,0.99968517,1.607857e-05,4.284222e-05,0.00025595204,N,N
CF04_Hindi_N_0043.npy,8.021163,-4.600781,-3.9285018,-2.721449,0.99996865,3.298721e-06,6.461194e-06,2.1603759e-05,N,N
CF09_Hindi_N_0039.npy,8.296157,-3.9083004,-4.1969805,-4.3151336,0.99998796,5.008023e-06,3.7522705e-06,3.3341191e-06,N,N
CF09_English_N_0023.npy,8.3742,-3.6199768,-3.971074,-5.080886,0.9999881,6.180022e-06,4.3502123e-06,1.4339215e-06,N,N
CF14_Hindi_N_0090.npy,5.249984,-3.0197515,-2.081902,-4.4737897,0.9990306,0.00025590474,0.0006537041,5.978571e-05,N,N
CF04_Hindi_N_0076.npy,8.806661,-4.035499,-4.1297264,-5.3778973,0.9999943,2.6467844e-06,2.4087735e-06,6.9138866e-07,N,N
CM38_English_N_0085.npy,7.5290856,-3.8297555,-3.748853,-3.487103,0.99995923,1.1665419e-05,1.2648403e-05,1.643283e-05,N,N
CF04_English_N_0066.npy,7.982843,-4.3783503,-3.9252615,-3.4777684,0.9999784,4.2814695e-06,6.735452e-06,1.053684e-05,N,N
CM27_Gujarati_N_0049.npy,6.3373833,-1.7331039,-3.5442286,-6.660272,0.999634,0.00031251658,5.1087136e-05,2.264805e-06,N,N
CF09_Hindi_N_0122.npy,8.405213,-4.4684916,-3.9787083,-3.9608004,0.99998903,2.5645797e-06,4.185298e-06,4.260924e-06,N,N
CF02_English_N_0057.npy,6.7395434,-3.6268692,-2.8593154,-3.9570866,0.99987805,3.1468135e-05,6.77978e-05,2.2618275e-05,N,N
CF14_English_N_0040.npy,8.100013,-3.7533827,-3.7282681,-5.415383,0.99998426,7.114247e-06,7.295177e-06,1.349992e-06,N,N
CM38_English_N_0139.npy,8.2657995,-3.834709,-4.0631833,-4.682239,0.9999876,5.556617e-06,4.4216586e-06,2.380856e-06,N,N
CM05_Hindi_N_0106.npy,7.5182443,-3.1222868,-3.8101852,-4.9813857,0.9999603,2.392537e-05,1.2025647e-05,3.7278842e-06,N,N
CM03_English_N_0022.npy,7.5305753,-2.5102746,-3.9128284,-6.160157,0.99994457,4.3580312e-05,1.07193655e-05,1.1328337e-06,N,N
CM16_Hindi_N_0041.npy,7.467582,-4.0237694,-3.3207636,-3.944054,0.99995804,1.0217649e-05,2.0637779e-05,1.10655e-05,N,N
CM24_Gujarati_N_0001.npy,7.0515037,-3.4440265,-3.0149472,-5.7667117,0.99992716,2.7657796e-05,4.2478016e-05,2.710742e-06,N,N
CF14_Hindi_N_0075.npy,7.809077,-3.2232077,-3.7990012,-5.4243712,0.99997294,1.6170663e-05,9.092096e-06,1.7896775e-06,N,N
CF18_English_N_0052.npy,8.149892,-4.2774425,-3.7896676,-3.9221609,0.99998367,4.007471e-06,6.5269146e-06,5.716983e-06,N,N
CF09_Hindi_N_0088.npy,8.258206,-3.5669851,-4.114458,-5.198958,0.999987,7.3177735e-06,4.2326706e-06,1.4309418e-06,N,N
CF14_Gujarati_N_0004.npy,8.26059,-4.5991035,-4.127315,-2.9314103,0.9999795,2.6007413e-06,4.1686194e-06,1.3783753e-05,N,N
CF02_Gujarati_N_0054.npy,8.101941,-3.7486496,-3.855137,-4.8623815,0.99998415,7.1342274e-06,6.4135743e-06,2.3423897e-06,N,N
CM05_Hindi_N_0030.npy,8.26227,-4.1899004,-4.256409,-3.8393984,0.9999869,3.909178e-06,3.6576423e-06,5.5501732e-06,N,N
CF14_Gujarati_N_0024.npy,6.925431,-5.2669215,-3.351005,-0.84683526,0.9995395,5.0667395e-06,3.4419183e-05,0.00042106363,N,N
CM24_Gujarati_N_0055.npy,7.500997,-3.202671,-3.4449615,-5.6136885,0.9999579,2.2461436e-05,1.7628368e-05,2.0153311e-06,N,N
CF18_English_N_0024.npy,7.5810895,-4.103691,-3.111299,-4.795959,0.9999646,8.420718e-06,2.271639e-05,4.2140605e-06,N,N
CF04_English_N_0106.npy,7.654864,-3.6118937,-3.6395235,-4.13824,0.9999672,1.2790719e-05,1.2442151e-05,7.556239e-06,N,N
CF14_English_N_0025.npy,8.092225,-3.797145,-4.0222325,-4.4994445,0.99998426,6.862864e-06,5.4796255e-06,3.4001712e-06,N,N
CM38_English_N_0013.npy,6.913813,-3.4268222,-3.2323403,-4.426294,0.99991655,3.2291104e-05,3.9223403e-05,1.1885511e-05,N,N
CF04_Hindi_N_0066.npy,8.19695,-4.077708,-3.6139038,-4.487554,0.99998486,4.6684972e-06,7.423432e-06,3.0987287e-06,N,N
CM27_Gujarati_N_0008.npy,6.732061,-2.2431602,-3.5249481,-6.426232,0.99983644,0.0001264852,3.510479e-05,1.9291012e-06,N,N
CM38_English_N_0082.npy,7.0701737,-3.1592336,-3.6633248,-4.223569,0.99992967,3.6090616e-05,2.1800692e-05,1.2449706e-05,N,N
CM05_Hindi_N_0082.npy,7.731601,-2.5701993,-3.9929705,-6.8674192,0.9999579,3.3571174e-05,8.092174e-06,4.567809e-07,N,N
CM30_English_N_0029.npy,7.378265,-2.0877542,-3.9513192,-6.723973,0.99990976,7.7432116e-05,1.201116e-05,7.506488e-07,N,N
CF18_English_N_0017.npy,8.375748,-3.7219405,-4.0831985,-4.9123836,0.9999888,5.572316e-06,3.8827866e-06,1.694466e-06,N,N
CM03_English_N_0066.npy,5.5832343,-2.8511496,-2.229486,-5.4214964,0.99936193,0.0002171284,0.00040429787,1.6612279e-05,N,N
CM27_Gujarati_N_0053.npy,6.861343,-3.1365967,-3.0459774,-4.8612075,0.9998965,4.548884e-05,4.9803588e-05,8.108045e-06,N,N
CM24_Gujarati_N_0063.npy,6.0319333,-2.663903,-2.8075054,-5.0020556,0.9996717,0.00016722598,0.00014485653,1.6138267e-05,N,N
CF04_English_N_0095.npy,8.767075,-5.1123147,-4.5071254,-2.6942158,0.9999869,9.3810695e-07,1.718234e-06,1.0529776e-05,N,N
CM38_English_N_0066.npy,8.016235,-3.2576592,-3.9758186,-5.475966,0.99997973,1.2699923e-05,6.1931037e-06,1.3816652e-06,N,N
CF04_Hindi_N_0062.npy,8.298506,-3.411487,-4.168589,-5.3610854,0.99998677,8.211241e-06,3.85127e-06,1.1687159e-06,N,N
CF04_Hindi_N_0132.npy,7.974385,-4.2767353,-3.5787396,-4.2065415,0.99998045,4.77967e-06,9.605796e-06,5.127226e-06,N,N
CF14_English_N_0038.npy,7.6451836,-4.1140075,-3.710003,-3.3143713,0.99996316,7.816854e-06,1.17081745e-05,1.7390412e-05,N,N
CF04_Hindi_N_0120.npy,8.62939,-3.792931,-4.175509,-5.265919,0.99999225,4.027643e-06,2.7472588e-06,9.2329486e-07,N,N
CM38_English_N_0093.npy,7.96455,-2.9245436,-3.7420392,-6.3549943,0.99997246,1.866014e-05,8.239126e-06,6.040726e-07,N,N
CM35_English_N_0008.npy,6.44445,-2.5245585,-3.4863224,-4.834929,0.9998115,0.00012727035,4.8645008e-05,1.2628335e-05,N,N
CM05_Hindi_N_0072.npy,7.1415954,-3.7272353,-3.583621,-3.7160063,0.9999398,1.904148e-05,2.1982232e-05,1.925651e-05,N,N
CM35_English_N_0065.npy,8.086779,-3.1546202,-3.7930703,-6.2168765,0.9999794,1.3119387e-05,6.928487e-06,6.137511e-07,N,N
CM35_English_N_0069.npy,8.393938,-3.7171402,-3.9505348,-5.606597,0.9999893,5.4982042e-06,4.353704e-06,8.31075e-07,N,N
CM05_Hindi_N_0051.npy,7.5655003,-2.3068304,-3.6931474,-6.8893604,0.99993503,5.1579016e-05,1.2894458e-05,5.2760095e-07,N,N
CF14_Hindi_N_0006.npy,2.184725,-3.3979394,-0.3248652,-1.3033983,0.89636075,0.0033725817,0.07287552,0.02739114,N,N
CM03_English_N_0045.npy,2.612065,-0.7070928,-1.844713,-3.1910865,0.9516549,0.034434006,0.01103889,0.0028721213,N,N
CF14_English_N_0009.npy,-0.4245717,-0.2978452,0.46009812,-3.1109502,0.21619667,0.24540626,0.5236682,0.014728877,M,N
CM35_English_N_0010.npy,7.4737926,-4.2415915,-3.7419019,-2.9987025,0.99995005,8.166799e-06,1.346059e-05,2.8302937e-05,N,N
CF14_Hindi_N_0001.npy,5.926769,-2.5694547,-3.152733,-4.301152,0.9996458,0.00020416589,0.00011393798,3.6134054e-05,N,N
CF04_Hindi_N_0142.npy,8.671411,-3.7578902,-4.2742653,-5.3142395,0.9999927,3.9996344e-06,2.3864993e-06,8.4354093e-07,N,N
CM03_English_N_0070.npy,6.2049637,-2.4853559,-3.2257504,-4.1418977,0.99971956,0.0001681592,8.019943e-05,3.2084376e-05,N,N
CF20_Gujarati_N_0027.npy,8.005842,-3.6233115,-3.9604845,-4.782356,0.999982,8.902555e-06,6.3545167e-06,2.7934968e-06,N,N
CF14_Hindi_N_0094.npy,8.377118,-4.004779,-4.1386104,-4.3616424,0.99998915,4.193781e-06,3.6684592e-06,2.9350947e-06,N,N
CF09_Hindi_N_0145.npy,8.165924,-3.8041782,-3.9997625,-4.3821983,0.99998486,6.330588e-06,5.205985e-06,3.5515106e-06,N,N
CM05_English_N_0005.npy,8.118121,-3.3307576,-3.9991698,-5.2940025,0.99998236,1.0661228e-05,5.4641164e-06,1.4968595e-06,N,N
CM38_English_N_0124.npy,7.6774044,-2.9653459,-3.570246,-5.9187245,0.99996185,2.3872391e-05,1.30374e-05,1.2452596e-06,N,N
CF18_English_N_0051.npy,8.549073,-3.7009904,-3.884302,-5.9347954,0.9999908,4.784768e-06,3.9833617e-06,5.125448e-07,N,N
CF04_English_N_0031.npy,8.054969,-3.7372227,-4.174086,-4.580004,0.99998426,7.563267e-06,4.88632e-06,3.256071e-06,N,N
CF14_Hindi_N_0095.npy,8.715938,-4.3426723,-3.9157796,-4.846423,0.9999933,2.1316448e-06,3.2667192e-06,1.2880676e-06,N,N
CF09_Hindi_N_0142.npy,8.354371,-4.083566,-4.0853806,-4.506427,0.9999895,3.965228e-06,3.958038e-06,2.5978968e-06,N,N
CM16_Hindi_N_0084.npy,6.9853697,-4.4232965,-2.7095761,-4.164643,0.99991286,1.109791e-05,6.1588624e-05,1.4373848e-05,N,N
CF14_English_N_0027.npy,8.068572,-3.9308825,-3.9105268,-4.1228213,0.9999825,6.1474575e-06,6.2738727e-06,5.073851e-06,N,N
CF02_English_N_0054.npy,8.2397,-4.192044,-4.313071,-3.882587,0.999987,3.9898514e-06,3.5350483e-06,5.4369048e-06,N,N
CM05_Hindi_N_0027.npy,6.507525,-1.0209973,-4.166505,-6.9368253,0.9994382,0.0005372299,2.3125094e-05,1.4486012e-06,N,N
CM05_Hindi_N_0124.npy,7.6574993,-2.9957345,-3.8871262,-5.3093276,0.99996436,2.3623485e-05,9.687627e-06,2.3364848e-06,N,N
CM16_Hindi_N_0025.npy,8.023349,-3.087175,-3.8595514,-6.0745044,0.99997735,1.4953788e-05,6.9073612e-06,7.539986e-07,N,N
CF14_Hindi_N_0079.npy,7.7615247,-3.8851082,-3.9992995,-3.6737223,0.9999727,8.7482185e-06,7.804178e-06,1.0807452e-05,N,N
CF02_English_N_0004.npy,6.325759,-3.7849007,-3.9819503,-1.5965843,0.99956363,4.0626255e-05,3.336026e-05,0.00036239356,N,N
CM05_English_N_0048.npy,7.6158376,-3.1539264,-3.8592615,-4.8090034,0.9999646,2.1024978e-05,1.0385137e-05,4.017397e-06,N,N
CF02_Gujarati_N_0036.npy,7.3173833,-3.8331552,-3.006374,-4.909491,0.9999478,1.43667985e-05,3.2841774e-05,4.89681e-06,N,N
CF09_Hindi_N_0055.npy,7.5065618,-3.7098837,-3.7414498,-3.9443321,0.9999629,1.3450652e-05,1.30327035e-05,1.0639569e-05,N,N
CF02_English_N_0090.npy,7.1731863,-3.0291004,-3.7045612,-5.226449,0.9999399,3.708319e-05,1.8872446e-05,4.1198437e-06,N,N
CF14_Hindi_N_0019.npy,3.031362,-2.5133944,-1.6865627,-1.2433007,0.97393906,0.0038060516,0.008700879,0.013554054,N,N
CF14_Hindi_N_0009.npy,2.6300306,-3.7142668,-0.024843965,-1.7664205,0.92218137,0.0016200298,0.06483641,0.011362188,N,N
CM38_English_N_0123.npy,8.264521,-3.4152298,-4.2091465,-5.1181183,0.9999862,8.46336e-06,3.8260373e-06,1.541657e-06,N,N
CF09_Hindi_N_0153.npy,7.6196733,-4.9696183,-3.7633414,-1.7686322,0.9999014,3.4079824e-06,1.1386145e-05,8.3688894e-05,N,N
CM24_Gujarati_N_0015.npy,7.3346667,-3.0624793,-3.741697,-5.020744,0.9999497,3.051792e-05,1.5473e-05,4.3061737e-06,N,N
CF09_Hindi_N_0081.npy,7.9056306,-5.006066,-4.122686,-2.0112672,0.9999422,2.4688595e-06,5.9723247e-06,4.9331113e-05,N,N
CM03_English_N_0089.npy,5.006997,-1.5712713,-2.6758146,-5.2796326,0.9981186,0.0013876389,0.00045981107,3.402167e-05,N,N
CM38_English_N_0038.npy,7.6060843,-2.5233479,-4.043412,-5.6906867,0.9999497,3.9886083e-05,8.723008e-06,1.6798243e-06,N,N
CM30_English_N_0009.npy,7.5326195,-3.0597174,-3.912589,-4.8199563,0.9999598,2.5106676e-05,1.0700193e-05,4.3184436e-06,N,N
CM03_English_N_0036.npy,4.5623794,-1.0256343,-2.795752,-5.301278,0.9955877,0.0037259415,0.00063457596,5.1802144e-05,N,N
CM27_Gujarati_N_0027.npy,6.1338315,-2.998207,-2.687438,-4.657572,0.99972373,0.00010811507,0.00014752008,2.0569954e-05,N,N
CM16_Hindi_N_0067.npy,4.9972177,-3.9480743,-1.6491153,-3.231206,0.99830675,0.00013012876,0.0012965773,0.0002665047,N,N
CM03_English_N_0080.npy,5.8739977,-2.765284,-2.671836,-4.6908317,0.9996031,0.00017694365,0.00019427603,2.5797684e-05,N,N
CM05_Hindi_N_0005.npy,7.5638146,-3.0572386,-3.8586707,-5.8550463,0.99996316,2.439602e-05,1.0946157e-05,1.4867794e-06,N,N
CF04_Hindi_N_0024.npy,8.461282,-4.6819463,-3.7588465,-3.400989,0.99998605,1.9586748e-06,4.9301457e-06,7.0514006e-06,N,N
CM30_English_N_0027.npy,7.752539,-2.651372,-3.7382553,-6.7440624,0.9999589,3.031243e-05,1.022336e-05,5.0604405e-07,N,N
CF14_Gujarati_N_0048.npy,8.053671,-3.2951107,-3.8350334,-5.6687007,0.9999802,1.1783605e-05,6.8674062e-06,1.0975921e-06,N,N
CF04_English_N_0037.npy,8.41631,-3.7572503,-3.743572,-5.8692517,0.9999889,5.165172e-06,5.2363093e-06,6.2496287e-07,N,N
CF09_Hindi_N_0001.npy,8.633737,-4.2043242,-4.381648,-4.204558,0.9999924,2.6576508e-06,2.225804e-06,2.6570274e-06,N,N
CM38_English_N_0007.npy,7.2441745,-4.048758,-3.354424,-3.8783627,0.9999479,1.246003e-05,2.4949653e-05,1.4774769e-05,N,N
CM24_Gujarati_N_0062.npy,6.5839314,-2.7493892,-3.278037,-5.5412016,0.9998541,8.841521e-05,5.2112024e-05,5.420734e-06,N,N
CF02_Gujarati_N_0040.npy,8.219806,-4.443912,-4.073119,-3.4878926,0.999984,3.1638112e-06,4.5839893e-06,8.230079e-06,N,N
CF20_Gujarati_N_0017.npy,6.456578,-4.9176354,-2.357335,-2.7062168,0.99973506,1.1484891e-05,0.00014861103,0.00010484169,N,N
CF20_Gujarati_N_0007.npy,7.484202,-2.9025536,-3.8236592,-4.911928,0.9999528,3.0836785e-05,1.2275458e-05,4.134365e-06,N,N
CF09_Hindi_N_0053.npy,8.283448,-4.272922,-4.2471676,-3.8274033,0.99998736,3.5223493e-06,3.614242e-06,5.499442e-06,N,N
CF14_Hindi_N_0058.npy,7.260673,-3.1661139,-3.4797204,-4.899824,0.9999435,2.9626453e-05,2.1651189e-05,5.2328514e-06,N,N
CM16_Hindi_N_0034.npy,6.4973407,-2.8241966,-3.3697202,-5.2332726,0.99985063,8.946291e-05,5.184718e-05,8.042561e-06,N,N
CF04_Hindi_N_0089.npy,8.529815,-3.8075483,-4.2002964,-5.1409492,0.99999154,4.384777e-06,2.9605974e-06,1.1557369e-06,N,N
CM38_English_N_0017.npy,7.6402555,-4.316746,-3.395522,-4.100305,0.9999695,6.4139695e-06,1.611422e-05,7.963906e-06,N,N
CF14_English_N_0017.npy,7.862757,-3.2628865,-3.9254875,-5.1099696,0.9999753,1.472935e-05,7.593113e-06,2.3227667e-06,N,N
CM35_English_N_0047.npy,8.320678,-3.209206,-4.184605,-5.845301,0.9999858,9.831702e-06,3.7069633e-06,7.0434777e-07,N,N
CM35_English_N_0082.npy,8.314937,-4.020608,-3.6753998,-5.73788,0.9999887,4.3927466e-06,6.2038052e-06,7.8874115e-07,N,N
CM05_Hindi_N_0065.npy,7.816468,-2.901119,-3.838688,-6.240026,0.9999684,2.2151218e-05,8.6739465e-06,7.8582997e-07,N,N
CM38_English_N_0081.npy,6.803911,-2.46937,-3.4788969,-5.6812615,0.99986815,9.388754e-05,3.4211793e-05,3.7818238e-06,N,N
CM03_English_N_0067.npy,6.0063643,-2.7340925,-2.8342772,-4.7540135,0.9996742,0.00015992869,0.0001446828,2.1217083e-05,N,N
CM35_English_N_0125.npy,8.005508,-3.3752697,-3.7901232,-5.737859,0.99998,1.1412533e-05,7.537263e-06,1.074788e-06,N,N
CF02_English_N_0017.npy,5.7820907,-2.9972963,-2.4700472,-5.258592,0.9995696,0.00015380622,0.00026058833,1.6028964e-05,N,N
CF18_English_N_0040.npy,7.9760375,-3.9853787,-3.955082,-4.393197,0.99998283,6.3858024e-06,6.582229e-06,4.2471975e-06,N,N
CF09_English_N_0036.npy,8.836897,-4.166575,-4.4429746,-4.8295293,0.9999949,2.2524848e-06,1.7085318e-06,1.1607656e-06,N,N
CM30_Gujarati_N_0044.npy,8.165509,-2.9012392,-4.023176,-6.560064,0.9999789,1.5622947e-05,5.0875888e-06,4.0249077e-07,N,N
CF09_English_N_0015.npy,8.582786,-3.798698,-4.272662,-5.27565,0.99999225,4.1955304e-06,2.6118403e-06,9.579758e-07,N,N
CM38_English_N_0096.npy,8.290271,-3.4061902,-3.946146,-5.571208,0.9999858,8.323108e-06,4.850489e-06,9.550588e-07,N,N
CM16_Hindi_N_0074.npy,5.904554,-3.6358767,-2.424929,-4.1619077,0.9996445,7.186038e-05,0.00024121099,4.2465563e-05,N,N
CF04_Hindi_N_0014.npy,8.539172,-3.796668,-3.949389,-5.3593273,0.9999908,4.3914574e-06,3.7694904e-06,9.2035293e-07,N,N
CM27_Gujarati_N_0047.npy,7.3464456,-2.9234917,-3.4696424,-5.8517127,0.9999435,3.4657583e-05,2.0072814e-05,1.8539079e-06,N,N
CF04_English_N_0060.npy,8.523849,-4.113081,-4.3383565,-4.635072,0.99999225,3.2497342e-06,2.5942497e-06,1.9281915e-06,N,N
CF09_Hindi_N_0129.npy,8.815299,-4.721836,-4.2360115,-3.6594238,0.9999927,1.3209725e-06,2.1472601e-06,3.822025e-06,N,N
CF04_English_N_0080.npy,7.375254,-4.6598277,-3.7074869,-2.063865,0.99989915,5.931801e-06,1.5373866e-05,7.954241e-05,N,N
CM30_Gujarati_N_0068.npy,7.763814,-3.1561782,-3.951682,-5.6866426,0.9999722,1.809237e-05,8.166062e-06,1.4405517e-06,N,N
CF20_Gujarati_N_0052.npy,6.8655467,-3.3259335,-3.19455,-3.7654004,0.9998956,3.7484424e-05,4.2747444e-05,2.4154218e-05,N,N
CF14_Hindi_N_0049.npy,8.403129,-4.3125668,-4.4226475,-3.9286046,0.99998987,3.0035803e-06,2.6904927e-06,4.409524e-06,N,N
CM05_Hindi_N_0031.npy,8.05642,-2.9860723,-3.7972374,-6.4216514,0.9999763,1.6006485e-05,7.1123245e-06,5.1551734e-07,N,N
CF04_Hindi_N_0057.npy,6.459662,-3.3505535,-3.453056,-2.689088,0.9997892,5.4876473e-05,4.953017e-05,0.000106330204,N,N
CF02_English_N_0036.npy,6.3637233,-3.0745544,-2.756372,-4.488278,0.9997917,7.960079e-05,0.000109421446,1.936178e-05,N,N
CF04_English_N_0046.npy,7.189162,-4.770765,-3.2182198,-3.2479904,0.9999341,6.39501e-06,3.0206695e-05,2.932067e-05,N,N
CM16_Hindi_N_0039.npy,7.4981647,-3.478623,-3.811337,-4.176568,0.9999621,1.7093274e-05,1.2255453e-05,8.505733e-06,N,N
CF09_English_N_0058.npy,8.187905,-3.606999,-3.9764252,-4.864466,0.9999851,7.542781e-06,5.2130504e-06,2.144966e-06,N,N
CM38_English_N_0051.npy,7.476084,-2.6955442,-3.4601574,-6.5035844,0.99994314,3.8237806e-05,1.780025e-05,8.4855964e-07,N,N
CF04_Hindi_N_0046.npy,8.607859,-4.114366,-4.157111,-4.7946687,0.9999926,2.9840396e-06,2.8591758e-06,1.5113093e-06,N,N
CF09_Hindi_N_0094.npy,8.27021,-3.6689076,-3.9747648,-5.0014706,0.999987,6.5298245e-06,4.80916e-06,1.7225689e-06,N,N
CF18_English_N_0031.npy,8.008286,-4.0334816,-3.7970905,-4.2596474,0.9999819,5.892759e-06,7.4641794e-06,4.6999817e-06,N,N
CM27_Gujarati_N_0066.npy,6.624131,-2.9270554,-3.511174,-4.0661917,0.99986637,7.110732e-05,3.964923e-05,2.2761127e-05,N,N
CM16_Hindi_N_0087.npy,4.953379,-2.6152058,-2.720842,-3.228281,0.99874073,0.0005157724,0.00046406724,0.000279385,N,N
CF14_English_N_0030.npy,7.455624,-3.0310583,-3.4228892,-5.772154,0.9999515,2.7904256e-05,1.8858216e-05,1.7998162e-06,N,N
CF18_English_N_0008.npy,6.2247477,-3.1303196,-3.3243837,-3.1611366,0.9997583,8.6504944e-05,7.124591e-05,8.387978e-05,N,N
CF09_Hindi_N_0024.npy,7.99161,-3.8737605,-3.838789,-4.908445,0.9999832,7.029552e-06,7.2797407e-06,2.497871e-06,N,N
CM24_Gujarati_N_0012.npy,6.3848977,-3.5210412,-2.6688638,-4.500289,0.99981445,4.9868315e-05,0.0001169286,1.8730212e-05,N,N
CM27_Gujarati_N_0033.npy,5.3319955,-3.4900665,-1.75918,-4.355817,0.9989592,0.00014729063,0.0008315519,6.197037e-05,N,N
CF04_English_N_0071.npy,7.117234,-5.3437705,-2.9990416,-1.5588242,0.9997851,3.8740145e-06,4.040768e-05,0.00017058554,N,N
CF14_English_N_0026.npy,5.380655,-3.5131674,-2.317182,-2.625517,0.99907637,0.00013710743,0.0004533886,0.00033309055,N,N
CF04_Hindi_N_0087.npy,8.820494,-4.5787263,-3.8579435,-4.7142005,0.99999404,1.5163182e-06,3.117612e-06,1.3242019e-06,N,N
CM27_Gujarati_N_0015.npy,5.975741,-2.0950181,-3.0553355,-6.400933,0.99956375,0.00031240968,0.000119581455,4.2139504e-06,N,N
CF20_Gujarati_N_0066.npy,8.174366,-3.816749,-3.9837594,-4.4492574,0.9999852,6.1989517e-06,5.245501e-06,3.2932435e-06,N,N
CM05_Hindi_N_0046.npy,6.925436,-3.0762491,-3.5503674,-4.512918,0.9999156,4.5319666e-05,2.8208484e-05,1.07733085e-05,N,N
CM38_English_N_0048.npy,7.6647115,-2.6773467,-4.1559167,-5.3893313,0.9999583,3.2246535e-05,7.351032e-06,2.1413275e-06,N,N
CF18_English_N_0022.npy,7.4497495,-3.465043,-3.6742876,-4.647222,0.9999615,1.818649e-05,1.4752834e-05,5.576161e-06,N,N
CM30_Gujarati_N_0029.npy,7.245032,-2.7317965,-4.2710967,-4.88223,0.99993813,4.6461322e-05,9.967404e-06,5.4096618e-06,N,N
CF02_Gujarati_N_0012.npy,7.9519143,-4.073773,-3.9127164,-4.1006484,0.99998116,5.988282e-06,7.0347423e-06,5.8294872e-06,N,N
CM05_Hindi_N_0126.npy,7.572815,-2.9307578,-3.8780224,-5.5762844,0.99995995,2.7437154e-05,1.0640136e-05,1.9471586e-06,N,N
CF02_English_N_0003.npy,7.0256715,-2.3151233,-3.673595,-6.557117,0.9998884,8.775988e-05,2.2558965e-05,1.2618898e-06,N,N
CM24_Gujarati_N_0006.npy,7.6134286,-3.251079,-3.5594618,-5.7270436,0.9999652,1.9124458e-05,1.4049475e-05,1.6080199e-06,N,N
CF09_Hindi_N_0118.npy,8.33191,-4.4407964,-4.0236254,-4.0602,0.9999887,2.837128e-06,4.3058035e-06,4.1511626e-06,N,N
CM24_Gujarati_N_0027.npy,6.36753,-2.2256823,-3.3804116,-5.6904817,0.99975044,0.00018531347,5.8400186e-05,5.7964694e-06,N,N
CM30_English_N_0001.npy,7.119127,-4.2508416,-3.383035,-3.26264,0.99993,1.1535994e-05,2.7475058e-05,3.099027e-05,N,N
CM03_English_N_0028.npy,-0.61320263,-0.35451725,2.1655998,-5.1482778,0.054331053,0.07037101,0.8747152,0.0005827603,M,N
CF14_Hindi_N_0081.npy,7.5509963,-3.3187127,-3.7485514,-4.4306993,0.99996233,1.902519e-05,1.2378062e-05,6.257481e-06,N,N
CM05_Hindi_N_0109.npy,8.219577,-3.1507485,-3.989233,-5.7296333,0.9999826,1.15324865e-05,4.9862456e-06,8.7483755e-07,N,N
CF20_Gujarati_N_0058.npy,6.5398517,-4.527893,-3.3601744,-1.1656518,0.99948406,1.5599662e-05,5.014748e-05,0.0004501096,N,N
CF04_English_N_0025.npy,8.624764,-3.861152,-4.317622,-5.22368,0.99999285,3.7794832e-06,2.394362e-06,9.67596e-07,N,N
CM03_English_N_0026.npy,1.2415265,-1.6148251,0.6698603,-3.7862592,0.6140185,0.035292603,0.346665,0.004023851,N,N
CF02_English_N_0031.npy,7.3064756,-3.343682,-3.4488006,-4.5763984,0.999948,2.3695868e-05,2.1331456e-05,6.907343e-06,N,N
CF09_Hindi_N_0109.npy,7.8941855,-3.138936,-3.9380603,-5.322392,0.9999747,1.6157175e-05,7.2662433e-06,1.8201298e-06,N,N
CF09_English_N_0018.npy,8.857578,-4.3057733,-4.094926,-5.0289083,0.99999475,1.919672e-06,2.3702635e-06,9.3147986e-07,N,N
CF04_English_N_0073.npy,8.568732,-5.0439887,-3.5599897,-4.114118,0.99999034,1.2248036e-06,5.402051e-06,3.1038742e-06,N,N
CF04_English_N_0049.npy,8.111716,-3.435525,-4.2822375,-4.8422437,0.9999838,9.662508e-06,4.1435005e-06,2.3667885e-06,N,N
CF09_Hindi_N_0066.npy,8.103094,-3.7499034,-4.0581217,-4.364082,0.9999838,7.1170725e-06,5.229306e-06,3.8509424e-06,N,N
CF18_English_N_0025.npy,7.457248,-3.8133302,-3.688264,-4.424557,0.9999659,1.2741929e-05,1.4439461e-05,6.9148487e-06,N,N
CF09_Hindi_N_0134.npy,7.121819,-3.8232503,-3.2432594,-4.5135174,0.99994206,1.764378e-05,3.1512194e-05,8.847338e-06,N,N
CF02_English_N_0094.npy,6.762437,-4.1236053,-3.7551098,-2.247489,0.99983203,1.8714543e-05,2.7052949e-05,0.0001221704,N,N
CM16_Hindi_N_0030.npy,7.9752827,-3.44235,-3.8998113,-4.8136196,0.99997926,1.0999577e-05,6.9615094e-06,2.7915235e-06,N,N
CM05_English_N_0060.npy,8.212416,-3.8172178,-4.131871,-5.0542655,0.99998784,5.964737e-06,4.3545074e-06,1.7312034e-06,N,N
CF02_Gujarati_N_0047.npy,8.103286,-3.8682353,-3.5664923,-5.0833354,0.9999832,6.3216003e-06,8.548159e-06,1.8754959e-06,N,N
CM30_Gujarati_N_0014.npy,7.4564495,-2.2322695,-3.992941,-7.0437646,0.9999269,6.1974235e-05,1.065519e-05,5.042031e-07,N,N
CF04_Hindi_N_0101.npy,8.141648,-4.8281326,-3.943316,-2.9237857,0.9999764,2.329622e-06,5.6436e-06,1.5643467e-05,N,N
CM38_English_N_0083.npy,7.7733927,-3.8114324,-3.9255786,-3.946457,0.99997425,9.306e-06,8.302146e-06,8.130604e-06,N,N
CM03_English_N_0006.npy,5.4156194,-1.9947015,-2.8622422,-4.7081885,0.99910176,0.0006044332,0.00025385173,4.0077055e-05,N,N
CF04_English_N_0011.npy,7.140315,-5.310556,-3.7743554,-0.4595451,0.99947757,3.9122688e-06,1.8179908e-05,0.00050025986,N,N
CM05_Hindi_N_0094.npy,6.9367194,-2.9099045,-3.6905327,-4.832854,0.9999151,5.2921056e-05,2.4244096e-05,7.73575e-06,N,N
CF02_Gujarati_N_0066.npy,7.8112082,-3.8876443,-3.6650324,-4.100335,0.9999746,8.30313e-06,1.0373402e-05,6.712304e-06,N,N
CM35_English_N_0041.npy,8.268184,-3.582028,-4.244221,-4.783153,0.999987,7.1369495e-06,3.6806605e-06,2.1471926e-06,N,N
CM30_Gujarati_N_0048.npy,6.4973607,-1.7058095,-4.019638,-6.110032,0.9996959,0.0002737011,2.70641e-05,3.346159e-06,N,N
CM38_English_N_0103.npy,7.844335,-2.9462543,-4.069989,-5.2742677,0.9999707,2.0591779e-05,6.693637e-06,2.0074765e-06,N,N
CF18_English_N_0045.npy,8.64356,-4.3882737,-4.1138244,-4.5081925,0.99999297,2.1894928e-06,2.880945e-06,1.9420634e-06,N,N
CF04_Hindi_N_0090.npy,8.617739,-4.2700443,-3.8902705,-4.677191,0.99999213,2.528736e-06,3.6968966e-06,1.6829921e-06,N,N
CF18_English_N_0043.npy,7.946902,-4.4837356,-3.6524749,-3.8965313,0.9999796,3.994238e-06,9.1716165e-06,7.1854406e-06,N,N
CM03_English_N_0004.npy,6.6648254,-2.8298612,-3.5074844,-4.1730647,0.99986684,7.524062e-05,3.8208862e-05,1.9638397e-05,N,N
CM05_Hindi_N_0033.npy,8.117791,-3.5557075,-4.052212,-5.265549,0.99998486,8.516429e-06,5.183557e-06,1.5405733e-06,N,N
CM05_English_N_0095.npy,7.718623,-2.4494674,-4.1917133,-6.507541,0.99995434,3.8373768e-05,6.7202704e-06,6.631865e-07,N,N
CM30_Gujarati_N_0046.npy,7.8751655,-3.1001773,-3.7500386,-5.480224,0.99997234,1.7118165e-05,8.9377045e-06,1.5842219e-06,N,N
CF20_Gujarati_N_0029.npy,7.418363,-4.9350424,-3.3995967,-2.051452,0.99989855,4.314598e-06,2.0034371e-05,7.713783e-05,N,N
CF04_Hindi_N_0026.npy,8.662238,-4.453766,-4.258876,-3.86977,0.9999919,2.012743e-06,2.4458398e-06,3.6092292e-06,N,N
CM24_Gujarati_N_0065.npy,7.287369,-2.5968344,-3.4311113,-6.1434555,0.9999254,5.0969786e-05,2.213048e-05,1.4690438e-06,N,N
CF04_English_N_0081.npy,8.038522,-4.6245284,-3.8379006,-2.8333192,0.9999709,3.1658824e-06,6.952203e-06,1.8984825e-05,N,N
CF20_Gujarati_N_0012.npy,7.769261,-3.2141814,-3.6759148,-5.7267084,0.9999709,1.698005e-05,1.070067e-05,1.3764555e-06,N,N
CM05_Hindi_N_0013.npy,8.4431095,-3.7899184,-4.358681,-5.383783,0.9999914,4.8669795e-06,2.755811e-06,9.886737e-07,N,N
CF04_Hindi_N_0127.npy,8.201894,-4.2566466,-4.245078,-3.6583242,0.9999851,3.8843505e-06,3.9295455e-06,7.06588e-06,N,N
CM38_English_N_0125.npy,7.5281153,-3.204677,-3.3921242,-5.417292,0.9999577,2.1816713e-05,1.808764e-05,2.387055e-06,N,N
CF04_English_N_0050.npy,8.709746,-3.8166335,-4.30983,-5.287511,0.9999933,3.6296065e-06,2.2164943e-06,8.33807e-07,N,N
CF04_Hindi_N_0114.npy,9.106587,-4.7200656,-4.2664776,-4.26316,0.99999595,9.889159e-07,1.5565028e-06,1.5616756e-06,N,N
CF02_Gujarati_N_0019.npy,7.181665,-3.676586,-3.0183115,-5.147504,0.9999391,1.9243995e-05,3.716895e-05,4.4206263e-06,N,N
CF09_Hindi_N_0161.npy,6.3074307,-3.810789,-3.2357826,-2.8670144,0.9997844,4.032919e-05,7.16707e-05,0.000103632374,N,N
CF09_Hindi_N_0007.npy,8.2363615,-4.041337,-4.0262375,-4.665707,0.9999881,4.65434e-06,4.7251515e-06,2.4928572e-06,N,N
CF02_Gujarati_N_0063.npy,7.5984683,-3.8062754,-3.5030882,-4.4790683,0.99996805,1.1142152e-05,1.5088333e-05,5.6856306e-06,N,N
CF14_Hindi_N_0021.npy,7.7077312,-3.6326287,-3.892605,-4.528149,0.99997413,1.1883193e-05,9.162771e-06,4.8530374e-06,N,N
CF04_Hindi_N_0123.npy,8.864299,-4.03455,-3.9008286,-5.736363,0.99999416,2.5009115e-06,2.85873e-06,4.5604784e-07,N,N
CM03_English_N_0090.npy,6.6596727,-2.4796882,-3.8332663,-4.7639403,0.99985397,0.0001073403,2.7727523e-05,1.0932631e-05,N,N
CM38_English_N_0060.npy,7.8633037,-3.6130323,-3.842494,-4.396587,0.99997663,1.0372434e-05,8.2456845e-06,4.7379126e-06,N,N
CF18_English_N_0046.npy,7.5668483,-4.578415,-3.6898959,-3.0584316,0.99995756,5.3132535e-06,1.2919318e-05,2.4292987e-05,N,N
CF14_Hindi_N_0104.npy,7.9746227,-4.7994013,-4.087927,-2.4355817,0.9999614,2.8333166e-06,5.771444e-06,3.0122368e-05,N,N
CM03_English_N_0034.npy,5.0723777,-1.0228126,-3.0390913,-5.980406,0.997437,0.0022479058,0.00029930857,1.5802376e-05,N,N
CF04_English_N_0102.npy,7.9184413,-4.162626,-3.4644861,-4.306115,0.99997795,5.6656486e-06,1.1388016e-05,4.908324e-06,N,N
CM27_Gujarati_N_0052.npy,6.895985,-4.2607455,-3.5523264,-2.2532847,0.9998505,1.4276722e-05,2.899285e-05,0.00010628148,N,N
CM16_Hindi_N_0009.npy,8.136017,-3.611613,-3.9373567,-4.4218287,0.99998283,7.907908e-06,5.709432e-06,3.5171367e-06,N,N
CF18_English_N_0010.npy,7.250242,-3.3465433,-3.6000566,-4.471025,0.9999474,2.4994917e-05,1.9397788e-05,8.1188655e-06,N,N
CF09_Hindi_N_0149.npy,9.080229,-4.3196406,-4.181965,-5.28832,0.99999607,1.5153354e-06,1.7390048e-06,5.7519696e-07,N,N
CM24_Gujarati_N_0069.npy,6.5658646,-3.450746,-2.4881864,-5.008951,0.99982905,4.4644385e-05,0.00011689654,9.398254e-06,N,N
CM35_English_N_0060.npy,7.4577656,-2.959683,-3.8347225,-5.2287397,0.99995446,2.9904739e-05,1.246565e-05,3.092438e-06,N,N
CM30_Gujarati_N_0017.npy,7.838821,-3.2862062,-3.572968,-5.3447413,0.99997234,1.4738398e-05,1.1063971e-05,1.8812202e-06,N,N
CF02_English_N_0018.npy,6.73082,-3.1563923,-3.111485,-5.173983,0.99988925,5.0814768e-05,5.3148753e-05,6.757118e-06,N,N
CF04_Hindi_N_0047.npy,8.848632,-4.6748786,-4.3386025,-3.8496888,0.9999937,1.3390953e-06,1.8743639e-06,3.0562355e-06,N,N
CM16_Hindi_N_0066.npy,5.408973,-3.8712025,-2.0120625,-3.353875,0.9991524,9.317565e-05,0.0005980216,0.00015630586,N,N
CF04_English_N_0004.npy,8.652583,-4.397022,-3.8140848,-4.600751,0.99999225,2.150926e-06,3.852933e-06,1.7544734e-06,N,N
CM05_English_N_0086.npy,6.3122916,-0.7098071,-4.186529,-7.5072784,0.9990803,0.00089113147,2.7543572e-05,9.950323e-07,N,N
CF04_Hindi_N_0023.npy,9.148597,-4.6635957,-4.1311126,-5.019038,0.99999666,1.0033199e-06,1.708812e-06,7.031903e-07,N,N
CM38_English_N_0056.npy,7.775905,-3.0164776,-3.848199,-5.9444013,0.99996936,2.0554848e-05,8.94752e-06,1.0998498e-06,N,N
CM35_English_N_0024.npy,8.408031,-3.5129747,-4.164581,-5.598253,0.99998903,6.6491793e-06,3.4656039e-06,8.2631016e-07,N,N
CF09_Hindi_N_0016.npy,7.9463663,-3.6154413,-4.3981123,-4.3847313,0.99998164,9.522759e-06,4.3536456e-06,4.4122935e-06,N,N
CM05_English_N_0046.npy,7.8412266,-3.5140436,-3.8370152,-5.1117997,0.99997747,1.1707359e-05,8.476065e-06,2.3689865e-06,N,N
CM03_English_N_0106.npy,6.957539,-3.2438288,-3.7327452,-3.729523,0.99991727,3.711642e-05,2.2763154e-05,2.2836623e-05,N,N
CF20_Gujarati_N_0043.npy,6.741352,-4.7815127,-3.6371577,-0.5803683,0.99929845,9.894148e-06,3.107176e-05,0.00066056044,N,N
CM05_English_N_0099.npy,7.672325,-3.505445,-3.8056464,-4.5301127,0.9999707,1.3981158e-05,1.035541e-05,5.0180574e-06,N,N
CF09_Hindi_N_0031.npy,8.012254,-4.8284626,-3.8192537,-2.9176242,0.9999721,2.6505477e-06,7.27159e-06,1.7914392e-05,N,N
CF09_English_N_0013.npy,8.588111,-3.759081,-4.16139,-5.2733126,0.9999919,4.341894e-06,2.9037474e-06,9.551173e-07,N,N
CF02_English_N_0066.npy,8.3775625,-4.391375,-4.2262745,-3.845955,0.9999889,2.8478416e-06,3.3590643e-06,4.913478e-06,N,N
CM27_Gujarati_N_0031.npy,7.0510683,-4.116133,-3.0399795,-4.026875,0.99992895,1.4129114e-05,4.1446034e-05,1.544825e-05,N,N
CM38_English_N_0075.npy,7.786454,-4.0684085,-3.2852895,-4.5249577,0.99997294,7.1037393e-06,1.5545009e-05,4.499974e-06,N,N
CM35_English_N_0029.npy,7.9482894,-3.6135678,-3.8833132,-4.708112,0.99998,9.52227e-06,7.2709604e-06,3.187031e-06,N,N
CM38_English_N_0087.npy,7.704583,-3.5229304,-3.8908634,-4.280017,0.9999713,1.330272e-05,9.207655e-06,6.239386e-06,N,N
CF04_Hindi_N_0037.npy,8.816836,-4.311163,-4.388061,-4.2989597,0.99999416,1.9887484e-06,1.8415504e-06,2.013166e-06,N,N
CM27_Gujarati_N_0058.npy,7.757596,-2.8759255,-3.7977695,-6.4545846,0.99996567,2.4093792e-05,9.58415e-06,6.725325e-07,N,N
CF14_Hindi_N_0125.npy,6.48451,-2.9652064,-3.064982,-4.0065417,0.9998223,7.869789e-05,7.122479e-05,2.7779024e-05,N,N
CM27_Gujarati_N_0054.npy,6.6089077,-1.5643018,-4.0918255,-6.510448,0.9996935,0.00028202473,2.252151e-05,2.0054088e-06,N,N
CM30_English_N_0016.npy,7.4549737,-2.9541004,-3.7353678,-5.576354,0.99995387,3.0156203e-05,1.3806265e-05,2.1905141e-06,N,N
CF20_Gujarati_N_0002.npy,5.8615985,-3.9311602,-2.7284036,-2.2045107,0.9994444,5.5823555e-05,0.0001858524,0.00031382832,N,N
CF04_Hindi_N_0107.npy,8.492487,-4.2386994,-4.2401094,-3.7247303,0.99998915,2.9574096e-06,2.9532412e-06,4.9445316e-06,N,N
CF09_Hindi_N_0164.npy,7.0165715,-4.6284103,-3.1739993,-3.438298,0.9999249,8.762262e-06,3.7519643e-05,2.8805498e-05,N,N
CM38_English_N_0113.npy,7.735533,-2.963769,-4.1160016,-4.6329923,0.999966,2.2559898e-05,7.127366e-06,4.250136e-06,N,N
CF09_English_N_0040.npy,7.576195,-3.6314316,-3.469058,-4.884381,0.9999666,1.35698565e-05,1.5962214e-05,3.876381e-06,N,N
CF09_Hindi_N_0052.npy,8.166312,-3.94128,-4.119891,-4.396755,0.9999863,5.517392e-06,4.614915e-06,3.4988327e-06,N,N
CM24_Gujarati_N_0019.npy,7.3491755,-3.1580632,-3.491425,-5.056884,0.999949,2.7336455e-05,1.9586852e-05,4.0934997e-06,N,N
CM38_English_N_0134.npy,7.1322627,-2.8054662,-3.1773105,-6.22459,0.9999168,4.8312893e-05,3.3309887e-05,1.5818181e-06,N,N
CM03_English_N_0061.npy,4.7812467,-3.4597585,-1.8862733,-3.1996346,0.9981263,0.00026312523,0.0012691658,0.00034129727,N,N
CM24_Gujarati_N_0071.npy,4.3988447,-1.4380213,-2.6085553,-4.343521,0.996033,0.002906398,0.00090156816,0.00015904225,N,N
CF20_Gujarati_N_0064.npy,8.151564,-4.0557575,-4.042222,-4.135958,0.99998534,4.993688e-06,5.0617396e-06,4.608832e-06,N,N
CF04_Hindi_N_0030.npy,8.259086,-3.9022865,-3.6870694,-4.983589,0.9999865,5.2285022e-06,6.4840256e-06,1.7732647e-06,N,N
CF14_English_N_0037.npy,5.9447474,-1.6098638,-3.1888762,-5.541318,0.9993585,0.00052335375,0.0001079044,1.0265656e-05,N,N
CM05_Hindi_N_0095.npy,8.285399,-3.4635267,-3.981883,-5.653222,0.9999865,7.897695e-06,4.703066e-06,8.841536e-07,N,N
CM38_English_N_0054.npy,7.706171,-2.7586882,-4.00233,-5.73842,0.99996185,2.8520222e-05,8.223299e-06,1.4490105e-06,N,N
CM38_English_N_0042.npy,7.335481,-3.0018892,-3.3462543,-5.8655896,0.9999428,3.239757e-05,2.295917e-05,1.8485149e-06,N,N
CM38_English_N_0099.npy,8.146796,-3.4513087,-3.9531512,-5.681955,0.99998426,9.183334e-06,5.5597206e-06,9.868317e-07,N,N
CM27_Gujarati_N_0010.npy,6.604584,-3.4884791,-2.8530087,-4.578384,0.9998666,4.135998e-05,7.8083925e-05,1.3907232e-05,N,N
CF02_English_N_0067.npy,6.2151284,-3.0180917,-2.8208969,-4.555041,0.99976224,9.7714765e-05,0.00011901478,2.1012207e-05,N,N
CF14_Hindi_N_0121.npy,7.3560653,-3.1443715,-3.98871,-4.6261044,0.99995446,2.7523172e-05,1.1830605e-05,6.254461e-06,N,N
CF09_Hindi_N_0107.npy,7.543775,-3.6040807,-3.3407674,-4.546119,0.99996126,1.4405586e-05,1.8745044e-05,5.6157637e-06,N,N
CF14_Gujarati_N_0041.npy,7.4297433,-3.3840623,-3.6098337,-4.3320584,0.999956,2.0118927e-05,1.6052894e-05,7.796422e-06,N,N
CM38_English_N_0021.npy,8.281886,-3.358153,-3.9620552,-6.1034884,0.9999858,8.806208e-06,4.8141287e-06,5.6559463e-07,N,N
CF04_English_N_0042.npy,8.9274025,-4.3115697,-4.351717,-4.9607263,0.9999956,1.7798596e-06,1.7098176e-06,9.299522e-07,N,N
CF02_English_N_0055.npy,7.84133,-3.7403703,-3.6312728,-5.1434855,0.99997795,9.335163e-06,1.0411237e-05,2.2948623e-06,N,N
CM30_Gujarati_N_0035.npy,7.857825,-3.2895644,-3.9572449,-5.1201663,0.9999759,1.4412516e-05,7.39214e-06,2.3105727e-06,N,N
CF14_English_N_0012.npy,6.7423024,-3.1145415,-3.48952,-4.513929,0.9998987,5.238212e-05,3.600242e-05,1.2925187e-05,N,N
CF02_Gujarati_N_0025.npy,6.9531746,-3.766085,-3.6021693,-3.5446756,0.9999242,2.2113218e-05,2.605191e-05,2.7593613e-05,N,N
CF04_English_N_0108.npy,8.264759,-3.3439229,-4.312075,-5.071196,0.9999858,9.086726e-06,3.4509953e-06,1.6153339e-06,N,N
CF09_English_N_0038.npy,8.486841,-3.661994,-4.1739426,-5.3661537,0.9999906,5.294486e-06,3.1731265e-06,9.632005e-07,N,N
CM16_Hindi_N_0077.npy,5.4899774,-2.4322686,-3.0566273,-3.5663037,0.99932706,0.00036234304,0.00019407278,0.000116577496,N,N
CM30_English_N_0059.npy,7.9937205,-3.1952481,-3.9015732,-5.774311,0.9999783,1.38255755e-05,6.822287e-06,1.0486009e-06,N,N
CM30_Gujarati_N_0010.npy,8.139124,-3.111942,-3.6290998,-6.652865,0.9999789,1.2993163e-05,7.74669e-06,3.7662738e-07,N,N
CF04_Hindi_N_0094.npy,7.5097632,-5.4966087,-3.4992754,-0.86459994,0.99975055,2.2454112e-06,1.6547287e-05,0.00023064924,N,N
CF04_English_N_0084.npy,8.903411,-3.8372176,-4.1873274,-5.6996274,0.99999464,2.9296325e-06,2.0642499e-06,4.5496552e-07,N,N
CM05_English_N_0035.npy,6.4607167,-1.6096146,-3.6958444,-6.7365136,0.99964666,0.00031256911,3.880683e-05,1.8550782e-06,N,N
CF04_English_N_0101.npy,8.765201,-4.5576873,-3.9573445,-4.7962317,0.99999404,1.636594e-06,2.9830878e-06,1.2892656e-06,N,N
CM24_Gujarati_N_0005.npy,7.415042,-2.987866,-3.8444908,-5.1859565,0.9999534,3.034269e-05,1.2883289e-05,3.3684948e-06,N,N
CF14_English_N_0035.npy,7.3919044,-3.7896423,-3.1654048,-5.192077,0.9999566,1.3928261e-05,2.6001599e-05,3.4263162e-06,N,N
CF09_Hindi_N_0143.npy,8.323575,-4.0117345,-3.53229,-5.400642,0.99998736,4.3937716e-06,7.096718e-06,1.0955773e-06,N,N
CM03_English_N_0068.npy,6.634151,-2.0661933,-3.4844,-6.481396,0.9997912,0.00016649373,4.0316085e-05,2.0132586e-06,N,N
CM38_English_N_0046.npy,7.6370873,-2.7775955,-3.7275019,-6.1054544,0.9999573,2.9987646e-05,1.1598528e-05,1.0756505e-06,N,N
CM05_English_N_0070.npy,7.5815873,-2.9173763,-3.9809098,-5.2990093,0.9999603,2.7563914e-05,9.515992e-06,2.5468942e-06,N,N
CF14_Hindi_N_0050.npy,8.04526,-4.354382,-4.1637745,-3.0101106,0.9999751,4.119957e-06,4.9850864e-06,1.580165e-05,N,N
CM03_English_N_0023.npy,0.14295644,-0.8224105,-0.13526472,-1.6776516,0.4348015,0.1655913,0.32920098,0.07040621,N,N
CF04_English_N_0062.npy,7.604366,-4.591315,-3.3005931,-3.414095,0.9999602,5.05203e-06,1.8366201e-05,1.6395543e-05,N,N
CM16_Hindi_N_0070.npy,6.3054533,-3.6969404,-2.5632625,-4.214025,0.99978715,4.5281744e-05,0.00014069332,2.6999542e-05,N,N
CF02_English_N_0063.npy,6.943356,-3.491412,-3.4173164,-4.498996,0.9999281,2.9390487e-05,3.1650903e-05,1.073046e-05,N,N
CM16_Hindi_N_0073.npy,4.209036,-2.686769,-2.5210962,-2.3533702,0.9963942,0.0010083729,0.0011900685,0.0014073899,N,N
CM30_English_N_0049.npy,7.3956175,-4.277941,-3.9443772,-2.2476645,0.99991465,8.515312e-06,1.18868265e-05,6.48543e-05,N,N
CF18_English_N_0009.npy,7.7025914,-4.2922797,-4.026148,-3.0746434,0.99996483,6.1755886e-06,8.058573e-06,2.0868492e-05,N,N
CF14_Gujarati_N_0015.npy,6.6665535,-4.286441,-3.4734468,-1.9195645,0.9997564,1.7501256e-05,3.9459173e-05,0.00018663394,N,N
CM30_English_N_0055.npy,8.130583,-3.177085,-3.905757,-6.0872216,0.99998105,1.2278181e-05,5.9248296e-06,6.6877186e-07,N,N
CM38_English_N_0044.npy,7.8973966,-3.0839126,-4.017395,-5.782913,0.9999752,1.7016388e-05,6.6905404e-06,1.1447387e-06,N,N
CM35_English_N_0050.npy,7.999106,-3.281246,-3.812792,-5.329943,0.9999784,1.2618164e-05,7.415636e-06,1.6265153e-06,N,N
CM27_Gujarati_N_0062.npy,6.541985,-4.3864746,-2.671102,-2.8335118,0.9997975,1.79367e-05,9.970551e-05,8.475894e-05,N,N
CF02_Gujarati_N_0045.npy,7.8214235,-3.768035,-3.5873322,-4.641563,0.9999758,9.263e-06,1.1097614e-05,3.8670823e-06,N,N
CF14_Hindi_N_0036.npy,5.2886043,-4.06934,-2.203638,-2.7144353,0.99902284,8.619295e-05,0.0005568471,0.00033411777,N,N
CM38_English_N_0132.npy,7.756582,-3.117258,-3.9592152,-4.997623,0.9999701,1.89469e-05,8.163583e-06,2.890056e-06,N,N
CM38_English_N_0079.npy,7.7086825,-3.089223,-3.5484228,-5.62965,0.9999651,2.0441572e-05,1.2914758e-05,1.6114632e-06,N,N
CM27_Gujarati_N_0003.npy,6.7129717,-4.1755776,-3.0213637,-3.5967016,0.9998888,1.8668723e-05,5.9208458e-05,3.330562e-05,N,N
CF02_English_N_0052.npy,6.26243,-2.8145425,-3.5227602,-3.0862882,0.99974245,0.00011423755,5.626442e-05,8.70545e-05,N,N
CF09_Hindi_N_0157.npy,7.5371313,-4.053237,-3.7496004,-3.7492003,0.99996567,9.254482e-06,1.25377555e-05,1.2542779e-05,N,N
CM05_Hindi_N_0093.npy,7.4965596,-2.3900342,-3.9605012,-6.4566717,0.99993765,5.0848696e-05,1.0573886e-05,8.7128717e-07,N,N
CF14_Gujarati_N_0058.npy,4.9270973,-1.7847438,-2.513435,-5.300301,0.9981639,0.0012141889,0.0005858949,3.609935e-05,N,N
CM24_Gujarati_N_0014.npy,7.704677,-3.3315709,-3.8119452,-5.102901,0.99997115,1.6106673e-05,9.9628105e-06,2.7398514e-06,N,N
CM35_English_N_0003.npy,8.415648,-3.4888027,-4.139068,-5.495896,0.9999888,6.7601695e-06,3.528184e-06,9.084228e-07,N,N
CF14_Hindi_N_0035.npy,7.3642383,-3.3917437,-3.1393106,-5.1097846,0.9999474,2.1316395e-05,2.7437465e-05,3.8245284e-06,N,N
CF09_English_N_0048.npy,8.061358,-4.052986,-4.091271,-4.099905,0.999984,5.480246e-06,5.274399e-06,5.2290575e-06,N,N
CF20_Gujarati_N_0001.npy,7.0865345,-4.423026,-2.8610547,-3.187271,0.9999076,1.0032779e-05,4.7838428e-05,3.452254e-05,N,N
CF02_Gujarati_N_0042.npy,8.008212,-4.175881,-3.7577896,-4.3715873,0.99998295,5.111025e-06,7.763954e-06,4.2025626e-06,N,N
CF04_Hindi_N_0102.npy,8.40948,-4.5043664,-3.819396,-4.0333076,0.9999887,2.4636704e-06,4.887217e-06,3.946038e-06,N,N
CF09_Hindi_N_0166.npy,6.675929,-5.048334,-2.6891022,-2.3365064,0.9997844,8.093261e-06,8.5649524e-05,0.00012185831,N,N
CF02_Gujarati_N_0001.npy,7.651915,-3.600705,-3.7293832,-4.7440443,0.9999714,1.2972895e-05,1.1406505e-05,4.135144e-06,N,N
CF09_Hindi_N_0074.npy,7.6579022,-4.0733476,-3.413805,-4.377843,0.99997056,8.038411e-06,1.554555e-05,5.9282884e-06,N,N
CM38_English_N_0097.npy,5.5642037,-1.754268,-3.0112839,-6.1713796,0.99914086,0.0006626051,0.00018851242,7.99701e-06,N,N
CF09_Hindi_N_0120.npy,7.4266844,-3.229083,-3.9521112,-4.207084,0.99995613,2.356351e-05,1.143491e-05,8.861346e-06,N,N
CM38_English_N_0065.npy,7.666162,-2.8763642,-3.9970527,-5.733151,0.9999635,2.6389016e-05,8.604277e-06,1.5161302e-06,N,N
CM27_Gujarati_N_0026.npy,7.5864034,-3.131974,-3.585023,-5.9519773,0.99996245,2.2133581e-05,1.4070019e-05,1.3192882e-06,N,N
CM35_English_N_0040.npy,7.9968905,-3.2960286,-3.9358191,-5.2349095,0.99997914,1.2460586e-05,6.5717495e-06,1.7926404e-06,N,N
CF20_Gujarati_N_0067.npy,6.815439,-4.116306,-3.3066986,-2.2341433,0.9998246,1.7878332e-05,4.017308e-05,0.000117419455,N,N
CM05_English_N_0016.npy,7.9121985,-3.173367,-3.9932833,-5.497661,0.9999764,1.5331681e-05,6.7531264e-06,1.5002433e-06,N,N
CM16_Hindi_N_0007.npy,7.205261,-4.4751225,-3.325616,-2.5921755,0.9999093,8.457352e-06,2.6696776e-05,5.5588876e-05,N,N
CM38_English_N_0107.npy,7.2847867,-2.339407,-3.670664,-6.4838185,0.9999155,6.6104236e-05,1.7461092e-05,1.0479342e-06,N,N
CF09_Hindi_N_0154.npy,8.874757,-4.6148105,-4.1357155,-4.3844748,0.99999464,1.38533e-06,2.2367701e-06,1.7441611e-06,N,N
CM05_Hindi_N_0064.npy,8.009833,-3.1718698,-4.0412073,-5.7596703,0.99997914,1.39263975e-05,5.838355e-06,1.0470599e-06,N,N
CF18_English_N_0015.npy,7.770929,-3.938878,-3.622726,-4.590567,0.99997616,8.212688e-06,1.1266479e-05,4.2801616e-06,N,N
CF14_Hindi_N_0089.npy,8.528559,-4.0631633,-3.7887945,-5.534589,0.9999913,3.4000136e-06,4.4733993e-06,7.8063647e-07,N,N
CF09_English_N_0016.npy,8.018277,-3.5711389,-3.964026,-4.5275564,0.9999809,9.263436e-06,6.2537915e-06,3.5596345e-06,N,N
CF09_Hindi_N_0173.npy,7.5745354,-3.298205,-4.05495,-4.1389356,0.9999639,1.8967645e-05,8.89944e-06,8.182551e-06,N,N
CM05_English_N_0058.npy,7.439189,-2.5827312,-3.8136759,-5.7987905,0.99994075,4.441295e-05,1.2969319e-05,1.7815281e-06,N,N
CF09_English_N_0009.npy,8.212876,-4.8139057,-4.5166087,-2.5157127,0.99997294,2.2005372e-06,2.9623977e-06,2.1908934e-05,N,N
CM24_Gujarati_N_0053.npy,7.718925,-3.42782,-3.930685,-5.1579123,0.99997437,1.4421789e-05,8.722225e-06,2.5565232e-06,N,N
CF04_Hindi_N_0005.npy,8.814342,-4.6763997,-4.085436,-3.8631563,0.99999297,1.383701e-06,2.498589e-06,3.1205386e-06,N,N
CM05_English_N_0079.npy,6.919606,-2.370048,-3.7878318,-5.475348,0.999881,9.236405e-05,2.2375221e-05,4.1389285e-06,N,N
CF02_Gujarati_N_0069.npy,6.950932,-4.1050367,-3.1810014,-2.9111853,0.99989223,1.5790894e-05,3.978419e-05,5.2106254e-05,N,N
CF14_Hindi_N_0011.npy,5.207083,-3.6987703,-2.1055498,-2.8817892,0.99889165,0.00013544265,0.000666319,0.0003065953,N,N
CF04_English_N_0051.npy,8.0367,-4.131115,-3.4646063,-4.791191,0.999982,5.1948996e-06,1.0116684e-05,2.6847863e-06,N,N
CF09_English_N_0019.npy,8.440168,-3.7618544,-3.956852,-5.4283357,0.99998987,5.0202407e-06,4.130837e-06,9.48377e-07,N,N
CF14_Hindi_N_0113.npy,6.3845334,-3.6262896,-3.7964993,-2.263013,0.99974173,4.4899607e-05,3.787231e-05,0.00017551167,N,N
CM30_Gujarati_N_0036.npy,7.0108542,-2.7725363,-3.5490427,-5.36124,0.99991345,5.6375462e-05,2.5933294e-05,4.2347738e-06,N,N
CM24_Gujarati_N_0068.npy,7.0109005,-2.5391207,-3.5896826,-6.4534535,0.9999025,7.1192815e-05,2.4899058e-05,1.420572e-06,N,N
CF14_Hindi_N_0128.npy,8.169566,-3.9688702,-3.7114203,-4.527577,0.9999846,5.3497984e-06,6.920645e-06,3.0598064e-06,N,N
CM38_English_N_0011.npy,7.392873,-4.2437015,-2.9799054,-4.0880036,0.9999496,8.8364595e-06,3.1270723e-05,1.0325156e-05,N,N
CM38_English_N_0090.npy,8.1473875,-3.581959,-3.9419174,-4.801355,0.9999839,8.053833e-06,5.619201e-06,2.379172e-06,N,N
CF02_English_N_0074.npy,7.2711835,-3.73702,-2.9657273,-5.338833,0.9999442,1.6564325e-05,3.5821344e-05,3.3382241e-06,N,N
CF02_Gujarati_N_0067.npy,6.838789,-3.9822824,-3.4374757,-2.8595295,0.9998841,1.9971836e-05,3.4436966e-05,6.137953e-05,N,N
CM24_Gujarati_N_0033.npy,7.260691,-3.0415146,-3.3704934,-5.6568313,0.9999398,3.355696e-05,2.414955e-05,2.454512e-06,N,N
CF04_English_N_0020.npy,8.462581,-4.699224,-3.4101558,-4.42796,0.99998856,1.9226318e-06,6.9780053e-06,2.5217626e-06,N,N
CM16_Hindi_N_0037.npy,8.129575,-3.79571,-4.0396476,-4.546663,0.999985,6.6207604e-06,5.187613e-06,3.1244506e-06,N,N
CF14_Hindi_N_0136.npy,5.0323496,-2.781904,-3.0877547,-2.4623656,0.998744,0.00040342877,0.00029712412,0.0005553167,N,N
CF04_Hindi_N_0027.npy,8.897048,-4.2783504,-4.2278967,-4.822864,0.999995,1.896685e-06,1.994834e-06,1.1003123e-06,N,N
CF02_English_N_0049.npy,7.246435,-3.752006,-3.9505978,-3.2362752,0.9999416,1.672677e-05,1.3714027e-05,2.801506e-05,N,N
CF02_English_N_0002.npy,6.7337937,-3.205414,-3.4044676,-4.102704,0.9998925,4.8240312e-05,3.953322e-05,1.9666266e-05,N,N
CF02_English_N_0033.npy,7.404151,-3.285534,-3.847598,-4.415914,0.99995685,2.2777713e-05,1.2984007e-05,7.3551655e-06,N,N
CF09_English_N_0028.npy,8.4606,-3.6510174,-4.014132,-5.5235534,0.99998987,5.495246e-06,3.8219814e-06,8.448017e-07,N,N
CF02_English_N_0089.npy,7.2309127,-3.2123573,-3.6446333,-4.621545,0.9999448,2.9142153e-05,1.8914141e-05,7.1206455e-06,N,N
CF18_English_N_0004.npy,6.7450686,-4.4222965,-3.5006323,-1.9763427,0.9997874,1.412481e-05,3.5502286e-05,0.00016302234,N,N
CF04_English_N_0035.npy,8.706855,-3.97947,-4.205371,-5.2585998,0.99999356,3.093116e-06,2.46768e-06,8.607511e-07,N,N
CF14_Hindi_N_0091.npy,4.383305,-3.3703115,-2.2459023,-1.0770199,0.9940333,0.0004266268,0.0013133263,0.004226801,N,N
CM16_Hindi_N_0069.npy,6.4110394,-3.265944,-3.0389462,-4.0513206,0.99983,6.2699764e-05,7.867733e-05,2.8587803e-05,N,N
CF09_Hindi_N_0036.npy,8.308296,-4.1073694,-4.3232718,-4.209378,0.99998903,4.054527e-06,3.2671944e-06,3.6613285e-06,N,N
CF20_Gujarati_N_0051.npy,8.151469,-3.8487098,-3.784823,-4.949168,0.9999852,6.14302e-06,6.5482845e-06,2.0438972e-06,N,N
CF09_Hindi_N_0006.npy,8.233089,-3.5418491,-4.267168,-5.121192,0.999987,7.69491e-06,3.7256452e-06,1.5860016e-06,N,N
CM16_Hindi_N_0021.npy,7.1062064,-2.8541436,-3.0496542,-5.7056847,0.9999112,4.7232003e-05,3.8844282e-05,2.7278948e-06,N,N
CF14_Hindi_N_0111.npy,7.1020956,-3.5327156,-2.9453516,-4.922777,0.9999267,2.4061808e-05,4.3292963e-05,5.9928343e-06,N,N
CM24_Gujarati_N_0003.npy,7.227195,-3.0813622,-2.8617182,-6.5317698,0.99992406,3.3343975e-05,4.1534386e-05,1.0580949e-06,N,N
CF14_Hindi_N_0064.npy,8.219762,-4.2500944,-4.0549145,-3.721143,0.999985,3.840641e-06,4.668413e-06,6.518152e-06,N,N
CF09_English_N_0045.npy,8.356898,-3.731192,-3.845377,-5.4174023,0.9999883,5.626052e-06,5.018964e-06,1.0420588e-06,N,N
CM16_Hindi_N_0023.npy,7.4377403,-4.466601,-3.803218,-2.3430042,0.9999236,6.7604765e-06,1.3124437e-05,5.6525372e-05,N,N
CM30_Gujarati_N_0051.npy,8.106837,-3.4669037,-4.1698694,-5.276708,0.9999844,9.40982e-06,4.6589416e-06,1.540258e-06,N,N
CM24_Gujarati_N_0008.npy,7.517903,-3.0654273,-3.7065606,-5.435758,0.999959,2.5333798e-05,1.3343189e-05,2.3674386e-06,N,N
CM03_English_N_0035.npy,3.6700737,-0.61769885,-2.4292974,-4.913058,0.98409027,0.013516958,0.0022085733,0.00018425878,N,N
CF09_Hindi_N_0079.npy,8.013524,-3.5337749,-3.96739,-4.7397895,0.99998116,9.661929e-06,6.2624886e-06,2.892666e-06,N,N
CF02_English_N_0068.npy,7.120888,-3.2847583,-3.7125914,-3.9483666,0.99993443,3.025915e-05,1.9726544e-05,1.5583148e-05,N,N
CM16_Hindi_N_0031.npy,8.362615,-4.1526575,-4.118206,-4.63823,0.9999902,3.6701358e-06,3.7987809e-06,2.2583984e-06,N,N
CM30_Gujarati_N_0053.npy,7.65196,-2.7282877,-3.9866104,-6.096651,0.9999591,3.103832e-05,8.818915e-06,1.0691439e-06,N,N
CM05_English_N_0011.npy,8.038695,-3.1115065,-4.0050964,-6.0888057,0.999979,1.43720845e-05,5.8808296e-06,7.3197356e-07,N,N
CM16_Hindi_N_0012.npy,6.9603515,-3.4671648,-3.2362108,-4.032948,0.9999163,2.9604042e-05,3.7295216e-05,1.681258e-05,N,N
CF09_Hindi_N_0116.npy,8.465324,-4.5399275,-4.4148893,-3.234851,0.999987,2.2484605e-06,2.5479364e-06,8.292258e-06,N,N
CM03_English_N_0030.npy,1.0730611,-0.93757945,0.3843883,-4.3812833,0.60959893,0.08162704,0.30616635,0.0026076694,N,N
CM35_English_N_0074.npy,8.319539,-3.4191942,-4.0351353,-5.5110865,0.99998677,7.978609e-06,4.309505e-06,9.849856e-07,N,N
CF04_Hindi_N_0140.npy,7.1047873,-3.143156,-3.6809492,-4.1722093,0.9999312,3.5427838e-05,2.0691143e-05,1.26599725e-05,N,N
CM38_English_N_0062.npy,8.430263,-3.431963,-4.1469717,-6.075215,0.99998903,7.0517376e-06,3.4496243e-06,5.0158695e-07,N,N
CM05_Hindi_N_0054.npy,6.0974326,-2.4403906,-3.2735546,-4.9638386,0.99970335,0.00019585823,8.513404e-05,1.570442e-05,N,N
CF09_English_N_0020.npy,8.3798,-3.6260397,-4.072098,-5.2667885,0.9999888,6.10837e-06,3.910252e-06,1.1840148e-06,N,N
CF04_English_N_0068.npy,7.8016047,-4.933846,-4.131222,-1.4766942,0.9998971,2.944553e-06,6.5704394e-06,9.342027e-05,N,N
CM24_Gujarati_N_0024.npy,6.3481903,-2.7185836,-2.7676306,-6.736222,0.9997726,0.00011541205,0.00010988806,2.0768898e-06,N,N
CF14_Hindi_N_0063.npy,7.6988883,-3.584144,-3.9331052,-4.2544713,0.9999721,1.2584303e-05,8.8772285e-06,6.437389e-06,N,N
CM05_Hindi_N_0016.npy,6.615927,-1.8317297,-4.0852985,-6.1047015,0.9997601,0.00021435082,2.251193e-05,2.988112e-06,N,N
CF04_Hindi_N_0131.npy,7.780582,-4.796847,-4.1525974,-2.2401738,0.9999455,3.4488032e-06,6.5684394e-06,4.446491e-05,N,N
CM38_English_N_0088.npy,7.636196,-3.9940674,-3.659561,-3.756651,0.99996746,8.892558e-06,1.24251255e-05,1.1275486e-05,N,N
CF18_English_N_0028.npy,8.820724,-4.147373,-3.903279,-5.575608,0.99999416,2.3335904e-06,2.978744e-06,5.594355e-07,N,N
CF20_Gujarati_N_0059.npy,8.189373,-4.722174,-3.104278,-4.2463803,0.99998116,2.4693254e-06,1.2451488e-05,3.973864e-06,N,N
CF02_English_N_0101.npy,7.5505714,-3.4452138,-3.3628654,-5.306945,0.99996233,1.677162e-05,1.8211185e-05,2.6063651e-06,N,N
CM05_Hindi_N_0111.npy,8.041755,-3.4233825,-3.8577564,-5.2969375,0.99998105,1.0489283e-05,6.7935953e-06,1.610911e-06,N,N
CM35_English_N_0016.npy,8.064007,-3.38001,-3.7423148,-6.194159,0.99998116,1.07131855e-05,7.4571226e-06,6.423168e-07,N,N
CF02_English_N_0024.npy,7.417881,-3.5913162,-3.3868613,-5.4482946,0.99996066,1.6548145e-05,2.0302183e-05,2.5838888e-06,N,N
CF14_Hindi_N_0059.npy,7.178506,-3.947213,-4.0618,-2.7406003,0.999923,1.472747e-05,1.3132993e-05,4.922133e-05,N,N
CM30_Gujarati_N_0022.npy,6.8105474,-3.102785,-3.4787185,-4.0015917,0.9998964,4.9505066e-05,3.399255e-05,2.0151274e-05,N,N
CM35_English_N_0110.npy,7.9291606,-3.190771,-3.652523,-6.1831975,0.9999751,1.4813714e-05,9.335287e-06,7.431388e-07,N,N
CM30_English_N_0047.npy,7.5450854,-2.933845,-3.293306,-6.2576036,0.99995124,2.8121412e-05,1.9630226e-05,1.0128553e-06,N,N
CF04_Hindi_N_0099.npy,8.488053,-4.225558,-4.0476627,-4.6247306,0.9999914,3.0098504e-06,3.5958699e-06,2.0192347e-06,N,N
CF02_English_N_0029.npy,6.778363,-3.2981472,-3.0048883,-4.265552,0.99988556,4.2051106e-05,5.6381683e-05,1.598229e-05,N,N
CM16_Hindi_N_0060.npy,4.82908,-3.418469,-1.5357095,-3.763407,0.9978362,0.00026133296,0.0017173794,0.00018509274,N,N
CM03_English_N_0088.npy,5.0915446,-2.4016306,-3.0546684,-2.9203951,0.9988232,0.00055621646,0.00028948966,0.00033109094,N,N
CM24_Gujarati_N_0032.npy,7.062676,-2.7978187,-3.4930735,-5.254186,0.9999174,5.2192216e-05,2.604115e-05,4.475266e-06,N,N
CF04_English_N_0044.npy,8.89752,-4.347632,-4.2655144,-4.9483943,0.99999535,1.7688939e-06,1.9202812e-06,9.700487e-07,N,N
CF09_Hindi_N_0025.npy,8.870099,-4.28505,-4.4390707,-4.667614,0.9999951,1.9354816e-06,1.6592006e-06,1.3202124e-06,N,N
CF14_Gujarati_N_0012.npy,5.444085,-3.6827843,-2.8940496,-2.1666458,0.99915767,0.00010861382,0.00023901663,0.00049469265,N,N
CM35_English_N_0109.npy,8.381591,-3.5672033,-4.2537403,-5.563545,0.9999894,6.4669566e-06,3.2549235e-06,8.78415e-07,N,N
CF20_Gujarati_N_0030.npy,6.4377246,-4.9488664,-3.1148434,-0.74069154,0.9991554,1.1337033e-05,7.095864e-05,0.0007622308,N,N
CM24_Gujarati_N_0010.npy,6.1687245,-2.6942258,-2.715321,-5.5208244,0.99971145,0.00014149604,0.0001385424,8.378538e-06,N,N
CF02_English_N_0014.npy,7.189371,-3.1774893,-3.4407957,-4.909216,0.9999387,3.1455973e-05,2.4174113e-05,5.567033e-06,N,N
CM16_Hindi_N_0015.npy,5.769967,-2.9825163,-3.0690932,-3.0469155,0.999549,0.00015799701,0.0001448936,0.00014814276,N,N
CF20_Gujarati_N_0070.npy,7.99738,-4.3176084,-3.4471712,-4.4568,0.9999809,4.4839453e-06,1.0707453e-05,3.9013075e-06,N,N
CM16_Hindi_N_0019.npy,7.550877,-3.1368275,-3.466471,-5.8810277,0.99995923,2.282293e-05,1.6413784e-05,1.467507e-06,N,N
CF04_English_N_0030.npy,7.817142,-3.3474243,-3.5935543,-5.819373,0.99997354,1.4167039e-05,1.1076083e-05,1.1959843e-06,N,N
CF20_Gujarati_N_0063.npy,7.0236096,-4.496239,-3.5043669,-1.787052,0.9998142,9.92916e-06,2.6771766e-05,0.00014910688,N,N
CF04_Hindi_N_0003.npy,8.899671,-5.144383,-4.3152585,-3.3131514,0.9999925,7.956857e-07,1.8231641e-06,4.9663295e-06,N,N
CF04_Hindi_N_0018.npy,9.451796,-4.6851277,-4.4547625,-5.0698056,0.99999785,7.251227e-07,9.1297244e-07,4.935691e-07,N,N
CF14_English_N_0011.npy,6.285725,-4.7617493,-1.6239449,-4.2524533,0.9995906,1.5920812e-05,0.00036702547,2.6494114e-05,N,N
CM24_Gujarati_N_0049.npy,6.395874,-3.928211,-2.228181,-4.1845746,0.999762,3.2824897e-05,0.00017968721,2.5401912e-05,N,N
CF20_Gujarati_N_0035.npy,7.8739862,-4.4890256,-3.5229566,-3.2741027,0.9999701,4.2736506e-06,1.1229426e-05,1.4402362e-05,N,N
CF20_Gujarati_N_0069.npy,7.4463663,-4.2828455,-3.588081,-3.0402694,0.9999479,8.054627e-06,1.6135338e-05,2.7905486e-05,N,N
CM30_English_N_0050.npy,8.039672,-3.1632614,-3.8689766,-6.0793433,0.9999789,1.3633858e-05,6.731789e-06,7.382112e-07,N,N
CM35_English_N_0042.npy,8.355463,-3.748692,-4.0923448,-5.0366364,0.99998903,5.536403e-06,3.9262795e-06,1.5271454e-06,N,N
CM27_Gujarati_N_0009.npy,6.6684394,-2.9619794,-3.4563334,-3.9205372,0.9998691,6.569093e-05,4.0069146e-05,2.5188885e-05,N,N
CF04_English_N_0087.npy,7.7012253,-4.5154314,-4.158498,-2.5595036,0.99995303,4.9471264e-06,7.0691517e-06,3.497854e-05,N,N
CM05_Hindi_N_0024.npy,8.240516,-3.4890988,-4.0724545,-5.3284793,0.9999862,8.051695e-06,4.4930266e-06,1.279542e-06,N,N
CF14_Hindi_N_0066.npy,7.8260217,-3.5172195,-3.7740672,-4.993441,0.9999763,1.1849032e-05,9.165054e-06,2.7074957e-06,N,N
CM24_Gujarati_N_0052.npy,7.541411,-3.5207236,-3.181623,-6.042848,0.999961,1.5694915e-05,2.2030717e-05,1.2601271e-06,N,N
CM35_English_N_0075.npy,8.108934,-3.1797333,-3.8980098,-6.1264296,0.9999808,1.2513696e-05,6.1015735e-06,6.5713056e-07,N,N
CF14_Gujarati_N_0022.npy,7.372091,-4.124708,-3.4836779,-3.5537493,0.99995255,1.0162085e-05,1.9292085e-05,1.7986524e-05,N,N
CF02_Gujarati_N_0051.npy,7.908446,-3.7795599,-3.7339182,-4.594015,0.999979,8.393722e-06,8.785697e-06,3.717417e-06,N,N
CF02_Gujarati_N_0068.npy,7.9641786,-3.6677651,-3.9018857,-4.616488,0.9999807,8.877744e-06,7.024663e-06,3.4377758e-06,N,N
CF14_English_N_0020.npy,8.3561,-3.5612538,-3.9083047,-5.322191,0.99998736,6.6734992e-06,4.7166254e-06,1.1470652e-06,N,N
CM05_English_N_0067.npy,7.55091,-2.5349498,-4.13612,-6.233502,0.999949,4.166245e-05,8.401664e-06,1.0315341e-06,N,N
CF04_Hindi_N_0053.npy,6.607061,-4.135341,-3.6112118,-2.06358,0.99977046,2.160401e-05,3.648889e-05,0.00017150973,N,N
CF18_English_N_0029.npy,8.050777,-4.6668496,-4.1615133,-2.523468,0.9999664,2.997715e-06,4.968839e-06,2.5565187e-05,N,N
CM27_Gujarati_N_0042.npy,7.1139708,-3.238065,-3.584846,-4.5628133,0.99993706,3.1925723e-05,2.257022e-05,8.488083e-06,N,N
CF18_English_N_0038.npy,8.285242,-3.9171214,-4.198694,-4.176783,0.99998724,5.018514e-06,3.786952e-06,3.870846e-06,N,N
CM05_Hindi_N_0021.npy,7.4969516,-3.0612757,-3.6697268,-5.4993033,0.99995756,2.5977755e-05,1.4136918e-05,2.2687143e-06,N,N
CF14_Hindi_N_0040.npy,7.666337,-4.3950324,-3.4547193,-3.6597428,0.99996734,5.7782963e-06,1.4796954e-05,1.2054012e-05,N,N
CF04_English_N_0057.npy,7.174499,-3.1386662,-3.3934164,-4.3925495,0.9999316,3.3190925e-05,2.5726644e-05,9.472502e-06,N,N
CF09_Hindi_N_0172.npy,7.548078,-3.4866483,-3.8577576,-4.2209477,0.9999651,1.6131105e-05,1.1129949e-05,7.740372e-06,N,N
CM30_English_N_0006.npy,6.939865,-4.260985,-3.8922436,-1.8375268,0.9998124,1.3660022e-05,1.9751205e-05,0.00015415082,N,N
CM05_Hindi_N_0020.npy,7.399112,-2.1240149,-3.8591006,-6.8415637,0.99991333,7.313429e-05,1.2899788e-05,6.5360496e-07,N,N
CM16_Hindi_N_0061.npy,6.8562737,-2.8235161,-3.6845765,-4.2429667,0.99989593,6.252816e-05,2.6431511e-05,1.5122235e-05,N,N
CF04_English_N_0010.npy,7.806997,-4.9772215,-3.635363,-2.318623,0.9999465,2.8045392e-06,1.0730574e-05,4.0038325e-05,N,N
CF09_Hindi_N_0150.npy,9.102881,-4.615758,-4.5955534,-3.9262705,0.9999956,1.1017136e-06,1.1241996e-06,2.1953779e-06,N,N
CF14_English_N_0015.npy,2.528015,-3.4797328,-0.4613419,-2.1968899,0.94192916,0.0023167895,0.04739768,0.0083563775,N,N
CF04_English_N_0100.npy,8.7692995,-5.484223,-4.3290267,-2.2513394,0.9999809,6.453055e-07,2.0486186e-06,1.6360207e-05,N,N
CF09_Hindi_N_0048.npy,8.93854,-4.1246376,-4.2671156,-5.335999,0.99999547,2.1219341e-06,1.8401554e-06,6.3189384e-07,N,N
CF14_Gujarati_N_0006.npy,8.0438795,-3.4381938,-3.835494,-5.2871556,0.99998116,1.03131415e-05,6.931791e-06,1.623292e-06,N,N
CM16_Hindi_N_0089.npy,3.6900969,-3.2861,-1.8715247,-1.3603208,0.98894054,0.00092352025,0.0038000434,0.0063358014,N,N
CF14_Hindi_N_0144.npy,0.3231635,-1.3947171,-0.67319804,0.62659913,0.34445098,0.061810367,0.12717833,0.46656036,H,N
CF02_English_N_0102.npy,7.7479396,-4.4695144,-4.3991976,-2.3961902,0.9999505,4.9431715e-06,5.303274e-06,3.93042e-05,N,N
CM16_Hindi_N_0088.npy,7.5563207,-3.8012488,-3.5394473,-4.808292,0.9999689,1.1680371e-05,1.5175942e-05,4.2668116e-06,N,N
CF02_English_N_0010.npy,6.422956,-2.655052,-3.39995,-4.989977,0.99982065,0.00011412832,5.4186115e-05,1.1049639e-05,N,N
CF04_English_N_0033.npy,8.253691,-4.377547,-3.7443004,-4.5737453,0.99998784,3.268272e-06,6.1564897e-06,2.686024e-06,N,N
CF09_Hindi_N_0113.npy,8.687831,-3.9020116,-4.0455904,-5.378183,0.99999285,3.4064158e-06,2.950817e-06,7.784037e-07,N,N
CF09_Hindi_N_0028.npy,8.542932,-3.987008,-4.4041395,-4.6801295,0.99999213,3.616704e-06,2.3831703e-06,1.8083994e-06,N,N
CF04_English_N_0052.npy,8.184594,-4.567323,-4.142984,-3.1985922,0.9999813,2.896708e-06,4.4278504e-06,1.13851e-05,N,N
CF09_English_N_0003.npy,5.890656,-3.388142,-2.761803,-3.9663122,0.9996797,9.335338e-05,0.00017464075,5.2364154e-05,N,N
CF02_English_N_0072.npy,7.5321307,-3.9322968,-3.743423,-3.6823416,0.9999634,1.0496544e-05,1.267866e-05,1.3477237e-05,N,N
CF04_Hindi_N_0079.npy,9.027034,-4.8082223,-4.1535034,-4.5922675,0.99999595,9.804437e-07,1.8869644e-06,1.2167772e-06,N,N
CF09_English_N_0053.npy,8.385306,-3.9457598,-4.0693974,-4.813084,0.99998975,4.412468e-06,3.899296e-06,1.8535623e-06,N,N
CF02_English_N_0023.npy,7.165418,-3.4508805,-3.425507,-4.5121284,0.9999418,2.4511779e-05,2.5141684e-05,8.481657e-06,N,N
CM03_English_N_0021.npy,5.8786206,-3.295799,-2.5144367,-4.327438,0.9996332,0.00010361937,0.00022635098,3.693225e-05,N,N
CM03_English_N_0104.npy,5.4304614,-2.5316865,-2.6530995,-4.496616,0.99929476,0.00034815836,0.00030835267,4.8799877e-05,N,N
CF02_English_N_0087.npy,7.6302085,-3.728753,-3.6231017,-4.703494,0.9999709,1.1664154e-05,1.2963935e-05,4.4007697e-06,N,N
CM05_Hindi_N_0068.npy,7.5999475,-2.4888453,-4.0263767,-6.3682556,0.9999486,4.1540396e-05,8.927492e-06,8.583499e-07,N,N
CM30_English_N_0038.npy,7.810592,-3.1425204,-3.7325523,-5.4566903,0.99997115,1.7502944e-05,9.702052e-06,1.7301346e-06,N,N
CM38_English_N_0016.npy,8.424793,-3.7501087,-3.856511,-4.997801,0.9999887,5.15825e-06,4.6375903e-06,1.481278e-06,N,N
CF14_Hindi_N_0150.npy,3.6144342,-2.9109294,-2.1360474,-1.123297,0.98677176,0.0014463959,0.003139166,0.008642638,N,N
CF14_Hindi_N_0102.npy,6.7337584,-3.9230275,-3.399529,-2.7344892,0.99985945,2.3537244e-05,3.9729046e-05,7.725585e-05,N,N
CF14_Hindi_N_0085.npy,7.958025,-4.3984733,-3.720286,-3.3018086,0.99997437,4.3015966e-06,8.4754565e-06,1.2879689e-05,N,N
CF14_Gujarati_N_0046.npy,7.6114993,-3.5002196,-3.904266,-4.4407325,0.99996924,1.4935795e-05,9.971337e-06,5.831347e-06,N,N
CF14_Hindi_N_0025.npy,8.057252,-3.9882305,-4.102874,-4.1609836,0.9999839,5.870923e-06,5.23501e-06,4.939477e-06,N,N
CF09_Hindi_N_0042.npy,7.4139323,-4.4299836,-4.120079,-2.2960093,0.9999224,7.181563e-06,9.790584e-06,6.0672537e-05,N,N
CM05_Hindi_N_0083.npy,7.9990487,-2.7591944,-4.3878083,-6.2339253,0.9999739,2.1268792e-05,4.1729672e-06,6.586983e-07,N,N
CF18_English_N_0011.npy,8.222089,-4.2456217,-4.16639,-3.5583377,0.9999844,3.848889e-06,4.1662474e-06,7.6527795e-06,N,N
CM30_Gujarati_N_0031.npy,7.9444966,-3.2526298,-3.7523286,-5.438764,0.9999764,1.3713223e-05,8.3199975e-06,1.5406837e-06,N,N
CF14_Hindi_N_0018.npy,4.1663604,-3.3435028,-1.3499056,-2.5702658,0.99427783,0.00054452237,0.0039978265,0.0011798538,N,N
CM27_Gujarati_N_0048.npy,6.825994,-2.7441902,-3.434783,-5.1062293,0.99988866,6.977072e-05,3.4974626e-05,6.574351e-06,N,N
CF14_Hindi_N_0115.npy,7.941992,-4.697146,-3.9782896,-2.6439595,0.99996483,3.2424791e-06,6.6538387e-06,2.526764e-05,N,N
CF14_English_N_0005.npy,5.390961,-2.9512138,-2.4326005,-3.6150765,0.99923944,0.00023807248,0.00039988942,0.00012257365,N,N
CM03_English_N_0097.npy,6.471581,-3.3346095,-3.4245715,-3.1828785,0.99983037,5.510004e-05,5.0359562e-05,6.412806e-05,N,N
CF04_English_N_0111.npy,8.625217,-4.6269383,-3.517422,-5.202028,0.9999919,1.7565421e-06,5.3274e-06,9.883255e-07,N,N
CM05_English_N_0024.npy,6.9831123,-2.529684,-3.5161192,-6.1426177,0.9998965,7.389245e-05,2.7554774e-05,1.9930708e-06,N,N
CM05_Hindi_N_0048.npy,7.6427083,-3.1460648,-3.6026795,-5.2323985,0.99996364,2.0629079e-05,1.30669505e-05,2.560922e-06,N,N
CM16_Hindi_N_0076.npy,5.108525,-1.9529455,-2.525489,-5.141104,0.9986253,0.0008563377,0.00048305027,3.5321995e-05,N,N
CF14_Gujarati_N_0035.npy,8.422915,-3.64713,-4.1959114,-5.2239337,0.99998975,5.7285065e-06,3.3090907e-06,1.1837077e-06,N,N
CM03_English_N_0092.npy,5.1742225,-2.3598962,-2.4363685,-4.570079,0.9989128,0.00053395104,0.0004946408,5.8564103e-05,N,N
CM27_Gujarati_N_0036.npy,7.281803,-2.7343965,-3.707643,-5.3319154,0.99993503,4.466751e-05,1.6877797e-05,3.325858e-06,N,N
CM38_English_N_0117.npy,7.8892636,-3.0877047,-3.8545656,-5.233745,0.99997294,1.7090362e-05,7.93794e-06,1.9986555e-06,N,N
CM27_Gujarati_N_0068.npy,7.1133065,-2.3538184,-3.3603723,-6.9401073,0.99989355,7.734525e-05,2.8267863e-05,7.881954e-07,N,N
CM38_English_N_0118.npy,8.390787,-3.5915272,-4.2677655,-5.4164777,0.9999895,6.2537792e-06,3.1802122e-06,1.0082698e-06,N,N
CF14_Hindi_N_0131.npy,7.647885,-3.9915981,-3.4697585,-4.7644305,0.9999722,8.810995e-06,1.4847617e-05,4.068065e-06,N,N
CF14_Hindi_N_0055.npy,7.286748,-3.2214375,-3.7470505,-4.667866,0.9999502,2.7310614e-05,1.6145843e-05,6.4291744e-06,N,N
CM05_English_N_0072.npy,7.901038,-3.1283634,-4.1585093,-5.1376123,0.9999758,1.6217396e-05,5.7888806e-06,2.1745807e-06,N,N
CF14_Hindi_N_0114.npy,7.8664107,-4.8780537,-3.9973907,-2.0489986,0.99994063,2.9182565e-06,7.040289e-06,4.9404534e-05,N,N
CF02_English_N_0001.npy,7.251369,-4.570454,-3.474019,-2.729843,0.9999244,7.3420047e-06,2.1978123e-05,4.625749e-05,N,N
CM30_Gujarati_N_0066.npy,7.554599,-3.017055,-3.7639203,-5.3657928,0.9999597,2.5631367e-05,1.2145402e-05,2.4475296e-06,N,N
CF14_Gujarati_N_0071.npy,6.6071467,-3.2318172,-3.5929627,-3.5481098,0.99987066,5.3325613e-05,3.716144e-05,3.8866197e-05,N,N
CF02_Gujarati_N_0013.npy,7.7919426,-4.3969502,-3.7783716,-3.2047763,0.99996877,5.086485e-06,9.441973e-06,1.675606e-05,N,N
CF14_Gujarati_N_0008.npy,8.457709,-4.002079,-3.5782292,-5.4801297,0.9999893,3.87952e-06,5.9272575e-06,8.8484774e-07,N,N
CM05_English_N_0013.npy,8.538451,-3.4515784,-4.205311,-5.7147875,0.99999034,6.205721e-06,2.9204534e-06,6.45495e-07,N,N
CF02_English_N_0103.npy,7.057194,-3.8442376,-2.6559951,-4.9755435,0.99991524,1.8430257e-05,6.0475402e-05,5.945818e-06,N,N
CF04_English_N_0012.npy,7.073815,-3.6287274,-3.192924,-3.6240714,0.9999201,2.2485901e-05,3.4767807e-05,2.2590835e-05,N,N
CM05_English_N_0066.npy,8.290192,-3.3492975,-4.151215,-5.612151,0.9999863,8.811059e-06,3.9514816e-06,9.1681835e-07,N,N
CM24_Gujarati_N_0013.npy,7.769324,-3.211571,-3.8769007,-5.407695,0.99997234,1.7023382e-05,8.751787e-06,1.8935696e-06,N,N
CM38_English_N_0133.npy,8.40134,-3.6274514,-3.908927,-5.6191125,0.9999887,5.969766e-06,4.505202e-06,8.146854e-07,N,N
CM30_English_N_0022.npy,7.575404,-3.1694636,-3.660204,-5.963089,0.9999639,2.1554984e-05,1.3195375e-05,1.3191417e-06,N,N
CM05_Hindi_N_0086.npy,7.5616393,-2.6183558,-3.9494376,-6.1589227,0.999951,3.7919555e-05,1.0018011e-05,1.0995484e-06,N,N
CM35_English_N_0076.npy,8.179549,-3.9228868,-4.081711,-4.624992,0.9999869,5.5459136e-06,4.7314775e-06,2.7482297e-06,N,N
CM05_English_N_0031.npy,7.6323223,-3.096057,-3.7642412,-5.3497467,0.9999646,2.1913349e-05,1.12336265e-05,2.3011435e-06,N,N
CM16_Hindi_N_0033.npy,6.5682344,-3.420221,-2.6556127,-4.763797,0.99984336,4.591988e-05,9.864293e-05,1.1981007e-05,N,N
CF04_Hindi_N_0128.npy,7.0620556,-4.785245,-3.811884,-1.3912921,0.9997608,7.156141e-06,1.8941057e-05,0.00021313445,N,N
CF09_Hindi_N_0102.npy,7.8564982,-3.4246328,-3.6800017,-5.2707496,0.9999757,1.2608301e-05,9.766774e-06,1.9902066e-06,N,N
CM03_English_N_0086.npy,4.6992497,-4.226175,-1.9656042,-2.0922518,0.9974752,0.0001326293,0.0012717237,0.0011204449,N,N
CF02_English_N_0097.npy,8.005655,-3.5981312,-3.8293443,-5.037397,0.9999814,9.131276e-06,7.2463135e-06,2.165041e-06,N,N
CF02_Gujarati_N_0049.npy,8.238627,-4.5548935,-4.1298532,-3.2841432,0.9999831,2.7786707e-06,4.2504e-06,9.901862e-06,N,N
CF04_Hindi_N_0028.npy,7.8959866,-4.2255616,-3.4423676,-4.30852,0.9999776,5.4408783e-06,1.1907091e-05,5.0077274e-06,N,N
CM30_English_N_0031.npy,7.4842787,-2.5789838,-4.006918,-5.7819266,0.9999454,4.2614432e-05,1.0219109e-05,1.7319555e-06,N,N
CM05_English_N_0006.npy,7.944715,-3.139214,-3.8839924,-6.034636,0.9999765,1.5356794e-05,7.292011e-06,8.4885744e-07,N,N
CM27_Gujarati_N_0039.npy,6.8520474,-2.3331025,-3.4622083,-6.2514052,0.9998623,0.000102536906,3.3152468e-05,2.0379007e-06,N,N
CM05_English_N_0033.npy,7.215265,-2.7811928,-3.5807042,-5.939762,0.99993205,4.5557925e-05,2.0480507e-05,1.9355957e-06,N,N
CM05_English_N_0081.npy,8.245402,-3.1656177,-4.1566057,-6.2067175,0.9999844,1.1072612e-05,4.1102626e-06,5.290751e-07,N,N
CF14_English_N_0046.npy,5.1008716,-1.9538733,-2.943809,-4.398012,0.9987425,0.00086221745,0.0003204005,7.484116e-05,N,N
CF04_Hindi_N_0058.npy,6.9699507,-4.46578,-3.8593094,-2.023547,0.99984515,1.080086e-05,1.9808198e-05,0.0001241956,N,N
CM05_Hindi_N_0010.npy,8.147695,-3.603518,-4.307235,-5.102055,0.9999864,7.879653e-06,3.8984053e-06,1.7607624e-06,N,N
CF14_Gujarati_N_0020.npy,7.3980947,-3.8864913,-3.945331,-2.971696,0.9999442,1.2564417e-05,1.18464595e-05,3.1364096e-05,N,N
CM03_English_N_0020.npy,3.2937448,-1.0695024,-1.7435591,-5.0075116,0.98089576,0.012493635,0.006367216,0.00024346307,N,N
CF09_English_N_0024.npy,8.490089,-4.024827,-4.2980113,-4.445462,0.9999912,3.6714453e-06,2.7937942e-06,2.4107794e-06,N,N
CM05_English_N_0039.npy,7.6661935,-2.7489085,-3.722773,-6.610488,0.99995804,2.9975088e-05,1.1319218e-05,6.3051823e-07,N,N
CM35_English_N_0084.npy,8.416675,-4.1175084,-4.272238,-4.62027,0.9999912,3.6013842e-06,3.0851163e-06,2.1783273e-06,N,N
CF09_Hindi_N_0168.npy,7.838218,-4.4459615,-3.594203,-4.001912,0.99997735,4.6242226e-06,1.0838094e-05,7.2092007e-06,N,N
CF04_Hindi_N_0022.npy,8.861997,-5.017952,-4.362462,-3.182531,0.9999914,9.3758615e-07,1.8058715e-06,5.876574e-06,N,N
CF18_English_N_0033.npy,8.777836,-4.0546412,-4.0955935,-5.265392,0.9999939,2.6725336e-06,2.5652994e-06,7.9634424e-07,N,N
CM05_English_N_0022.npy,7.000528,-2.6441898,-3.5052664,-5.98459,0.99990547,6.4760636e-05,2.7374761e-05,2.2940026e-06,N,N
CM35_English_N_0054.npy,8.477504,-3.7093043,-4.0012817,-5.5564866,0.9999902,5.097209e-06,3.8065195e-06,8.0373144e-07,N,N
CM38_English_N_0080.npy,6.961253,-4.692673,-2.755331,-3.1596437,0.9998908,8.683933e-06,6.0268958e-05,4.022562e-05,N,N
CF14_Gujarati_N_0026.npy,8.309273,-4.4101276,-4.206592,-3.4965959,0.9999858,2.9924604e-06,3.6679432e-06,7.460543e-06,N,N
CF04_Hindi_N_0122.npy,7.441712,-4.6420856,-4.0790577,-2.0561001,0.9999094,5.6498134e-06,9.920971e-06,7.500897e-05,N,N
CF04_Hindi_N_0091.npy,8.628713,-5.0420246,-4.6388535,-2.5125034,0.9999826,1.1557574e-06,1.7296627e-06,1.45018585e-05,N,N
CF09_English_N_0027.npy,8.170693,-3.4541037,-4.043961,-4.9304347,0.999984,8.941449e-06,4.957193e-06,2.042893e-06,N,N
CF04_Hindi_N_0108.npy,8.479457,-4.7236185,-3.3861222,-4.485294,0.9999888,1.844898e-06,7.0281235e-06,2.3414002e-06,N,N
CF04_Hindi_N_0078.npy,8.724623,-5.162997,-4.29245,-2.8550382,0.9999875,9.304183e-07,2.2220393e-06,9.354314e-06,N,N
CM24_Gujarati_N_0061.npy,5.8849826,-2.8717115,-2.4316678,-5.2498965,0.9995838,0.00015733865,0.00024431146,1.4588231e-05,N,N
CF14_Hindi_N_0074.npy,8.072394,-4.067956,-3.6664462,-4.333347,0.9999826,5.3395574e-06,7.977723e-06,4.0949412e-06,N,N
CF02_English_N_0013.npy,8.411627,-3.8485835,-3.8458862,-5.1858325,0.9999893,4.736459e-06,4.74925e-06,1.2436369e-06,N,N
CF14_Gujarati_N_0069.npy,2.82022,-2.8797202,-1.7562015,-0.79695433,0.9610798,0.0032159318,0.009891103,0.025813125,N,N
CF04_English_N_0085.npy,8.326499,-4.7200866,-3.9980927,-2.8594244,0.9999796,2.1574028e-06,4.4410845e-06,1.3867758e-05,N,N
CM05_English_N_0092.npy,7.3028007,-1.8849865,-4.0619226,-7.095525,0.99988556,0.00010226925,1.1596147e-05,5.582609e-07,N,N
CF02_English_N_0044.npy,6.9615364,-4.257687,-4.0150733,-1.8184694,0.99981576,1.3411374e-05,1.7093804e-05,0.00015374892,N,N
CF14_Hindi_N_0105.npy,8.1047735,-3.8709335,-3.9003553,-4.4789414,0.99998415,6.2952017e-06,6.1126834e-06,3.4273223e-06,N,N
CF09_English_N_0056.npy,8.523368,-4.2356715,-4.113364,-4.813908,0.99999225,2.8761826e-06,3.250376e-06,1.6132107e-06,N,N
CF14_Hindi_N_0124.npy,5.5941358,-2.9980087,-3.200029,-2.295394,0.9992887,0.00018542583,0.00015150738,0.00037437925,N,N
CM35_English_N_0089.npy,8.376293,-3.4853506,-4.106803,-5.4173865,0.9999881,7.0558344e-06,3.7901382e-06,1.0220582e-06,N,N
CF20_Gujarati_N_0020.npy,8.208417,-4.362418,-4.118245,-3.6103425,0.99998474,3.4717548e-06,4.4319213e-06,7.364973e-06,N,N
CF09_English_N_0041.npy,8.197493,-3.5417838,-3.9369211,-5.2487874,0.9999852,7.97426e-06,5.371365e-06,1.4466003e-06,N,N
CF18_English_N_0016.npy,7.801406,-3.8173363,-3.6533844,-4.550964,0.99997604,8.995682e-06,1.0598331e-05,4.319403e-06,N,N
CF20_Gujarati_N_0037.npy,7.9180064,-3.419908,-3.4396842,-5.325222,0.9999746,1.191229e-05,1.1679023e-05,1.7722612e-06,N,N
CM05_English_N_0074.npy,8.436005,-3.435668,-4.134118,-5.8612256,0.9999889,6.9854323e-06,3.4742436e-06,6.177137e-07,N,N
CM24_Gujarati_N_0011.npy,7.610553,-3.469396,-3.5851102,-5.3429523,0.9999685,1.5417923e-05,1.3733192e-05,2.3678315e-06,N,N
CM30_Gujarati_N_0067.npy,7.205777,-2.3675113,-3.836517,-6.258051,0.9999131,6.955624e-05,1.600865e-05,1.4213336e-06,N,N
CF04_English_N_0015.npy,8.171233,-4.3152943,-4.074555,-3.699809,0.9999845,3.7771422e-06,4.8052375e-06,6.9898065e-06,N,N
CF14_Hindi_N_0010.npy,8.033793,-3.700089,-3.9579425,-4.5363793,0.99998236,8.017366e-06,6.1950927e-06,3.4740451e-06,N,N
CM05_Hindi_N_0118.npy,6.0688357,-2.2814023,-2.762918,-5.5190725,0.9996086,0.00023624778,0.00014596478,9.2739665e-06,N,N
CM38_English_N_0126.npy,6.6272297,-3.1385303,-2.8763537,-5.1650844,0.9998604,5.7375106e-05,7.457363e-05,7.5614003e-06,N,N
CM30_Gujarati_N_0015.npy,7.3843565,-2.7347713,-3.6104949,-5.8715844,0.9999411,4.029891e-05,1.6786931e-05,1.7498154e-06,N,N
CM38_English_N_0040.npy,6.6278195,-2.1591086,-3.491168,-5.554433,0.99980193,0.00015268612,4.0298906e-05,5.1195143e-06,N,N
CM05_English_N_0001.npy,7.782368,-3.137669,-3.9990144,-4.9928885,0.9999714,1.8091543e-05,7.645363e-06,2.8298532e-06,N,N
CM27_Gujarati_N_0065.npy,6.630441,-2.7838187,-3.2358284,-5.296456,0.9998599,8.154138e-05,5.1888666e-05,6.609272e-06,N,N
CM05_English_N_0075.npy,7.715897,-3.0749025,-3.7408986,-5.7005043,0.99996734,2.0587371e-05,1.0577004e-05,1.4904483e-06,N,N
CF02_Gujarati_N_0064.npy,7.5137444,-5.06347,-3.005784,-3.1463678,0.999946,3.4495451e-06,2.7002465e-05,2.346111e-05,N,N
CM24_Gujarati_N_0054.npy,7.477212,-3.663075,-2.9957044,-6.0138054,0.9999559,1.4514948e-05,2.8291175e-05,1.3832683e-06,N,N
CM03_English_N_0016.npy,4.332933,-1.8863629,-2.1765435,-3.9693794,0.9962859,0.0019832528,0.0014837277,0.00024702185,N,N
CF18_English_N_0030.npy,8.810684,-4.343643,-4.157503,-4.5737324,0.99999416,1.9370714e-06,2.333379e-06,1.5389312e-06,N,N
CF04_Hindi_N_0086.npy,8.973281,-4.7778964,-3.9255936,-4.12905,0.9999944,1.0664422e-06,2.50085e-06,2.040457e-06,N,N
CM35_English_N_0064.npy,7.23423,-2.7266288,-3.7465277,-5.864787,0.9999337,4.720902e-05,1.7025064e-05,2.0471061e-06,N,N
CM05_Hindi_N_0057.npy,7.6222334,-4.10081,-4.1219587,-2.976851,0.999959,8.104555e-06,7.934953e-06,2.49378e-05,N,N
CM24_Gujarati_N_0020.npy,7.3495426,-4.2283893,-3.1300046,-4.2696033,0.9999535,9.370175e-06,2.8104132e-05,8.991842e-06,N,N
CF20_Gujarati_N_0044.npy,8.160363,-4.5678906,-3.8854961,-3.2706451,0.99998033,2.9660662e-06,5.868691e-06,1.0853445e-05,N,N
CF14_Hindi_N_0073.npy,7.811642,-4.405252,-3.7521582,-3.3463643,0.9999713,4.9460423e-06,9.5036985e-06,1.4260239e-05,N,N
CM16_Hindi_N_0083.npy,5.139607,-4.6768517,-1.708733,-2.65769,0.99847573,5.4463268e-05,0.0010595983,0.00041021776,N,N
CF14_English_N_0018.npy,8.0268545,-4.5045695,-4.1983576,-2.7782125,0.99997115,3.6112651e-06,4.9050714e-06,2.0295814e-05,N,N
CM38_English_N_0094.npy,7.6522107,-2.723337,-3.613729,-6.1420116,0.99995506,3.118441e-05,1.2801032e-05,1.021471e-06,N,N
CM27_Gujarati_N_0016.npy,4.2366624,-2.4126773,-1.7299362,-4.6980557,0.9960263,0.0012897314,0.0025527598,0.00013121155,N,N
CF02_Gujarati_N_0043.npy,8.262181,-3.8262439,-4.0295796,-4.7545667,0.9999876,5.6241706e-06,4.5893426e-06,2.2227603e-06,N,N
CF04_Hindi_N_0042.npy,8.292793,-4.1813607,-4.0360575,-4.576249,0.99998915,3.8241883e-06,4.422252e-06,2.5765655e-06,N,N
CF09_Hindi_N_0033.npy,8.272094,-3.4941015,-4.0825424,-5.296403,0.99998665,7.76248e-06,4.3096684e-06,1.2801798e-06,N,N
CM03_English_N_0051.npy,4.038061,-2.3743095,-0.97915334,-5.1174455,0.9916998,0.0016275075,0.0065679788,0.00010475975,N,N
CF04_Hindi_N_0137.npy,8.463982,-4.1303086,-3.9769878,-4.87702,0.99999106,3.391295e-06,3.9532265e-06,1.6072106e-06,N,N
CF14_Gujarati_N_0054.npy,7.0618114,-3.4105206,-3.6056402,-3.371221,0.99991906,2.8306673e-05,2.3288922e-05,2.9441248e-05,N,N
CM38_English_N_0041.npy,7.826753,-2.9433331,-4.196447,-5.8966355,0.99997187,2.1018355e-05,6.0031384e-06,1.0964677e-06,N,N
CF14_Gujarati_N_0030.npy,7.4394155,-3.4155974,-4.011618,-3.8603125,0.9999577,1.930676e-05,1.0638023e-05,1.2375762e-05,N,N
CF09_Hindi_N_0138.npy,8.387227,-4.10475,-3.8720849,-5.02005,0.99999,3.7566324e-06,4.7407193e-06,1.5041434e-06,N,N
CM03_English_N_0043.npy,2.7606666,-0.96317595,-0.97685045,-3.8577178,0.95302564,0.023007017,0.022694547,0.0012728488,N,N
CM03_English_N_0057.npy,4.1669602,-1.2263792,-2.472115,-3.391332,0.99366367,0.0045179557,0.0012999469,0.00051845936,N,N
CF14_English_N_0014.npy,5.9538445,-2.9945462,-3.0291934,-3.7990959,0.9996865,0.00012990534,0.00012548157,5.8105295e-05,N,N
CF02_English_N_0025.npy,7.2265716,-3.3834012,-3.7635093,-3.871221,0.99994326,2.4667359e-05,1.6867236e-05,1.514486e-05,N,N
CM03_English_N_0009.npy,5.64168,-1.7233523,-2.9997785,-6.048256,0.99918264,0.00063248764,0.00017648473,8.370865e-06,N,N
CF09_Hindi_N_0022.npy,8.399501,-4.2497354,-4.462431,-3.8392906,0.9999893,3.2099751e-06,2.594952e-06,4.8390016e-06,N,N
CM05_English_N_0059.npy,7.9882073,-3.1973555,-3.912407,-5.768831,0.9999783,1.387274e-05,6.786091e-06,1.0601927e-06,N,N
CM05_Hindi_N_0028.npy,7.0744863,-1.9744492,-3.745611,-6.534906,0.99986124,0.00011749983,1.9990854e-05,1.2287283e-06,N,N
CM35_English_N_0014.npy,8.121152,-3.31046,-3.876056,-5.3913302,0.99998164,1.0846909e-05,6.1612795e-06,1.3539286e-06,N,N
CF14_Hindi_N_0016.npy,2.1560476,-3.80977,0.9585014,-2.8403125,0.7626243,0.001956091,0.23026234,0.005157261,N,N
CF04_English_N_0064.npy,8.7485285,-4.132768,-4.0612774,-4.9208236,0.99999356,2.5451968e-06,2.7338158e-06,1.1573727e-06,N,N
CF09_English_N_0026.npy,8.490959,-3.7105067,-4.2475367,-5.19507,0.9999908,5.0230424e-06,2.9358748e-06,1.1382272e-06,N,N
CM27_Gujarati_N_0028.npy,7.1908827,-2.6912289,-3.7054527,-5.936415,0.9999285,5.107665e-05,1.8524672e-05,1.9900122e-06,N,N
CM03_English_N_0058.npy,5.786905,-3.1777182,-2.151845,-4.7818704,0.99949,0.00012778869,0.0003564702,2.5693174e-05,N,N
CM38_English_N_0130.npy,8.23484,-3.2832508,-4.102743,-5.959681,0.999985,9.948327e-06,4.3837827e-06,6.8452823e-07,N,N
CM38_English_N_0116.npy,8.054381,-3.1357198,-4.0175834,-5.943603,0.9999796,1.38099385e-05,5.7174675e-06,8.3318986e-07,N,N
CF09_Hindi_N_0029.npy,8.3642025,-3.660835,-4.219619,-5.2249045,0.9999893,5.992221e-06,3.426977e-06,1.2540677e-06,N,N
CM30_Gujarati_N_0030.npy,6.6956644,-2.3075893,-3.3543582,-6.317353,0.99983156,0.00012298817,4.317752e-05,2.23072e-06,N,N
CM16_Hindi_N_0018.npy,8.0231905,-3.4795115,-4.0567455,-4.3919883,0.9999801,1.0102561e-05,5.6720733e-06,4.0564664e-06,N,N
CF14_Hindi_N_0038.npy,8.331876,-3.5069509,-3.9819164,-5.5093102,0.99998724,7.21867e-06,4.4893395e-06,9.746385e-07,N,N
CF14_Gujarati_N_0050.npy,5.7418733,-4.437162,-3.061492,-0.72336483,0.9982583,3.78917e-05,0.00014996494,0.0015539094,N,N
CM05_English_N_0002.npy,7.265304,-2.552929,-3.898388,-6.156816,0.9999299,5.4445867e-05,1.41788005e-05,1.4818932e-06,N,N
CF14_Hindi_N_0034.npy,7.838255,-3.9135551,-4.0087004,-3.8943589,0.999977,7.874876e-06,7.16016e-06,8.027507e-06,N,N
CM35_English_N_0087.npy,8.351021,-3.9342294,-4.119959,-4.491523,0.9999889,4.6193304e-06,3.8363437e-06,2.6457535e-06,N,N
CF02_English_N_0060.npy,6.444193,-3.498542,-2.7089975,-4.534141,0.99982905,4.806743e-05,0.00010586334,1.7064584e-05,N,N
CM35_English_N_0097.npy,8.397969,-4.1488647,-4.3097634,-4.6187215,0.9999913,3.5561122e-06,3.0275953e-06,2.2228955e-06,N,N
CF14_Hindi_N_0109.npy,7.015557,-3.4780211,-3.7991672,-3.478593,0.9999244,2.7711767e-05,2.0099824e-05,2.7695913e-05,N,N
CM35_English_N_0030.npy,7.139787,-2.7881095,-3.8545132,-4.9779596,0.99992895,4.879086e-05,1.6795964e-05,5.4613342e-06,N,N
CF20_Gujarati_N_0071.npy,6.743539,-3.4477456,-3.3519423,-3.6098914,0.9998894,3.7491558e-05,4.126105e-05,3.1879725e-05,N,N
CF14_Hindi_N_0118.npy,8.034469,-4.314236,-3.5883858,-4.5582294,0.9999833,4.33529e-06,8.95883e-06,3.396671e-06,N,N
CM16_Hindi_N_0079.npy,5.3404107,-3.0248914,-2.2531857,-3.7773683,0.99915457,0.00023260986,0.00050324056,0.00010960534,N,N
CM03_English_N_0044.npy,4.8369727,-2.2992635,-2.6386402,-3.2150588,0.99832183,0.0007944061,0.0005657874,0.0003179199,N,N
CF14_Hindi_N_0088.npy,7.733913,-4.3407574,-4.045686,-2.7716818,0.99995923,5.7018974e-06,7.658925e-06,2.7381717e-05,N,N
CF14_Hindi_N_0103.npy,7.1149096,-3.2010477,-3.4317126,-4.7842813,0.99993384,3.309848e-05,2.6280366e-05,6.7954516e-06,N,N
CM05_English_N_0029.npy,8.2005415,-3.5637183,-3.9705658,-5.201245,0.9999856,7.777515e-06,5.1778443e-06,1.5124175e-06,N,N
CF02_Gujarati_N_0018.npy,8.170459,-3.8725271,-3.780576,-4.706254,0.9999851,5.885606e-06,6.4524584e-06,2.5568672e-06,N,N
CF04_Hindi_N_0075.npy,8.048648,-4.9921036,-2.943923,-4.345257,0.9999769,2.1700191e-06,1.6825854e-05,4.143674e-06,N,N
CM35_English_N_0128.npy,8.333612,-3.4858303,-4.1780157,-5.6302342,0.9999881,7.3599704e-06,3.6835263e-06,8.621314e-07,N,N
CM05_English_N_0078.npy,8.250717,-2.8952627,-4.5292892,-6.513052,0.99998236,1.443294e-05,2.8164761e-06,3.8740828e-07,N,N
CF20_Gujarati_N_0026.npy,7.227193,-4.490326,-3.6320343,-1.9985063,0.99987423,8.1487615e-06,1.9223964e-05,9.8463446e-05,N,N
CF09_English_N_0034.npy,8.656878,-4.243242,-4.039353,-4.671918,0.9999927,2.4977328e-06,3.0626222e-06,1.6269497e-06,N,N
CM05_Hindi_N_0023.npy,7.105638,-2.4965534,-3.8435092,-5.7225356,0.99991226,6.757451e-05,1.7571452e-05,2.6838416e-06,N,N
CM38_English_N_0111.npy,8.276397,-3.6561677,-4.023857,-5.0383677,0.99998724,6.572755e-06,4.550531e-06,1.6499316e-06,N,N
CF14_Gujarati_N_0067.npy,4.3544903,-3.7048287,-1.748212,-2.2018416,0.99604166,0.00031489076,0.0022279613,0.001415464,N,N
CF02_English_N_0042.npy,5.1077094,-3.751606,-1.9515611,-3.0125005,0.99870276,0.00014186793,0.00085829006,0.00029708038,N,N
CM05_English_N_0036.npy,6.555121,-1.7888218,-3.5694387,-6.826738,0.99972063,0.00023776636,4.0071758e-05,1.5424505e-06,N,N
CF18_English_N_0026.npy,8.285811,-4.049874,-4.163842,-4.5600753,0.99998903,4.392128e-06,3.9190368e-06,2.6369248e-06,N,N
CM24_Gujarati_N_0034.npy,7.593662,-3.2298613,-3.6402924,-5.4878874,0.9999647,1.9924551e-05,1.32172245e-05,2.0832447e-06,N,N
CM30_English_N_0014.npy,8.037906,-3.498668,-3.7563431,-5.491934,0.9999814,9.766113e-06,7.5477037e-06,1.3306299e-06,N,N
M03_English_L_0001.npy,-3.781667,-0.6840258,4.7463627,-4.700247,0.00019692714,0.0043610786,0.99536335,7.8590725e-05,M,L
M03_English_L_0044.npy,-2.9875183,1.6490229,2.0118864,-4.105573,0.003955092,0.40811348,0.58663845,0.0012929797,M,L
M03_English_L_0021.npy,-1.4785655,1.8834927,0.71546507,-4.0944157,0.025711628,0.741742,0.2306667,0.0018796645,L,L
M03_English_L_0034.npy,-3.309164,1.8700063,1.6213683,-3.3620603,0.0031452754,0.558398,0.4354735,0.002983226,L,L
M03_English_L_0036.npy,-2.8330257,0.47710404,2.5055208,-3.9922361,0.004220971,0.11560683,0.87884796,0.0013242615,M,L
M03_English_L_0054.npy,0.04826695,0.51689273,0.56497866,-4.5879354,0.23342688,0.37296873,0.39134148,0.0022629437,M,L
M03_English_L_0062.npy,-0.9357896,1.534329,-0.6449058,-3.3591266,0.07017503,0.8297389,0.093866736,0.006219289,L,L
M03_English_L_0025.npy,-2.0536928,-0.31538686,2.5779564,-3.4320123,0.009122177,0.0518842,0.9366948,0.0022988035,M,L
M03_English_L_0024.npy,-1.7549348,1.889583,-0.08309929,-2.5657187,0.022207044,0.84973747,0.11818428,0.009871242,L,L
M03_English_L_0069.npy,-1.3662068,2.0668375,-0.16585535,-2.8216403,0.028148893,0.8717935,0.09349048,0.006567116,L,L
M03_English_L_0052.npy,-2.1479697,-0.14036788,3.0905204,-5.6082606,0.0050796927,0.037820544,0.9569401,0.00015960708,M,L
M03_English_L_0064.npy,-3.5002425,-1.0197995,5.0487123,-4.8503213,0.00019325301,0.0023087077,0.99744797,5.0095026e-05,M,L
M03_English_L_0045.npy,-1.751035,2.451223,0.077268556,-3.987051,0.013483033,0.90116656,0.08390924,0.0014411137,L,L
M03_English_L_0057.npy,-0.6677471,0.9248576,-0.26702532,-2.6948159,0.13260557,0.6519603,0.19796708,0.017466946,L,L
M03_English_L_0028.npy,2.492134,-0.46889654,-1.5035268,-4.7492337,0.93381387,0.048339374,0.017177776,0.0006689201,N,L
M03_English_L_0011.npy,2.1864417,-2.674867,0.7286992,-4.3995156,0.80523,0.0062327613,0.18742628,0.0011109,N,L
M03_English_L_0004.npy,-3.3219914,3.7947166,-0.22261775,-2.881195,0.00079546624,0.9803218,0.01764666,0.0012361096,L,L
M03_English_L_0042.npy,-4.0557766,3.075923,1.2750247,-3.9580085,0.0006850688,0.8570219,0.14153758,0.00075543,L,L
M03_English_L_0043.npy,-0.8038183,-0.26540077,2.2794666,-5.1706595,0.04072328,0.069770925,0.8889889,0.00051682995,M,L
M03_English_L_0029.npy,0.26467425,0.04763081,-0.11589682,-2.4208343,0.39115176,0.3148361,0.26734087,0.026671275,N,L
M03_English_L_0027.npy,2.992488,-0.411833,-2.0034099,-4.152812,0.9608146,0.03192727,0.00650053,0.0007576616,N,L
M03_English_L_0033.npy,-3.8857532,-0.44350907,3.7554953,-2.4848197,0.0004719968,0.0147532215,0.98285896,0.0019158295,M,L
M03_English_L_0023.npy,-1.5551611,-0.28103966,2.2063632,-4.736106,0.020994712,0.07506781,0.9030652,0.0008722542,M,L
M03_English_L_0063.npy,-1.0941743,1.676783,0.35035232,-5.093409,0.047098514,0.7523478,0.19969039,0.00086329965,L,L
M03_English_L_0065.npy,-0.35712305,-0.15868287,0.21978769,-3.0465407,0.24582413,0.2997823,0.43769708,0.016696494,M,L
M03_English_L_0009.npy,-3.1315706,0.47830537,2.944864,-3.5964723,0.002109422,0.07796734,0.9185982,0.0013251328,M,L
M03_English_L_0051.npy,-2.9081206,3.0550585,0.061174523,-3.5021482,0.0024397701,0.94869083,0.047522303,0.0013469952,L,L
M03_English_L_0005.npy,-2.8250856,3.1772761,0.36876103,-4.290665,0.0023256047,0.9404343,0.05670298,0.0005370847,L,L
M03_English_L_0016.npy,-0.3469236,-0.19626811,1.202223,-3.807016,0.1448966,0.16845621,0.6820936,0.004553646,M,L
M03_English_L_0020.npy,-2.7467372,0.79164183,2.285151,-2.975377,0.00527903,0.18165718,0.8088637,0.004200075,M,L
M09_English_L_0005.npy,-4.350109,-0.31634703,3.403587,-1.5146021,0.00041585544,0.023484593,0.9690138,0.0070857783,M,L
M03_English_L_0008.npy,-2.8132358,0.1047847,4.0706706,-5.5208535,0.0010040114,0.018578852,0.98035014,6.6963046e-05,M,L
M09_English_L_0008.npy,-3.6613364,-1.5547302,3.2193158,0.24452381,0.00096882874,0.007964061,0.9429233,0.04814383,M,L
M03_English_L_0048.npy,-3.6838307,-3.328982,6.2364635,-3.0225687,4.9156166e-05,7.009492e-05,0.9997856,9.522703e-05,M,L
M09_English_L_0009.npy,-2.3714979,-0.6624124,1.4296464,-0.0675754,0.016315969,0.09012791,0.7301781,0.16337802,M,L
M03_English_L_0007.npy,2.7098308,-0.7665487,-1.1761187,-3.9706724,0.94993585,0.029371213,0.019500593,0.0011923087,N,L
M03_English_L_0030.npy,-3.0666413,0.5304038,3.3350613,-5.222095,0.0015613368,0.056973584,0.9412843,0.00018088182,M,L
M03_English_L_0056.npy,-1.9625796,0.8080202,1.1679963,-2.6890411,0.024789916,0.39585057,0.5673707,0.011988831,M,L
M03_English_L_0070.npy,-0.49740013,-1.598795,0.2278898,0.21814293,0.18372107,0.061070185,0.3794446,0.37576416,M,L
M03_English_L_0061.npy,-2.1638708,2.9333892,-0.7313669,-2.0353775,0.0058858367,0.96276456,0.024656802,0.0066928663,L,L
M09_English_L_0001.npy,-4.3935657,-2.8150315,5.3796268,-0.5233017,5.6784214e-05,0.000275281,0.99694484,0.0027230894,M,L
M03_English_L_0017.npy,-1.3467882,1.36935,-0.4846131,-1.3592484,0.051340677,0.77636397,0.12159045,0.050704926,L,L
M03_English_L_0018.npy,-2.5048919,-0.47344372,3.605696,-3.944973,0.0021764413,0.01659563,0.9807123,0.0005156178,M,L
M03_English_L_0013.npy,-2.8325334,1.7083842,1.6419874,-4.3338933,0.0054718917,0.51313645,0.48017234,0.0012192848,L,L
M09_English_L_0003.npy,-4.4800887,-1.652229,4.545283,-1.220129,0.0001196851,0.0020237833,0.994739,0.0031176158,M,L
M03_English_L_0012.npy,-1.4316603,-1.3064369,2.7217603,-3.191172,0.015161421,0.017183976,0.96504486,0.002609718,M,L
M03_English_L_0022.npy,1.3759253,-0.5679737,-0.65429527,-3.2396321,0.77860516,0.11145325,0.102235965,0.007705593,N,L
M03_English_L_0047.npy,-4.186629,1.0724884,3.0459542,-3.664138,0.00063339644,0.121809505,0.8764891,0.001068047,M,L
M03_English_L_0059.npy,-3.0858865,3.7059453,0.024169672,-4.0463576,0.0010936748,0.97396505,0.024522716,0.00041856305,L,L
M09_English_L_0004.npy,-4.8275447,-2.665181,6.6040545,-2.8260665,1.0845243e-05,9.426307e-05,0.9998147,8.025465e-05,M,L
M09_English_L_0002.npy,-3.6117122,-0.15212621,2.9718971,-1.3249475,0.001305838,0.041530628,0.9443101,0.012853424,M,L
M03_English_L_0041.npy,-0.90542614,-0.18096133,1.3804085,-3.6020691,0.07713104,0.15916966,0.7584983,0.005201062,M,L
M03_English_L_0015.npy,3.3147097,-1.2204105,-1.3212545,-4.378022,0.9795486,0.010506266,0.00949844,0.00044680186,N,L
M03_English_L_0049.npy,-0.7950995,1.7652978,-0.24306932,-4.2854414,0.06366093,0.8238333,0.11056472,0.0019410496,L,L
M03_English_L_0019.npy,-0.96721345,-0.4526206,2.5921664,-4.5922575,0.026426364,0.044210177,0.92865926,0.0007042077,M,L
M03_English_L_0058.npy,-1.5185987,2.0732772,0.35895276,-4.992559,0.022794314,0.82748187,0.14901735,0.0007064882,L,L
M03_English_L_0046.npy,-0.6448266,-0.5011319,0.858961,-1.8952745,0.14410044,0.1663685,0.64826405,0.041266978,M,L
M03_English_L_0066.npy,-1.3593978,0.2202721,1.8404465,-4.393995,0.032862134,0.15949157,0.80606586,0.0015804732,M,L
M03_English_L_0032.npy,-1.3412937,-0.123595715,1.9332042,-4.6496387,0.03241919,0.10955739,0.8568377,0.0011857857,M,L
M03_English_L_0040.npy,-2.665946,3.1432004,-0.016851146,-3.4897337,0.0028660323,0.95534724,0.04052922,0.0012575191,L,L
M03_English_L_0002.npy,-2.7557569,0.9832966,2.7974818,-4.7726436,0.0033193557,0.13960604,0.85663295,0.00044170365,M,L
M03_English_L_0037.npy,-2.9384513,-1.7002141,4.4150634,-3.5511224,0.00063829764,0.0022018256,0.99681395,0.00034589448,M,L
M03_English_L_0050.npy,-0.6284475,1.2621186,-0.011214945,-3.6769972,0.10499421,0.6953889,0.19463728,0.004979631,L,L
M03_English_L_0055.npy,-2.7424679,0.89760524,2.2095804,-3.45049,0.0055232854,0.21040747,0.7813484,0.0027208675,M,L
M03_English_L_0014.npy,2.7150471,-0.068306744,-1.9319159,-4.873338,0.93289876,0.057681866,0.008947137,0.0004723246,N,L
M03_English_L_0010.npy,-2.880814,0.6520684,3.0292945,-4.758986,0.0024745031,0.084683605,0.9124636,0.00037827558,M,L
M03_English_L_0039.npy,-3.8342373,-0.19317392,4.76774,-5.142808,0.00018242141,0.0069561624,0.9928122,4.92914e-05,M,L
M03_English_L_0068.npy,-1.7874836,2.3712757,-0.8861613,-2.3197906,0.0146967685,0.94047654,0.036196038,0.008630656,L,L
M03_English_L_0031.npy,-3.610148,1.0356933,1.1155691,0.13815126,0.0038400816,0.39994812,0.43320483,0.16300696,M,L
M03_English_L_0060.npy,-2.8268542,1.824635,1.3090965,-3.8697362,0.0059297103,0.6210829,0.3708976,0.0020898522,L,L
M03_English_L_0003.npy,-1.4288548,0.46541622,2.0481899,-5.9475727,0.024985926,0.16609894,0.8086428,0.0002724213,M,L
M09_English_L_0006.npy,-4.30846,0.013312431,0.61908823,4.2174463,0.00019018205,0.014324897,0.026252858,0.95923203,H,L
M03_English_L_0035.npy,-1.332527,2.064875,0.20645097,-4.7559414,0.028106643,0.840005,0.13097203,0.0009163029,L,L
M03_English_L_0026.npy,-1.4213456,2.5904675,1.0367483e-05,-3.8330579,0.01653457,0.91348463,0.06849833,0.0014825169,L,L
M09_English_L_0007.npy,-3.6016479,0.0869647,2.2696822,-0.7432469,0.0024204666,0.09679284,0.85858923,0.042197526,M,L
M03_English_L_0053.npy,2.1131077,-2.8923883,-0.15645042,-2.070855,0.8886544,0.005954888,0.091849394,0.0135413185,N,L
M03_English_L_0067.npy,-3.1253097,2.094493,1.2083973,-3.4373834,0.0038043645,0.7034183,0.2899928,0.002784519,L,L
M03_English_L_0038.npy,-2.4231617,0.6914083,1.9907992,-2.9986906,0.009373642,0.2111295,0.774225,0.005271806,M,L
M03_English_L_0006.npy,-1.7015694,0.74035937,0.7981254,-3.0858743,0.04012122,0.46120113,0.48862737,0.010050279,M,L
F04_Hindi_M_0022.npy,-3.6303077,-2.5968156,5.293032,-2.9565265,0.0001331401,0.00037423876,0.99923146,0.00026117306,M,M
M30_English_M_0027.npy,1.288465,1.2694808,-1.7618576,-4.6357846,0.4923168,0.48305872,0.023308076,0.0013163633,N,M
M17_English_M_0006.npy,-1.554972,1.8797237,0.9143936,-4.6825013,0.022789037,0.70696086,0.26925132,0.0009987511,L,M
F04_Hindi_M_0051.npy,-1.9609836,3.0194461,-0.61852473,-2.7023115,0.006629461,0.9648312,0.02538053,0.0031588096,L,M
M17_English_M_0049.npy,-3.6024501,1.0204498,2.4988234,-2.9288776,0.0018143028,0.18467566,0.8099518,0.0035582671,M,M
F04_English_M_0011.npy,0.5639697,-0.5830675,-0.33475816,-1.3177328,0.5327667,0.16919407,0.21688251,0.081156656,N,M
M04_English_M_0018.npy,-1.849389,3.3988328,-1.0355252,-4.464956,0.005166425,0.98279715,0.011658606,0.00037780168,L,M
F04_Hindi_M_0028.npy,3.4740727,-1.3646432,-2.3716497,-2.3128247,0.98631305,0.0078088497,0.002852659,0.0030254994,N,M
M30_Hindi_M_0053.npy,-4.2755218,1.7425162,1.2792739,-0.9787698,0.0014341634,0.5891139,0.3706941,0.038757864,L,M
M17_English_M_0102.npy,-2.5028906,-3.390036,4.648922,-2.156986,0.00078171253,0.00032193257,0.9977915,0.0011047688,M,M
M30_English_M_0030.npy,-3.9468365,-2.1548634,5.026828,-2.6037092,0.0001265294,0.00075933867,0.99862945,0.00048473486,M,M
F04_Hindi_M_0031.npy,3.3872123,-3.770558,-0.819343,-2.2194712,0.9810177,0.000764006,0.0146148065,0.0036035043,N,M
M04_English_M_0025.npy,-3.7646797,-1.681568,5.3921742,-4.1063857,0.00010538602,0.0008461877,0.9989736,7.488276e-05,M,M
M30_English_M_0013.npy,-2.1151319,2.4409297,0.1299561,-3.5020075,0.00944297,0.8990443,0.08915341,0.0023593719,L,M
M04_English_M_0051.npy,-2.999199,2.8172424,0.68442345,-4.4290156,0.0026538947,0.8911117,0.1055992,0.00063521735,L,M
M17_English_M_0033.npy,-1.4269238,2.1809764,0.31769067,-4.178565,0.022895856,0.844594,0.13104887,0.0014612827,L,M
M30_Hindi_M_0068.npy,-4.3448853,3.8204343,-0.25662237,-1.4256182,0.00027808614,0.97798574,0.016583998,0.005152296,L,M
M17_English_M_0018.npy,-3.6416411,-2.74045,5.498733,-3.062745,0.00010718688,0.0002639513,0.99943763,0.00019122876,M,M
F04_Hindi_M_0035.npy,-4.3956857,-2.8490448,6.0626807,-1.6390548,2.8689432e-05,0.00013471604,0.99938476,0.00045176386,M,M
F04_English_M_0007.npy,3.267205,-1.2511002,-2.1238189,-3.584918,0.9837466,0.010730209,0.004483234,0.0010400254,N,M
M04_English_M_0006.npy,0.47209388,0.045643613,-0.1471773,-2.5014513,0.4459745,0.2911421,0.24008441,0.022799,N,M
F04_Hindi_M_0074.npy,-0.8466006,-0.93615645,1.1428529,-2.4993699,0.10618649,0.097090274,0.7763865,0.020336712,M,M
M30_Hindi_M_0037.npy,-4.0343976,-0.5855075,2.7790098,-0.15938386,0.0010094739,0.031763554,0.9185871,0.04863985,M,M
F04_Hindi_M_0021.npy,-4.843165,-2.7714787,6.5525665,-2.997334,1.1241451e-05,8.9236826e-05,0.99982834,7.1196155e-05,M,M
M17_English_M_0005.npy,-4.736628,-2.016054,5.851446,-2.5993512,2.5199271e-05,0.0003827524,0.9993783,0.00021359713,M,M
M30_Hindi_M_0060.npy,-4.336244,2.1887202,0.71300316,-0.7171378,0.0011413379,0.77834165,0.17794037,0.042576715,L,M
M17_Hindi_M_0005.npy,-3.3313692,-2.5463593,4.9814463,-2.8618808,0.00024506415,0.0005372858,0.9988257,0.0003919007,M,M
M30_Hindi_M_0031.npy,-4.2787037,-0.24470171,1.9271225,1.489652,0.00114531,0.06469458,0.56764805,0.36651203,M,M
M17_English_M_0016.npy,6.6465945,-2.4806004,-3.5488663,-5.76322,0.9998499,0.000108653636,3.7333808e-05,4.077751e-06,N,M
M30_Hindi_M_0083.npy,-3.3941786,2.95648,0.6829127,-3.494461,0.0015779142,0.90393937,0.093055405,0.0014273523,L,M
F04_Hindi_M_0056.npy,-2.9855037,1.7495244,1.4212923,-3.265011,0.0050599826,0.57616335,0.41495052,0.0038261376,L,M
F04_Hindi_M_0085.npy,-4.611863,-2.5436783,6.029458,-2.657712,2.3898307e-05,0.0001890464,0.9996183,0.00016867247,M,M
M30_Hindi_M_0084.npy,-3.4029126,-0.11540285,3.4998398,-3.4584177,0.0009768185,0.026155386,0.9719437,0.00092407706,M,M
F04_Hindi_M_0067.npy,-4.2695994,-2.47516,5.8962975,-2.9608488,3.8443937e-05,0.00023128281,0.99958795,0.00014230209,M,M
M30_Hindi_M_0015.npy,-3.1415775,-0.5407111,2.3184807,-0.84518486,0.003853197,0.051923398,0.9059294,0.038294103,M,M
M30_Hindi_M_0056.npy,-3.7407455,1.9569902,-0.2042602,0.5700215,0.0024507698,0.7307986,0.08417413,0.1825765,L,M
M17_English_M_0002.npy,-3.4705,-2.4858432,3.883099,0.036425523,0.0006254574,0.0016742826,0.976844,0.020856248,M,M
M30_Hindi_M_0096.npy,-3.3466954,0.17116931,3.7964678,-5.390002,0.00076907297,0.025927268,0.973204,9.967142e-05,M,M
M17_English_M_0110.npy,-0.61521894,1.1985537,0.41439053,-3.9136624,0.1002963,0.6151718,0.2808269,0.0037050084,L,M
M30_Hindi_M_0067.npy,-3.930204,-0.06681788,2.353068,-0.20733187,0.0015986001,0.07613545,0.856111,0.06615497,M,M
F04_Hindi_M_0095.npy,-2.585774,-1.8519415,3.55125,-1.9444695,0.0021383213,0.004454227,0.9893469,0.0040605785,M,M
M17_English_M_0001.npy,0.90258175,-2.922114,0.61835635,-1.3970456,0.53341347,0.011641791,0.40144536,0.053499356,N,M
M04_English_M_0009.npy,-0.7181724,-1.6519731,2.7516108,-3.6829228,0.029784597,0.011707041,0.95697236,0.0015360911,M,M
F04_Hindi_M_0060.npy,-1.5576813,1.4081041,1.2603229,-5.199807,0.026896508,0.52205974,0.4503391,0.00070459716,L,M
M04_English_M_0023.npy,-3.0075595,3.0363986,0.016225446,-3.8214774,0.0022544335,0.95037514,0.046371426,0.0009989814,L,M
F04_English_M_0010.npy,-2.4322996,-1.0129765,2.1756573,-1.1862123,0.009183572,0.037967827,0.9209199,0.031928644,M,M
M17_English_M_0038.npy,-1.3803655,-0.12746906,1.617253,-3.8288755,0.040609714,0.14215297,0.8137277,0.0035095837,M,M
F04_English_M_0015.npy,5.9974937,-3.1448698,-2.8883724,-3.7745557,0.9996978,0.0001070017,0.0001382885,5.700616e-05,N,M
F04_Hindi_M_0072.npy,-5.0218544,-2.5525775,6.761306,-3.364378,7.630952e-06,9.0151356e-05,0.9998622,4.0032395e-05,M,M
M04_English_M_0001.npy,-2.373374,3.6378663,-0.5440416,-4.0019774,0.0024072325,0.98212415,0.014996398,0.0004723069,L,M
M30_English_M_0006.npy,-4.741469,-1.0341386,3.8111188,-0.33718428,0.00018854813,0.0076823714,0.97670585,0.015423348,M,M
M30_English_M_0007.npy,-3.1863756,1.397096,2.2704334,-4.684655,0.0029991714,0.29347944,0.7028511,0.00067035784,M,M
F04_Hindi_M_0053.npy,-3.1397917,-2.5070784,4.4172945,-2.0052664,0.0005207651,0.0009804507,0.99687934,0.0016194215,M,M
F04_Hindi_M_0094.npy,-4.7630696,-2.3012028,6.1165814,-2.5948122,1.8830071e-05,0.00022081437,0.9995957,0.00016463202,M,M
M30_Hindi_M_0004.npy,-4.233345,1.9785782,1.3228894,-1.6245607,0.0012951889,0.645858,0.33525482,0.01759194,L,M
F04_Hindi_M_0105.npy,-3.4298546,-0.12198591,3.1772268,-2.3609865,0.0012960787,0.035417713,0.95951194,0.0037742872,M,M
M04_English_M_0020.npy,-2.5334544,0.9283863,2.3813,-4.7601457,0.0059077446,0.18831287,0.8051419,0.0006373559,M,M
M17_English_M_0090.npy,-4.4338694,-2.124756,5.891745,-3.0485048,3.2766347e-05,0.0003298096,0.9995065,0.00013094358,M,M
M17_English_M_0057.npy,-3.0693464,-1.5933902,3.8588083,-2.560729,0.0009730965,0.00425751,0.9931512,0.0016182502,M,M
M17_English_M_0044.npy,-1.8308122,-2.9674044,3.8616672,-2.1226478,0.003347887,0.0010743727,0.9930773,0.002500507,M,M
M30_English_M_0057.npy,-5.2435193,-3.1600127,7.532302,-3.5300922,2.8282202e-06,2.2717946e-05,0.99995875,1.569081e-05,M,M
M17_English_M_0074.npy,3.242,-0.3256456,-2.000228,-5.829462,0.9674683,0.027304102,0.005116418,0.00011116052,N,M
F04_Hindi_M_0008.npy,-3.4979494,-1.8497721,4.159105,-1.9411578,0.00047026583,0.0024442053,0.9948548,0.0022307418,M,M
M30_English_M_0024.npy,-2.1264799,2.1895092,-0.025362935,-3.4518046,0.011858365,0.8880451,0.096945636,0.0031509658,L,M
M30_Hindi_M_0013.npy,-3.1321974,2.3300085,1.3609847,-4.289833,0.0030643237,0.7220055,0.27396736,0.0009628971,L,M
M17_English_M_0065.npy,-1.9251894,-3.6960092,4.0508385,-1.9359784,0.0025250467,0.00042974637,0.99454725,0.0024979506,M,M
M30_English_M_0028.npy,-3.1632986,0.08624411,2.6669285,-2.8018312,0.0027126006,0.06992689,0.9234667,0.00389376,M,M
M30_English_M_0070.npy,-4.6779838,1.2078952,1.1786376,0.84578645,0.0010405413,0.3745106,0.36371207,0.26073676,L,M
F04_Hindi_M_0023.npy,-2.6536188,0.21427998,2.3457246,-2.6698027,0.005955938,0.10482448,0.8833593,0.0058603236,M,M
M17_English_M_0089.npy,-2.3246012,-1.9039439,4.329502,-4.9500856,0.0012844272,0.0019561339,0.9966664,9.2998525e-05,M,M
M30_English_M_0029.npy,-5.0854,-0.3590388,2.6637776,0.8742529,0.00035448113,0.04001528,0.8222774,0.13735285,M,M
F04_Hindi_M_0069.npy,-3.9306698,-1.9755819,4.686364,-2.0319312,0.00018051465,0.0012752526,0.99733883,0.0012053808,M,M
M30_Hindi_M_0034.npy,-3.3224413,-2.7378182,4.6907086,-0.97330475,0.00032963182,0.00059146323,0.9956255,0.003453395,M,M
M17_English_M_0101.npy,-3.3200262,-2.6968265,6.1405706,-4.1275244,7.784003e-05,0.00014516285,0.9997423,3.4714514e-05,M,M
M17_English_M_0106.npy,-3.1964302,1.2329432,1.6933721,-3.535733,0.004576273,0.3838525,0.60831165,0.0032595277,M,M
M17_English_M_0064.npy,-0.10231417,-3.210843,1.7867818,-1.0698687,0.12440806,0.005556887,0.8227587,0.047276463,M,M
M30_Hindi_M_0011.npy,-3.1121235,0.29023358,2.946503,-3.9804351,0.002177502,0.065400854,0.9315078,0.00091380917,M,M
F04_Hindi_M_0046.npy,-4.6923137,-2.0534565,5.6944757,-2.5748606,3.0815037e-05,0.00043132404,0.9992818,0.00025607116,M,M
M17_Hindi_M_0007.npy,-4.210161,-2.841489,6.110431,-3.1410635,3.2939068e-05,0.0001294548,0.99974173,9.5943346e-05,M,M
M17_English_M_0011.npy,-3.6900992,3.4605138,0.40695477,-3.3101707,0.0007476569,0.953178,0.04498111,0.0010932089,L,M
M17_Hindi_M_0001.npy,-3.5776222,0.8243595,3.3241873,-3.8845243,0.0009281429,0.07574802,0.9226409,0.00068285584,M,M
F04_Hindi_M_0088.npy,1.3388336,-3.330996,0.9295533,-3.2723916,0.5940212,0.005568277,0.39450613,0.005904353,N,M
M30_Hindi_M_0070.npy,0.56801194,-2.814473,1.3491174,-2.5864263,0.30670044,0.010416453,0.6697985,0.013084566,M,M
F04_Hindi_M_0044.npy,-2.2995996,-0.05574143,0.63844365,0.5767149,0.021250708,0.2003866,0.40118936,0.3771733,M,M
F04_Hindi_M_0103.npy,-0.17289783,-0.22671291,-0.10469672,-1.7504089,0.31010863,0.2938612,0.3319963,0.064033836,M,M
M17_English_M_0062.npy,-3.6874356,-1.855279,5.835653,-5.324616,7.310361e-05,0.00045670356,0.99945587,1.4220683e-05,M,M
M30_English_M_0051.npy,-4.5081067,2.0047903,1.1807873,-1.1524544,0.0010009946,0.6744456,0.2958605,0.028692804,L,M
M32_Marathi_M_0003.npy,-3.7599585,3.7998075,-0.7268436,-1.0116253,0.00051104516,0.98089796,0.0106102135,0.007980775,L,M
M04_English_M_0033.npy,-3.8916984,2.7569666,0.45747295,-2.0253658,0.0011673621,0.9009156,0.09037051,0.0075464644,L,M
F04_Hindi_M_0017.npy,-5.162607,-2.8722062,7.2737675,-3.5584073,3.9712186e-06,3.9231283e-05,0.99993706,1.975237e-05,M,M
M30_English_M_0003.npy,-2.898445,0.5383654,0.8144618,-0.3499653,0.011648492,0.36212417,0.47727057,0.1489568,M,M
F04_Hindi_M_0071.npy,-2.667869,0.46858618,1.8858625,-2.5404546,0.008323333,0.19162071,0.7906016,0.00945437,M,M
M30_English_M_0036.npy,-3.9476557,-0.46705022,3.6592016,-2.1569777,0.00048746768,0.015832651,0.9807583,0.0029216448,M,M
F04_Hindi_M_0106.npy,1.3679644,-1.999986,-0.48649952,-2.298849,0.8219934,0.028326053,0.12867224,0.02100833,N,M
M30_Hindi_M_0012.npy,3.730547,-2.2418303,-1.6158069,-3.7109365,0.9921618,0.0025282032,0.0047281412,0.00058181817,N,M
M30_English_M_0015.npy,5.807698,-1.9069444,-3.3776646,-5.5483155,0.9994398,0.0004459952,0.000102471866,1.1692376e-05,N,M
M04_English_M_0026.npy,-3.8589313,3.7967072,0.075351715,-3.2916715,0.00046159254,0.9751253,0.023599146,0.00081398536,L,M
M30_Hindi_M_0069.npy,-3.5462065,-1.5123769,3.562207,-1.3403125,0.0008064979,0.0061643072,0.9857076,0.007321685,M,M
M30_English_M_0047.npy,-4.864738,-0.8065722,3.3347142,0.27764496,0.00025846818,0.014957058,0.9405546,0.044229873,M,M
M17_English_M_0039.npy,-1.0785297,-0.34242377,1.5713791,-4.0515475,0.05783126,0.12073952,0.8184713,0.0029579948,M,M
M17_English_M_0020.npy,-3.1202657,-1.5345371,3.1899486,-1.4540019,0.0017814582,0.008698589,0.9800918,0.009428112,M,M
M30_English_M_0017.npy,-0.3671862,0.45456448,-1.1031082,-1.8699601,0.25150567,0.5720441,0.12048719,0.055963036,L,M
F04_Hindi_M_0084.npy,-0.5345326,-3.533537,3.671165,-4.03742,0.014674094,0.0007313079,0.98415273,0.0004418417,M,M
M30_Hindi_M_0039.npy,-2.2106044,3.122057,-1.7070206,-1.1694388,0.004706429,0.9741751,0.0077874493,0.013331042,L,M
M04_English_M_0046.npy,-2.2822292,3.6269147,-0.91857636,-3.810952,0.0026772476,0.986273,0.010469246,0.00058046053,L,M
M30_Hindi_M_0058.npy,-2.6985483,1.6246406,1.1576877,-2.9489226,0.008032496,0.6058813,0.37983283,0.006253373,L,M
M30_Hindi_M_0097.npy,-3.128243,1.9383998,1.581945,-3.9938612,0.003688204,0.58509976,0.40966,0.0015519642,L,M
M17_English_M_0088.npy,-2.0670645,2.4853663,0.82510984,-5.3478694,0.0087771015,0.83261997,0.1582729,0.00033000138,L,M
M17_English_M_0086.npy,-3.2922704,-1.311077,2.9140847,-1.1998487,0.0019521858,0.014156064,0.9680703,0.015821522,M,M
M30_English_M_0053.npy,-2.7612398,0.5153164,2.5150824,-4.4476027,0.004477907,0.11859474,0.87609804,0.000829272,M,M
M30_Hindi_M_0016.npy,-3.5857399,-1.12541,2.3181572,0.38325408,0.0023142637,0.027096964,0.84809184,0.12249692,M,M
F04_Hindi_M_0083.npy,-3.747528,-0.12831327,3.6899424,-3.1832078,0.00057520356,0.021459846,0.97695357,0.0010113532,M,M
F04_Hindi_M_0089.npy,3.0854745,-1.3305296,-1.8660692,-2.6411664,0.9780784,0.011817549,0.0069174417,0.0031865828,N,M
M30_Hindi_M_0055.npy,2.5656219,-0.48920128,-1.8041381,-4.5849276,0.9428894,0.04443937,0.011931583,0.0007396336,N,M
M30_Hindi_M_0061.npy,-4.982982,-0.34955713,3.8805628,-1.8506689,0.00013896052,0.014294277,0.98238075,0.0031859397,M,M
M04_English_M_0014.npy,-4.0526114,0.008834036,4.0772705,-4.1360674,0.00028948786,0.016807131,0.9826371,0.000266309,M,M
M30_English_M_0035.npy,-0.78446686,-3.5681915,2.1684637,-0.31568268,0.04582556,0.0028323801,0.8781106,0.07323154,M,M
M17_English_M_0042.npy,4.060921,-1.0182176,-2.9802299,-3.8801837,0.992599,0.006179195,0.0008686419,0.00035317976,N,M
M04_English_M_0011.npy,0.09714772,-1.223527,1.5277139,-3.774549,0.18285401,0.04881382,0.76452464,0.003807571,M,M
F04_Hindi_M_0024.npy,-3.3242002,-0.8218782,4.4861097,-3.8216991,0.00040327242,0.0049242834,0.9944272,0.00024520958,M,M
M30_English_M_0065.npy,-5.1910443,-0.76397353,4.5916114,-1.9910705,5.607621e-05,0.0046927887,0.99387556,0.0013756555,M,M
F04_Hindi_M_0110.npy,-2.3784876,-1.1436199,4.5542097,-5.036261,0.00097109657,0.0033385553,0.9956222,6.807785e-05,M,M
F04_Hindi_M_0086.npy,3.6064231,-2.499988,-1.6902555,-2.2532794,0.990012,0.0022062762,0.004958179,0.002823605,N,M
M04_English_M_0015.npy,1.3619099,-0.4435372,-0.6261709,-4.411166,0.76659536,0.126029,0.104991384,0.002384246,N,M
M30_English_M_0020.npy,-2.0400498,1.4560411,-0.36694354,-1.4282808,0.024296237,0.8014418,0.12946723,0.04479473,L,M
F04_Hindi_M_0100.npy,-1.531872,0.51947635,0.84603745,-2.9973364,0.050526258,0.3930125,0.54479116,0.011670084,M,M
F04_Hindi_M_0037.npy,5.683665,-2.9459834,-2.583054,-4.3895645,0.99952245,0.00017864216,0.00025680423,4.2174008e-05,N,M
M30_Hindi_M_0005.npy,-3.8626199,2.2688544,1.0802042,-2.1923523,0.0016485514,0.7585217,0.23107012,0.008759729,L,M
F04_English_M_0005.npy,0.79497963,-3.735629,2.0536292,-3.1163325,0.21971007,0.0023671824,0.77352536,0.0043973257,M,M
F04_Hindi_M_0059.npy,-4.715385,-1.9215631,5.8462486,-3.0371768,2.5875304e-05,0.00042288963,0.99941266,0.00013858687,M,M
M32_Marathi_M_0012.npy,-1.5642754,1.5791572,-1.098329,-0.36329576,0.03436402,0.79667175,0.05475981,0.114204384,L,M
M30_Hindi_M_0029.npy,-2.6728752,0.5355118,-0.07903373,0.70844483,0.014592194,0.36099848,0.19525924,0.4291501,H,M
M17_English_M_0029.npy,-3.1518106,0.26974002,2.777234,-3.5313418,0.0024504017,0.07502359,0.92084956,0.0016765215,M,M
M17_English_M_0084.npy,-2.406025,1.1879365,2.4725668,-5.1353827,0.005921065,0.21539587,0.7782967,0.00038641575,M,M
M30_English_M_0001.npy,-2.6143968,0.26109514,2.2831364,-3.4315174,0.006530194,0.115807444,0.874778,0.0028843977,M,M
M17_English_M_0067.npy,2.1469615,-1.8070204,-0.6074268,-3.4628565,0.9203968,0.017651541,0.058581363,0.00337025,N,M
M04_English_M_0041.npy,-3.8222501,3.1560435,0.09047079,-2.4604228,0.0008865062,0.951297,0.04435625,0.0034603155,L,M
M30_Hindi_M_0057.npy,-3.7186644,3.1911821,-1.0227673,0.67374885,0.00091012736,0.9120324,0.013487002,0.07357037,L,M
M30_Hindi_M_0025.npy,-1.5411721,-1.7738687,2.255951,-2.111283,0.021308053,0.016884372,0.9497587,0.012048905,M,M
M30_English_M_0040.npy,-0.75808996,0.8171186,-0.35685676,-2.1422794,0.1319968,0.6377754,0.19715907,0.033068735,L,M
F04_Hindi_M_0068.npy,-3.351744,-0.6767146,4.196817,-4.5643983,0.0005225152,0.0075831492,0.9917389,0.00015539961,M,M
M17_English_M_0085.npy,-4.1613164,-2.5770547,5.954188,-3.388798,4.043441e-05,0.0001971457,0.9996749,8.7549066e-05,M,M
M30_Hindi_M_0002.npy,-2.6995814,-0.3742325,2.5677114,-2.992548,0.0048575127,0.04969357,0.941825,0.0036239335,M,M
F04_Hindi_M_0049.npy,-3.3554964,2.007784,1.3837459,-2.9263742,0.0030274834,0.6461373,0.34618527,0.004649937,L,M
M30_Hindi_M_0073.npy,-3.637503,3.5746634,-0.12971184,-2.8560963,0.000718192,0.97374356,0.023969274,0.0015689217,L,M
M30_English_M_0072.npy,-4.150191,1.4437963,1.7630278,-2.0521374,0.0015435667,0.41491875,0.5709572,0.012580515,M,M
M17_English_M_0058.npy,-3.2278728,-2.3980472,4.0416455,-1.2782869,0.00069147814,0.0015855036,0.99286485,0.004858171,M,M
M30_Hindi_M_0023.npy,-3.5204873,2.1624026,1.3247924,-3.0803657,0.0023613365,0.6937542,0.3002176,0.0036669106,L,M
F04_Hindi_M_0062.npy,-2.3080213,-1.0038776,3.039311,-2.6214454,0.0046411757,0.017100561,0.9748658,0.0033924205,M,M
M04_English_M_0050.npy,-4.2103047,2.729577,1.1031613,-2.7568352,0.0008058155,0.83212394,0.16362311,0.0034472242,L,M
M17_English_M_0077.npy,-3.518705,0.28630286,3.7397566,-4.349812,0.0006819277,0.030636005,0.968385,0.00029702488,M,M
M17_English_M_0023.npy,-3.1257834,-0.6407275,4.4964705,-4.5207644,0.00048628394,0.0058362787,0.9935569,0.00012051953,M,M
M04_English_M_0038.npy,-3.27859,3.1789522,-0.27253702,-2.8239996,0.0015145196,0.9654947,0.030604633,0.0023861686,L,M
M30_Hindi_M_0072.npy,-3.6625948,2.5293791,0.13184819,-1.6119268,0.0018448944,0.90180266,0.08201193,0.014340529,L,M
F04_Hindi_M_0073.npy,-3.6460042,1.1981846,3.0990694,-4.484679,0.0010221876,0.12981802,0.86871785,0.00044187406,M,M
F04_Hindi_M_0116.npy,1.0194169,-0.94537145,0.06281595,-2.818925,0.64686763,0.09068149,0.24852434,0.013926591,N,M
F04_Hindi_M_0041.npy,-2.5144587,0.09433752,1.777535,-2.2556927,0.011237206,0.15263146,0.8215755,0.014555893,M,M
M30_English_M_0039.npy,-2.7949638,-3.8303986,5.9206543,-3.6931915,0.00016395687,5.821649e-05,0.999711,6.6778135e-05,M,M
M30_Hindi_M_0017.npy,0.54389745,-0.8578729,0.004887607,-3.7989058,0.5427449,0.1336025,0.31659696,0.0070557003,N,M
M17_English_M_0073.npy,-3.7742305,-2.2874093,5.8069654,-4.236865,6.898555e-05,0.000305124,0.99958247,4.343485e-05,M,M
M17_English_M_0115.npy,-3.5449138,-2.5449173,4.9986224,-2.854393,0.00019458363,0.00052893115,0.9988883,0.00038814647,M,M
F04_Hindi_M_0091.npy,-2.578404,-1.2337998,2.491819,-1.1495414,0.005944582,0.022807382,0.9464357,0.024812382,M,M
M30_English_M_0044.npy,-4.566192,1.8300608,0.7576605,0.2095304,0.001081826,0.64865667,0.22196133,0.12830022,L,M
F04_Hindi_M_0061.npy,-3.231093,0.2459214,3.0578723,-3.9636827,0.0017469099,0.056535166,0.9408783,0.0008396743,M,M
M30_Hindi_M_0028.npy,-3.2194772,1.6952878,1.332518,-2.6481895,0.0042757117,0.58272505,0.40542892,0.0075703417,L,M
M17_English_M_0046.npy,-4.246309,-2.9102283,6.2099724,-2.5123093,2.875834e-05,0.00010939972,0.999699,0.00016286604,M,M
M30_English_M_0048.npy,-3.4706047,-3.1394835,5.389058,-2.7563834,0.00014191352,0.00019761869,0.99937063,0.00028987214,M,M
F04_English_M_0012.npy,-4.0430536,-2.293923,4.700885,-0.8262249,0.00015862315,0.0009120201,0.9949719,0.0039574695,M,M
M17_English_M_0030.npy,-3.9845772,-1.1211997,3.943358,-1.9594915,0.0003571695,0.0062578265,0.99067885,0.0027061885,M,M
F04_Hindi_M_0066.npy,-3.2182162,1.1542947,2.2669334,-3.2567904,0.0031028013,0.2458732,0.74803865,0.002985392,M,M
M30_Hindi_M_0044.npy,-4.1143413,-0.6522859,3.8776522,-2.2752664,0.00033373837,0.010640391,0.98692644,0.0020994528,M,M
M30_English_M_0002.npy,-4.225596,1.299133,0.41066185,1.6222026,0.0014256253,0.3575729,0.14706403,0.49393746,H,M
M30_Hindi_M_0054.npy,-2.6722624,-0.68595725,2.8775537,-2.7053702,0.0037531022,0.027354691,0.9652614,0.0036308803,M,M
F04_English_M_0009.npy,-0.15370853,0.27777383,0.533146,-4.273353,0.22010712,0.33886328,0.43745285,0.0035768051,M,M
F04_Hindi_M_0025.npy,0.06756257,-0.240163,0.32334968,-3.0688834,0.32572955,0.23944935,0.42067248,0.014148681,M,M
M30_Hindi_M_0074.npy,-4.966579,0.7687033,1.8869988,0.8371335,0.0006291714,0.19479164,0.5959912,0.20858793,M,M
M04_English_M_0034.npy,-1.8833505,1.4839303,0.9883413,-4.727432,0.020953538,0.60764354,0.3701837,0.0012192386,L,M
F04_Hindi_M_0077.npy,-3.569965,-2.3541486,5.181724,-3.7334542,0.00015806334,0.00053315505,0.99917454,0.00013422352,M,M
M04_English_M_0053.npy,-1.5336952,-0.110832244,0.8475309,-1.5208583,0.058892608,0.24434437,0.6371096,0.059653483,M,M
M17_English_M_0066.npy,1.8622354,0.14264244,-1.7341949,-4.103284,0.82704353,0.14815578,0.02267872,0.0021219552,N,M
M30_Hindi_M_0064.npy,-4.0083127,-0.6853669,4.675581,-3.839019,0.00016843734,0.004672778,0.99495924,0.00019950859,M,M
F04_Hindi_M_0081.npy,-1.5636015,-0.55237144,1.1401532,-0.2803243,0.044856865,0.12331063,0.66996896,0.16186358,M,M
M04_English_M_0048.npy,-2.074217,3.6185653,-0.34585434,-5.0754247,0.0032959874,0.977979,0.01856111,0.00016389955,L,M
M30_Hindi_M_0059.npy,-3.2516544,3.289922,-0.18161918,-3.0079782,0.0013943163,0.96678936,0.030037284,0.0017790517,L,M
M30_English_M_0012.npy,3.6586018,-3.9962325,-0.7676831,-2.5606031,0.9857817,0.00046701243,0.011788802,0.0019625213,N,M
M30_English_M_0033.npy,-2.4500833,-0.948656,2.6458013,-1.714504,0.005850587,0.026257956,0.9556831,0.012208362,M,M
M30_Hindi_M_0024.npy,-1.4584047,2.9609594,-0.584887,-4.5740695,0.01156295,0.9602273,0.027696986,0.00051280536,L,M
M17_English_M_0093.npy,-2.3808496,-2.2598877,3.3562791,-1.0957111,0.0031653952,0.0035724072,0.98181874,0.011443439,M,M
M17_English_M_0014.npy,-2.6277995,1.0539104,2.0167873,-4.152175,0.0068988185,0.27398133,0.7176176,0.0015022656,M,M
F04_Hindi_M_0047.npy,-0.59952044,0.4094731,-0.091709524,-2.2937515,0.17894757,0.49082434,0.29734814,0.032879904,L,M
M30_Hindi_M_0103.npy,-3.4648914,0.74413383,2.5998192,-3.4493198,0.002001182,0.13466136,0.8613049,0.0020325873,M,M
M17_English_M_0068.npy,-1.8293098,-2.5558558,2.8140593,-1.2486839,0.009331445,0.0045124674,0.9694793,0.016676757,M,M
M30_Hindi_M_0010.npy,-3.2724733,2.0954547,-0.2090616,-0.54828674,0.0039672684,0.85065436,0.08490131,0.060477078,L,M
M30_English_M_0010.npy,-3.0324159,-0.11964409,3.2344675,-3.883572,0.0018292653,0.033672657,0.9637171,0.0007809518,M,M
F04_Hindi_M_0080.npy,4.9881825,-2.851361,-2.4452145,-3.3903296,0.99878675,0.00039337098,0.00059045845,0.00022947273,N,M
M30_English_M_0073.npy,4.4273863,-2.2964253,-2.3360023,-3.6253603,0.99733174,0.0011987409,0.001152225,0.0003173775,N,M
M32_Marathi_M_0008.npy,-2.7524743,1.6365719,-1.1264217,2.5458474,0.0034885972,0.28105375,0.017735217,0.69772243,H,M
F04_Hindi_M_0039.npy,-4.094874,-1.1217811,4.319785,-2.1775658,0.0002202598,0.004306586,0.99397486,0.001498345,M,M
F04_Hindi_M_0058.npy,-1.8717499,-0.09158474,1.4868556,-2.0726151,0.027398817,0.16249785,0.78769046,0.022412853,M,M
M17_Hindi_M_0010.npy,-2.5706844,-1.0398966,3.000455,-2.1192884,0.0037047248,0.017122561,0.97335446,0.0058182813,M,M
M17_English_M_0045.npy,-2.8242133,-2.2542715,4.4939365,-2.4801073,0.0006615547,0.001169737,0.9972355,0.0009332735,M,M
M04_English_M_0045.npy,-3.044036,3.0315604,0.7103482,-4.9440746,0.0020878294,0.90843314,0.08916682,0.0003122617,L,M
M30_English_M_0023.npy,-3.3125443,1.3558044,1.3349271,-2.5991688,0.0046754437,0.49803627,0.48774636,0.009541967,L,M
F04_Hindi_M_0020.npy,-4.229102,-0.9101438,4.5081363,-2.5028844,0.00015961914,0.004410522,0.99453294,0.0008969569,M,M
M04_English_M_0056.npy,4.4985776,-2.044221,-2.4835877,-3.7712572,0.997382,0.0014366808,0.00092586066,0.00025545713,N,M
M17_English_M_0108.npy,-3.4279869,-2.3679328,5.1281743,-2.2001584,0.0001920866,0.000554463,0.9985977,0.00065574655,M,M
F04_Hindi_M_0113.npy,-0.13102554,0.8762723,-1.0053122,-1.7385916,0.22958283,0.6286419,0.09577266,0.0460026,L,M
M04_English_M_0049.npy,-3.596283,3.0542922,-0.78021497,-0.9580813,0.0012423473,0.96061885,0.02076088,0.017377988,L,M
M04_English_M_0016.npy,0.085986674,-3.9879785,2.3238366,-1.776696,0.094827875,0.0016130037,0.8888365,0.014722558,M,M
M30_Hindi_M_0026.npy,-4.8987174,2.803736,0.7440473,-1.308258,0.0003947474,0.87388104,0.1114143,0.014309883,L,M
M30_English_M_0054.npy,-2.3229134,1.453321,0.39905146,-3.1194742,0.016580336,0.72375417,0.25218984,0.0074756932,L,M
F04_Hindi_M_0108.npy,-1.9085436,-1.9409134,1.8119594,0.15738082,0.019551914,0.018929152,0.8072037,0.15431525,M,M
F04_Hindi_M_0015.npy,-1.1261606,-2.6415784,3.0750215,-2.8365798,0.014670128,0.003223268,0.97945446,0.0026522137,M,M
F04_English_M_0006.npy,7.668571,-3.5092201,-3.9235623,-4.8495297,0.9999732,1.3980901e-05,9.23823e-06,3.6597064e-06,N,M
M04_English_M_0043.npy,-3.2920547,1.5556244,2.5741825,-5.5389066,0.0020769793,0.26469907,0.7330044,0.00021960234,M,M
M30_English_M_0061.npy,-2.187982,-0.5772133,2.0243897,-2.3605516,0.013447251,0.06732579,0.9079112,0.011315863,M,M
F04_Hindi_M_0019.npy,-4.176833,-2.970539,6.565877,-3.1401122,2.1598975e-05,7.21639e-05,0.9998454,6.090815e-05,M,M
M17_English_M_0048.npy,2.6907222,-1.1073323,-1.7058661,-3.0711715,0.96350366,0.021596292,0.011869689,0.0030303635,N,M
M30_Hindi_M_0052.npy,-4.819408,1.97011,1.1751574,-0.7360395,0.00074070116,0.65810186,0.29720053,0.043956924,L,M
M17_English_M_0022.npy,-4.4592776,-2.6175735,6.801134,-3.5851092,1.2870957e-05,8.118072e-05,0.99987507,3.085016e-05,M,M
M30_Hindi_M_0018.npy,-2.6740823,1.2164927,0.033396292,-0.7529826,0.013935552,0.68199223,0.20891382,0.095158406,L,M
M17_English_M_0019.npy,-2.2006755,-1.4129628,3.0809,-2.0171027,0.0049731624,0.010932812,0.9781188,0.005975266,M,M
M30_English_M_0055.npy,-3.8496473,2.7849803,0.43078718,-2.159954,0.0011909228,0.9062867,0.086070135,0.0064522014,L,M
F04_Hindi_M_0040.npy,6.235026,-3.1096363,-2.9428585,-4.436867,0.9997861,8.74122e-05,0.000103276776,2.3182634e-05,N,M
M17_English_M_0082.npy,-4.6951184,-2.3087842,6.04632,-3.0845983,2.1621921e-05,0.0002351071,0.9996351,0.000108226595,M,M
M30_Hindi_M_0036.npy,-4.55144,-1.183298,4.2925086,-1.3796923,0.00014313967,0.004154563,0.99228853,0.0034137547,M,M
M17_English_M_0027.npy,-4.407933,-2.6751535,6.820928,-3.446392,1.3283551e-05,7.513647e-05,0.99987686,3.474608e-05,M,M
F04_Hindi_M_0057.npy,-2.6269464,1.4871861,1.7879217,-4.3744216,0.0068944455,0.421934,0.5699704,0.0012011043,M,M
F04_English_M_0013.npy,3.249746,-1.2021109,-1.7633868,-3.1771615,0.9804648,0.011429179,0.006520126,0.0015858479,N,M
F04_Hindi_M_0002.npy,-5.2410645,-3.2491045,7.5114584,-3.38889,2.8948828e-06,2.1219172e-05,0.99995744,1.8451014e-05,M,M
M04_English_M_0028.npy,-1.3357538,3.4563575,-1.9880992,-2.8997798,0.008177568,0.9858519,0.004259065,0.0017114978,L,M
M17_English_M_0072.npy,-0.34097105,-0.25594994,0.13315254,-2.2779455,0.26045159,0.28356406,0.41844296,0.037541337,M,M
M04_English_M_0042.npy,-3.2774398,0.23911193,3.3986156,-4.773763,0.0012076184,0.04065825,0.9578637,0.00027044865,M,M
M17_English_M_0059.npy,-3.3172426,-2.8020215,4.7512746,-2.1770825,0.00031267904,0.00052342773,0.99818605,0.000977832,M,M
M17_English_M_0056.npy,-4.612774,-2.67793,6.072707,-2.2709124,2.286507e-05,0.00015829406,0.99958104,0.00023781002,M,M
F04_Hindi_M_0098.npy,-0.18462846,-0.35104242,1.0972271,-3.619325,0.18240684,0.15444309,0.6572702,0.005879922,M,M
M30_English_M_0016.npy,-3.8688726,3.9921856,-0.49166456,-2.5092344,0.00038045263,0.9869947,0.011143034,0.0014817809,L,M
M17_English_M_0012.npy,-4.39563,-1.0146481,4.618147,-2.6409671,0.00012118757,0.003562869,0.99561536,0.0007006455,M,M
M17_Hindi_M_0009.npy,-4.1358542,-2.0787473,6.8736124,-5.544179,1.6541862e-05,0.0001294119,0.9998499,4.0453547e-06,M,M
M17_English_M_0007.npy,-2.1921377,-0.35947874,1.8253846,-2.4379282,0.0157243,0.0982845,0.87369347,0.012297755,M,M
F04_Hindi_M_0014.npy,3.312024,-3.6081636,-0.868783,-2.485478,0.98105687,0.0009689352,0.014996598,0.002977632,N,M
M30_English_M_0011.npy,-4.0575657,1.0476766,1.972971,-1.4716257,0.0016803956,0.27707037,0.6989407,0.022308532,M,M
M32_Marathi_M_0001.npy,-2.9261484,3.6536164,-1.2105563,-0.31110117,0.0013502608,0.9726872,0.007507403,0.018455178,L,M
M04_English_M_0019.npy,0.03418413,-0.51959074,0.4627024,-3.2706156,0.3178171,0.18267363,0.4878433,0.011665975,M,M
M30_Hindi_M_0089.npy,-3.721682,1.6315944,1.587386,-2.3849723,0.0023908138,0.5051776,0.48333097,0.009100627,L,M
M04_English_M_0052.npy,-1.6029274,0.1900965,2.097224,-4.130375,0.021034526,0.12636684,0.85091877,0.0016798718,M,M
M17_English_M_0081.npy,-3.0417407,0.17018896,3.0381327,-4.607594,0.0021597825,0.05362079,0.9437682,0.0004511993,M,M
M30_Hindi_M_0091.npy,-3.1331115,-0.69269377,3.3286054,-2.8069453,0.0015289993,0.017549593,0.9788028,0.0021186513,M,M
F04_Hindi_M_0111.npy,4.9117484,-3.3531644,-2.0206456,-3.1858125,0.99846506,0.00025699634,0.0009741647,0.00030381334,N,M
M17_English_M_0010.npy,1.2352262,-0.6545989,-0.5860817,-2.6563172,0.7500041,0.11332429,0.12136115,0.015310447,N,M
M32_Marathi_M_0005.npy,-1.3378491,1.8382908,0.8803041,-5.307093,0.029271146,0.7011642,0.26901186,0.00055286486,L,M
M17_English_M_0060.npy,0.66537374,-0.28433174,0.005280789,-3.3091266,0.5201704,0.2012305,0.2688258,0.009773319,N,M
M04_English_M_0008.npy,5.154308,-2.0228157,-2.1035156,-5.4305606,0.9985084,0.0007627226,0.000703589,2.5258165e-05,N,M
M30_English_M_0062.npy,-3.7666988,-1.7632957,4.077712,-1.3798715,0.00038899496,0.0028841041,0.99249506,0.0042318474,M,M
M17_English_M_0078.npy,1.8817003,0.58070964,-1.7930068,-3.27523,0.767237,0.20888944,0.019454703,0.0044187894,N,M
M04_English_M_0055.npy,-2.2317588,1.1244047,2.0344281,-5.096167,0.009902423,0.28399104,0.7055419,0.00056460494,M,M
M04_English_M_0031.npy,-3.4662423,2.511909,1.7308623,-4.628267,0.0017337904,0.6843444,0.31337938,0.00054242014,L,M
M30_English_M_0058.npy,-3.1369767,-0.6843863,2.6354198,-1.0066477,0.0029210479,0.033937916,0.9385526,0.02458832,M,M
M30_Hindi_M_0045.npy,-3.1702867,0.046046346,2.528773,-1.9032724,0.0030481005,0.07600896,0.9101215,0.010821476,M,M
M30_English_M_0071.npy,-2.6536722,2.8432302,0.21088733,-4.101481,0.003806456,0.9285284,0.066770285,0.0008948401,L,M
M17_English_M_0105.npy,-2.4608371,1.5719897,1.9800013,-4.4492793,0.007022318,0.39620036,0.5958159,0.00096141506,M,M
F04_English_M_0017.npy,-0.23479177,1.1424872,-0.7009235,-2.7162433,0.1762069,0.6985018,0.11055655,0.014734733,L,M
M17_English_M_0024.npy,-4.5409083,-2.0903292,5.158784,-1.7341468,6.119303e-05,0.0007095366,0.9982161,0.0010131242,M,M
M30_Hindi_M_0066.npy,-3.5278397,2.2753062,0.92949015,-2.4793627,0.002372758,0.7861903,0.20466669,0.0067701936,L,M
M17_English_M_0100.npy,-2.9060814,-0.04307866,3.218586,-4.258947,0.0021018775,0.036812354,0.9605424,0.000543332,M,M
M30_Hindi_M_0050.npy,-2.8361268,1.5868897,1.6463374,-3.897697,0.0057754847,0.4813713,0.5108554,0.001997811,M,M
M17_English_M_0050.npy,-2.7405436,2.4096336,0.57775515,-3.3518867,0.0049598753,0.85539013,0.13695867,0.0026913346,L,M
F04_English_M_0008.npy,1.5670155,-0.5707949,-0.33901387,-3.939165,0.7870026,0.09279763,0.11700331,0.0031964818,N,M
M30_Hindi_M_0100.npy,-2.3620248,-0.6079261,2.4968657,-2.6426692,0.00733059,0.04235789,0.94477475,0.005536772,M,M
M30_Hindi_M_0094.npy,-4.477644,-2.8433073,6.734822,-3.3621647,1.3503129e-05,6.921779e-05,0.99987614,4.119842e-05,M,M
F04_Hindi_M_0029.npy,0.02120537,-1.1045465,0.10701752,-0.5094474,0.33308566,0.1080558,0.36293066,0.19592795,M,M
M17_English_M_0091.npy,-3.2684786,4.700768,-0.8316298,-4.085424,0.00034440504,0.9955646,0.003938942,0.00015215098,L,M
M30_English_M_0042.npy,-1.9281157,1.043204,1.7400901,-5.4001307,0.016741933,0.32676336,0.65597475,0.00051991065,M,M
M30_English_M_0066.npy,-5.1042404,0.08254996,3.2120864,-0.92316645,0.0002306571,0.04126306,0.94341296,0.015093302,M,M
F04_Hindi_M_0004.npy,3.9257972,-2.880909,-1.275407,-3.5444715,0.9928652,0.0010984372,0.005470613,0.00056570995,N,M
F04_Hindi_M_0109.npy,-3.250949,-1.9358766,3.9244955,-1.6579461,0.00075954106,0.0028293065,0.99267536,0.0037358017,M,M
M30_English_M_0068.npy,-3.692037,4.072629,0.20670158,-4.8151236,0.00041553486,0.9789468,0.020502562,0.00013516282,L,M
F04_English_M_0002.npy,-3.8174038,-2.8106263,5.069541,-1.8554163,0.00013797432,0.00037760375,0.99850297,0.0009814737,M,M
M17_English_M_0061.npy,-2.791894,-3.4067156,5.890057,-3.738811,0.00016956424,9.168975e-05,0.999673,6.5779976e-05,M,M
M30_English_M_0045.npy,-5.2146025,-3.3024194,7.6955795,-3.6864047,2.4726685e-06,1.6734637e-05,0.99996936,1.13986525e-05,M,M
M17_English_M_0035.npy,-3.7742457,0.76538986,3.503798,-4.7296424,0.00064800686,0.060690157,0.9384126,0.000249262,M,M
F04_Hindi_M_0038.npy,1.2156051,-0.5706917,-0.15599808,-4.257582,0.7015194,0.11756034,0.17797539,0.0029448594,N,M
F04_Hindi_M_0070.npy,-0.38117778,-0.6531623,1.3573371,-3.17868,0.13312536,0.10142367,0.7573353,0.008115608,M,M
M04_English_M_0012.npy,-2.1797965,-1.7013122,2.5635562,-0.84734863,0.008249295,0.013311289,0.947172,0.031267397,M,M
M30_Hindi_M_0049.npy,-1.1326764,-1.0608937,1.821705,-2.7053187,0.046572782,0.05003882,0.8937247,0.009663675,M,M
M30_English_M_0005.npy,-1.1143811,-0.7864358,1.5242331,-2.619014,0.06022642,0.08360108,0.8427963,0.013376215,M,M
M04_English_M_0039.npy,-3.6914015,2.198964,1.336558,-3.233746,0.0019352126,0.6996518,0.2953546,0.0030583409,L,M
M04_English_M_0022.npy,-1.1820043,2.421875,-1.2168564,-3.0499713,0.025732955,0.94544137,0.024851557,0.0039741276,L,M
M04_English_M_0047.npy,-3.3894992,2.712637,0.78544587,-4.0644016,0.0019479634,0.8703718,0.12668827,0.0009919148,L,M
M30_Hindi_M_0006.npy,-3.4885826,0.22680703,2.0303113,-0.41903517,0.0031952362,0.13124304,0.79676133,0.06880034,M,M
M30_Hindi_M_0038.npy,-2.1716952,1.072467,2.2458444,-5.34351,0.009126233,0.23399863,0.75649256,0.00038263953,M,M
F04_Hindi_M_0018.npy,-4.652064,-2.3209243,6.1275043,-2.9206703,2.0813257e-05,0.00021416115,0.9996474,0.00011756401,M,M
M17_English_M_0053.npy,-4.5090017,-2.6805491,6.279031,-2.8295827,2.0639736e-05,0.0001284669,0.9997402,0.00011067929,M,M
M17_English_M_0028.npy,-4.389586,-2.7295153,6.519131,-3.6791968,1.8295254e-05,9.62272e-05,0.99984825,3.722687e-05,M,M
M30_Hindi_M_0019.npy,-4.2610464,0.2754653,2.8446026,-1.6767142,0.000753891,0.07038669,0.9188671,0.009992401,M,M
M04_English_M_0030.npy,-4.6003633,1.8408107,1.9178014,-2.4006262,0.00076074596,0.47709617,0.5152792,0.0068639372,M,M
F04_Hindi_M_0097.npy,-2.257782,-1.9452902,2.5452392,-0.28213337,0.007607094,0.010397581,0.92713827,0.05485702,M,M
M17_English_M_0051.npy,-3.1294267,-0.68359655,3.517818,-3.3796291,0.0012755482,0.014719984,0.98301125,0.0009931967,M,M
M30_Hindi_M_0033.npy,-4.7453604,-0.9727636,3.51877,0.106813036,0.000246633,0.010726776,0.957453,0.03157355,M,M
M04_English_M_0021.npy,0.50682014,1.012872,-0.828494,-4.0397553,0.34101665,0.5656543,0.08971313,0.0036159533,L,M
M30_English_M_0052.npy,-4.0893216,1.715325,1.933965,-3.0498002,0.0013358279,0.4432784,0.5516082,0.0037775394,M,M
M17_English_M_0015.npy,0.33141965,1.2449863,-1.1313181,-3.781439,0.26729667,0.6664238,0.061906267,0.004373224,L,M
F04_English_M_0020.npy,3.9165611,-2.7446141,-1.2644557,-4.265311,0.99286956,0.0012705172,0.005582197,0.00027768384,N,M
M04_English_M_0044.npy,-3.0518413,0.81447476,3.0527568,-5.1188264,0.0020128612,0.096146524,0.9015858,0.0002547614,M,M
F04_Hindi_M_0079.npy,3.5502825,-0.9515951,-2.228925,-3.923292,0.9854671,0.010927012,0.0030462414,0.00055964146,N,M
M30_Hindi_M_0078.npy,-4.812302,1.6263179,1.3650454,-0.36989418,0.0008380579,0.52424127,0.4037031,0.071217604,L,M
M30_Hindi_M_0001.npy,-4.353351,-2.1312897,5.766528,-2.5888057,4.0244973e-05,0.0003713133,0.99935347,0.00023498708,M,M
F04_Hindi_M_0032.npy,-2.7406664,-2.4863224,3.777026,-1.3662342,0.0014635783,0.0018874531,0.9908636,0.005785281,M,M
M17_English_M_0017.npy,-0.031656798,0.37054327,0.13668975,-4.0345106,0.27051002,0.40444237,0.32010713,0.0049404437,L,M
F04_English_M_0021.npy,-2.9970753,-0.5654227,2.7404184,-2.0244772,0.0030740083,0.034975037,0.9538208,0.008130158,M,M
M04_English_M_0003.npy,-2.9450998,0.9040461,3.0319958,-5.554692,0.0022608063,0.106151514,0.8914213,0.0001663153,M,M
M04_English_M_0037.npy,-2.2679844,3.0476384,-0.60864866,-3.4337802,0.004760575,0.96873504,0.025020711,0.0014837498,L,M
M17_English_M_0026.npy,-1.6453825,1.6150098,0.22626227,-2.9199736,0.029552331,0.7701265,0.19205992,0.008261211,L,M
M17_English_M_0004.npy,-1.4207942,1.1406549,0.01021507,-2.7572773,0.054347053,0.704043,0.22732927,0.014280677,L,M
F04_Hindi_M_0009.npy,-0.7821452,-0.05713708,1.7626758,-4.5218067,0.06317335,0.13043705,0.80488837,0.0015011345,M,M
M30_English_M_0009.npy,-4.6620464,1.7344195,0.89964664,0.27590033,0.0009995318,0.599441,0.26014122,0.13941826,L,M
M04_English_M_0017.npy,-3.6837952,1.8202246,1.579141,-2.6579669,0.0022598132,0.5551853,0.43625128,0.006303535,L,M
M30_Hindi_M_0009.npy,-3.6530225,-1.682894,3.5483265,-0.012599102,0.000720711,0.0051686526,0.9666459,0.027464842,M,M
M30_Hindi_M_0075.npy,-4.4074183,-0.09810895,4.401041,-2.9665165,0.00014770575,0.010987699,0.9882406,0.0006239835,M,M
M30_English_M_0025.npy,-2.5729656,-1.2190884,2.5102978,-1.4429127,0.005907798,0.022877418,0.9529254,0.018289484,M,M
M30_Hindi_M_0079.npy,-4.7638283,-3.31389,6.617271,-1.8537208,1.1406021e-05,4.8622198e-05,0.9997305,0.00020940055,M,M
F04_Hindi_M_0013.npy,3.1826885,-2.0180333,-1.7493322,-1.7645996,0.98055834,0.0054054107,0.0070717037,0.006964558,N,M
F04_Hindi_M_0011.npy,-2.6671498,-2.8916955,4.082954,-1.3895488,0.0011634205,0.0009294326,0.99373275,0.004174379,M,M
M17_English_M_0052.npy,-4.262269,-2.072253,5.144584,-2.5641396,8.205531e-05,0.00073319324,0.99873644,0.0004483267,M,M
M30_English_M_0019.npy,-3.9368024,3.0553453,-0.50466436,-0.4833149,0.0008683505,0.9448135,0.026869126,0.027448932,L,M
M30_English_M_0004.npy,-3.1375682,3.015586,-0.17348951,-2.7448614,0.0020322886,0.9555785,0.039379343,0.0030097873,L,M
M17_English_M_0031.npy,-1.6567407,1.331132,1.3205078,-4.84328,0.024680115,0.48973796,0.48456237,0.0010196493,L,M
F04_Hindi_M_0076.npy,-2.8979747,-1.247519,4.110178,-4.34878,0.00089923677,0.004684443,0.99420565,0.00021076454,M,M
M30_English_M_0067.npy,-4.0826287,1.3087376,1.3072276,-0.7508471,0.002138291,0.46936154,0.46865332,0.05984685,L,M
F04_English_M_0018.npy,6.543467,-3.1725411,-3.1237183,-4.726376,0.9998636,6.0302045e-05,6.331925e-05,1.2749998e-05,N,M
M32_Marathi_M_0010.npy,-1.0822097,1.7690104,-2.0310135,0.448504,0.04288612,0.74231106,0.016605673,0.1981971,L,M
M17_English_M_0087.npy,-4.893452,-1.9965341,5.362463,-1.4130359,3.5085362e-05,0.00063568394,0.99818987,0.0011393349,M,M
F04_Hindi_M_0075.npy,-2.4380112,0.9459071,2.5402083,-5.052047,0.0056890934,0.16774906,0.8261451,0.00041666004,M,M
M17_English_M_0063.npy,-2.9046204,-2.56453,4.557875,-1.9360638,0.0005725644,0.000804496,0.99711466,0.0015082151,M,M
M30_Hindi_M_0003.npy,1.153011,-0.79541177,-0.92241997,-2.756158,0.7763625,0.11063062,0.0974353,0.015571625,N,M
M30_English_M_0049.npy,-4.51397,-2.2701375,6.6464067,-3.9309025,1.422442e-05,0.00013412777,0.99982625,2.5483423e-05,M,M
M17_English_M_0069.npy,4.608549,-2.086211,-2.8696094,-2.639891,0.9974923,0.0012342755,0.00056387985,0.00070949964,N,M
M30_Hindi_M_0092.npy,-3.1959283,-2.3688776,3.7489078,-0.36111358,0.00094509864,0.0021610293,0.9808015,0.016092421,M,M
M30_Hindi_M_0081.npy,-3.9055295,2.5441709,0.5171897,-1.5927045,0.0013756326,0.87010515,0.11462122,0.013897917,L,M
M17_English_M_0037.npy,-2.0854278,-0.3931937,2.3145452,-3.350487,0.011342693,0.061608993,0.92384714,0.0032011631,M,M
M17_English_M_0113.npy,-2.9682753,-2.8107352,5.6227646,-4.0769067,0.00018567662,0.00021735804,0.9995358,6.127522e-05,M,M
M17_English_M_0055.npy,-3.5823028,-3.4628305,6.2580123,-3.3855908,5.3251057e-05,6.0008733e-05,0.99982196,6.482745e-05,M,M
M17_English_M_0094.npy,-2.246916,-1.0576462,3.4241893,-3.3318233,0.003390084,0.011135351,0.984329,0.0011456214,M,M
M30_Hindi_M_0022.npy,-3.6828291,-0.24986126,3.6734414,-3.4313264,0.00062529696,0.019364461,0.9792061,0.0008041048,M,M
M30_Hindi_M_0093.npy,-3.6524007,3.3473215,-0.017067555,-2.5875444,0.00087862357,0.9632604,0.033312563,0.0025483798,L,M
M17_English_M_0034.npy,-4.366756,-2.7378068,6.9003325,-3.6913764,1.2785599e-05,6.5187494e-05,0.9998969,2.5120853e-05,M,M
M04_English_M_0013.npy,-2.279221,3.0589502,-0.71394825,-3.9573092,0.0046706623,0.9721129,0.022344349,0.00087215577,L,M
F04_Hindi_M_0030.npy,3.407734,-1.8512195,-1.7533581,-1.9602932,0.9846401,0.0051208613,0.005647339,0.004591694,N,M
M30_Hindi_M_0095.npy,-2.7411137,1.3609449,-0.3521009,0.3945829,0.010485259,0.6339871,0.114317864,0.24120972,L,M
F04_Hindi_M_0036.npy,-4.0905857,-1.1774114,4.6090107,-2.0867753,0.00016591116,0.00305528,0.99554825,0.001230607,M,M
M30_Hindi_M_0102.npy,-4.181763,-0.32829162,2.790607,-0.5080768,0.0008663248,0.040852834,0.92415035,0.03413049,M,M
F04_Hindi_M_0034.npy,-3.8769636,-1.3152544,4.868056,-2.831723,0.00015882746,0.0020580783,0.9973314,0.0004517188,M,M
M32_Marathi_M_0011.npy,-3.1462812,2.1470408,0.2870073,-0.5080011,0.004082117,0.81235534,0.12645726,0.057105243,L,M
F04_Hindi_M_0096.npy,2.2040622,-0.108801365,-1.6028329,-3.002435,0.8875672,0.08784911,0.019719126,0.0048646126,N,M
M17_English_M_0021.npy,-3.7067308,-0.8918788,4.16642,-3.0746603,0.00037801487,0.0063093365,0.99260134,0.00071123586,M,M
M30_Hindi_M_0040.npy,-1.699562,1.1776017,0.6060756,-3.550933,0.034540635,0.61357355,0.34646228,0.00542363,L,M
M30_English_M_0043.npy,-3.7130764,5.738562,-1.1867561,-4.282776,7.8474e-05,0.9988955,0.0009815051,4.4392385e-05,L,M
M17_English_M_0083.npy,-2.5979228,0.9217375,1.922727,-3.747146,0.007874937,0.26595992,0.7236697,0.0024954332,M,M
M04_English_M_0029.npy,-3.7051148,1.9270986,1.6044632,-3.16558,0.0020650076,0.5767146,0.4176785,0.0035419196,L,M
M30_Hindi_M_0048.npy,-4.7732344,-2.8131526,6.870535,-3.4393053,8.772632e-06,6.22849e-05,0.9998956,3.3300286e-05,M,M
F04_Hindi_M_0050.npy,-4.1414723,-2.473304,5.8632493,-3.049841,4.516713e-05,0.00023949624,0.9995808,0.00013455884,M,M
F04_English_M_0003.npy,4.566322,-3.1614213,-1.8048106,-3.4796555,0.9975351,0.00043935137,0.001706006,0.00031959833,N,M
M30_Hindi_M_0082.npy,-4.5572667,-1.6244308,4.376294,-0.65704703,0.00013069478,0.0024545563,0.9909567,0.0064580627,M,M
M17_English_M_0098.npy,-0.67037266,-0.42149082,0.7990283,-2.3837056,0.14685398,0.18835352,0.63831997,0.026472481,M,M
F04_Hindi_M_0102.npy,-2.7960196,-1.1894907,2.1305957,-0.27449778,0.006396114,0.03188767,0.8821004,0.079615794,M,M
M30_English_M_0008.npy,-4.3019624,2.1513357,0.58585894,-0.031360753,0.001190446,0.7556861,0.1579296,0.08519387,L,M
M04_English_M_0010.npy,-3.5353088,2.0759077,1.2205443,-2.0461192,0.0025305368,0.692043,0.29420733,0.011219139,L,M
M17_English_M_0054.npy,-1.4604094,0.7505459,1.4970509,-4.7931,0.03400302,0.31025818,0.654525,0.0012138039,M,M
M32_Marathi_M_0004.npy,-1.2597018,1.7879794,-1.0533162,-0.6016026,0.0396404,0.83508223,0.048727058,0.07655032,L,M
F04_English_M_0019.npy,5.817199,-3.760222,-2.595874,-3.2808833,0.999597,6.924745e-05,0.00022185719,0.000111835034,N,M
M30_Hindi_M_0080.npy,-4.156039,-2.8557346,6.1112447,-3.03658,3.474228e-05,0.00012751867,0.99973124,0.00010642245,M,M
F04_Hindi_M_0104.npy,1.9111226,-0.23920444,-1.260535,-3.3533003,0.8594369,0.10007806,0.036039654,0.0044453316,N,M
M32_Marathi_M_0002.npy,-2.0398026,3.4457488,-1.8448144,-1.6215711,0.0040830253,0.98475164,0.004962087,0.0062032267,L,M
M17_English_M_0040.npy,-2.8213809,-2.327982,3.8478312,-1.8731484,0.0012610438,0.002065431,0.9934187,0.0032549356,M,M
F04_Hindi_M_0007.npy,-4.208243,-1.4979469,4.609021,-2.167335,0.00014763403,0.0022194905,0.9964965,0.0011364273,M,M
M17_English_M_0003.npy,-2.0808713,-2.754748,3.800172,-1.8639816,0.002770584,0.0014122461,0.99237555,0.0034416397,M,M
M30_English_M_0021.npy,-0.30943382,-1.94626,0.9596724,-0.9516063,0.18945077,0.03686649,0.67400354,0.099679165,M,M
M30_English_M_0056.npy,-4.9358153,-1.8923523,5.67345,-2.4723783,2.466569e-05,0.0005174309,0.9991683,0.00028970125,M,M
M17_Hindi_M_0002.npy,-0.7620864,-0.5853696,2.0250509,-4.0446076,0.054155614,0.06462352,0.8791882,0.0020326506,M,M
F04_Hindi_M_0033.npy,-1.9347183,0.5665025,1.3867022,-2.8640404,0.024217848,0.29539418,0.6708263,0.009561722,M,M
M17_English_M_0009.npy,-4.038277,-1.7995497,5.85341,-3.875441,5.0563936e-05,0.00047436007,0.99941564,5.9505855e-05,M,M
M17_English_M_0092.npy,-3.082506,1.0354161,1.8978678,-3.866684,0.0047980794,0.29475304,0.69825864,0.0021902986,M,M
F04_Hindi_M_0101.npy,-2.9399981,-0.53624743,1.5851557,0.4282578,0.0074961046,0.082941405,0.69196653,0.2175959,M,M
F04_Hindi_M_0001.npy,-3.6306562,-3.0839026,6.0739026,-3.333345,6.098956e-05,0.000105367755,0.9997515,8.2106286e-05,M,M
M04_English_M_0036.npy,-3.2905455,1.0340219,2.3934183,-3.4680061,0.0026919122,0.20332773,0.7917262,0.002254191,M,M
M30_Hindi_M_0086.npy,-1.9450839,2.6801913,-0.3415778,-3.2530067,0.009236028,0.9423597,0.04590702,0.0024972472,L,M
M17_English_M_0071.npy,-0.77279836,-1.9280273,2.1308343,-2.5653555,0.0507053,0.015971426,0.9248791,0.008444143,M,M
M30_Hindi_M_0085.npy,-3.3780432,0.31676772,3.6098013,-5.567235,0.0008890993,0.035775546,0.96323574,9.958556e-05,M,M
F04_Hindi_M_0114.npy,-3.8670192,-2.2146142,5.061385,-2.403375,0.00013238445,0.0006909828,0.9986045,0.00057212316,M,M
M17_Hindi_M_0004.npy,-4.858623,-2.9222193,6.8726373,-3.109414,8.037679e-06,5.5731394e-05,0.9998901,4.621705e-05,M,M
M04_English_M_0002.npy,-1.3167568,-0.39273185,2.3078995,-5.086123,0.024357984,0.061367754,0.9137124,0.0005618577,M,M
F04_Hindi_M_0012.npy,-1.216458,0.23870194,0.74264616,-2.3018777,0.078641705,0.33699298,0.5578033,0.026562018,M,M
F04_English_M_0014.npy,1.3293957,-3.4171655,0.7433644,-2.4748757,0.6299258,0.0054686996,0.3505736,0.014031866,N,M
M17_English_M_0109.npy,-2.3958144,-1.6173129,3.5569394,-2.1655602,0.002569051,0.005595922,0.9886008,0.0032342297,M,M
M17_English_M_0047.npy,-3.688066,0.1736057,2.9966595,-2.0029879,0.0011709206,0.05567116,0.9368433,0.006314628,M,M
M17_English_M_0099.npy,-2.1935847,2.2305498,0.6278706,-3.1327083,0.009839345,0.82100016,0.16531357,0.0038468898,L,M
M30_Hindi_M_0008.npy,-2.4809458,-1.2343283,3.114612,-2.1716344,0.0036354526,0.012646133,0.9787652,0.0049532577,M,M
M30_Hindi_M_0021.npy,-2.951859,1.1534051,2.689722,-5.2628207,0.0029098017,0.17650497,0.8202966,0.0002885529,M,M
M30_Hindi_M_0007.npy,-3.8139927,1.8270985,0.62600076,-0.9086399,0.002591908,0.73032206,0.21972746,0.04735855,L,M
F04_Hindi_M_0005.npy,-4.2139044,-0.9669935,4.590518,-2.8298407,0.00014937969,0.003840671,0.9954137,0.0005961874,M,M
F04_Hindi_M_0063.npy,-4.494058,-1.9759874,5.702731,-3.2391887,3.726637e-05,0.00046227576,0.9993698,0.00013070734,M,M
M17_English_M_0076.npy,1.9750822,-1.1103305,-0.9976502,-3.0931766,0.9064803,0.04143628,0.046378545,0.005704815,N,M
M30_Hindi_M_0051.npy,-1.826451,2.1235685,0.6742739,-5.2777114,0.015346978,0.7970664,0.18710004,0.00048658584,L,M
M30_Hindi_M_0077.npy,-4.7382846,-2.544647,6.3989716,-2.804964,1.4556071e-05,0.0001305356,0.99975425,0.0001006178,M,M
M17_English_M_0079.npy,4.461819,-3.336174,-1.1680499,-4.1836386,0.9958418,0.0004088509,0.0035741213,0.00017519253,N,M
F04_English_M_0001.npy,7.127788,-4.350682,-3.273971,-3.171935,0.9999256,1.0349791e-05,3.0376736e-05,3.363992e-05,N,M
M30_Hindi_M_0014.npy,-4.1382318,-2.2808604,5.128569,-1.6953974,9.4341754e-05,0.0006044356,0.9982158,0.001085459,M,M
M30_English_M_0069.npy,-2.89579,0.11498155,1.7770092,-1.4192545,0.0075370646,0.15302545,0.806442,0.0329954,M,M
F04_English_M_0016.npy,3.594229,-0.8849246,-2.2744203,-4.082754,0.985578,0.011179421,0.0027859216,0.00045668814,N,M
M17_English_M_0111.npy,-4.1361184,0.30790392,3.9765134,-4.1782913,0.00029210534,0.024863023,0.97456485,0.00028004273,M,M
M04_English_M_0007.npy,5.4154387,-2.4181523,-2.3804176,-4.996178,0.99916303,0.00039586858,0.0004110919,3.005581e-05,N,M
F04_Hindi_M_0016.npy,-3.8291886,-2.4031982,5.5031347,-3.2424538,8.846186e-05,0.0003681762,0.99938416,0.00015906394,M,M
M17_English_M_0095.npy,-4.3556128,1.4278468,2.9273121,-3.6632676,0.0005608156,0.18219842,0.8161201,0.0011207315,M,M
M17_English_M_0070.npy,-3.8172283,-1.664398,4.536146,-2.9529321,0.00023493693,0.0020226163,0.99718493,0.00055758393,M,M
M04_English_M_0035.npy,-2.6733031,0.37975508,1.8584496,-2.4623134,0.008595778,0.18205872,0.79873055,0.01061492,M,M
F04_Hindi_M_0078.npy,3.417824,-2.6590285,-0.73333114,-4.594236,0.98195845,0.0022539769,0.015462133,0.0003254615,N,M
M30_Hindi_M_0041.npy,-4.5299077,1.2233676,1.2178805,0.057369374,0.001373731,0.43302944,0.43065986,0.13493693,L,M
F04_Hindi_M_0048.npy,-1.5306305,0.51281863,1.4437656,-3.1723673,0.035101727,0.27088642,0.6872146,0.0067972206,M,M
F04_Hindi_M_0027.npy,-3.370324,0.17862643,4.5240955,-6.362618,0.00036790414,0.01279453,0.98681915,1.8458575e-05,M,M
M30_English_M_0022.npy,-2.6116285,0.07933432,2.0453036,-2.2772827,0.0081662405,0.120418265,0.8600071,0.011408454,M,M
M30_Hindi_M_0071.npy,-4.820086,-0.6110667,4.0030456,-1.2083974,0.00014503657,0.009759584,0.9847248,0.0053704903,M,M
F04_Hindi_M_0006.npy,-3.8591766,0.22389124,3.738563,-3.8668845,0.000486617,0.028869627,0.9701608,0.00048288054,M,M
M30_Hindi_M_0090.npy,-3.014485,3.9930634,-1.3095944,-2.5691097,0.0008984693,0.99275666,0.0049422835,0.001402579,L,M
F04_Hindi_M_0065.npy,-3.8987815,-3.176495,6.011323,-2.1290414,4.964821e-05,0.000102232385,0.9995566,0.00029140164,M,M
M30_English_M_0060.npy,-1.0663124,0.4186299,0.11501053,-2.426394,0.11198167,0.4943667,0.36491272,0.02873896,L,M
F04_Hindi_M_0042.npy,-3.3477485,-2.375373,4.9942007,-2.8567,0.00023800791,0.00062934525,0.9987437,0.0003889119,M,M
F04_Hindi_M_0026.npy,-1.5586609,1.0530688,0.40822744,-2.3543935,0.044999957,0.6130161,0.32167763,0.020306258,L,M
F04_Hindi_M_0045.npy,-4.234266,-2.616096,6.1747622,-3.044808,3.0150493e-05,0.00015207457,0.9997187,9.905341e-05,M,M
F04_Hindi_M_0112.npy,-2.4842973,-0.34267125,2.3556128,-1.4727031,0.007208702,0.06136963,0.9115979,0.0198238,M,M
F04_Hindi_M_0099.npy,-1.183514,-2.2441208,2.0514407,-1.6485716,0.036523588,0.01264613,0.9278899,0.022940429,M,M
M30_Hindi_M_0087.npy,-4.194091,-0.31764412,3.116327,-1.0901834,0.0006380238,0.03078622,0.9543575,0.014218271,M,M
M17_Hindi_M_0003.npy,-4.9489994,-3.0931125,7.589917,-3.792554,3.5842745e-06,2.292994e-05,0.9999621,1.1393027e-05,M,M
M30_English_M_0034.npy,-0.7152413,0.58511573,-0.39148104,-2.3510911,0.16005865,0.58751243,0.22125162,0.031177308,L,M
F04_Hindi_M_0055.npy,-2.1312866,2.7173548,-0.012530711,-3.5546758,0.007292423,0.9302722,0.06067864,0.0017567165,L,M
M17_English_M_0080.npy,-2.1275668,-1.1290854,2.6385179,-2.393273,0.008200804,0.022258265,0.9632536,0.006287264,M,M
M30_English_M_0059.npy,-2.8020456,-3.0990474,5.3579874,-3.671015,0.00028567633,0.00021226969,0.99938226,0.000119808,M,M
M30_Hindi_M_0047.npy,-0.85801256,1.3749915,-1.0421363,-2.407004,0.08793419,0.82023656,0.073146544,0.018682683,L,M
M17_English_M_0112.npy,-2.6653495,2.2940507,0.9524593,-4.014419,0.0055241412,0.7872359,0.20580654,0.0014334128,L,M
M30_Hindi_M_0046.npy,-3.555461,3.7683353,-0.6627765,-2.5464497,0.00065030815,0.98583335,0.011732651,0.0017837223,L,M
M30_English_M_0031.npy,-4.9675255,-1.8285578,5.783194,-2.8487787,2.1415122e-05,0.00049426133,0.9993061,0.0001781887,M,M
M30_English_M_0041.npy,-3.6555755,2.1597896,1.7413416,-3.632015,0.0017915933,0.600925,0.39544913,0.0018343052,L,M
F04_Hindi_M_0115.npy,-3.5395336,-2.6659553,5.1905622,-2.4187956,0.00016147828,0.00038681584,0.99895644,0.00049527275,M,M
M04_English_M_0040.npy,-3.6341805,2.1981943,1.8777052,-4.157027,0.0016938294,0.5778801,0.4194219,0.0010041543,L,M
M17_English_M_0043.npy,-4.690842,-2.8737006,6.7977004,-3.4618924,1.0245716e-05,6.3054606e-05,0.99989164,3.5016146e-05,M,M
M30_Hindi_M_0099.npy,-3.025076,0.106172755,1.9750994,-1.4697208,0.005647212,0.12933563,0.8382676,0.026749535,M,M
M30_Hindi_M_0042.npy,-2.973124,0.6797338,0.46464917,0.05692213,0.0109408535,0.42215034,0.34045294,0.22645582,L,M
M17_English_M_0025.npy,-4.4292746,-1.3982707,4.1530366,-0.8461084,0.00018538663,0.003840846,0.9893022,0.0066715674,M,M
M30_English_M_0014.npy,-2.803396,1.4549283,0.62317926,-2.4915717,0.009631276,0.68084854,0.29636472,0.013155501,L,M
F04_Hindi_M_0064.npy,-4.2759223,-2.4017332,5.6243553,-1.9062731,5.011496e-05,0.00032652574,0.99908745,0.0005359117,M,M
M17_Hindi_M_0008.npy,-4.521893,-3.459861,6.743239,-2.819464,1.2810414e-05,3.705081e-05,0.99987984,7.029406e-05,M,M
M30_Hindi_M_0062.npy,-5.4038863,-0.24260274,3.8934453,-1.005157,8.956072e-05,0.015618335,0.9770066,0.0072855353,M,M
M04_English_M_0027.npy,-3.799411,1.8427919,1.6423999,-2.7547362,0.0019350378,0.54584205,0.44672254,0.0055002947,L,M
F04_Hindi_M_0087.npy,3.789527,-4.192567,-0.795747,-2.8171012,0.9882459,0.0003375093,0.010081054,0.0013354965,N,M
M30_Hindi_M_0032.npy,-3.3833933,-0.7356781,3.3160725,-1.9492027,0.0012029498,0.01698774,0.97676146,0.0050478755,M,M
M30_English_M_0018.npy,-2.9499466,0.09140898,3.0208502,-3.7021456,0.002414161,0.050537076,0.945911,0.0011378638,M,M
F04_Hindi_M_0090.npy,5.4551654,-2.8292992,-2.7290194,-4.0319977,0.9993931,0.00025225454,0.00027886243,7.577284e-05,N,M
M17_English_M_0107.npy,-4.775604,-0.9778101,4.795442,-2.2434852,6.943676e-05,0.0030970655,0.99595994,0.0008735237,M,M
F04_Hindi_M_0003.npy,-4.344998,-2.0706582,5.506386,-2.720853,5.263049e-05,0.00051164697,0.99916863,0.00026705113,M,M
F04_Hindi_M_0107.npy,-4.161071,-2.6343405,5.684044,-2.435849,5.297401e-05,0.00024384478,0.99940574,0.00029738364,M,M
M30_English_M_0038.npy,-4.8691325,-3.0846968,7.6719294,-4.24611,3.5766177e-06,2.1303105e-05,0.9999684,6.6687985e-06,M,M
M32_Marathi_M_0007.npy,-1.6379474,0.8711271,-1.0421431,1.3035357,0.029366888,0.3610232,0.05328591,0.556324,H,M
M30_English_M_0032.npy,-1.7101111,-0.13316718,1.4396347,-2.5153003,0.03376407,0.16342291,0.78772044,0.015092655,M,M
M04_English_M_0054.npy,-2.5379786,-2.0362644,3.0652072,-1.3478129,0.0036071336,0.005957358,0.9785766,0.011858904,M,M
M04_English_M_0024.npy,-3.7966573,2.360192,1.5241119,-3.4784613,0.0014730694,0.6951987,0.30130333,0.0020249481,L,M
F04_Hindi_M_0043.npy,-0.6063586,1.3315256,0.1995419,-3.824728,0.0978208,0.6792718,0.21899256,0.003914813,L,M
M30_Hindi_M_0020.npy,-3.8864126,-1.7476269,4.356777,-1.803663,0.00026183744,0.0022227706,0.9954137,0.00210164,M,M
F04_Hindi_M_0082.npy,-0.63356376,-0.39356,1.9589182,-4.7187004,0.06389379,0.08122524,0.85380614,0.0010747475,M,M
M17_English_M_0114.npy,-4.791586,-2.7376933,7.7696166,-4.7352934,3.5052894e-06,2.7334954e-05,0.99996555,3.708274e-06,M,M
F04_English_M_0004.npy,-1.3980612,-0.15792173,1.2476002,-2.8510177,0.05324038,0.18400386,0.75030404,0.012451742,M,M
M04_English_M_0032.npy,-4.5784826,-2.0696979,5.411871,-2.3687584,4.5792967e-05,0.0005627949,0.9989741,0.00041732067,M,M
M30_Hindi_M_0030.npy,-3.6786065,-3.1340992,5.2887726,-0.97601104,0.00012721583,0.00021928933,0.9977556,0.0018978553,M,M
M17_Hindi_M_0006.npy,-4.1668644,-1.9945297,6.069506,-4.0549836,3.582872e-05,0.00031453162,0.99960953,4.007009e-05,M,M
M32_Marathi_M_0006.npy,-2.5514712,2.8392851,-0.83819175,-1.6467644,0.004378521,0.96051306,0.0242882,0.010820235,L,M
M17_English_M_0103.npy,-1.1607767,-0.41112503,2.063454,-4.7318025,0.035362404,0.07483616,0.8888069,0.0009946377,M,M
F04_Hindi_M_0052.npy,-1.5159142,-2.3760753,2.591894,-0.9528288,0.015626844,0.0066116247,0.9503196,0.027442023,M,M
M17_English_M_0008.npy,-4.700013,-2.2145417,6.147573,-3.1770287,1.9444862e-05,0.00023347,0.999658,8.917193e-05,M,M
M30_English_M_0037.npy,-2.4616404,0.4803637,1.4431612,-2.2185187,0.014110493,0.26744738,0.7004481,0.017994037,M,M
M30_Hindi_M_0088.npy,-3.6428413,-0.9513752,3.7243404,-2.2767,0.0006238928,0.009204474,0.9877258,0.0024457816,M,M
M30_Hindi_M_0027.npy,-4.5259056,-1.5085181,6.4532804,-5.7134886,1.7046652e-05,0.00034839654,0.9996294,5.198504e-06,M,M
M30_Hindi_M_0063.npy,-3.8816257,-1.061063,4.7022743,-3.205893,0.00018640497,0.0031290504,0.9963182,0.00036637398,M,M
M17_English_M_0013.npy,-4.957605,-1.607131,5.761608,-3.0452144,2.2098175e-05,0.0006301572,0.99919814,0.0001495881,M,M
M32_Marathi_M_0009.npy,-3.0511663,2.4379017,-0.53779244,0.5338899,0.0034313153,0.83048654,0.042364787,0.1237174,L,M
M30_English_M_0046.npy,-4.7734046,-2.3862324,6.1926517,-2.7376056,1.7272509e-05,0.00018797122,0.9996625,0.00013227925,M,M
F04_Hindi_M_0010.npy,-4.4515247,-2.468882,6.1323223,-2.8703547,2.5313337e-05,0.0001838232,0.9996679,0.000123039,M,M
M17_English_M_0075.npy,-1.6909288,0.91173416,1.1166705,-3.5594285,0.032026563,0.432347,0.530683,0.004943463,M,M
M30_Hindi_M_0035.npy,-5.1016393,-2.6362982,7.1892266,-3.8903713,4.59317e-06,5.4050084e-05,0.99992585,1.5422676e-05,M,M
M30_English_M_0063.npy,-3.8208632,0.3906947,2.8145995,-2.2263005,0.0011975773,0.08079043,0.91211253,0.005899474,M,M
M30_Hindi_M_0076.npy,-3.2978957,1.6791583,0.5997706,-0.4782993,0.004714671,0.6838464,0.23237345,0.079065435,L,M
M17_English_M_0032.npy,-1.9368988,0.7296545,1.8575143,-4.472703,0.016688468,0.24015176,0.74183804,0.0013216932,M,M
M17_English_M_0036.npy,-2.8076336,0.3320022,1.6397089,-2.1429348,0.0089735165,0.20724739,0.7663354,0.017443659,M,M
M30_Hindi_M_0098.npy,-3.2051265,-0.26528913,2.7320178,-1.5383128,0.0024748829,0.046806894,0.937613,0.013105172,M,M
M04_English_M_0004.npy,-2.87529,1.624218,1.8258212,-4.097358,0.0049668015,0.44687715,0.5466927,0.0014633191,M,M
M04_English_M_0005.npy,-0.46262246,2.16064,-0.9615324,-4.2596383,0.06489193,0.8942502,0.03940187,0.0014560205,L,M
F04_Hindi_M_0093.npy,5.542787,-2.0688157,-2.9041586,-4.541392,0.9992495,0.0004943071,0.00021439383,4.1703326e-05,N,M
M17_English_M_0096.npy,-5.162358,-1.377414,4.8959684,-1.4090594,4.26674e-05,0.0018787833,0.9962584,0.0018202587,M,M
M30_Hindi_M_0065.npy,-3.350718,1.7002647,0.8528479,-1.6033607,0.0043508564,0.6794987,0.29117906,0.024971368,L,M
F04_Hindi_M_0092.npy,-3.724679,-1.9623857,5.2881517,-3.699169,0.00012172003,0.0007091145,0.99904424,0.00012486504,M,M
M17_English_M_0041.npy,-2.1574664,-0.036836118,2.5368252,-4.3825655,0.008419934,0.07019185,0.9204784,0.0009098303,M,M
M30_English_M_0064.npy,-4.7057533,-0.38344404,3.9660444,-2.0330944,0.00016872448,0.012715494,0.98467296,0.002442863,M,M
M17_English_M_0097.npy,-3.8344324,-1.0522143,5.349871,-4.937584,0.00010245401,0.0016551254,0.9982084,3.3996675e-05,M,M
F04_Hindi_M_0054.npy,-3.8677392,-1.4959403,4.887428,-3.0438282,0.00015729762,0.0016857041,0.9977985,0.00035854365,M,M
M30_English_M_0026.npy,-3.2353373,-1.811538,4.4669337,-3.2681408,0.0004505541,0.0018710914,0.99724233,0.00043601412,M,M
M30_Hindi_M_0101.npy,-1.4090523,-1.4193648,1.6496292,-1.730052,0.041641302,0.04121408,0.886937,0.03020758,M,M
M30_English_M_0050.npy,-0.9634075,1.9172828,-0.40139887,-4.0458226,0.048481047,0.864251,0.085045084,0.0022227785,L,M
M17_English_M_0104.npy,-1.3667318,2.3281784,0.13057655,-5.319057,0.021867102,0.8799748,0.0977381,0.0004200666,L,M
M30_Hindi_M_0043.npy,-3.2316747,-0.81529176,3.845814,-3.5384676,0.00083477324,0.00935385,0.9891972,0.0006142287,M,M
M22_Hindi_H_0044.npy,-1.1023554,-1.0300943,3.3892407,-4.14748,0.010942555,0.011762548,0.97677416,0.00052076037,M,H
M22_Hindi_H_0010.npy,-3.4734554,3.5252974,0.39626482,-3.4413807,0.00087318884,0.9563741,0.041851036,0.00090164994,L,H
M22_Hindi_H_0006.npy,-0.5265833,1.2484072,0.7109248,-5.253128,0.09656149,0.5697346,0.33284873,0.0008552472,L,H
M22_Hindi_H_0037.npy,-1.6552408,-0.3553659,3.4053705,-5.5359874,0.0061585326,0.022594653,0.97111976,0.00012708388,M,H
M22_Hindi_H_0030.npy,-0.9185534,0.21584563,2.189067,-5.47629,0.0377536,0.11738742,0.8444631,0.0003958753,M,H
M22_Hindi_H_0015.npy,-3.4140334,2.1127777,2.120684,-4.8284893,0.0019765953,0.4967998,0.5007432,0.00048042717,M,H
M22_Hindi_H_0054.npy,-1.375106,-0.87344915,3.268268,-4.852336,0.009382919,0.015495465,0.9748317,0.00028986536,M,H
M22_Hindi_H_0017.npy,-1.876742,3.3076222,-1.2337941,-3.6898253,0.005508877,0.983114,0.010478325,0.0008987752,L,H
M22_Hindi_H_0051.npy,-2.531574,-0.81048924,3.9792185,-4.8702273,0.0014726537,0.008233005,0.9901523,0.00014204852,M,H
M22_Hindi_H_0058.npy,-1.6517938,1.0419011,1.6303359,-4.762676,0.0235498,0.34821227,0.6271885,0.0010494178,M,H
M22_Hindi_H_0022.npy,-2.8009155,0.78574675,2.9454741,-5.3993325,0.002855136,0.10310847,0.893824,0.00021239706,M,H
M22_Hindi_H_0003.npy,-2.683202,1.7677073,1.7734467,-4.857902,0.0057797898,0.49535608,0.49820727,0.0006568285,M,H
M22_Hindi_H_0020.npy,-0.99599093,-0.07135988,1.7773324,-4.0148635,0.051068477,0.12874046,0.81769603,0.0024950153,M,H
M22_Hindi_H_0045.npy,-1.1097416,-1.0523759,2.7339768,-3.4873888,0.020470573,0.021679223,0.9559513,0.0018990258,M,H
M22_Hindi_H_0048.npy,-4.24877,-1.3601817,6.388075,-5.0547476,2.4003504e-05,0.000431293,0.999534,1.0721188e-05,M,H
M22_Hindi_H_0011.npy,-3.3617964,3.7750044,-0.5015642,-2.3627117,0.00078211736,0.9834337,0.013660137,0.0021240697,L,H
M22_Hindi_H_0043.npy,-1.0142925,-0.88376755,3.161951,-4.5430593,0.014861148,0.016933186,0.9677697,0.0004360422,M,H
M22_Hindi_H_0036.npy,-2.846317,-0.08970638,3.3596287,-3.6566186,0.0019497786,0.030701965,0.96648115,0.0008671135,M,H
M22_Hindi_H_0024.npy,-2.4630015,2.7854931,0.072002694,-2.9401352,0.0048895776,0.93038684,0.06168927,0.0030342736,L,H
M22_Hindi_H_0014.npy,-2.538067,3.9171472,-0.9501881,-3.913969,0.0015572537,0.99042916,0.0076202033,0.00039338053,L,H
M22_Hindi_H_0019.npy,-1.5157073,2.6455905,-0.28323215,-4.107455,0.014564666,0.9343921,0.049952544,0.0010907343,L,H
M22_Hindi_H_0007.npy,-2.129248,2.367825,0.080256656,-3.2625496,0.009981313,0.89586323,0.09094178,0.0032136678,L,H
M22_Hindi_H_0012.npy,-2.6051981,1.7950884,1.4612733,-4.1243052,0.007089994,0.57765174,0.4137062,0.0015520514,L,H
M22_Hindi_H_0021.npy,-2.4285536,1.6468893,2.0110934,-5.885652,0.0069130934,0.40701896,0.58585006,0.00021790812,M,H
M22_Hindi_H_0053.npy,-2.5082378,-0.24477212,2.557489,-2.74542,0.0058857882,0.056599844,0.93287146,0.00464299,M,H
M22_Hindi_H_0013.npy,-1.2899965,1.8145467,0.81448597,-5.924815,0.03173435,0.70764524,0.26031232,0.0003080729,L,H
M22_Hindi_H_0031.npy,-2.5474606,0.9452936,2.8507154,-5.4330244,0.003922566,0.12895977,0.8668987,0.0002189706,M,H
M22_Hindi_H_0046.npy,-1.7651558,-0.76290315,3.777893,-5.1317825,0.0038578075,0.0105102565,0.9854988,0.00013311688,M,H
M22_Hindi_H_0032.npy,-2.370625,1.688492,0.9557682,-3.441751,0.011480594,0.6649919,0.31959394,0.00393351,L,H
M22_Hindi_H_0035.npy,-4.3787436,-1.3736738,4.441612,-1.6194603,0.00014689364,0.0029654338,0.99456847,0.0023192333,M,H
M22_Hindi_H_0028.npy,-1.8360087,0.3625951,2.492887,-5.3453555,0.011641065,0.104914166,0.8830965,0.00034825926,M,H
M22_Hindi_H_0025.npy,-4.0233064,0.8674521,3.104642,-4.104016,0.0007239587,0.096325934,0.90228224,0.0006678241,M,H
M22_Hindi_H_0026.npy,-2.2121286,1.2873961,1.2054101,-3.2149184,0.015393891,0.5095334,0.46942538,0.005647318,L,H
M22_Hindi_H_0001.npy,-3.4658594,1.902644,2.108989,-4.3985047,0.002084877,0.44729272,0.54980195,0.00082042255,M,H
M22_Hindi_H_0038.npy,-5.1398444,-2.879694,7.029051,-2.5499465,5.188739e-06,4.9731658e-05,0.9998759,6.915766e-05,M,H
M22_Hindi_H_0027.npy,-3.4558601,1.4412355,1.9061784,-3.6180747,0.0028660714,0.38376793,0.610929,0.002436903,M,H
M22_Hindi_H_0040.npy,-1.2014025,0.9022947,1.3546368,-5.5082326,0.045259975,0.37096968,0.58316046,0.0006099325,M,H
M22_Hindi_H_0042.npy,-1.5109295,-0.77463025,3.3773203,-4.7123313,0.0073610595,0.015371321,0.97696793,0.00029963287,M,H
M22_Hindi_H_0055.npy,-2.0950973,1.8826921,-0.71962327,-0.60701245,0.01592752,0.8505114,0.063024424,0.0705367,L,H
M22_Hindi_H_0057.npy,-1.4870894,-0.7423077,2.8540487,-4.2858915,0.012505981,0.026337363,0.9603953,0.00076140085,M,H
M22_Hindi_H_0029.npy,-2.2623253,1.4957652,1.4091674,-3.9138472,0.0119948955,0.51417917,0.47152588,0.0023001148,L,H
M22_Hindi_H_0034.npy,-3.8700383,-1.7025295,6.062704,-4.5309935,4.85343e-05,0.00042401947,0.9995024,2.5061063e-05,M,H
M22_Hindi_H_0059.npy,-2.524206,0.35962558,0.71136004,-0.21363488,0.018387897,0.32882452,0.4674342,0.1853533,M,H
M22_Hindi_H_0033.npy,-3.308321,-2.540014,5.607521,-3.3720798,0.00013417153,0.00028928887,0.9994506,0.0001258839,M,H
M22_Hindi_H_0047.npy,-1.3706529,0.012449997,2.1003504,-4.4463005,0.026879974,0.107177295,0.8647019,0.0012407723,M,H
M22_Hindi_H_0050.npy,-1.6924905,0.85840696,1.7899277,-5.5997944,0.021562412,0.27639997,0.70160437,0.0004332882,M,H
M22_Hindi_H_0056.npy,-2.7941957,0.8839518,1.4968399,-2.13373,0.008654203,0.34247294,0.63212097,0.016751885,M,H
M22_Hindi_H_0018.npy,-2.1134732,0.65262455,2.5947974,-5.4831457,0.007825268,0.12439423,0.86751133,0.00026919635,M,H
M22_Hindi_H_0016.npy,-3.6692767,-1.9590591,4.9790335,-3.181189,0.00017517239,0.00096873153,0.9985707,0.00028539015,M,H
M22_Hindi_H_0008.npy,-2.6962352,1.5690583,1.8546242,-4.3533874,0.0059847888,0.4260321,0.5668419,0.001141187,M,H
M22_Hindi_H_0002.npy,-1.7168266,0.31749055,2.5527267,-4.916722,0.012472331,0.095376246,0.8916429,0.0005084528,M,H
M22_Hindi_H_0039.npy,-3.042119,-3.2074237,5.723503,-2.7943892,0.00015592894,0.00013217083,0.9995121,0.00019976261,M,H
M22_Hindi_H_0052.npy,-2.568698,-0.37872759,2.945763,-2.602052,0.0038586457,0.034476794,0.9579325,0.0037320661,M,H
M22_Hindi_H_0004.npy,-3.261338,1.3725398,2.8382387,-4.7619796,0.0018188284,0.18717995,0.81059575,0.00040557527,M,H
M22_Hindi_H_0005.npy,-0.60256803,2.138261,0.14492038,-4.774137,0.05368567,0.83211863,0.11336744,0.000828264,L,H
M22_Hindi_H_0049.npy,-3.813204,1.2984335,2.6690474,-3.0737948,0.0012158395,0.20175867,0.7944786,0.002546816,M,H
M22_Hindi_H_0009.npy,-1.3384893,2.4325788,0.016262855,-4.816136,0.020689754,0.898482,0.08018934,0.00063889974,L,H
M22_Hindi_H_0041.npy,-2.2689438,-0.38605565,2.9065185,-3.344124,0.005411488,0.035566784,0.95717514,0.0018465953,M,H
M22_Hindi_H_0023.npy,-1.7401253,0.9578254,1.6322501,-4.77952,0.02220011,0.32965544,0.6470818,0.0010625831,M,H
