filename,score_N,score_L,score_M,score_H,prob_N,prob_L,prob_M,prob_H,predict class,actual class
CM27_Gujarati_N_0011.npy,24.052917,-1.4610727,-6.7840834,-42.32677,1.0,8.306436e-12,4.0519146e-14,1.4848047e-29,N,N
CM35_English_N_0022.npy,32.946205,-12.823582,-7.841996,-52.483746,1.0,1.3256661e-20,1.9315664e-18,7.9112564e-38,N,N
CF04_English_N_0095.npy,41.390793,-31.679148,-7.34186,-56.807354,1.0,1.8455629e-32,6.849813e-22,2.26e-43,N,N
CM35_English_N_0124.npy,25.186026,-11.48896,-7.7758102,-36.21885,1.0,1.1810143e-16,4.8401157e-15,2.1488242e-27,N,N
CF09_Hindi_N_0169.npy,28.586273,-17.345211,-4.129201,-41.612835,1.0,1.1277423e-20,6.1922793e-15,3.2577147e-31,N,N
CF18_English_N_0011.npy,34.736095,-26.950478,-3.0350573,-47.378937,1.0,1.6212939e-27,3.946362e-17,2.1771732e-36,N,N
CF14_English_N_0027.npy,14.967932,-9.743856,-5.249934,-19.346632,1.0,1.852707e-11,1.6576499e-09,1.2513371e-15,N,N
CF09_Hindi_N_0071.npy,19.563747,-12.043591,-7.4702196,-27.468006,1.0,1.8754588e-14,1.8167606e-12,3.752917e-21,N,N
CF09_Hindi_N_0087.npy,29.14735,-23.837894,-9.398167,-37.2373,1.0,9.74542e-24,1.8192595e-17,1.4774483e-29,N,N
CF14_Hindi_N_0063.npy,19.084488,-14.856737,-0.88995576,-25.497587,1.0,1.817666e-15,2.1145086e-09,4.3476038e-20,N,N
CF02_English_N_0039.npy,31.946608,-5.619663,0.11176176,-61.927402,1.0,4.843694e-17,1.4938324e-14,1.7023e-41,N,N
CM05_English_N_0017.npy,35.259995,-15.305629,-9.464883,-53.461857,1.0,1.0955404e-22,3.769059e-20,2.94165e-39,N,N
CF09_Hindi_N_0106.npy,42.60408,-23.051659,-9.162534,-64.1395,1.0,3.062492e-29,3.2964434e-23,0.0,N,N
CM05_English_N_0040.npy,22.192333,-8.790692,-3.0019493,-34.003292,1.0,3.5014133e-14,1.1435683e-11,3.9314254e-25,N,N
CF02_English_N_0003.npy,18.186918,-11.506579,-0.45440632,-27.29122,1.0,1.2713883e-13,8.020019e-09,1.7745803e-20,N,N
CM05_English_N_0058.npy,30.517265,-5.5032353,-7.758522,-53.274673,1.0,2.2724563e-16,2.3825212e-17,4.0702716e-37,N,N
CF09_Hindi_N_0146.npy,15.449793,-11.663179,-3.6711814,-19.30105,1.0,1.6787489e-12,4.964399e-09,8.089108e-16,N,N
CM24_Gujarati_N_0071.npy,-2.7964275,-0.28842163,-1.4143028,3.3073637,0.0021513929,0.026420003,0.008569766,0.9628588,H,N
CF18_English_N_0056.npy,24.077267,-19.035366,-3.6151643,-32.542492,1.0,1.8898245e-19,9.404382e-13,2.5724757e-25,N,N
CF04_English_N_0106.npy,36.350597,-23.092499,-1.6750393,-54.37306,1.0,1.5282393e-26,3.0596845e-17,3.9739e-40,N,N
CF09_English_N_0055.npy,28.916601,-28.636265,-7.4202538,-32.210583,1.0,1.0118327e-25,1.6561712e-16,2.8366263e-27,N,N
CF02_English_N_0098.npy,42.996506,-35.337433,-8.553575,-55.1136,1.0,9.549986e-35,4.0934074e-23,2.47e-43,N,N
CM35_English_N_0095.npy,64.34785,-37.37225,-16.267614,-92.925186,1.0,7e-45,9.7532454e-36,0.0,N,N
CM05_English_N_0097.npy,19.490314,-7.4148645,-3.4885466,-30.1579,1.0,2.0664724e-12,1.0481116e-10,2.741913e-22,N,N
CM27_Gujarati_N_0012.npy,18.75275,-12.064709,-1.8150645,-25.191288,1.0,4.131879e-14,1.1681837e-09,8.228992e-20,N,N
CF09_Hindi_N_0080.npy,24.728243,-20.079964,-7.0492907,-30.940128,1.0,3.4677198e-20,1.5819477e-14,6.6608974e-25,N,N
CM35_English_N_0085.npy,66.414604,-39.21395,-15.759718,-93.95453,1.0,0.0,2.051845e-36,0.0,N,N
CM38_English_N_0056.npy,20.181496,-1.5924506,-3.8330865,-36.18898,1.0,3.4969955e-10,3.720486e-11,3.3007562e-25,N,N
CF04_Hindi_N_0094.npy,56.31946,-50.190742,-6.950083,-74.158066,1.0,0.0,3.3295465e-28,0.0,N,N
CM03_English_N_0108.npy,11.532809,-4.4030986,-0.46571195,-18.804327,0.9999937,1.1998326e-07,6.1532687e-06,6.679544e-14,N,N
CF04_English_N_0054.npy,51.93405,-28.954327,-6.875042,-79.61745,1.0,7.423728e-36,2.8809468e-26,0.0,N,N
CF14_Gujarati_N_0010.npy,25.978065,-20.610292,-4.218014,-34.13562,1.0,5.847013e-21,7.691471e-14,7.815523e-27,N,N
CF14_Hindi_N_0118.npy,36.464287,-23.347036,-4.9977703,-52.925716,1.0,1.0574786e-26,9.845926e-19,1.508052e-39,N,N
CM03_English_N_0011.npy,15.636258,-3.1204584,-4.235095,-26.41991,1.0,7.145981e-09,2.3441262e-09,5.4354876e-19,N,N
CM05_Hindi_N_0039.npy,28.860907,-17.587955,-8.588792,-40.179657,1.0,6.722276e-21,5.442547e-17,1.0376799e-30,N,N
CM27_Gujarati_N_0053.npy,12.173548,0.72024983,-3.0144532,-24.61879,0.99998915,1.0614299e-05,2.5347225e-07,1.0502363e-16,N,N
CM38_English_N_0083.npy,16.196777,-7.9883766,-4.1266713,-23.50674,1.0,3.1370476e-11,1.4915528e-09,5.71454e-18,N,N
CF09_English_N_0028.npy,36.560658,-24.18514,-10.687639,-50.57927,1.0,4.1537074e-27,3.02221e-21,1.4309097e-38,N,N
CF09_English_N_0025.npy,41.716587,-29.875864,-6.722081,-58.002247,1.0,8.0870984e-32,9.190817e-22,4.9e-44,N,N
CM30_English_N_0052.npy,20.140669,-0.99766797,-6.7386003,-36.066875,1.0,6.602938e-10,2.1207133e-12,3.884852e-25,N,N
CM05_Hindi_N_0113.npy,22.133358,-10.01165,-7.67336,-32.54314,1.0,1.0954697e-14,1.13529134e-13,1.7959675e-24,N,N
CM03_English_N_0027.npy,23.062277,-2.4035668,-3.1863143,-42.585926,1.0,8.716153e-12,3.984575e-12,3.0856636e-29,N,N
CF20_Gujarati_N_0067.npy,28.648808,-26.146574,-8.159178,-35.398994,1.0,1.5946633e-24,1.0339414e-16,1.5289432e-28,N,N
CM38_English_N_0090.npy,41.669254,-37.97487,-11.527761,-50.605026,1.0,2.5763123e-35,7.8855215e-24,8.4292e-41,N,N
CF02_English_N_0065.npy,34.11538,-26.791859,-3.7613218,-45.473812,1.0,3.5344562e-27,3.551057e-17,2.7217923e-35,N,N
CF04_Hindi_N_0075.npy,57.49916,-32.52197,-11.196571,-87.18641,1.0,8.02266e-40,1.4649493e-30,0.0,N,N
CM35_English_N_0121.npy,51.427914,-36.985577,-16.187277,-69.37,1.0,4.004137e-39,4.3161516e-30,0.0,N,N
CF09_Hindi_N_0160.npy,20.489979,-13.7164345,-1.3186537,-29.143494,1.0,1.394259e-15,3.377781e-10,2.7826386e-22,N,N
CM38_English_N_0124.npy,30.941616,-9.00148,-0.49843246,-53.621204,1.0,4.4971126e-18,2.2169737e-14,1.882928e-37,N,N
CM38_English_N_0026.npy,32.667213,-17.470562,-8.296762,-46.554726,1.0,1.6805089e-22,1.620213e-18,3.929606e-35,N,N
CF14_Hindi_N_0036.npy,21.073578,-15.435683,0.43497413,-28.988873,1.0,1.3938913e-16,1.0883497e-09,1.8119827e-22,N,N
CM24_Gujarati_N_0039.npy,14.948948,1.3583891,-3.293288,-31.322231,0.9999987,1.2522604e-06,1.1953562e-08,8.029373e-21,N,N
CF02_English_N_0017.npy,34.34836,-19.357891,-2.9258032,-52.384747,1.0,4.7388433e-24,6.4868966e-17,2.1492631e-38,N,N
CM16_Hindi_N_0062.npy,20.078213,-17.248169,4.241818,-26.878424,0.9999999,6.156847e-17,1.3253815e-07,4.0456907e-21,N,N
CF04_English_N_0034.npy,48.988598,-26.244732,-6.7245674,-76.21864,1.0,2.1211922e-33,6.369125e-25,0.0,N,N
CF04_Hindi_N_0053.npy,20.908901,-14.142771,-3.5890133,-29.206429,1.0,5.9875817e-16,2.2945134e-11,1.7186557e-22,N,N
CM38_English_N_0065.npy,49.13749,-27.924229,-17.63419,-69.149734,1.0,3.4081558e-34,1.0032904e-29,0.0,N,N
CM05_Hindi_N_0108.npy,16.891844,-6.5658627,-4.2296762,-25.951603,1.0,6.493031e-11,6.7149064e-10,2.4735934e-19,N,N
CF09_Hindi_N_0064.npy,35.33609,-25.298973,-11.109121,-47.27297,1.0,4.6400926e-27,6.7468357e-21,1.3284446e-36,N,N
CF14_Hindi_N_0085.npy,24.273315,-14.047016,-6.114931,-34.2696,1.0,2.2787226e-17,6.3467616e-14,3.759542e-26,N,N
CM35_English_N_0038.npy,43.94433,-24.061783,-11.938297,-62.63292,1.0,2.9195855e-30,5.3763075e-25,0.0,N,N
CF14_Hindi_N_0121.npy,26.909504,-15.876862,-5.1993413,-38.813923,1.0,2.6188918e-19,1.1358105e-14,2.8620577e-29,N,N
CM38_English_N_0024.npy,26.52719,-8.983116,-5.233239,-41.505833,1.0,3.7850316e-16,1.6092398e-14,2.8420704e-30,N,N
CF09_English_N_0030.npy,31.991463,-19.839903,-5.113308,-46.92783,1.0,3.0897482e-23,7.684274e-17,5.318451e-35,N,N
CF18_English_N_0018.npy,29.895433,-16.356632,-7.0625305,-43.682304,1.0,8.184314e-21,8.8994066e-17,1.11069625e-32,N,N
CF18_English_N_0040.npy,31.794022,-12.751571,-3.4573853,-51.915504,1.0,4.5091496e-20,4.903523e-16,4.4199236e-37,N,N
CM05_Hindi_N_0126.npy,22.821777,-9.309662,-8.309925,-34.850224,1.0,1.1104353e-14,3.017682e-14,8.9819006e-26,N,N
CF09_Hindi_N_0062.npy,20.560102,-7.9379625,-6.0593567,-31.574087,1.0,4.2019144e-13,2.749893e-12,2.2824912e-23,N,N
CF09_Hindi_N_0123.npy,35.925728,-22.004911,-7.9937544,-52.01492,1.0,6.934932e-26,8.433558e-20,6.424864e-39,N,N
CF14_Gujarati_N_0071.npy,17.780012,-7.745099,-4.7512994,-27.622486,1.0,8.214566e-12,1.6397436e-10,1.9140195e-20,N,N
CM03_English_N_0028.npy,15.426767,4.1026773,1.501919,-38.109264,0.999987,1.2078265e-05,8.9641577e-07,5.6181116e-24,N,N
CM03_English_N_0017.npy,9.529601,4.426215,2.932103,-28.16474,0.9926151,0.006031267,0.0013537046,4.2299687e-17,N,N
CM35_English_N_0070.npy,38.28841,-29.615871,-10.093968,-49.044106,1.0,3.2325497e-30,9.723002e-22,1.1802356e-38,N,N
CF09_Hindi_N_0025.npy,47.912445,-33.839165,-11.989376,-66.07931,1.0,3.1313167e-36,9.659834e-27,0.0,N,N
CF09_Hindi_N_0127.npy,34.607258,-27.861343,-11.378731,-45.530083,1.0,7.41705e-28,1.0679205e-20,1.5732347e-35,N,N
CM38_English_N_0101.npy,41.224895,-17.80652,-9.506441,-63.096874,1.0,2.3066462e-26,9.282387e-23,0.0,N,N
CF20_Gujarati_N_0017.npy,26.548092,-25.662415,-4.4640245,-32.819164,1.0,2.1147799e-23,3.4010216e-14,1.6486492e-26,N,N
CM27_Gujarati_N_0039.npy,13.233743,-1.0480306,-0.38343567,-25.322557,0.9999982,6.2734114e-07,1.2193657e-06,1.7997427e-17,N,N
CF02_Gujarati_N_0026.npy,40.76867,-29.725601,-9.570972,-54.76497,1.0,2.4250874e-31,1.373319e-22,3.238e-42,N,N
CF04_English_N_0006.npy,19.43969,-12.542147,-4.621379,-27.565798,1.0,1.2896295e-14,3.5514876e-11,3.852805e-21,N,N
CF14_Hindi_N_0003.npy,27.512062,-18.735878,-5.989637,-37.29622,1.0,8.2181646e-21,2.8209647e-15,7.1469575e-29,N,N
CF09_English_N_0039.npy,24.407963,-18.117977,-7.0378523,-32.41351,1.0,3.3979654e-19,2.2042235e-14,2.1025589e-25,N,N
CM16_Hindi_N_0047.npy,19.786678,-15.053563,-1.7496734,-26.50272,1.0,7.3973436e-16,4.4348722e-10,7.884421e-21,N,N
CM24_Gujarati_N_0068.npy,17.876324,-0.7475869,-3.8151033,-33.938793,1.0,8.160904e-09,3.7978068e-10,3.1403688e-23,N,N
CF02_Gujarati_N_0041.npy,33.267677,-18.77845,-4.971611,-48.536774,1.0,2.4926088e-23,2.4710874e-17,2.9701499e-36,N,N
CF09_English_N_0010.npy,28.078403,-11.981811,-5.756492,-42.391632,1.0,4.0000895e-18,2.0215818e-15,2.4845862e-31,N,N
CM05_Hindi_N_0114.npy,24.535345,-4.79305,-6.6314273,-41.182777,1.0,1.8316375e-13,2.9136846e-14,2.877274e-29,N,N
CM16_Hindi_N_0063.npy,11.534299,-13.915282,2.2740402,-11.526299,0.9999049,8.85821e-12,9.5121664e-05,9.657575e-11,N,N
CF14_Hindi_N_0029.npy,34.53035,-23.878094,-3.1578498,-49.598103,1.0,4.300662e-26,4.2876917e-17,2.9072277e-37,N,N
CM05_Hindi_N_0090.npy,46.927277,-28.941042,-11.658417,-64.06169,1.0,1.1241098e-33,3.602107e-26,0.0,N,N
CM27_Gujarati_N_0022.npy,31.646172,-11.097678,-9.227762,-48.909824,1.0,2.732634e-19,1.7728702e-18,1.0350798e-35,N,N
CF20_Gujarati_N_0039.npy,33.597023,-28.510117,-8.564468,-42.947857,1.0,1.0646626e-27,4.8921183e-19,5.7145583e-34,N,N
CF18_English_N_0009.npy,26.438274,-17.69308,2.3328004,-41.04609,1.0,6.823323e-20,3.397234e-11,4.919432e-30,N,N
CM05_Hindi_N_0121.npy,27.502388,-20.41912,-8.612234,-35.106033,1.0,1.5415343e-21,2.0683217e-16,6.4492335e-28,N,N
CF14_English_N_0051.npy,16.194363,-16.503122,0.55376714,-19.537697,0.9999999,6.304662e-15,1.6120394e-07,3.0322408e-16,N,N
CF14_Hindi_N_0030.npy,30.012962,-23.458462,-5.307014,-40.27261,1.0,5.9931558e-24,4.578561e-16,2.9878965e-31,N,N
CF04_English_N_0076.npy,45.45109,-27.480904,-13.159828,-66.0162,1.0,2.1185488e-32,3.512375e-26,0.0,N,N
CM38_English_N_0110.npy,44.495964,-15.616089,-10.020361,-71.97904,1.0,7.828294e-27,2.1079488e-24,0.0,N,N
CM35_English_N_0127.npy,25.055672,-9.210414,-7.011724,-39.043854,1.0,1.3134927e-15,1.1838799e-14,1.451877e-28,N,N
CM05_English_N_0056.npy,22.209059,-8.961276,-7.782605,-33.966076,1.0,2.9033274e-14,9.435946e-14,4.0128215e-25,N,N
CM05_Hindi_N_0036.npy,28.105852,-4.7801476,-10.590015,-47.45117,1.0,5.221448e-15,1.5652995e-17,1.5346249e-33,N,N
CF14_Hindi_N_0134.npy,17.897945,-12.147273,-2.473573,-24.4728,1.0,8.9439015e-14,1.4215484e-09,3.9684434e-19,N,N
CF09_Hindi_N_0082.npy,21.483894,-11.636585,-4.906215,-30.882532,1.0,4.13008e-15,3.4587632e-12,1.8094675e-23,N,N
CF09_English_N_0022.npy,41.863667,-30.314808,-12.864212,-56.263195,1.0,4.5007707e-32,1.7060208e-24,2.42e-43,N,N
CF02_English_N_0015.npy,13.028883,-13.86471,-2.1075315,-13.469362,0.99999976,2.090552e-12,2.6689386e-07,3.1042608e-12,N,N
CF04_Hindi_N_0010.npy,46.82759,-29.30845,-9.174628,-68.49705,1.0,8.6007845e-34,4.7702907e-25,0.0,N,N
CM38_English_N_0109.npy,30.978899,-12.031,-8.623521,-47.952946,1.0,2.0942963e-19,6.3224756e-18,5.2521197e-35,N,N
CM05_Hindi_N_0021.npy,22.948765,-9.0180645,-4.512444,-34.728226,1.0,1.3091289e-14,1.185083e-12,8.937196e-26,N,N
CF02_Gujarati_N_0028.npy,40.102146,-35.362904,-7.743686,-50.500835,1.0,1.6824623e-33,1.662719e-21,4.48358e-40,N,N
CM05_Hindi_N_0038.npy,18.83847,-12.015525,-3.9361095,-25.49921,1.0,3.9836363e-14,1.2856584e-10,5.551239e-20,N,N
CM03_English_N_0099.npy,23.341965,-10.1459255,-5.9642844,-36.0108,1.0,2.860179e-15,1.8726539e-13,1.6727155e-26,N,N
CF09_Hindi_N_0008.npy,40.825485,-29.150955,-7.79064,-56.789837,1.0,4.0702216e-31,7.6963416e-22,4.04e-43,N,N
CF09_Hindi_N_0065.npy,27.627783,-21.314646,-6.2964106,-35.243748,1.0,5.553584e-22,1.8488838e-15,4.957264e-28,N,N
CM38_English_N_0062.npy,32.23058,-12.142792,-6.5475445,-51.58735,1.0,5.356607e-20,1.4417024e-17,3.9658347e-37,N,N
CM38_English_N_0120.npy,22.880367,-3.6969802,-5.127763,-40.531906,1.0,2.8681703e-12,6.85842e-13,2.8866864e-28,N,N
CM16_Hindi_N_0082.npy,24.07996,-26.297966,-3.5542095,-26.93389,1.0,1.3217362e-22,9.968574e-13,6.997898e-23,N,N
CF04_Hindi_N_0011.npy,38.58844,-25.69492,-6.208481,-55.309853,1.0,1.2080735e-28,3.5070707e-20,1.6615e-41,N,N
CF09_Hindi_N_0047.npy,53.703056,-41.65365,-14.574844,-71.45988,1.0,3.865e-42,2.2247668e-30,0.0,N,N
CM30_English_N_0015.npy,29.958649,-5.5174036,-7.0592995,-52.87879,1.0,3.9169376e-16,8.381262e-17,1.0571988e-36,N,N
CF14_Hindi_N_0004.npy,15.033409,-6.7405224,-2.99557,-22.195072,1.0,3.4970488e-10,1.4794973e-08,6.790098e-17,N,N
CF14_Hindi_N_0057.npy,35.282272,-24.48101,-4.8883815,-49.369526,1.0,1.1095224e-26,3.5818426e-18,1.7226332e-37,N,N
CM05_Hindi_N_0119.npy,20.434181,-5.3526397,-7.5741673,-33.43297,1.0,6.323038e-12,6.856916e-13,4.0345423e-24,N,N
CM38_English_N_0132.npy,58.422012,-41.10752,-16.246439,-77.96047,1.0,5.9e-44,3.7316803e-33,0.0,N,N
CF04_Hindi_N_0063.npy,29.570526,-7.7290616,-0.4532712,-54.977673,1.0,6.324047e-17,9.13756e-14,1.9106545e-37,N,N
CF09_Hindi_N_0108.npy,26.705067,-20.789505,-9.491049,-34.054237,1.0,2.3624878e-21,1.9064595e-16,4.097977e-27,N,N
CF04_Hindi_N_0034.npy,65.17663,-56.1937,-14.477243,-84.252014,1.0,0.0,2.5513143e-35,0.0,N,N
CF14_Hindi_N_0021.npy,18.890884,-20.138027,-5.14405,-19.399826,1.0,1.1219127e-17,3.6455273e-11,2.3472305e-17,N,N
CF14_Hindi_N_0072.npy,21.354464,-16.90955,-5.460606,-27.355026,1.0,2.4107344e-17,2.2613272e-12,7.0103254e-22,N,N
CF14_Gujarati_N_0038.npy,31.136316,-13.495671,-4.5101013,-49.712673,1.0,4.1359347e-20,3.3033787e-16,7.7219884e-36,N,N
CM30_English_N_0049.npy,28.387146,-7.183225,-9.113465,-46.158916,1.0,3.564386e-16,5.172397e-17,4.217497e-33,N,N
CF02_Gujarati_N_0009.npy,35.451447,-20.237087,-7.0965514,-51.948235,1.0,6.5279537e-25,3.3238384e-19,1.1035723e-38,N,N
CF14_Hindi_N_0104.npy,40.143845,-24.997421,-5.9716244,-57.925217,1.0,5.1228033e-29,9.382217e-21,2.56e-43,N,N
CF02_Gujarati_N_0016.npy,37.509617,-22.567255,-9.236362,-53.387783,1.0,8.108588e-27,4.9943517e-21,3.3401e-40,N,N
CF09_English_N_0035.npy,23.837975,-10.511327,-5.08352,-35.81302,1.0,1.2086162e-15,2.7514078e-13,1.2413744e-26,N,N
CM38_English_N_0108.npy,33.913673,-21.923868,-11.629579,-45.969635,1.0,5.62425e-25,1.6627133e-20,2.0282429e-35,N,N
CF09_Hindi_N_0143.npy,47.995117,-32.769707,-13.469809,-67.1326,1.0,8.4000644e-36,2.0235835e-27,0.0,N,N
CF04_English_N_0026.npy,45.87033,-31.652876,-8.592497,-63.71609,1.0,2.1483165e-34,2.2237894e-24,0.0,N,N
CM24_Gujarati_N_0070.npy,1.7004426,1.7864945,5.826352,-14.776412,0.015621588,0.017025389,0.96735305,1.091235e-09,M,N
CF02_Gujarati_N_0047.npy,38.22209,-21.612087,-9.653169,-55.629025,1.0,1.0335852e-26,1.6145036e-21,1.7417e-41,N,N
CF04_Hindi_N_0061.npy,20.512754,-14.046597,2.5672305,-31.702835,1.0,9.796375e-16,1.608266e-08,2.1040534e-23,N,N
CM30_Gujarati_N_0032.npy,29.306795,-0.6891847,-9.866726,-53.95595,1.0,9.3953227e-14,9.708567e-18,6.909517e-37,N,N
CF14_Hindi_N_0145.npy,20.20976,-11.737299,-1.8494438,-29.522097,1.0,1.3352676e-14,2.629114e-10,2.5219055e-22,N,N
CF09_English_N_0009.npy,28.70762,-22.075983,-8.553146,-37.019657,1.0,8.809701e-23,6.5743885e-17,2.851052e-29,N,N
CF02_English_N_0027.npy,28.79506,-15.574375,-8.493099,-41.337315,1.0,5.377736e-20,6.396738e-17,3.4825607e-31,N,N
CF04_English_N_0008.npy,39.08872,-25.412704,-9.947218,-54.969776,1.0,9.7138105e-29,5.0578303e-22,1.4155e-41,N,N
CF02_English_N_0082.npy,29.77916,-20.487698,-3.0459423,-42.484066,1.0,1.4770027e-22,5.5493046e-15,4.1350262e-32,N,N
CM24_Gujarati_N_0016.npy,7.0295296,3.7566698,1.6578124,-21.044674,0.95919204,0.036351357,0.004456545,6.1579176e-13,N,N
CF14_Hindi_N_0074.npy,32.037315,-22.554237,-4.762006,-44.500072,1.0,1.9551941e-24,1.0429375e-16,5.757533e-34,N,N
CF09_Hindi_N_0017.npy,47.901993,-37.007767,-8.5809555,-65.19655,1.0,1.3309446e-37,2.9496278e-25,0.0,N,N
CM03_English_N_0046.npy,26.069172,-13.266872,-5.907058,-37.945362,1.0,8.252262e-18,1.2968792e-14,1.5806697e-28,N,N
CM05_Hindi_N_0095.npy,38.555614,-26.319788,-12.114228,-52.093113,1.0,6.682976e-29,9.871141e-23,4.2831e-40,N,N
CM05_English_N_0001.npy,30.233734,-17.23901,-9.160447,-43.00835,1.0,2.4146228e-21,7.786187e-18,1.5537048e-32,N,N
CF14_English_N_0033.npy,27.367771,-11.731363,0.054037523,-45.662216,1.0,1.04582935e-17,1.3733967e-12,1.9207955e-32,N,N
CF02_Gujarati_N_0042.npy,46.680923,-27.102524,-8.4251585,-69.28139,1.0,9.041823e-33,1.1687787e-24,0.0,N,N
CM35_English_N_0027.npy,31.837313,-19.4118,-8.812111,-43.586895,1.0,5.530854e-23,2.2191184e-18,1.7525967e-33,N,N
CF02_English_N_0042.npy,22.829533,-10.318539,1.4486461,-38.210197,1.0,4.017682e-15,5.1808274e-10,3.0958652e-27,N,N
CM05_Hindi_N_0027.npy,25.191093,2.0490863,-6.7036314,-52.608303,1.0,8.903356e-11,1.407008e-14,1.6298704e-34,N,N
CM24_Gujarati_N_0031.npy,14.322266,-2.696843,-3.0777266,-23.530247,1.0,4.0615834e-08,2.7751053e-08,3.6380006e-17,N,N
CF04_English_N_0041.npy,46.435562,-37.30489,-13.185561,-61.71739,1.0,4.2853424e-37,1.2790123e-26,0.0,N,N
CM03_English_N_0024.npy,28.839867,-15.9254875,-8.683508,-40.57905,1.0,3.6195427e-20,5.0559724e-17,7.108016e-31,N,N
CF14_Hindi_N_0070.npy,15.186066,-14.65752,0.54644287,-18.742,0.9999995,1.0941959e-13,4.3862406e-07,1.841738e-15,N,N
CM05_Hindi_N_0106.npy,19.75639,-1.9982417,-5.7008214,-35.169888,1.0,3.565199e-10,8.791722e-12,1.3990104e-24,N,N
CM38_English_N_0010.npy,19.409557,-14.023515,-2.9703734,-24.710052,1.0,3.0213545e-15,1.9077422e-10,6.903938e-20,N,N
CM38_English_N_0097.npy,26.77759,-9.76993,-4.758401,-42.343567,1.0,1.3415715e-16,2.0141547e-14,9.573349e-31,N,N
CF14_Hindi_N_0135.npy,27.247784,-12.700842,-7.5622783,-41.19049,1.0,4.4723232e-18,7.623985e-16,1.8951057e-30,N,N
CF09_Hindi_N_0019.npy,28.20205,-19.649866,-4.4464064,-39.77712,1.0,1.6526392e-21,6.6214857e-15,2.9993062e-30,N,N
CM05_Hindi_N_0004.npy,22.45493,-0.12947278,-5.823044,-42.72369,1.0,1.5549584e-10,5.2363935e-13,4.9349785e-29,N,N
CF14_Gujarati_N_0058.npy,10.415674,-4.776243,2.0553,-17.918201,0.9997658,2.5242502e-07,0.00023390191,4.9505387e-13,N,N
CF14_English_N_0042.npy,23.91223,-16.777048,-0.4908442,-34.670395,1.0,2.1324127e-18,2.5227808e-11,3.613172e-26,N,N
CF14_Hindi_N_0150.npy,13.676918,-13.577194,-3.6541378,-15.013631,1.0,1.4577714e-12,2.9731565e-08,3.466198e-13,N,N
CM03_English_N_0001.npy,16.269604,-7.3171425,-1.0785439,-25.347738,1.0,5.706979e-11,2.9227717e-08,8.4298307e-19,N,N
CM16_Hindi_N_0039.npy,25.21418,-21.86721,-3.782159,-31.678482,1.0,3.571182e-21,2.552993e-13,1.9580817e-25,N,N
CM38_English_N_0116.npy,32.7402,-7.0905976,-7.770849,-55.61613,1.0,5.0315726e-18,2.5484475e-18,4.239679e-39,N,N
CM35_English_N_0074.npy,18.858265,-17.280495,-5.8286715,-21.439703,1.0,2.0189991e-16,1.899329e-11,3.1536662e-18,N,N
CF02_Gujarati_N_0025.npy,37.775562,-22.88136,-5.058819,-54.847485,1.0,4.539769e-27,2.4961155e-19,5.9474e-41,N,N
CM16_Hindi_N_0014.npy,24.71098,-19.687384,-5.682087,-31.698587,1.0,5.224404e-20,6.316245e-14,3.1742094e-25,N,N
CM05_Hindi_N_0046.npy,22.410652,-13.498052,-4.699032,-29.717474,1.0,2.5412563e-16,1.6842782e-12,2.2963689e-23,N,N
CF02_English_N_0074.npy,27.908134,-13.418422,-0.8342574,-44.57647,1.0,1.1274681e-18,3.2910764e-13,3.313878e-32,N,N
CF04_Hindi_N_0029.npy,43.463364,-37.298237,-11.044966,-56.106396,1.0,8.4272176e-36,2.1248706e-24,5.7e-44,N,N
CF14_Hindi_N_0091.npy,26.598335,-28.533775,-0.2762056,-30.701567,1.0,1.1387505e-24,2.1307643e-12,1.3030705e-25,N,N
CM24_Gujarati_N_0064.npy,9.535633,1.8494854,-4.1183224,-19.271868,0.99953985,0.00045893225,1.1747965e-06,3.0822046e-13,N,N
CF18_English_N_0024.npy,39.098503,-22.343117,-4.304445,-58.803196,1.0,2.0713024e-27,1.4136434e-19,3.03e-43,N,N
CM05_Hindi_N_0116.npy,28.105762,-12.85586,-6.422899,-41.065308,1.0,1.6240249e-18,1.0101679e-15,9.107258e-31,N,N
CF14_Hindi_N_0120.npy,22.487093,-17.428493,-6.5250454,-29.19412,1.0,4.622535e-18,2.5129763e-13,3.5903288e-23,N,N
CM27_Gujarati_N_0040.npy,32.88791,-9.842226,-7.534255,-52.46971,1.0,2.7703778e-19,2.7853312e-18,8.504652e-38,N,N
CF14_Hindi_N_0123.npy,24.63828,-14.508194,-4.9499426,-35.65311,1.0,9.974731e-18,1.4125318e-13,6.54308e-27,N,N
CF20_Gujarati_N_0028.npy,40.64781,-27.315588,-10.07577,-57.136032,1.0,3.0469803e-30,9.354654e-23,3.4e-43,N,N
CF20_Gujarati_N_0007.npy,27.10307,-23.66653,-7.2940245,-34.15758,1.0,8.9339375e-23,1.1522098e-15,2.482204e-27,N,N
CF09_Hindi_N_0126.npy,43.553722,-30.506878,-10.956354,-59.94254,1.0,6.853146e-33,2.1211616e-24,1e-45,N,N
CF04_Hindi_N_0112.npy,47.597984,-37.569824,-13.509417,-62.20625,1.0,1.0282311e-37,2.8933022e-27,0.0,N,N
CM05_English_N_0023.npy,16.578001,1.8344731,-5.3884873,-33.51644,0.99999964,3.9533643e-07,2.884532e-10,1.7549274e-22,N,N
CF02_Gujarati_N_0022.npy,26.859192,-9.250182,-8.019792,-41.83566,1.0,2.0792067e-16,7.116236e-16,1.4662353e-30,N,N
CM03_English_N_0039.npy,14.392584,-0.56854326,0.9431824,-28.553986,0.9999982,3.1802716e-07,1.4421094e-06,2.2312093e-19,N,N
CM30_English_N_0028.npy,27.995497,-6.058302,-9.137824,-46.718513,1.0,1.6241389e-15,7.467997e-17,3.5654705e-33,N,N
CF04_English_N_0048.npy,46.62351,-32.272137,-14.628548,-64.31914,1.0,5.4457364e-35,2.5036292e-27,0.0,N,N
CF04_Hindi_N_0035.npy,61.373806,-46.185123,-17.848959,-83.16245,1.0,0.0,3.9263692e-35,0.0,N,N
CF04_English_N_0064.npy,23.235249,-18.955902,-4.3359165,-30.31262,1.0,4.749152e-19,1.0616836e-12,5.5520957e-24,N,N
CM16_Hindi_N_0083.npy,15.328547,-14.678249,-0.9701761,-18.212849,0.9999999,9.294244e-14,8.347461e-08,2.711167e-15,N,N
CF14_Hindi_N_0002.npy,28.815737,-19.735369,-8.3386345,-38.630272,1.0,8.213396e-22,7.3124136e-17,5.1117713e-30,N,N
CM05_Hindi_N_0010.npy,23.514288,-1.2597084,-6.0385146,-45.22826,1.0,1.7409652e-11,1.4634595e-13,1.3979497e-30,N,N
CM05_Hindi_N_0074.npy,20.44603,-2.93741,-5.027696,-34.959785,1.0,6.993604e-11,8.647713e-12,8.660845e-25,N,N
CF14_Gujarati_N_0034.npy,30.433233,-20.121553,-3.2631643,-44.581734,1.0,1.107478e-22,2.3218878e-15,2.6388394e-33,N,N
CF14_English_N_0008.npy,15.499322,-11.70606,-1.1618578,-20.821016,1.0,1.5305664e-12,5.8095335e-08,1.6837481e-16,N,N
CF14_Hindi_N_0040.npy,21.117565,-4.613,-0.68315274,-38.204094,1.0,6.68895e-12,3.4046177e-10,1.725563e-26,N,N
CM38_English_N_0019.npy,12.757248,-11.065524,-1.3846468,-14.961135,0.9999993,4.5071377e-11,7.2152767e-07,9.163441e-13,N,N
CM05_English_N_0094.npy,23.824242,-5.676956,-4.5223536,-40.38343,1.0,1.5409642e-13,4.889111e-13,1.3030537e-28,N,N
CF04_English_N_0033.npy,55.734097,-29.691921,-12.033763,-84.07432,1.0,7.9424016e-38,3.7050337e-30,0.0,N,N
CF09_Hindi_N_0145.npy,40.487713,-34.71374,-13.135849,-51.569767,1.0,2.1898958e-33,5.147342e-24,1.047e-40,N,N
CM27_Gujarati_N_0046.npy,15.6444235,-4.207602,-0.19970082,-26.077911,0.9999999,2.3898719e-09,1.3151777e-07,7.5896153e-19,N,N
CM38_English_N_0061.npy,38.300385,-23.100832,-8.837782,-53.641094,1.0,2.1567078e-27,3.3740663e-21,1.17577e-40,N,N
CF02_Gujarati_N_0045.npy,46.366837,-34.227917,-8.037582,-63.89886,1.0,9.957303e-36,2.3575508e-24,0.0,N,N
CM24_Gujarati_N_0051.npy,18.055729,-7.944686,-2.0263147,-26.994465,1.0,5.106965e-12,1.898802e-09,2.7223845e-20,N,N
CF18_English_N_0059.npy,13.35991,-10.88656,-4.862174,-16.718618,1.0,2.9504704e-11,1.21969e-08,8.650888e-14,N,N
CF04_Hindi_N_0102.npy,49.472492,-41.84536,-10.481301,-65.201225,1.0,2.1936e-40,9.1706205e-27,0.0,N,N
CM05_Hindi_N_0034.npy,22.904776,-1.1988468,-6.4916906,-42.420414,1.0,3.4035316e-11,1.7111078e-13,4.262177e-29,N,N
CM05_English_N_0083.npy,33.290535,-19.95411,-10.04263,-45.9756,1.0,7.518737e-24,1.5158139e-19,3.7597108e-35,N,N
CF14_Hindi_N_0047.npy,33.677692,-29.713858,-3.9548733,-42.26615,1.0,2.9471377e-28,4.532991e-17,1.0423319e-33,N,N
CM35_English_N_0126.npy,25.43824,-12.309566,-6.8330474,-36.937286,1.0,4.0395772e-17,9.65514e-15,8.140537e-28,N,N
CM05_English_N_0080.npy,16.880863,-1.6804993,-4.426791,-29.40957,1.0,8.6876515e-09,5.574461e-10,7.876244e-21,N,N
CF14_English_N_0041.npy,26.287975,-9.900395,2.03848,-45.91272,1.0,1.9212802e-16,2.9415644e-11,4.4018467e-32,N,N
CF02_Gujarati_N_0027.npy,28.706656,-13.802822,-3.17998,-43.51202,1.0,3.4543732e-19,1.4184383e-14,4.3234312e-32,N,N
CM38_English_N_0059.npy,24.062431,-10.72112,-7.1628866,-35.88698,1.0,7.828816e-16,2.7479975e-14,9.210905e-27,N,N
CM30_English_N_0024.npy,35.18215,-11.837133,-10.735535,-55.40544,1.0,3.799995e-21,1.1434104e-20,4.55311e-40,N,N
CF02_English_N_0026.npy,20.362556,-14.50405,-2.889192,-28.225891,1.0,7.204846e-16,7.977994e-11,7.912347e-22,N,N
CM16_Hindi_N_0061.npy,29.043404,-25.108902,-3.3341258,-37.211597,1.0,3.0335593e-24,8.68196e-15,1.681965e-29,N,N
CM30_English_N_0023.npy,25.743105,-0.66158897,-7.3463345,-50.298435,1.0,3.408688e-12,4.260289e-15,9.45318e-34,N,N
CM16_Hindi_N_0010.npy,18.108892,-14.0497265,-3.1846647,-23.340178,1.0,1.0806605e-14,5.6536126e-10,9.974649e-19,N,N
CM03_English_N_0049.npy,22.97495,-12.267365,-4.4993696,-33.977287,1.0,4.948301e-16,1.1696466e-12,1.8448305e-25,N,N
CF09_Hindi_N_0074.npy,36.13069,-29.689995,-10.3555565,-46.482662,1.0,2.5968036e-29,6.475585e-21,1.3227406e-36,N,N
CM24_Gujarati_N_0004.npy,41.325615,-17.988607,-9.4497175,-62.97477,1.0,1.7384402e-26,8.882861e-23,0.0,N,N
CM05_Hindi_N_0125.npy,28.030373,-11.2270355,-10.644323,-42.09376,1.0,8.927386e-18,1.5987927e-17,3.511375e-31,N,N
CF02_Gujarati_N_0052.npy,46.860706,-15.573356,-12.988611,-75.77684,1.0,7.677697e-28,1.01805404e-26,0.0,N,N
CF09_Hindi_N_0079.npy,20.082497,-15.5452175,-3.5880847,-26.6968,1.0,3.3657317e-16,5.2480374e-11,4.8306936e-21,N,N
CM30_English_N_0050.npy,28.319553,1.4569561,-6.9411564,-57.93005,1.0,2.1563664e-12,4.8581114e-16,3.4855654e-38,N,N
CF09_Hindi_N_0085.npy,20.87764,-13.755287,-5.4253993,-28.608932,1.0,9.101458e-16,3.773419e-12,3.2229585e-22,N,N
CF09_Hindi_N_0119.npy,44.21206,-30.874416,-10.754152,-61.566757,1.0,2.456743e-33,1.3442454e-24,0.0,N,N
CF14_Hindi_N_0103.npy,28.468254,-14.034367,-4.8246346,-43.164516,1.0,3.4781345e-19,3.476019e-15,7.7675615e-32,N,N
CM24_Gujarati_N_0015.npy,21.099644,-9.6791525,-4.7852325,-30.851273,1.0,4.2947535e-14,5.732461e-12,2.7415977e-23,N,N
CF04_Hindi_N_0074.npy,32.335278,-23.112566,-5.019549,-44.326004,1.0,8.30437e-25,5.984176e-17,5.0865904e-34,N,N
CF04_English_N_0050.npy,51.933716,-27.47417,-10.857192,-79.102585,1.0,3.2628322e-35,5.3734692e-28,0.0,N,N
CF09_Hindi_N_0159.npy,22.107536,-21.751606,-4.9167633,-25.390678,1.0,8.958113e-20,1.8344074e-12,2.353897e-21,N,N
CF02_English_N_0054.npy,32.642735,-19.832062,-8.151951,-46.840977,1.0,1.6236242e-23,1.9190807e-18,3.0245642e-35,N,N
CF04_Hindi_N_0030.npy,49.092056,-29.194004,-10.484591,-73.21879,1.0,1.0018384e-34,1.3371861e-26,0.0,N,N
CM27_Gujarati_N_0056.npy,11.884995,1.4950888,-5.394121,-22.878712,0.99996924,3.074025e-05,3.1315636e-08,7.985477e-16,N,N
CF04_Hindi_N_0079.npy,38.869827,-32.819016,-12.092266,-50.422543,1.0,7.3439744e-32,7.3696023e-23,1.662704e-39,N,N
CF09_English_N_0053.npy,26.3989,-6.6574364,-6.111232,-45.56206,1.0,4.403682e-15,7.603772e-15,5.5943804e-32,N,N
CF04_English_N_0066.npy,48.681213,-33.258106,-7.2921286,-68.73645,1.0,2.5954178e-36,4.9100517e-25,0.0,N,N
CM27_Gujarati_N_0030.npy,18.320625,-16.72113,-2.3941512,-21.72648,1.0,6.047263e-16,1.008525e-09,4.05288e-18,N,N
CM30_Gujarati_N_0065.npy,10.02569,-2.086906,-1.8720891,-17.224867,0.9999877,5.489855e-06,6.805416e-06,1.4629454e-12,N,N
CM05_English_N_0010.npy,21.668545,-9.415333,-4.758733,-32.690914,1.0,3.1655085e-14,3.3325723e-12,2.4659652e-24,N,N
CF20_Gujarati_N_0040.npy,39.59406,-37.141888,-9.764528,-48.08955,1.0,4.72065e-34,3.6630015e-22,8.307923e-39,N,N
CM30_English_N_0020.npy,23.030071,3.2969475,-4.5238705,-50.066902,1.0,2.6916167e-09,1.0801278e-12,1.7963437e-32,N,N
CF04_Hindi_N_0143.npy,36.22979,-22.400742,-11.234079,-52.371532,1.0,3.4441636e-26,2.4361521e-21,3.318458e-39,N,N
CF14_Hindi_N_0096.npy,20.348385,-14.691275,-5.9069924,-26.610634,1.0,6.0599643e-16,3.957626e-12,4.036057e-21,N,N
CM38_English_N_0118.npy,23.348438,-9.426443,-5.7319484,-34.881165,1.0,5.8351325e-15,2.3471906e-13,5.1428613e-26,N,N
CF14_Hindi_N_0014.npy,25.478525,-21.05206,-9.298973,-31.153778,1.0,6.194741e-21,7.8763545e-16,2.5404112e-25,N,N
CF02_English_N_0044.npy,22.957855,-17.613394,-3.2903855,-30.937384,1.0,2.399549e-18,3.9859656e-12,3.9227832e-24,N,N
CF04_Hindi_N_0033.npy,61.80233,-50.729504,-17.701344,-81.37497,1.0,0.0,2.964774e-35,0.0,N,N
CF09_Hindi_N_0142.npy,53.61205,-39.06895,-10.311999,-74.65899,1.0,5.6125e-41,1.7303664e-28,0.0,N,N
CM27_Gujarati_N_0060.npy,19.488834,-6.6295857,-3.1574786,-31.020977,1.0,4.5385223e-12,1.4616094e-10,1.1584242e-22,N,N
CM30_Gujarati_N_0061.npy,23.55159,-8.174269,-9.397819,-36.70008,1.0,1.6658451e-14,4.9006455e-15,6.8081924e-27,N,N
CF14_Gujarati_N_0040.npy,30.554932,-28.4001,-8.720221,-36.14289,1.0,2.4897445e-26,8.770357e-18,1.0801988e-29,N,N
CF09_Hindi_N_0055.npy,14.869977,-5.8216257,-5.934579,-22.145588,1.0,1.0321698e-09,9.2192626e-10,8.401267e-17,N,N
CM05_English_N_0020.npy,30.259624,-4.9623656,-5.175584,-54.850376,1.0,5.049922e-16,4.0802331e-16,1.0894226e-37,N,N
CF04_Hindi_N_0108.npy,63.249622,-58.440628,-16.125584,-80.36326,1.0,0.0,3.371212e-35,0.0,N,N
CF14_Hindi_N_0022.npy,20.006832,-12.887456,-4.3985667,-27.280437,1.0,5.1783643e-15,2.5169221e-11,2.906697e-21,N,N
CM27_Gujarati_N_0065.npy,23.472237,-5.1090593,-3.9881053,-41.33713,1.0,3.8663511e-13,1.1861096e-12,7.139165e-29,N,N
CF20_Gujarati_N_0036.npy,32.27974,-28.670362,-6.5539103,-41.046402,1.0,3.3861504e-27,1.3638313e-17,1.4284381e-32,N,N
CF20_Gujarati_N_0053.npy,22.336008,-21.921513,-0.9351445,-27.785192,1.0,6.014536e-20,7.824685e-11,1.7085952e-22,N,N
CF02_Gujarati_N_0044.npy,40.008064,-22.765417,-6.5517397,-60.617588,1.0,5.4679255e-28,6.0163693e-21,2e-44,N,N
CM35_English_N_0096.npy,53.40364,-31.079067,-14.176862,-75.63152,1.0,2.0399733e-37,4.468476e-30,0.0,N,N
CF14_Hindi_N_0140.npy,19.246056,-6.7830734,-3.6568823,-30.52269,1.0,4.962413e-12,1.130785e-10,2.430572e-22,N,N
CM03_English_N_0018.npy,13.72186,-1.8232653,-1.9184754,-24.813229,0.99999976,1.7735273e-07,1.612459e-07,1.8383321e-17,N,N
CM03_English_N_0107.npy,11.030287,2.6687484,-1.0651183,-25.053154,0.9997608,0.00023362877,5.5837786e-06,2.1333202e-16,N,N
CF02_English_N_0006.npy,11.988453,-8.653171,4.755611,-20.767044,0.9992781,1.0842833e-09,0.0007219432,5.9450397e-15,N,N
CF04_English_N_0104.npy,38.10123,-30.210886,-8.425594,-51.634823,1.0,2.1499278e-30,6.2180855e-21,1.066908e-39,N,N
CF04_Hindi_N_0027.npy,42.13667,-39.06526,-3.4317267,-53.514236,1.0,5.4256006e-36,1.6214233e-20,2.88e-42,N,N
CM30_English_N_0035.npy,29.029514,-5.6070313,-7.9305677,-50.837193,1.0,9.068569e-16,8.880551e-17,2.062196e-35,N,N
CM03_English_N_0080.npy,9.578728,-2.2009475,-2.9867122,-15.591962,0.9999889,7.658561e-06,3.49055e-06,1.1708573e-11,N,N
CF09_Hindi_N_0089.npy,63.439117,-43.232124,-16.183975,-89.300385,1.0,0.0,2.6310568e-35,0.0,N,N
CM16_Hindi_N_0078.npy,25.747305,-18.628088,2.7997637,-35.323124,1.0,5.345788e-20,1.0814585e-10,3.0022758e-27,N,N
CM05_Hindi_N_0118.npy,20.248907,-8.2462225,-6.2692633,-30.412928,1.0,4.2142751e-13,3.043024e-12,9.950497e-23,N,N
CF14_Gujarati_N_0070.npy,14.1682625,-9.57849,-3.3858898,-18.584785,1.0,4.8631304e-11,2.3786406e-08,5.9639226e-15,N,N
CF02_English_N_0104.npy,17.930908,-18.131607,-2.5048928,-20.112854,1.0,2.1789567e-16,1.3330442e-09,3.00472e-17,N,N
CM05_Hindi_N_0127.npy,14.222372,-7.6126575,-1.7688799,-20.150068,0.9999999,3.2897818e-10,1.13523946e-07,1.1809699e-15,N,N
CF04_Hindi_N_0124.npy,16.155891,-7.9290533,-6.014491,-23.603643,1.0,3.467696e-11,2.352474e-10,5.403219e-18,N,N
CM38_English_N_0103.npy,28.866777,-11.51346,-8.736347,-42.54695,1.0,2.9045955e-18,4.668417e-17,9.669689e-32,N,N
CM24_Gujarati_N_0041.npy,8.426401,-0.9229991,-0.8806581,-15.501131,0.9998222,8.7002096e-05,9.076497e-05,4.058145e-11,N,N
CM35_English_N_0033.npy,29.827011,-20.41867,-4.4697714,-41.90147,1.0,1.5086124e-22,1.2737853e-15,7.058538e-32,N,N
CM16_Hindi_N_0011.npy,31.923801,-14.870381,-8.187441,-47.137833,1.0,4.7593214e-21,3.8010885e-18,4.6128597e-35,N,N
CM35_English_N_0063.npy,28.758509,-9.689698,-8.451124,-46.396282,1.0,2.0051899e-17,6.919294e-17,2.2945009e-33,N,N
CM38_English_N_0098.npy,22.976183,-8.503736,-3.5236588,-36.576717,1.0,2.1303192e-14,3.0993097e-12,1.3693145e-26,N,N
CF14_Hindi_N_0113.npy,21.597454,-14.28763,-2.306954,-29.826658,1.0,2.6019873e-16,4.1538207e-11,4.6429352e-23,N,N
CM38_English_N_0085.npy,18.943583,-12.098434,-5.0113115,-25.68849,1.0,3.3008315e-14,3.9493107e-11,4.1355877e-20,N,N
CM05_English_N_0059.npy,32.715717,-17.693333,-12.009748,-46.56394,1.0,1.2812319e-22,3.7668454e-20,3.7092245e-35,N,N
CM30_English_N_0047.npy,15.081681,6.148931,-4.5354543,-36.32343,0.99986804,0.00013197704,3.0222391e-09,4.7313747e-23,N,N
CF04_Hindi_N_0101.npy,42.60847,-35.72487,-8.72587,-56.12618,1.0,9.55567e-35,5.078999e-23,1.32e-43,N,N
CF14_Hindi_N_0067.npy,23.565756,-12.628311,-4.0682583,-35.14739,1.0,1.9103616e-16,9.970114e-13,3.171073e-26,N,N
CF20_Gujarati_N_0072.npy,3.4572425,-0.5735363,-1.3685436,-5.7521772,0.9747721,0.017312432,0.007817913,9.756704e-05,N,N
CM35_English_N_0055.npy,45.495705,-20.539278,-18.292885,-66.085236,1.0,2.0959082e-29,1.981379e-28,0.0,N,N
CF14_Hindi_N_0110.npy,27.458881,-21.302135,-5.8383274,-36.462894,1.0,6.65824e-22,3.461028e-15,1.734305e-28,N,N
CF09_Hindi_N_0110.npy,47.890438,-25.690258,-8.475991,-72.25096,1.0,1.10741324e-32,3.3141427e-25,0.0,N,N
CF20_Gujarati_N_0018.npy,33.35171,-30.729301,-7.355489,-41.57164,1.0,1.4790112e-28,2.0945371e-18,2.8920137e-33,N,N
CF04_Hindi_N_0054.npy,35.71608,-20.565514,-5.135721,-53.153053,1.0,3.6075686e-25,1.8125463e-18,2.538786e-39,N,N
CF14_Gujarati_N_0036.npy,36.625916,-27.405102,-8.75217,-48.20108,1.0,1.5548226e-28,1.9613163e-20,1.4457853e-37,N,N
CF02_Gujarati_N_0037.npy,39.976685,-26.369822,-9.465024,-54.866554,1.0,1.5348974e-29,3.3708483e-22,6.459e-42,N,N
CM38_English_N_0031.npy,13.860344,-2.0349958,-1.7919953,-23.379528,0.99999976,1.249515e-07,1.5932189e-07,6.713191e-17,N,N
CF20_Gujarati_N_0060.npy,32.68168,-19.96056,-5.027481,-47.713676,1.0,1.3733027e-23,4.1987493e-17,1.2154604e-35,N,N
CM38_English_N_0063.npy,44.000813,-38.024654,-8.913468,-55.534397,1.0,2.3811805e-36,1.0462133e-23,5.9e-44,N,N
CM30_Gujarati_N_0050.npy,38.028923,-12.21495,-9.4008465,-62.554695,1.0,1.5113428e-22,2.5206467e-21,2.1e-44,N,N
CF14_Gujarati_N_0016.npy,26.476757,-20.039122,-8.389904,-34.108624,1.0,6.286536e-21,7.2044615e-16,4.8764473e-27,N,N
CM05_English_N_0045.npy,21.359322,-11.158722,-5.0803413,-30.408482,1.0,7.543852e-15,3.2915487e-12,3.2925224e-23,N,N
CF14_Hindi_N_0008.npy,22.706825,-13.576734,-2.458636,-31.967804,1.0,1.7468315e-16,1.1770078e-11,1.7993276e-24,N,N
CF20_Gujarati_N_0024.npy,34.914013,-30.031578,-10.124674,-43.922386,1.0,6.230026e-29,2.7538865e-20,5.778147e-35,N,N
CF09_Hindi_N_0155.npy,32.07445,-15.20746,-4.6939526,-49.920483,1.0,2.9223065e-21,1.0756869e-16,2.4550062e-36,N,N
CF14_Hindi_N_0101.npy,29.5583,-18.104725,-1.9807979,-44.9889,1.0,1.9962334e-21,2.0079063e-14,4.2127374e-33,N,N
CF14_English_N_0034.npy,16.202316,-4.9791827,-0.8306827,-27.258297,1.0,6.323997e-10,4.0055532e-08,1.3344291e-19,N,N
CM30_Gujarati_N_0051.npy,35.063217,0.15049954,-10.507603,-67.83894,1.0,6.8801855e-16,1.6175005e-20,1e-45,N,N
CM24_Gujarati_N_0055.npy,24.260752,-10.335618,-7.4782333,-35.8344,1.0,9.440329e-16,1.6441216e-14,7.961709e-27,N,N
CM38_English_N_0057.npy,15.641226,-0.82857287,-5.358253,-28.212841,0.9999999,7.034887e-08,7.5865086e-10,9.0037104e-20,N,N
CM24_Gujarati_N_0035.npy,18.429743,-2.155415,-4.9705358,-33.30647,1.0,1.1481001e-09,6.876831e-11,3.398192e-23,N,N
CF02_Gujarati_N_0003.npy,50.354767,-36.0179,-13.832186,-68.73459,1.0,3.081967e-38,1.3303365e-28,0.0,N,N
CM38_English_N_0025.npy,15.72154,-2.7036812,-0.9639699,-28.106556,1.0,9.954687e-09,5.669892e-08,9.240605e-20,N,N
CM05_Hindi_N_0050.npy,12.443732,-5.8109074,-1.0996203,-19.759842,0.9999987,1.1806213e-08,1.3127933e-06,1.0331526e-14,N,N
CM05_English_N_0022.npy,21.43505,0.19569726,-5.870135,-41.321102,1.0,5.968524e-10,1.3851906e-12,5.5635325e-28,N,N
CM05_Hindi_N_0052.npy,17.285213,-4.242423,-6.0174637,-27.815096,1.0,4.4736895e-10,7.581863e-11,2.5893078e-20,N,N
CM30_Gujarati_N_0031.npy,25.471252,-10.9930525,-7.6216106,-37.0796,1.0,1.4579854e-16,4.24572e-15,6.831395e-28,N,N
CF04_English_N_0003.npy,31.169607,-19.02253,-4.4587207,-46.01028,1.0,1.5915899e-22,3.3636782e-16,3.028318e-34,N,N
CM05_Hindi_N_0080.npy,31.638596,-18.077366,-9.883556,-44.645287,1.0,2.5623136e-22,9.271682e-19,7.4187533e-34,N,N
CF20_Gujarati_N_0047.npy,46.21707,-28.74619,-9.606113,-66.195206,1.0,2.778889e-33,5.705567e-25,0.0,N,N
CF04_Hindi_N_0070.npy,29.60086,-21.168451,-9.028069,-40.504883,1.0,8.936528e-23,1.6736676e-17,3.576535e-31,N,N
CF20_Gujarati_N_0046.npy,26.988201,-23.688166,-2.0311453,-35.571186,1.0,9.806922e-23,2.4949284e-13,6.7733473e-28,N,N
CF02_Gujarati_N_0032.npy,29.649391,-18.493618,-9.661647,-41.4436,1.0,1.2352555e-21,8.461215e-18,1.3326253e-31,N,N
CM38_English_N_0064.npy,32.11018,-18.45293,-8.9279,-45.610813,1.0,1.098298e-22,1.5044891e-18,1.7627942e-34,N,N
CM16_Hindi_N_0068.npy,26.633064,-28.694305,-4.811368,-30.571192,1.0,9.367606e-25,2.2072779e-14,1.4338644e-25,N,N
CM24_Gujarati_N_0022.npy,37.610683,-22.549496,-9.949244,-51.808784,1.0,7.4604694e-27,2.21302e-21,1.464267e-39,N,N
CF14_Hindi_N_0006.npy,24.116463,-14.950567,-1.555396,-34.755302,1.0,1.07995e-17,7.0933897e-12,2.7059343e-26,N,N
CF20_Gujarati_N_0037.npy,33.629066,-26.590261,-7.241182,-45.253983,1.0,7.0319754e-27,1.7794152e-18,5.514766e-35,N,N
CF09_Hindi_N_0059.npy,15.144804,-11.580149,-2.5782282,-19.409847,1.0,2.4745744e-12,2.0090235e-08,9.842524e-16,N,N
CM05_English_N_0098.npy,25.0706,-12.572662,-7.608305,-36.711422,1.0,4.484746e-17,6.4229073e-15,1.4737011e-27,N,N
CM05_Hindi_N_0065.npy,36.641758,-25.47931,-7.116447,-48.10297,1.0,1.0499374e-27,9.9095255e-20,1.5697563e-37,N,N
CF18_English_N_0004.npy,21.307854,-10.188264,-3.6022623,-33.247654,1.0,2.096092e-14,1.5194066e-11,2.0269548e-24,N,N
CF04_Hindi_N_0076.npy,54.78088,-51.22271,-14.174433,-68.617195,1.0,0.0,1.1300232e-30,0.0,N,N
CM35_English_N_0031.npy,38.407284,-22.714935,-14.6288395,-53.700504,1.0,2.8507395e-27,9.2619725e-24,9.9562e-41,N,N
CF20_Gujarati_N_0001.npy,12.111392,-13.873005,-2.3548167,-11.400585,0.9999995,5.1894244e-12,5.2168133e-07,6.1500326e-11,N,N
CM30_Gujarati_N_0059.npy,2.167304,8.19105,-1.9742,-18.05989,0.0024146487,0.997547,3.8390295e-05,3.9654716e-12,L,N
CF14_Hindi_N_0017.npy,19.19875,-8.397249,-2.73568,-29.313663,1.0,1.0356428e-12,2.978506e-10,8.537422e-22,N,N
CF09_Hindi_N_0048.npy,42.591957,-38.85421,-6.4928255,-53.357143,1.0,4.249904e-36,4.8167064e-22,2.137e-42,N,N
CF02_Gujarati_N_0070.npy,9.863876,-4.893842,-2.545763,-14.672313,0.9999956,3.8976438e-07,4.0790605e-06,2.208341e-11,N,N
CM38_English_N_0094.npy,21.239231,-1.6993823,-4.6668057,-38.58118,1.0,1.0911553e-10,5.612436e-12,1.0479133e-26,N,N
CF18_English_N_0029.npy,36.85991,-22.731693,-8.378607,-53.050922,1.0,1.3173341e-26,2.2550769e-20,8.95826e-40,N,N
CF02_English_N_0051.npy,22.444347,-18.040745,-1.4342489,-30.788452,1.0,2.6154587e-18,4.2624272e-11,7.608323e-24,N,N
CF09_Hindi_N_0100.npy,44.98488,-27.639048,-10.577881,-65.15189,1.0,2.8829058e-32,7.4028714e-25,0.0,N,N
CM24_Gujarati_N_0013.npy,39.553665,-24.245827,-11.697041,-53.58303,1.0,1.9598946e-28,5.522063e-23,3.5583e-41,N,N
CF02_Gujarati_N_0033.npy,28.482796,-20.079453,-3.995694,-40.050415,1.0,8.122385e-22,7.848225e-15,1.723474e-30,N,N
CM05_Hindi_N_0091.npy,31.275894,-17.764725,-8.620168,-44.594463,1.0,5.0341927e-22,4.7136887e-18,1.12181375e-33,N,N
CF14_Gujarati_N_0022.npy,17.229801,-11.849382,-4.645094,-23.176762,1.0,2.3500172e-13,3.161213e-10,2.829129e-18,N,N
CF09_English_N_0029.npy,34.894253,-28.807487,-7.8124294,-44.40948,1.0,2.1611539e-28,2.8361188e-19,3.620979e-35,N,N
CF14_Hindi_N_0058.npy,36.851273,-22.051666,-5.3139153,-53.775166,1.0,2.6228815e-26,4.874068e-19,4.37965e-40,N,N
CF02_English_N_0088.npy,29.08784,-13.699236,-3.5412934,-45.81214,1.0,2.6170343e-19,6.750692e-15,2.9604151e-33,N,N
CF04_Hindi_N_0128.npy,29.187752,-22.883867,-3.0991752,-39.860424,1.0,2.4298754e-23,9.5053055e-15,1.02981665e-30,N,N
CM16_Hindi_N_0035.npy,24.73788,-19.2937,0.93485194,-34.443188,1.0,7.5392576e-20,4.5970186e-11,1.9860425e-26,N,N
CF14_English_N_0007.npy,4.7975955,-10.5847645,3.599713,-4.3946614,0.7680877,1.6030111e-07,0.23183395,7.821037e-05,N,N
CF02_Gujarati_N_0031.npy,24.352753,-8.128502,-8.656436,-38.965523,1.0,7.8265506e-15,4.616269e-15,3.171191e-28,N,N
CF14_English_N_0002.npy,22.458359,-10.771433,0.613875,-36.288628,1.0,3.70242e-15,3.2588246e-10,3.065547e-26,N,N
CM05_English_N_0099.npy,17.40156,-3.2022173,-5.317258,-29.567728,1.0,1.1269207e-09,1.3593848e-10,3.9948223e-21,N,N
CF14_Gujarati_N_0054.npy,30.359854,-21.04982,-9.184988,-40.47914,1.0,4.7104412e-23,6.697203e-18,1.7179661e-31,N,N
CM03_English_N_0091.npy,25.607876,-11.170597,-5.745803,-38.154945,1.0,1.0649082e-16,2.4169628e-14,2.0330993e-28,N,N
CF09_Hindi_N_0103.npy,52.01104,-39.46829,-12.443274,-71.20928,1.0,1.86653e-40,1.0182316e-28,0.0,N,N
CF04_Hindi_N_0046.npy,52.689003,-43.341106,-8.920599,-69.96786,1.0,1.97e-42,1.7510116e-27,0.0,N,N
CM03_English_N_0005.npy,12.175774,-1.7565814,-1.0588777,-21.809309,0.9999974,8.897213e-07,1.7875686e-06,1.7396591e-15,N,N
CF14_Gujarati_N_0048.npy,30.255146,-25.119862,-7.6647162,-39.297405,1.0,8.931815e-25,3.4010553e-17,6.21886e-31,N,N
CM38_English_N_0134.npy,38.148724,-6.6442223,-9.311612,-67.12529,1.0,3.5210387e-20,2.4447727e-21,0.0,N,N
CF02_Gujarati_N_0004.npy,28.933882,-17.921951,-6.91869,-40.948658,1.0,4.474757e-21,2.687975e-16,4.4709457e-31,N,N
CF09_Hindi_N_0101.npy,39.845734,-28.960686,-8.25176,-55.146008,1.0,1.31145005e-30,1.2927797e-21,5.567e-42,N,N
CM05_Hindi_N_0042.npy,11.844208,-3.958587,0.29070276,-19.24262,0.9999902,1.3706588e-07,9.602235e-06,3.156151e-14,N,N
CF14_Gujarati_N_0050.npy,28.370888,-28.6954,-0.94694084,-34.2983,1.0,1.6459856e-25,1.8510946e-13,6.0689957e-28,N,N
CF09_English_N_0003.npy,22.231434,-17.027416,-4.434395,-29.678608,1.0,8.914521e-18,2.6252928e-12,2.8559807e-23,N,N
CM38_English_N_0133.npy,38.94005,-33.558945,-9.6571865,-48.300625,1.0,3.2665357e-32,7.84311e-22,1.293765e-38,N,N
CM03_English_N_0063.npy,16.40227,-12.022783,-3.3455482,-21.841291,1.0,4.520188e-13,2.652355e-09,2.4605523e-17,N,N
CM16_Hindi_N_0017.npy,26.875475,-18.350021,-5.9982567,-36.672947,1.0,2.2846376e-20,5.2859e-15,2.519244e-28,N,N
CM38_English_N_0135.npy,28.631115,-20.036386,-6.373683,-37.28492,1.0,7.310917e-22,6.274932e-16,2.3606496e-29,N,N
CM30_English_N_0011.npy,16.562622,1.7802916,-6.2216253,-32.324665,0.99999964,3.8029032e-07,1.2732876e-10,5.8684153e-22,N,N
CF14_Hindi_N_0034.npy,32.47825,-11.054297,-3.6585288,-55.40463,1.0,1.2418098e-19,2.023008e-16,6.806956e-39,N,N
CF20_Gujarati_N_0002.npy,10.528965,-10.87203,-1.0090014,-11.516592,0.9999902,5.0776366e-10,9.752601e-06,2.6652133e-10,N,N
CF14_Hindi_N_0137.npy,20.266306,-13.150161,-3.5730002,-28.44751,1.0,3.0719441e-15,4.4332378e-11,6.980065e-22,N,N
CF02_English_N_0097.npy,37.886276,-25.950893,-8.222681,-53.026684,1.0,1.887424e-28,9.443546e-21,3.28853e-40,N,N
CM38_English_N_0125.npy,21.577585,-7.3379555,-6.7540655,-33.567413,1.0,2.7678353e-13,4.962732e-13,1.1241707e-24,N,N
CM30_Gujarati_N_0049.npy,31.073917,-1.7606533,-9.588572,-57.575993,1.0,5.497011e-15,2.190305e-18,3.161064e-39,N,N
CM35_English_N_0106.npy,30.640526,-21.803919,-8.084734,-40.709717,1.0,1.6736626e-23,1.519967e-17,1.0303467e-31,N,N
CF14_Gujarati_N_0042.npy,37.76101,-21.692142,-3.3366764,-56.024654,1.0,1.512949e-26,1.4174293e-18,1.8595e-41,N,N
CF14_Hindi_N_0039.npy,24.80973,-14.267509,-4.051593,-36.87529,1.0,1.0689817e-17,2.9220395e-13,1.623813e-27,N,N
CM24_Gujarati_N_0037.npy,24.693249,-1.2687024,-4.6757507,-46.25536,1.0,5.3072343e-12,1.758756e-13,1.5396105e-31,N,N
CF09_Hindi_N_0171.npy,25.557318,-17.804478,-7.1615667,-34.484417,1.0,1.4730325e-19,6.1711975e-15,8.398597e-27,N,N
CF02_Gujarati_N_0001.npy,39.183167,-23.089478,-9.315868,-57.34287,1.0,9.022654e-28,8.652404e-22,1.201e-42,N,N
CF14_Hindi_N_0013.npy,25.597101,-16.771545,-6.6473947,-34.009853,1.0,3.9767783e-19,9.917303e-15,1.297262e-26,N,N
CF02_English_N_0072.npy,34.717697,-16.844215,-3.5667346,-54.11148,1.0,4.045255e-23,2.3620152e-17,2.642276e-39,N,N
CF09_Hindi_N_0133.npy,45.88285,-30.762627,-3.5524948,-66.88849,1.0,5.167639e-34,3.3923652e-22,0.0,N,N
CM16_Hindi_N_0037.npy,23.017574,-23.592522,-6.229063,-25.165237,1.0,5.721271e-21,1.9876815e-13,1.1870547e-21,N,N
CF04_Hindi_N_0077.npy,52.141693,-40.934982,-8.131125,-71.88276,1.0,3.7785e-41,6.6657206e-27,0.0,N,N
CF14_Hindi_N_0031.npy,30.534275,-21.017359,-4.88399,-41.568073,1.0,4.0870416e-23,4.1499455e-16,4.856775e-32,N,N
CF02_English_N_0007.npy,20.957752,-12.856544,-0.8040715,-31.726475,1.0,2.063657e-15,3.539648e-10,1.3168337e-23,N,N
CM05_Hindi_N_0122.npy,22.144287,-15.142609,-7.406043,-29.224377,1.0,6.4048204e-17,1.4670817e-13,4.9076406e-23,N,N
CF14_English_N_0043.npy,11.510792,-12.570194,1.0440106,-12.770367,0.9999715,3.4813544e-11,2.8465716e-05,2.8498008e-11,N,N
CM38_English_N_0112.npy,31.1645,-18.859234,-10.258991,-42.08467,1.0,1.8835099e-22,1.0233067e-18,1.5427316e-32,N,N
CF14_English_N_0003.npy,17.619907,-10.428541,-2.6992495,-25.747154,1.0,6.587393e-13,1.4979675e-09,1.465293e-19,N,N
CM16_Hindi_N_0009.npy,23.342735,-23.925457,-4.8961673,-25.96022,1.0,2.9626815e-21,5.44503e-13,3.8725624e-22,N,N
CM05_English_N_0067.npy,25.761435,-3.1644692,-7.412512,-45.32077,1.0,2.7393013e-13,3.9150574e-15,1.3470692e-31,N,N
CF20_Gujarati_N_0066.npy,30.674606,-24.898464,-9.154697,-39.121555,1.0,7.326931e-25,5.0391024e-18,4.8743176e-31,N,N
CF04_Hindi_N_0022.npy,52.802982,-40.114784,-16.347294,-71.856186,1.0,4.4292e-41,9.298581e-31,0.0,N,N
CF14_Hindi_N_0105.npy,36.34891,-19.24924,-2.8236818,-57.014683,1.0,7.145446e-25,9.717608e-18,2.836e-41,N,N
CM30_Gujarati_N_0043.npy,21.110443,-1.7992574,-6.219007,-38.123142,1.0,1.12316496e-10,1.3519804e-12,1.8844332e-26,N,N
CM03_English_N_0072.npy,17.381184,-19.214844,-5.5850224,-17.15967,1.0,1.2780483e-16,1.0614601e-10,9.979232e-16,N,N
CM35_English_N_0087.npy,42.35308,-25.552597,-12.774748,-59.81638,1.0,3.2280395e-30,1.1436349e-24,4e-45,N,N
CM30_English_N_0056.npy,24.031933,4.4523993,-8.390906,-51.37344,1.0,3.138463e-09,8.29735e-15,1.7859232e-33,N,N
CF14_Gujarati_N_0046.npy,34.31415,-27.864994,-2.7040002,-46.08392,1.0,9.906953e-28,8.379567e-17,1.2121638e-35,N,N
CM27_Gujarati_N_0010.npy,27.42812,-14.663712,-6.087885,-39.373135,1.0,5.245054e-19,2.7808869e-15,9.740559e-30,N,N
CM27_Gujarati_N_0059.npy,21.20996,-9.442104,-9.197198,-32.00966,1.0,4.8750287e-14,6.227864e-14,7.709262e-24,N,N
CF09_Hindi_N_0148.npy,21.908298,-16.35529,-5.0454683,-28.577366,1.0,2.4117645e-17,1.9684675e-12,1.1867372e-22,N,N
CF04_English_N_0010.npy,29.52563,-29.595434,-7.2026668,-35.0327,1.0,2.1088634e-26,1.1197028e-16,9.176386e-29,N,N
CF04_Hindi_N_0057.npy,22.025951,-10.116006,-2.9937966,-34.36356,1.0,1.0988179e-14,1.3616366e-11,3.2385193e-25,N,N
CF18_English_N_0053.npy,40.322086,-15.032131,-9.4968815,-64.720726,1.0,9.119453e-25,2.3115132e-22,0.0,N,N
CF04_Hindi_N_0136.npy,36.16626,-27.38264,-11.762127,-49.1676,1.0,2.518043e-28,1.5309681e-21,8.709124e-38,N,N
CM05_Hindi_N_0026.npy,32.51666,-20.074997,-9.883727,-44.847225,1.0,1.4445551e-23,3.8525296e-19,2.5193707e-34,N,N
CF04_English_N_0080.npy,54.152374,-41.003143,-12.848219,-73.48501,1.0,4.727e-42,7.980154e-30,0.0,N,N
CF09_Hindi_N_0093.npy,34.35792,-22.92771,-7.795627,-47.0058,1.0,1.3218049e-25,4.931127e-19,4.6151283e-36,N,N
CF09_Hindi_N_0081.npy,23.139345,-20.581682,-5.3112707,-28.245068,1.0,1.0284876e-19,4.406106e-13,4.830947e-23,N,N
CF02_English_N_0031.npy,22.821026,-13.991074,-0.862606,-33.3991,1.0,1.02969435e-16,5.1799953e-11,3.8362688e-25,N,N
CF14_Gujarati_N_0064.npy,8.161368,-2.5152268,2.6374333,-16.375347,0.99600273,2.2986558e-05,0.0039741653,2.1983658e-11,N,N
CF09_English_N_0017.npy,25.39571,-11.056908,-6.2939467,-38.953857,1.0,1.4751265e-16,1.727256e-14,1.1306798e-28,N,N
CF14_Gujarati_N_0001.npy,37.58745,-26.368189,-5.312318,-51.476856,1.0,1.6765658e-28,2.3381307e-19,2.088651e-39,N,N
CM30_Gujarati_N_0006.npy,29.479446,-11.218083,-7.157258,-47.134724,1.0,2.11489e-18,1.2271054e-16,5.3320024e-34,N,N
CF09_Hindi_N_0044.npy,43.681194,-32.558983,-13.23325,-59.322613,1.0,7.75021e-34,1.915892e-25,1e-45,N,N
CM05_English_N_0034.npy,17.249115,6.1308317,-6.4820213,-39.856876,0.9999852,1.4838312e-05,4.9396032e-11,1.5818914e-25,N,N
CF02_English_N_0028.npy,28.21701,-24.857227,-5.5200834,-35.76575,1.0,8.915617e-24,2.2292863e-15,1.6316979e-28,N,N
CF18_English_N_0033.npy,34.151405,-21.897976,-6.9655256,-49.352737,1.0,4.5505407e-25,1.3904115e-18,5.427647e-37,N,N
CF14_Gujarati_N_0061.npy,26.481405,-19.901022,-6.8487034,-35.58189,1.0,7.184025e-21,3.3490198e-15,1.1123824e-27,N,N
CM35_English_N_0103.npy,45.12019,-19.887804,-15.465311,-66.661415,1.0,5.853104e-29,4.875852e-27,0.0,N,N
CF09_English_N_0049.npy,43.729202,-24.576048,-8.648789,-65.061104,1.0,2.164741e-30,1.7886596e-23,0.0,N,N
CF14_Hindi_N_0064.npy,30.054338,-15.362692,-7.370869,-43.377323,1.0,1.8864024e-20,5.577483e-17,1.2853865e-32,N,N
CM30_Gujarati_N_0053.npy,24.778622,1.1664476,-7.2536116,-47.973255,1.0,5.5636874e-11,1.2262456e-14,2.5366548e-32,N,N
CM38_English_N_0033.npy,39.470863,-16.048334,-7.981571,-61.08704,1.0,7.7324964e-25,2.4641638e-21,2.1e-44,N,N
CF20_Gujarati_N_0008.npy,20.003378,-10.923865,-6.2582774,-29.089624,1.0,3.7022804e-14,3.932854e-12,4.7772725e-22,N,N
CF09_Hindi_N_0026.npy,33.087734,-17.479708,-8.822224,-49.16392,1.0,1.0935489e-22,6.2912447e-19,1.8991525e-36,N,N
CF09_English_N_0048.npy,41.80655,-32.13063,-5.74174,-56.562145,1.0,7.753377e-33,2.2389269e-21,1.9e-43,N,N
CM38_English_N_0091.npy,31.408424,-5.469352,-8.702478,-53.326717,1.0,9.642395e-17,3.8023938e-18,1.5848829e-37,N,N
CM35_English_N_0035.npy,16.96103,-7.9796295,-2.7157853,-24.182297,1.0,1.4737017e-11,2.8475269e-09,1.3541932e-18,N,N
CF14_Hindi_N_0138.npy,18.822954,-13.976749,-1.810014,-25.720846,1.0,5.6920525e-15,1.0944992e-09,4.5172414e-20,N,N
CF20_Gujarati_N_0003.npy,10.699319,0.81847614,3.6689844,-27.006828,0.9990651,5.109732e-05,0.0008838088,4.2074846e-17,N,N
CM38_English_N_0007.npy,22.796055,-11.699145,-2.7687757,-33.310883,1.0,1.0445387e-15,7.89469e-12,4.2960236e-25,N,N
CF14_Hindi_N_0087.npy,25.009674,-8.084456,-4.7793264,-40.584854,1.0,4.240346e-15,1.1555827e-13,3.2558047e-29,N,N
CM38_English_N_0117.npy,50.31438,-18.923454,-12.762453,-78.39519,1.0,8.519002e-31,4.0371823e-28,0.0,N,N
CM05_Hindi_N_0101.npy,17.704271,-2.7898223,-7.0314493,-29.457836,1.0,1.2575595e-09,1.808892e-11,3.294247e-21,N,N
CF18_English_N_0034.npy,26.40007,-20.896957,-5.768974,-34.66396,1.0,2.8784714e-21,1.0694525e-14,3.0215433e-27,N,N
CF09_Hindi_N_0084.npy,25.819595,-17.446817,-7.1314745,-34.6232,1.0,1.6204533e-19,4.8925203e-15,5.6237724e-27,N,N
CM05_Hindi_N_0070.npy,12.454972,3.7160456,-5.4984484,-26.7459,0.9998398,0.00016020007,1.5953608e-08,9.445147e-18,N,N
CF14_English_N_0040.npy,16.435532,-0.57550085,-0.8003929,-32.209984,1.0,4.0945164e-08,3.2698917e-08,7.473449e-22,N,N
CF09_Hindi_N_0010.npy,52.398285,-35.073437,-14.328376,-73.892136,1.0,1.0268625e-38,1.0494918e-29,0.0,N,N
CF09_Hindi_N_0072.npy,19.375826,-5.137821,-2.0789945,-33.09869,1.0,2.258699e-11,4.811603e-10,1.6240764e-23,N,N
CM05_English_N_0033.npy,25.285997,-5.9373784,-5.5318604,-42.10524,1.0,2.7533434e-14,4.130232e-14,5.3995598e-30,N,N
CF09_Hindi_N_0069.npy,23.07242,-24.137846,-4.911561,-25.750456,1.0,3.139366e-21,7.026046e-13,6.2588477e-22,N,N
CF09_Hindi_N_0091.npy,28.856983,-23.470547,-4.1736326,-36.596424,1.0,1.8812327e-23,4.5184075e-15,3.749267e-29,N,N
CM05_English_N_0035.npy,16.884596,0.23764129,-4.662691,-32.30037,1.0,5.8927647e-08,4.386642e-10,4.3575283e-22,N,N
CM05_Hindi_N_0023.npy,24.226015,-6.247482,-7.794473,-40.918194,1.0,5.8281166e-14,1.24073335e-14,5.107739e-29,N,N
CM05_Hindi_N_0084.npy,20.856134,-1.102952,-5.0292764,-39.085888,1.0,2.9059594e-10,5.7294e-12,9.279181e-27,N,N
CM35_English_N_0002.npy,32.387505,-15.522194,-9.696853,-47.030094,1.0,1.5598481e-21,5.2843973e-19,3.2312715e-35,N,N
CF04_Hindi_N_0047.npy,44.322174,-16.410969,-6.814866,-73.529335,1.0,4.2065996e-27,6.1867994e-23,0.0,N,N
CF09_Hindi_N_0173.npy,42.3547,-32.01843,-9.489647,-57.585735,1.0,5.0137538e-33,3.0499098e-23,3.9e-44,N,N
CF09_English_N_0050.npy,40.92994,-26.209412,-11.469162,-58.09455,1.0,6.946249e-30,1.7512957e-23,9.8e-44,N,N
CM35_English_N_0025.npy,26.024334,-12.204328,-7.053131,-38.501717,1.0,2.4974895e-17,4.31161e-15,9.4775037e-29,N,N
CM30_English_N_0046.npy,26.84786,1.0468047,-5.6658077,-54.575207,1.0,6.2336703e-12,7.576932e-15,4.3492272e-36,N,N
CF09_Hindi_N_0112.npy,36.754528,-27.186848,-9.093434,-48.910843,1.0,1.7006438e-28,1.2259799e-20,6.251734e-38,N,N
CF14_English_N_0025.npy,12.309595,-12.5415125,-3.0806324,-12.61011,0.99999976,1.6117607e-11,2.0706615e-07,1.5049073e-11,N,N
CF02_Gujarati_N_0018.npy,36.977978,-28.04996,-6.9642735,-49.055958,1.0,5.7375307e-29,8.2436956e-20,4.3245063e-38,N,N
CF14_Hindi_N_0046.npy,24.058624,-22.2812,-7.9531336,-27.197708,1.0,7.496695e-21,1.2516146e-14,5.491079e-23,N,N
CF09_Hindi_N_0020.npy,43.465607,-26.648563,-14.051983,-61.44127,1.0,3.546537e-31,1.0481616e-25,0.0,N,N
CM16_Hindi_N_0074.npy,22.765783,-18.893631,-3.2158833,-28.46514,1.0,8.082495e-19,5.2036205e-12,5.6323937e-23,N,N
CM30_Gujarati_N_0025.npy,20.48612,2.9057124,-6.5414658,-40.419617,1.0,2.3169987e-08,1.8283888e-12,3.539759e-27,N,N
CM38_English_N_0050.npy,24.413364,-9.573137,-5.5719357,-36.826244,1.0,1.7371968e-15,9.496195e-14,2.5349876e-27,N,N
CF14_Gujarati_N_0028.npy,37.841713,-22.683445,-8.471309,-54.017254,1.0,5.179143e-27,7.700339e-21,1.2769e-40,N,N
CF14_Hindi_N_0060.npy,34.10428,-32.055405,-3.9363925,-43.091953,1.0,1.8501828e-29,3.014019e-17,2.9792307e-34,N,N
CM16_Hindi_N_0041.npy,24.958746,-23.706299,-2.034692,-30.81533,1.0,7.3288995e-22,1.8919016e-12,5.992741e-25,N,N
CF02_English_N_0083.npy,30.608265,-17.738457,-8.651982,-43.710686,1.0,1.007594e-21,8.902084e-18,5.292833e-33,N,N
CM35_English_N_0043.npy,35.609695,-13.830338,-7.2352457,-55.405407,1.0,3.376498e-22,2.4698975e-19,2.96921e-40,N,N
CF09_Hindi_N_0003.npy,56.773346,-38.658348,-7.2465115,-81.14957,1.0,3.586e-42,1.5722746e-28,0.0,N,N
CM03_English_N_0038.npy,13.185843,-6.152795,2.872059,-22.20583,0.99996686,3.9932058e-09,3.317156e-05,4.261641e-16,N,N
CM30_Gujarati_N_0069.npy,26.628658,-3.3581233,-7.569834,-46.899887,1.0,9.482133e-14,1.4053444e-15,1.1666936e-32,N,N
CF04_Hindi_N_0002.npy,62.039684,-42.79596,-14.8299675,-87.934654,1.0,0.0,4.1298514e-34,0.0,N,N
CM05_English_N_0065.npy,24.4833,-4.244128,-8.750484,-42.749317,1.0,3.3406917e-13,3.687662e-15,6.327673e-30,N,N
CF04_Hindi_N_0013.npy,48.69516,-31.732742,-12.876362,-70.044556,1.0,1.17653776e-35,1.8189798e-27,0.0,N,N
CF02_English_N_0093.npy,31.581615,-16.575157,-4.9427876,-47.702965,1.0,1.2183706e-21,1.3729462e-16,3.6910164e-35,N,N
CM38_English_N_0123.npy,23.036572,-21.956793,-4.9649916,-27.008242,1.0,2.8815822e-20,6.9035944e-13,1.8442211e-22,N,N
CF02_Gujarati_N_0053.npy,35.035645,-21.563793,-5.9543757,-50.303288,1.0,2.6252852e-25,1.5785566e-18,8.665116e-38,N,N
CM05_Hindi_N_0069.npy,22.450092,-6.571027,-9.72827,-35.723232,1.0,2.4905113e-13,1.0595363e-14,5.440592e-26,N,N
CM05_Hindi_N_0041.npy,26.481947,-4.1791487,-6.9892826,-44.808357,1.0,4.8312086e-14,2.9082364e-15,1.0939903e-31,N,N
CM05_Hindi_N_0028.npy,32.179718,-11.507951,-9.232483,-51.573036,1.0,1.06337616e-19,1.0349269e-18,4.2329294e-37,N,N
CM30_Gujarati_N_0038.npy,16.703049,8.46082,-8.382011,-42.42193,0.9997367,0.00026322753,1.2752122e-11,2.100073e-26,N,N
CF09_Hindi_N_0052.npy,54.36462,-36.244965,-15.806785,-77.429054,1.0,4.45406e-40,3.3492484e-31,0.0,N,N
CF04_Hindi_N_0137.npy,25.139004,-23.983229,-9.0713215,-29.086143,1.0,4.639662e-22,1.3888127e-15,2.8204458e-24,N,N
CF02_Gujarati_N_0030.npy,28.793297,-19.022945,-4.5100665,-41.12989,1.0,1.7126548e-21,3.4397976e-15,4.2928494e-31,N,N
CF04_English_N_0044.npy,43.014763,-30.997568,-12.440376,-59.423073,1.0,7.192069e-33,8.2440205e-25,3e-45,N,N
CF14_English_N_0015.npy,11.154938,-9.016845,8.244222,-22.068974,0.9483737,1.6462101e-09,0.05162637,3.5319792e-15,N,N
CF09_English_N_0034.npy,29.99163,-16.650589,-6.9441705,-44.812702,1.0,5.540404e-21,9.098814e-17,3.2575373e-33,N,N
CM35_English_N_0050.npy,20.129011,-12.189112,-5.5211625,-27.754353,1.0,9.21335e-15,7.2488873e-12,1.6014751e-21,N,N
CM38_English_N_0104.npy,29.516842,-16.174904,-7.8603,-42.310455,1.0,1.4332665e-20,5.852113e-17,6.394396e-32,N,N
CF02_English_N_0005.npy,19.11771,-3.4309485,-0.13102691,-35.332634,1.0,1.6115438e-10,4.3689754e-09,2.2517285e-24,N,N
CF04_Hindi_N_0088.npy,51.807983,-42.352676,-9.4357605,-68.85258,1.0,1.278e-41,2.5245267e-27,0.0,N,N
CM30_English_N_0002.npy,24.506668,-1.724817,-6.6976814,-44.435795,1.0,4.0533176e-12,2.8062295e-14,1.144644e-30,N,N
CF02_Gujarati_N_0054.npy,42.872604,-37.13813,-3.5750978,-54.248898,1.0,1.7855807e-35,6.730076e-21,6.61e-43,N,N
CM30_Gujarati_N_0072.npy,16.731863,-2.8798783,-3.938165,-28.146145,1.0,3.0389857e-09,1.0546797e-09,3.2339227e-20,N,N
CM05_Hindi_N_0035.npy,21.457895,3.1030517,-6.7696323,-43.944324,1.0,1.0680533e-08,5.5073226e-13,3.946172e-29,N,N
CF09_English_N_0021.npy,45.30348,-32.393528,-10.015955,-62.421856,1.0,1.8055892e-34,9.44223e-25,0.0,N,N
CM03_English_N_0098.npy,7.50197,-6.1120358,-0.3726474,-8.662219,0.99961853,1.2227753e-06,0.0003801295,9.5458915e-08,N,N
CM05_Hindi_N_0006.npy,11.903824,6.6034913,-6.0955234,-29.91975,0.9950348,0.004965158,1.5164249e-08,6.8248144e-19,N,N
CF02_English_N_0089.npy,31.196867,-23.649517,-8.852341,-41.56558,1.0,1.5153706e-24,4.0443553e-18,2.5099917e-32,N,N
CM05_English_N_0044.npy,23.932919,-5.3407664,-7.984836,-38.73403,1.0,1.934639e-13,1.3749759e-14,6.082601e-28,N,N
CM24_Gujarati_N_0061.npy,12.709169,5.215531,-2.6078832,-31.20813,0.9994435,0.00055630424,2.226623e-07,8.447308e-20,N,N
CM05_English_N_0082.npy,23.719748,-5.8801484,-5.457373,-39.702835,1.0,1.3961392e-13,2.1307756e-13,2.8570742e-28,N,N
CF04_English_N_0035.npy,41.983444,-29.861454,-8.300923,-57.962917,1.0,6.2828804e-32,1.4513664e-22,3.9e-44,N,N
CM05_English_N_0089.npy,23.44598,-1.4832515,-7.2562456,-41.715664,1.0,1.4906382e-11,4.6365313e-14,5.0194667e-29,N,N
CM27_Gujarati_N_0035.npy,28.912663,-13.81542,-9.949051,-40.875084,1.0,2.7760696e-19,1.3260879e-17,4.915471e-31,N,N
CM35_English_N_0042.npy,15.914196,-11.902917,-5.503354,-19.546053,1.0,8.3019816e-13,4.994323e-10,3.979319e-16,N,N
CM05_Hindi_N_0115.npy,23.586514,-5.7303414,-7.552681,-38.84991,1.0,1.8528996e-13,2.9951576e-14,7.6595895e-28,N,N
CF20_Gujarati_N_0052.npy,27.543327,-18.856127,-8.072817,-38.128876,1.0,7.062752e-21,3.4049126e-16,3.012483e-29,N,N
CM38_English_N_0119.npy,33.943054,-8.372713,-5.106011,-57.850983,1.0,4.192727e-19,1.099529e-17,1.36257e-40,N,N
CF02_English_N_0023.npy,26.784184,-12.509326,-3.9355862,-41.46922,1.0,8.610834e-18,4.55589e-14,2.2799422e-30,N,N
CM35_English_N_0100.npy,27.285797,-6.19703,-3.9182496,-46.307377,1.0,2.8747053e-15,2.8070807e-14,1.0936851e-32,N,N
CF20_Gujarati_N_0035.npy,37.050045,-30.32595,-8.382877,-48.6781,1.0,5.4824985e-30,1.8566605e-20,5.8713475e-38,N,N
CF04_Hindi_N_0015.npy,54.12152,-39.42229,-9.012916,-75.81128,1.0,2.3683e-41,3.8112037e-28,0.0,N,N
CM38_English_N_0137.npy,23.466938,-16.532852,-6.0833693,-31.242514,1.0,4.249246e-18,1.4671151e-13,1.7377523e-24,N,N
CF04_English_N_0067.npy,41.141327,-30.723524,-7.6657953,-56.585297,1.0,6.158727e-32,6.3582345e-22,3.62e-43,N,N
CF14_Hindi_N_0082.npy,27.376156,-21.746103,-0.5294712,-37.73738,1.0,4.6395204e-22,7.598721e-13,5.2668214e-29,N,N
CF09_Hindi_N_0124.npy,40.807144,-26.25651,-9.5756855,-58.251625,1.0,7.492487e-30,1.315273e-22,9.5e-44,N,N
CM05_Hindi_N_0077.npy,42.47659,-28.116646,-13.0636425,-56.92196,1.0,2.1965913e-31,7.571548e-25,6.7e-44,N,N
CM05_Hindi_N_0073.npy,25.911978,-13.668926,-8.205141,-36.60755,1.0,6.4600014e-18,1.5244864e-15,7.0487577e-28,N,N
CM27_Gujarati_N_0008.npy,17.773708,-13.950262,-4.156708,-21.291698,1.0,1.6689937e-14,2.990483e-10,1.0817064e-17,N,N
CF02_English_N_0103.npy,27.15954,-16.412264,-2.6609688,-40.6389,1.0,1.1940045e-19,1.1197408e-13,3.5934535e-30,N,N
CF14_English_N_0044.npy,26.236029,-12.556347,0.11785908,-43.02348,1.0,1.4213013e-17,4.5396564e-12,8.336401e-31,N,N
CM03_English_N_0042.npy,22.514887,-10.555081,-2.7586892,-34.278877,1.0,4.3440504e-15,1.056392e-11,2.1616357e-25,N,N
CF18_English_N_0030.npy,34.05195,-20.041183,-9.474355,-49.01822,1.0,3.2184835e-24,1.2495887e-19,8.376925e-37,N,N
CF04_Hindi_N_0069.npy,18.720518,-5.8117003,-2.4099135,-31.87883,1.0,2.2171378e-11,6.655335e-10,1.0592086e-22,N,N
CM05_Hindi_N_0015.npy,24.705,-1.7166319,-6.190562,-47.71922,1.0,3.3514404e-12,3.8214508e-14,3.5201577e-32,N,N
CM38_English_N_0077.npy,30.672035,-19.929974,-6.2084317,-42.212894,1.0,1.05639614e-22,9.616498e-17,2.2206267e-32,N,N
CM05_English_N_0041.npy,23.688732,-14.699581,-7.755448,-33.16154,1.0,2.1289594e-17,2.2078337e-14,2.042867e-25,N,N
CF02_Gujarati_N_0034.npy,38.70665,-19.461052,-11.391993,-57.305477,1.0,5.47127e-26,1.7475793e-22,2.007e-42,N,N
CM30_English_N_0055.npy,30.00997,-5.0254908,-10.094634,-53.499096,1.0,6.0854463e-16,3.826417e-18,5.4010034e-37,N,N
CF20_Gujarati_N_0050.npy,32.6662,-30.67794,-8.244293,-40.349827,1.0,3.090224e-28,1.7092245e-18,1.9478015e-32,N,N
CF02_English_N_0009.npy,11.188774,-5.8092947,7.3733253,-23.260124,0.9784469,4.0585356e-08,0.02155306,1.070461e-15,N,N
CF04_English_N_0036.npy,48.765366,-28.652092,-10.348309,-72.02161,1.0,2.3879509e-34,2.1245038e-26,0.0,N,N
CM38_English_N_0002.npy,30.196997,-19.31459,-9.790919,-42.592754,1.0,3.1433308e-22,4.300007e-18,2.4423819e-32,N,N
CF04_English_N_0046.npy,32.295525,-28.025106,-0.35286802,-43.159508,1.0,6.3545084e-27,6.621915e-15,1.6994008e-33,N,N
CF04_English_N_0065.npy,27.074825,-19.070408,-5.7074594,-37.63417,1.0,9.107095e-21,5.7920863e-15,7.892935e-29,N,N
CF14_Gujarati_N_0072.npy,7.2006536,-1.4998676,-1.8294706,-13.2923975,0.9997137,0.00016645131,0.00011971328,1.2585094e-09,N,N
CM05_Hindi_N_0019.npy,20.22692,3.4374192,-4.523358,-42.287136,1.0,5.1099086e-08,1.7827542e-11,7.087476e-28,N,N
CF09_Hindi_N_0138.npy,36.66653,-16.461454,-6.989957,-57.087063,1.0,8.449094e-24,1.0970559e-19,1.9202e-41,N,N
CM03_English_N_0073.npy,19.80915,-11.931387,-4.103695,-27.058058,1.0,1.641571e-14,4.1189177e-11,4.4241428e-21,N,N
CF04_Hindi_N_0103.npy,50.714134,-42.400024,-12.626136,-67.38853,1.0,3.6395e-41,3.1022003e-28,0.0,N,N
CM16_Hindi_N_0081.npy,20.525702,-17.207985,-4.172399,-25.161642,1.0,4.0970133e-17,1.8782398e-11,1.4395899e-20,N,N
CF04_Hindi_N_0066.npy,20.590792,-9.503065,3.7741885,-35.13373,1.0,8.519303e-14,4.9732726e-08,6.29718e-25,N,N
CM05_Hindi_N_0062.npy,16.915825,-7.8427896,-0.24759935,-25.604399,1.0,1.7679531e-11,3.515765e-08,3.4174385e-19,N,N
CF14_English_N_0016.npy,20.851795,-13.1489315,-0.78539187,-31.136192,1.0,1.7126667e-15,4.0094855e-10,2.6418242e-23,N,N
CM35_English_N_0007.npy,18.239433,-3.0797143,-2.5415576,-29.767014,1.0,5.510767e-10,9.439096e-10,1.4160059e-21,N,N
CM27_Gujarati_N_0023.npy,21.459324,-16.6655,-3.6980002,-27.784327,1.0,2.7707612e-17,1.1866239e-11,4.1091646e-22,N,N
CF02_English_N_0081.npy,36.811176,-20.36157,-7.5097504,-53.45951,1.0,1.479764e-25,5.645028e-20,6.25081e-40,N,N
CM05_English_N_0003.npy,23.693466,-17.831833,-8.024366,-30.957249,1.0,9.242549e-19,1.6792692e-14,1.842876e-24,N,N
CF20_Gujarati_N_0041.npy,35.693085,-30.964743,-6.0855846,-46.420773,1.0,1.124275e-29,7.173872e-19,2.1797327e-36,N,N
CM30_English_N_0022.npy,32.4639,-7.7075953,-9.873873,-54.87703,1.0,3.5788242e-18,4.10145e-19,1.1703541e-38,N,N
CM35_English_N_0104.npy,65.38205,-45.27826,-21.100597,-87.43509,1.0,0.0,2.760972e-38,0.0,N,N
CF02_English_N_0056.npy,27.105888,-2.9357235,0.9143726,-54.761402,1.0,8.976218e-14,4.218612e-12,2.7892397e-36,N,N
CF09_Hindi_N_0158.npy,18.24073,-17.120285,-3.4851668,-21.235355,1.0,4.394467e-16,3.669128e-10,7.173875e-18,N,N
CF09_English_N_0056.npy,37.315983,-22.584507,-9.129343,-52.540825,1.0,9.672703e-27,6.746064e-21,9.45546e-40,N,N
CM05_Hindi_N_0011.npy,24.198391,-4.571775,-6.492671,-41.17267,1.0,3.200925e-13,4.6885733e-14,4.0710644e-29,N,N
CF14_English_N_0006.npy,19.85719,-9.692335,-0.38317686,-31.934532,1.0,1.4682657e-13,1.6207675e-09,3.2147057e-23,N,N
CM27_Gujarati_N_0024.npy,32.40026,-12.629538,-7.139319,-49.250793,1.0,2.778473e-20,6.7325256e-18,3.4625627e-36,N,N
CF02_English_N_0059.npy,12.059488,-7.6787767,1.6208413,-18.242212,0.9999707,2.6777331e-09,2.927793e-05,6.920316e-14,N,N
CM05_Hindi_N_0117.npy,33.01363,-19.216438,-11.732584,-46.838108,1.0,2.073813e-23,3.6894818e-20,2.0932969e-35,N,N
CF02_English_N_0046.npy,26.190117,-14.570273,-5.778448,-37.945194,1.0,1.9860354e-18,1.3068588e-14,1.4008338e-28,N,N
CM16_Hindi_N_0059.npy,29.435356,-23.563267,-1.302827,-40.24821,1.0,9.615913e-24,4.4727673e-14,5.455229e-31,N,N
CM30_Gujarati_N_0021.npy,32.022465,-4.786329,-7.679535,-57.25395,1.0,1.0331055e-16,5.7232225e-18,1.689454e-39,N,N
CF02_English_N_0022.npy,20.304905,-19.769356,-4.4791007,-23.862888,1.0,3.944298e-18,1.7236254e-11,6.57917e-20,N,N
CF09_English_N_0015.npy,27.230415,-25.692272,-9.835294,-32.171825,1.0,1.0374539e-23,7.990381e-17,1.591969e-26,N,N
CM24_Gujarati_N_0053.npy,21.382257,-7.630273,-6.4507704,-32.1165,1.0,2.511989e-13,8.170902e-13,5.8315675e-24,N,N
CM30_English_N_0006.npy,12.991615,1.8039696,-4.1839423,-26.37705,0.9999862,1.38439855e-05,3.4733127e-08,7.98728e-18,N,N
CF02_Gujarati_N_0014.npy,26.031326,-20.453133,-2.6105926,-34.0209,1.0,6.487181e-21,3.638924e-13,8.3109216e-27,N,N
CM30_Gujarati_N_0054.npy,39.282265,-6.2937164,-12.052741,-68.8347,1.0,1.6091736e-20,5.075629e-23,0.0,N,N
CM30_Gujarati_N_0012.npy,19.226223,-4.2732058,-3.895561,-32.034435,1.0,6.227707e-11,9.0852464e-11,5.4673766e-23,N,N
CM30_Gujarati_N_0041.npy,28.273262,-1.1814706,-7.707902,-52.27568,1.0,1.6142547e-13,2.3636298e-16,1.0424104e-35,N,N
CF09_English_N_0013.npy,29.692883,-24.736294,-8.681124,-38.036,1.0,2.2999005e-24,2.1596334e-17,3.8523023e-30,N,N
CM24_Gujarati_N_0047.npy,33.717155,-18.27209,-8.087525,-48.06066,1.0,2.6385005e-23,6.989695e-19,3.0503203e-36,N,N
CM16_Hindi_N_0077.npy,17.082153,-8.767199,-5.753461,-24.48487,1.0,5.939763e-12,1.209537e-10,8.864837e-19,N,N
CF14_Gujarati_N_0053.npy,32.7324,-27.399782,-9.21648,-41.141834,1.0,7.672314e-27,6.0510847e-19,8.25708e-33,N,N
CM05_English_N_0069.npy,30.806255,-11.81863,-10.271145,-47.19519,1.0,3.0778496e-19,1.4464777e-18,1.331683e-34,N,N
CM16_Hindi_N_0055.npy,31.697487,-22.540745,-2.4626248,-43.937634,1.0,2.7837825e-24,1.4603351e-15,1.4193394e-33,N,N
CM05_Hindi_N_0009.npy,25.44976,0.37865585,-6.3997674,-49.40271,1.0,1.2934744e-11,1.4720618e-14,3.1044538e-33,N,N
CF04_English_N_0011.npy,31.383326,-34.596874,-6.784785,-35.298466,1.0,2.2139228e-29,2.6533865e-17,1.0976532e-29,N,N
CM05_Hindi_N_0056.npy,18.694294,-12.2098875,-2.0691128,-24.883995,1.0,3.7886466e-14,9.606541e-10,1.1862863e-19,N,N
CF20_Gujarati_N_0005.npy,23.337715,-22.641289,-4.0278397,-28.280449,1.0,1.0754056e-20,1.304039e-12,3.823985e-23,N,N
CF14_Gujarati_N_0041.npy,25.621868,-14.5796,-3.0077968,-37.166534,1.0,3.473151e-18,3.6837853e-13,5.3869536e-28,N,N
CM03_English_N_0007.npy,10.5954,-1.3118807,-2.280789,-19.737995,0.9999907,6.741081e-06,2.5582233e-06,6.7045544e-14,N,N
CF02_Gujarati_N_0049.npy,35.338413,-20.109478,-10.614731,-50.495087,1.0,8.30399e-25,1.1035782e-20,5.284286e-38,N,N
CM27_Gujarati_N_0004.npy,28.54684,-20.841032,-6.243161,-36.669388,1.0,3.557298e-22,7.7784777e-16,4.7528072e-29,N,N
CM38_English_N_0047.npy,25.339577,-8.340458,-5.673364,-40.615646,1.0,2.3601891e-15,3.398214e-14,2.2699201e-29,N,N
CM16_Hindi_N_0001.npy,26.514591,-26.849487,-4.369782,-31.095951,1.0,6.6722944e-24,3.8644472e-14,9.5512314e-26,N,N
CF14_Hindi_N_0146.npy,12.845825,-10.5473385,-0.7936394,-16.306507,0.9999988,6.9259216e-11,1.1924917e-06,2.1842505e-13,N,N
CM27_Gujarati_N_0052.npy,12.356459,-9.320221,-4.1450925,-14.971825,0.9999999,3.8542297e-10,6.8150264e-08,1.3535594e-12,N,N
CF04_English_N_0099.npy,50.148705,-43.59945,-14.302126,-64.15656,1.0,1.9306e-41,1.0217879e-28,0.0,N,N
CM24_Gujarati_N_0067.npy,13.407781,-1.0319053,-2.6663454,-24.748106,0.9999994,5.357027e-07,1.0449508e-07,2.6860141e-17,N,N
CM38_English_N_0023.npy,22.851675,-3.945102,-5.078497,-40.462868,1.0,2.303071e-12,7.4144754e-13,3.183044e-28,N,N
CF04_English_N_0069.npy,31.365585,-29.869596,-4.2792544,-39.272182,1.0,2.54623e-27,3.308587e-16,2.100901e-31,N,N
CF18_English_N_0032.npy,31.25714,-20.47998,-8.048122,-43.702854,1.0,3.3951078e-23,8.510256e-18,2.787978e-33,N,N
CM27_Gujarati_N_0009.npy,20.533539,-12.9558735,-4.6650095,-28.045574,1.0,2.85584e-15,1.13870155e-11,7.9865515e-22,N,N
CM16_Hindi_N_0080.npy,18.056122,-17.578167,3.8603666,-21.599566,0.9999993,3.34368e-16,6.836937e-07,5.994519e-18,N,N
CF14_Hindi_N_0148.npy,19.456156,-14.195259,-4.703835,-25.67839,1.0,2.4287177e-15,3.2169885e-11,2.5021677e-20,N,N
CF09_English_N_0020.npy,32.406456,-24.141958,-5.400388,-44.30648,1.0,2.7627075e-25,3.8079987e-17,4.830533e-34,N,N
CM03_English_N_0023.npy,10.0665245,1.9342806,-1.1659672,-22.217308,0.99969304,0.00029381766,1.3232979e-05,9.53183e-15,N,N
CM35_English_N_0061.npy,22.786253,-4.1146536,4.0299187,-46.197086,1.0,2.0753204e-12,7.148707e-09,1.0987964e-30,N,N
CF20_Gujarati_N_0055.npy,9.645139,-7.829693,-1.4136872,-11.5206,0.99998426,2.574961e-08,1.5747291e-05,6.4243544e-10,N,N
CM35_English_N_0069.npy,42.7211,-30.711838,-6.054749,-56.774258,1.0,1.2837499e-32,6.560217e-22,6.2e-44,N,N
CM05_Hindi_N_0107.npy,18.958977,-18.351322,-1.1883898,-22.666437,1.0,6.256667e-17,1.778731e-09,8.36206e-19,N,N
CM05_Hindi_N_0087.npy,26.207527,-13.959713,-7.238703,-36.57821,1.0,3.5940923e-18,2.9818632e-15,5.401337e-28,N,N
CM27_Gujarati_N_0032.npy,29.85682,-10.915753,-6.605148,-45.49056,1.0,1.9619916e-18,1.4613988e-16,1.8925525e-33,N,N
CF14_Gujarati_N_0017.npy,29.228786,-26.376915,-2.9988232,-36.863678,1.0,7.0917057e-25,1.0086206e-14,1.9788175e-29,N,N
CM38_English_N_0100.npy,16.883556,-3.5878835,0.12594838,-30.162457,1.0,1.2863729e-09,5.2754938e-08,3.6997826e-21,N,N
CF18_English_N_0013.npy,25.946136,-23.784851,-5.2193823,-31.739285,1.0,2.5241e-22,2.917338e-14,8.8621676e-26,N,N
CM05_English_N_0037.npy,29.73222,-4.412246,-7.156665,-54.463226,1.0,1.4833604e-15,9.535876e-17,2.718822e-37,N,N
CM16_Hindi_N_0043.npy,23.128698,-29.158035,1.4503888,-21.545015,1.0,1.9595633e-23,3.84795e-10,3.966913e-20,N,N
CF18_English_N_0031.npy,31.347275,-19.801916,-7.7721167,-43.331482,1.0,6.1120634e-23,1.0248581e-17,3.6934143e-33,N,N
CF02_Gujarati_N_0036.npy,41.81611,-26.776537,-8.806017,-59.719517,1.0,1.6240274e-30,1.0353591e-22,8e-45,N,N
CM05_Hindi_N_0082.npy,24.198921,-13.365419,-7.4322877,-33.98437,1.0,4.8530524e-17,1.8312209e-14,5.38663e-26,N,N
CM05_Hindi_N_0102.npy,17.116177,-2.8169668,-2.2355478,-29.566828,1.0,2.2036657e-09,3.941421e-09,5.3189753e-21,N,N
CF09_Hindi_N_0141.npy,47.78885,-31.038147,-9.729326,-67.78829,1.0,5.832714e-35,1.04755e-25,0.0,N,N
CF20_Gujarati_N_0051.npy,31.225662,-21.287956,-7.4767365,-43.320454,1.0,1.5617994e-23,1.5551101e-17,4.217304e-33,N,N
CM38_English_N_0016.npy,26.138004,-19.36321,-6.245063,-34.24414,1.0,1.7341005e-20,8.634004e-15,5.975409e-27,N,N
CM27_Gujarati_N_0063.npy,19.658619,-10.35667,-2.0563731,-28.990765,1.0,9.215639e-14,3.7093567e-10,7.4445967e-22,N,N
CM16_Hindi_N_0022.npy,31.206486,-28.340893,-2.8250473,-39.158497,1.0,1.3768991e-26,1.6607081e-15,2.759792e-31,N,N
CF20_Gujarati_N_0061.npy,26.340355,-21.808205,-7.847568,-33.33862,1.0,1.2284182e-21,1.4202786e-15,1.2071211e-26,N,N
CF04_English_N_0084.npy,43.63464,-30.568052,-6.8356256,-60.88771,1.0,5.945401e-33,1.2051543e-22,0.0,N,N
CM38_English_N_0114.npy,28.854935,-5.7459774,-5.905982,-50.691174,1.0,9.397536e-16,8.008022e-16,2.841597e-35,N,N
CF02_Gujarati_N_0013.npy,27.399342,-20.191757,-5.2263327,-35.52937,1.0,2.1451043e-21,6.774064e-15,4.6817484e-28,N,N
CF14_Hindi_N_0025.npy,21.312973,-13.6213875,-6.1908646,-28.75376,1.0,6.732867e-16,1.1356253e-12,1.804237e-22,N,N
CM05_Hindi_N_0112.npy,14.911049,-14.147583,-1.4664004,-17.123556,0.9999999,2.3988136e-13,7.715503e-08,1.2233394e-14,N,N
CF04_Hindi_N_0059.npy,21.878944,-10.081231,-0.50507945,-34.95699,1.0,1.3178699e-14,1.8999494e-10,2.0723716e-25,N,N
CM16_Hindi_N_0003.npy,20.77132,-19.100904,-4.874857,-24.72306,1.0,4.8274037e-18,7.277911e-12,1.7459886e-20,N,N
CM38_English_N_0128.npy,32.320747,-21.745625,-7.468164,-43.780796,1.0,3.305773e-24,5.2468178e-18,8.902623e-34,N,N
CF09_Hindi_N_0002.npy,52.11578,-28.923756,-9.496337,-77.839584,1.0,6.382296e-36,1.7466153e-27,0.0,N,N
CM03_English_N_0061.npy,9.343043,-11.004996,-0.6287671,-8.671707,0.99995327,1.4552525e-09,4.6695764e-05,1.5006265e-08,N,N
CM24_Gujarati_N_0027.npy,18.133574,-9.770988,-6.5646615,-24.215212,1.0,7.6068123e-13,1.8779889e-11,4.056544e-19,N,N
CF09_Hindi_N_0111.npy,46.84307,-27.695923,-10.564832,-69.15984,1.0,4.2474306e-33,1.1696745e-25,0.0,N,N
CM05_English_N_0060.npy,24.025349,-9.590354,-6.36271,-37.382435,1.0,2.5170128e-15,6.3479604e-14,2.142587e-27,N,N
CM30_English_N_0045.npy,23.459198,-1.0515156,-7.1667924,-42.658524,1.0,2.2653344e-11,5.003819e-14,1.9294715e-29,N,N
CM03_English_N_0022.npy,24.207504,-2.881384,-8.177563,-42.095043,1.0,1.719671e-12,8.616763e-15,1.6038651e-29,N,N
CF02_English_N_0069.npy,49.086033,-21.667011,-14.543451,-76.3397,1.0,1.8721617e-31,2.3230863e-28,0.0,N,N
CF09_Hindi_N_0120.npy,34.250893,-25.342827,-8.297426,-45.63293,1.0,1.3145481e-26,3.3227737e-19,2.0272064e-35,N,N
CM30_Gujarati_N_0057.npy,31.641968,-16.031391,-7.9660444,-48.175217,1.0,1.9757104e-21,6.287217e-18,2.1668918e-35,N,N
CF04_Hindi_N_0055.npy,15.870346,-16.457111,-3.2408748,-16.839123,1.0,9.127747e-15,5.0130504e-09,6.2295716e-15,N,N
CM27_Gujarati_N_0007.npy,12.254454,-2.5996094,-4.028151,-19.426891,0.9999995,3.5396653e-07,8.4831015e-08,1.7416725e-14,N,N
CF20_Gujarati_N_0057.npy,35.398476,-34.10046,-7.014709,-43.67127,1.0,6.5614134e-31,3.803538e-19,4.5755656e-35,N,N
CM30_Gujarati_N_0014.npy,27.278427,0.7617075,-9.547792,-53.42619,1.0,3.0474382e-12,1.0152591e-16,8.921312e-36,N,N
CF14_Hindi_N_0023.npy,15.192581,-17.614876,-1.8331635,-14.408098,1.0,5.6481012e-15,4.034714e-08,1.3950452e-13,N,N
CM03_English_N_0079.npy,34.27823,-12.558825,-7.110197,-54.60815,1.0,4.559603e-21,1.0598252e-18,2.495366e-39,N,N
CF14_English_N_0052.npy,2.7644649,-7.40541,3.9071,-4.5068603,0.24179398,9.262434e-06,0.7580286,0.00016809277,M,N
CF04_English_N_0007.npy,35.442524,-17.902832,-5.3679066,-54.62323,1.0,6.798393e-24,1.8890975e-18,7.67259e-40,N,N
CM05_English_N_0006.npy,20.200521,-13.642838,-4.59754,-27.560017,1.0,2.0045418e-15,1.699569e-11,1.8107674e-21,N,N
CM05_Hindi_N_0047.npy,15.956795,-6.7113237,5.479601,-27.543205,0.99997187,1.430044e-10,2.8170874e-05,1.2828558e-19,N,N
CM24_Gujarati_N_0038.npy,15.942574,-3.9164226,-1.965213,-26.332767,1.0,2.3732738e-09,1.6701165e-08,4.365688e-19,N,N
CF14_Hindi_N_0093.npy,26.491083,-23.04783,-6.072279,-33.10274,1.0,3.058603e-22,7.209606e-15,1.3144077e-26,N,N
CM03_English_N_0014.npy,16.878126,2.4391212,-1.4737304,-36.783756,0.9999995,5.360677e-07,1.0712477e-08,4.953831e-24,N,N
CM30_English_N_0003.npy,28.2072,-7.553199,-9.189305,-46.651592,1.0,2.9475153e-16,5.7399075e-17,3.0848803e-33,N,N
CF02_Gujarati_N_0061.npy,29.761309,-18.418926,-6.371711,-41.990116,1.0,1.1901152e-21,2.0306237e-16,6.898447e-32,N,N
CF09_Hindi_N_0144.npy,37.269142,-18.685627,-13.067838,-55.19686,1.0,5.002102e-25,1.3769806e-22,6.9587e-41,N,N
CF02_English_N_0034.npy,16.715414,-5.6062593,3.121071,-29.76924,0.9999988,2.0221785e-10,1.2475307e-06,6.4859115e-21,N,N
CM03_English_N_0057.npy,24.144196,-11.320794,-6.8354874,-36.302067,1.0,3.9605103e-16,3.5131335e-14,5.6043055e-27,N,N
CF02_Gujarati_N_0059.npy,12.939591,-8.703536,0.9699444,-18.848007,0.9999937,3.9857165e-10,6.333524e-06,1.5660984e-14,N,N
CF09_Hindi_N_0099.npy,27.301796,-20.422318,-4.9514203,-37.47605,1.0,1.8779365e-21,9.8311955e-15,7.367809e-29,N,N
CF14_Hindi_N_0048.npy,28.308332,-21.705482,-7.75453,-37.08591,1.0,1.9022839e-22,2.1782004e-16,3.97779e-29,N,N
CF20_Gujarati_N_0049.npy,32.0989,-27.657078,-9.800615,-40.344875,1.0,1.11765736e-26,6.3572987e-19,3.4519926e-32,N,N
CM35_English_N_0102.npy,40.08778,-20.450691,-12.664673,-56.052162,1.0,5.1106485e-27,1.2299878e-23,1.766e-42,N,N
CM03_English_N_0065.npy,13.664363,-13.962886,0.328826,-15.857237,0.99999833,1.0037778e-12,1.616029e-06,1.509843e-13,N,N
CM03_English_N_0086.npy,19.977406,-7.3091664,-3.635458,-31.374376,1.0,1.411213e-12,5.5598578e-11,4.991185e-23,N,N
CM30_English_N_0057.npy,27.903841,-9.580022,-10.643665,-44.18185,1.0,5.259746e-17,1.8156406e-17,4.9383417e-32,N,N
CF09_Hindi_N_0147.npy,21.527597,-17.93748,-2.0759025,-28.325544,1.0,7.253263e-18,5.61216e-11,2.2338582e-22,N,N
CM35_English_N_0021.npy,17.856312,-3.9911149,-5.669322,-30.111187,1.0,3.2492478e-10,6.066618e-11,1.4722447e-21,N,N
CM38_English_N_0045.npy,34.32012,-20.057734,-5.987353,-48.896305,1.0,2.4210196e-24,3.123817e-18,7.2370797e-37,N,N
CF04_English_N_0004.npy,40.20986,-30.766186,-2.370354,-55.44335,1.0,1.497945e-31,3.2184548e-19,2.873e-42,N,N
CF04_English_N_0059.npy,26.21653,-17.413338,-5.236926,-36.679363,1.0,1.1266506e-19,2.1874456e-14,4.8379423e-28,N,N
CM05_English_N_0016.npy,19.681248,5.616066,-4.7677746,-45.6275,0.99999917,7.790563e-07,2.4094846e-11,4.3328284e-29,N,N
CF04_English_N_0031.npy,37.38031,-31.478865,-12.214513,-47.49969,1.0,1.244055e-30,2.8922945e-22,1.3711415e-37,N,N
CF04_Hindi_N_0048.npy,33.243767,-25.608784,-9.251727,-44.394974,1.0,2.7584306e-26,3.5030078e-19,1.9139184e-34,N,N
CM05_English_N_0042.npy,27.531315,-12.029265,-8.786951,-41.804993,1.0,6.5926175e-18,1.6872393e-16,7.720153e-31,N,N
CM03_English_N_0103.npy,23.962202,-24.588993,-4.7273855,-26.389534,1.0,8.2126756e-22,3.4695315e-13,1.3568069e-22,N,N
CM05_Hindi_N_0045.npy,25.531105,-10.635531,-5.462412,-39.62333,1.0,1.963491e-16,3.4648676e-14,5.055787e-29,N,N
CF14_Hindi_N_0061.npy,23.885704,-21.740921,-5.7202272,-28.878716,1.0,1.5297079e-20,1.3877391e-13,1.2153567e-23,N,N
CM05_Hindi_N_0096.npy,23.163345,-10.846823,-7.175049,-33.43401,1.0,1.6965663e-15,6.671183e-14,2.630759e-25,N,N
CM30_Gujarati_N_0019.npy,29.360844,-1.3008897,-9.162122,-54.10431,1.0,4.8281227e-14,1.8607545e-17,5.6434724e-37,N,N
CF14_Gujarati_N_0013.npy,31.874016,-15.351336,-1.0890678,-51.806145,1.0,3.0923693e-21,4.834082e-15,4.551641e-37,N,N
CM35_English_N_0040.npy,35.35039,-21.665699,-9.532494,-49.20928,1.0,1.7307192e-25,3.218183e-20,1.8888703e-37,N,N
CM03_English_N_0032.npy,19.509693,-7.273243,-2.3518631,-30.430851,1.0,2.335171e-12,3.2036598e-10,2.0469031e-22,N,N
CM38_English_N_0027.npy,28.7552,-13.616547,-8.9408,-42.040283,1.0,3.964464e-19,4.2543735e-17,1.7943654e-31,N,N
CF14_English_N_0014.npy,19.146458,-6.2808113,0.4905072,-32.599472,1.0,9.05894e-12,7.9035765e-09,3.365335e-23,N,N
CM38_English_N_0099.npy,44.045403,-24.06248,-12.698752,-63.119522,1.0,2.6370822e-30,2.2715706e-25,0.0,N,N
CM05_Hindi_N_0007.npy,17.046545,3.9018915,-6.4072256,-35.849796,0.9999981,1.9559097e-06,6.5186315e-11,1.0651502e-23,N,N
CM30_English_N_0018.npy,27.847025,-1.9264967,-7.913974,-52.21484,1.0,1.1736104e-13,2.9457506e-16,1.696575e-35,N,N
CF04_Hindi_N_0099.npy,46.92553,-41.96612,-11.276196,-60.325794,1.0,2.482264e-39,5.28825e-26,0.0,N,N
CM35_English_N_0014.npy,9.107756,-2.8071282,-1.5151153,-14.434041,0.999969,6.6898806e-06,2.4351859e-05,5.969167e-11,N,N
CM24_Gujarati_N_0049.npy,18.491741,-2.2563474,-3.7949364,-32.36653,1.0,9.754826e-10,2.094202e-10,8.175849e-23,N,N
CF14_Gujarati_N_0020.npy,24.027428,-24.752861,3.7109947,-29.751682,1.0,6.5311524e-22,1.502053e-09,4.4058457e-24,N,N
CM03_English_N_0013.npy,16.0161,-1.9927189,-1.2907078,-29.24356,1.0,1.5096248e-08,3.046131e-08,2.2079027e-20,N,N
CM03_English_N_0008.npy,18.689812,-0.54956466,-2.7216067,-36.701214,1.0,4.4100665e-09,5.025033e-10,8.789887e-25,N,N
CM30_Gujarati_N_0008.npy,32.648087,-10.928626,-9.835653,-51.40594,1.0,1.1881568e-19,3.5444216e-19,3.1318288e-37,N,N
CM35_English_N_0024.npy,37.12702,-17.133026,-6.734517,-55.64795,1.0,2.7237083e-24,8.9366784e-20,5.1091e-41,N,N
CF20_Gujarati_N_0062.npy,23.168102,-22.763521,-1.783432,-28.413574,1.0,1.1275831e-20,1.4577612e-11,3.9660894e-23,N,N
CM05_Hindi_N_0032.npy,20.230818,6.9639587,-6.5866537,-46.60206,0.9999982,1.7309143e-06,2.2558995e-12,9.437328e-30,N,N
CF18_English_N_0022.npy,39.333252,-26.96553,-3.9455936,-56.55825,1.0,1.6099214e-29,1.6004263e-19,2.264e-42,N,N
CF02_Gujarati_N_0058.npy,14.760138,-1.0543323,-2.784637,-27.530869,0.9999999,1.3547613e-07,2.4010486e-08,4.2978232e-19,N,N
CM30_English_N_0048.npy,24.550701,-2.900386,-7.208381,-43.624203,1.0,1.1971373e-12,1.6114082e-14,2.466127e-30,N,N
CM03_English_N_0067.npy,20.479094,-12.4325,-3.543587,-28.206383,1.0,5.0895122e-15,3.690477e-11,7.180678e-22,N,N
CM27_Gujarati_N_0058.npy,28.660667,-26.534811,-9.372509,-34.75814,1.0,1.0688271e-24,3.036696e-17,2.8678847e-28,N,N
CM30_Gujarati_N_0026.npy,29.46414,5.2727556,-7.8388033,-64.08545,1.0,3.1175663e-11,6.302853e-17,2.3546e-41,N,N
CF02_English_N_0050.npy,24.344406,-8.94681,-4.654204,-40.106396,1.0,3.4818452e-15,2.547205e-13,1.0218113e-28,N,N
CF14_Hindi_N_0117.npy,31.611986,-20.640774,-6.6405993,-45.009403,1.0,2.0272805e-23,2.4384442e-17,5.2936175e-34,N,N
CM30_English_N_0041.npy,19.791504,3.393367,-5.0262556,-42.946476,0.9999999,7.5575315e-08,1.6664163e-11,5.6655423e-28,N,N
CF14_English_N_0035.npy,23.130207,-7.890006,0.06347187,-39.02925,1.0,3.3735892e-14,9.599411e-11,1.010393e-27,N,N
CM03_English_N_0077.npy,19.0189,-4.611808,-4.8782682,-30.928068,1.0,5.4615312e-11,4.1840045e-11,2.033796e-22,N,N
CF04_Hindi_N_0131.npy,22.388567,-22.702513,-3.963166,-26.54129,1.0,2.6133219e-20,3.594083e-12,5.6238507e-22,N,N
CF14_Hindi_N_0141.npy,30.480667,-18.094168,-9.189591,-43.005947,1.0,8.0207767e-22,5.9078033e-18,1.2166545e-32,N,N
CM35_English_N_0036.npy,50.97793,-24.7153,-14.508574,-76.46473,1.0,1.339208e-33,3.6272113e-29,0.0,N,N
CM27_Gujarati_N_0048.npy,25.108356,-12.452365,-6.2428017,-36.733143,1.0,4.8706347e-17,2.4230648e-14,1.388603e-27,N,N
CF14_Gujarati_N_0066.npy,23.209187,-18.832684,-4.335836,-30.108614,1.0,5.513759e-19,1.0898044e-12,6.988317e-24,N,N
CF09_Hindi_N_0067.npy,10.327945,-2.412308,-1.946852,-17.559378,0.9999924,2.930727e-06,4.667887e-06,7.739036e-13,N,N
CF02_English_N_0032.npy,22.975773,-23.919516,-4.866026,-24.931625,1.0,4.301657e-21,8.0995415e-13,1.5634404e-21,N,N
CM05_English_N_0049.npy,22.301216,-13.750727,-6.9486423,-30.425056,1.0,2.20212e-16,1.9812885e-13,1.2626145e-23,N,N
CF20_Gujarati_N_0033.npy,44.229645,-34.818123,-11.937086,-58.404354,1.0,4.6772513e-35,4.046671e-25,3e-45,N,N
CF14_Hindi_N_0062.npy,27.603603,-14.63473,-3.641286,-42.43616,1.0,4.530273e-19,2.6947435e-14,3.82047e-31,N,N
CM35_English_N_0075.npy,38.90686,-20.682344,-11.840168,-55.53961,1.0,1.3204988e-26,9.137884e-23,9.603e-42,N,N
CF02_English_N_0024.npy,26.058647,-12.240971,0.28194612,-43.001022,1.0,2.326416e-17,6.3873546e-12,1.0180442e-30,N,N
CM05_Hindi_N_0094.npy,21.024147,-16.515497,-3.6895518,-25.818695,1.0,4.9743975e-17,1.8491696e-11,4.533276e-21,N,N
CF04_Hindi_N_0090.npy,56.0238,-33.377396,-14.179377,-82.50734,1.0,1.491256e-39,3.2444942e-31,0.0,N,N
CM30_English_N_0059.npy,20.132837,-2.6045525,-5.918518,-37.564186,1.0,1.3343715e-10,4.853333e-12,8.7599565e-26,N,N
CF20_Gujarati_N_0012.npy,20.429747,-11.847815,-5.8028746,-29.456665,1.0,9.594742e-15,4.0487206e-12,2.1607567e-22,N,N
CM05_English_N_0028.npy,18.677578,-4.748916,-4.761159,-30.52412,1.0,6.698888e-11,6.617384e-11,4.2852277e-22,N,N
CM27_Gujarati_N_0029.npy,27.852598,-23.356539,-4.3143234,-34.917477,1.0,5.7564455e-23,1.0717232e-14,5.4866046e-28,N,N
CM27_Gujarati_N_0047.npy,19.614698,-13.728326,-3.4560893,-25.62665,1.0,3.3060403e-15,9.560582e-11,2.2487031e-20,N,N
CF04_English_N_0116.npy,32.203846,-27.86892,-2.648977,-42.851997,1.0,8.14197e-27,7.304862e-16,2.5331433e-33,N,N
CF09_Hindi_N_0023.npy,51.63553,-27.684305,-11.87999,-76.97941,1.0,3.563155e-35,2.6035202e-28,0.0,N,N
CM27_Gujarati_N_0002.npy,18.885452,-1.2342298,-5.6931543,-32.474037,1.0,1.8286601e-09,2.116641e-11,4.9528723e-23,N,N
CF02_Gujarati_N_0051.npy,36.191246,-18.56921,-2.542254,-57.17701,1.0,1.6513385e-24,1.5074887e-17,2.8228e-41,N,N
CF02_Gujarati_N_0011.npy,39.64895,-22.929571,-10.301273,-56.645947,1.0,6.6449745e-28,2.0271889e-22,1.512e-42,N,N
CM03_English_N_0104.npy,18.301163,-12.580299,-1.2164452,-25.848305,1.0,3.875711e-14,3.338953e-09,6.70085e-20,N,N
CM30_English_N_0025.npy,31.750607,-7.7860804,-8.439825,-53.670033,1.0,6.752047e-18,3.511706e-18,7.9852376e-38,N,N
CM35_English_N_0093.npy,25.919586,-19.372948,-6.487316,-32.78489,1.0,2.136498e-20,8.430652e-15,3.1986763e-26,N,N
CF09_Hindi_N_0086.npy,25.714272,-23.651886,-6.595012,-31.036385,1.0,3.6353833e-22,9.295145e-15,2.2568527e-25,N,N
CF09_English_N_0054.npy,30.860878,-18.243845,-5.894829,-44.07571,1.0,4.7216155e-22,1.0894301e-16,2.8540059e-33,N,N
CM27_Gujarati_N_0051.npy,20.269836,-10.207547,-4.002258,-30.010939,1.0,5.805517e-14,2.8758298e-11,1.4565856e-22,N,N
CF20_Gujarati_N_0042.npy,38.16433,-34.301006,-8.999858,-48.12516,1.0,3.3783617e-32,3.2874052e-21,3.3492746e-38,N,N
CF04_English_N_0032.npy,43.20923,-29.5967,-6.444455,-61.781464,1.0,2.4031776e-32,2.7269652e-22,0.0,N,N
CM03_English_N_0025.npy,17.18461,2.1799963,1.2013748,-38.407272,0.9999995,3.0449402e-07,1.1443763e-07,7.1903947e-25,N,N
CM35_English_N_0001.npy,34.692566,-29.043163,-6.9814825,-43.44653,1.0,2.088933e-28,7.9650834e-19,1.1604339e-34,N,N
CM38_English_N_0068.npy,28.825214,-7.148486,-6.9246893,-48.715008,1.0,2.381332e-16,2.9786104e-16,2.1120752e-34,N,N
CM27_Gujarati_N_0054.npy,19.508835,-1.2696123,-6.3096437,-36.8653,1.0,9.463144e-10,6.126009e-12,3.288703e-25,N,N
CF09_Hindi_N_0030.npy,29.209984,-19.294483,-6.93921,-41.33703,1.0,8.60553e-22,1.9980439e-16,2.300498e-31,N,N
CM05_English_N_0048.npy,18.43353,-13.47153,-4.7974696,-24.552927,1.0,1.3925429e-14,8.145251e-11,2.1439693e-19,N,N
CF02_Gujarati_N_0015.npy,28.633371,-17.531338,-8.194456,-39.779026,1.0,8.931425e-21,1.01362606e-16,1.944789e-30,N,N
CM35_English_N_0059.npy,36.61445,-22.699947,-9.440276,-50.450233,1.0,1.7381416e-26,9.9698076e-21,1.5427269e-38,N,N
CF04_Hindi_N_0139.npy,33.429966,-32.098293,-3.3729098,-41.579323,1.0,3.4788732e-29,1.0392361e-16,2.6538609e-33,N,N
CF09_Hindi_N_0005.npy,43.93451,-29.454641,-10.906477,-62.135197,1.0,1.3412078e-32,1.5235666e-24,0.0,N,N
CF14_Hindi_N_0027.npy,25.70224,-14.629678,-2.607625,-38.145176,1.0,3.048394e-18,5.072035e-13,1.8681837e-28,N,N
CM35_English_N_0115.npy,20.423515,-7.822197,-7.452753,-30.323551,1.0,5.408079e-13,7.82511e-13,9.137535e-23,N,N
CM03_English_N_0101.npy,33.95279,-26.154093,-5.5910454,-43.929035,1.0,7.868892e-27,6.7039502e-18,1.5009114e-34,N,N
CF09_Hindi_N_0170.npy,18.156742,-17.013353,-2.3794596,-22.556192,1.0,5.3188873e-16,1.2057049e-09,2.0825546e-18,N,N
CF02_English_N_0020.npy,26.132061,-18.350002,-2.6965485,-37.143017,1.0,4.8049112e-20,3.0192147e-13,3.3111806e-28,N,N
CF04_English_N_0077.npy,42.775475,-34.320213,-7.216839,-58.134315,1.0,3.294338e-34,1.9436326e-22,1.5e-44,N,N
CM38_English_N_0078.npy,19.422073,-10.598568,-5.647201,-27.618662,1.0,9.166449e-14,1.2958426e-11,3.7193675e-21,N,N
CF14_Gujarati_N_0029.npy,29.233295,-23.361225,-7.8245516,-37.557346,1.0,1.4404226e-23,8.0534496e-17,9.8444804e-30,N,N
CM38_English_N_0080.npy,24.919777,-15.78199,-3.9111211,-34.48287,1.0,2.105946e-18,3.012312e-13,1.5913255e-26,N,N
CM03_English_N_0066.npy,23.120579,-13.24679,0.8500542,-34.55906,1.0,1.6063923e-16,2.1283052e-10,8.913567e-26,N,N
CM05_English_N_0057.npy,29.036474,-14.9045105,-8.435673,-42.047867,1.0,8.2541426e-20,5.3217462e-17,1.3441945e-31,N,N
CM16_Hindi_N_0052.npy,26.798752,-23.553938,-5.9402914,-32.85788,1.0,1.3555136e-22,6.0480274e-15,1.234395e-26,N,N
CF04_Hindi_N_0060.npy,24.607368,-8.7111,-0.00066249445,-43.813934,1.0,3.3882387e-15,2.0552669e-11,1.9275506e-30,N,N
CM30_Gujarati_N_0048.npy,27.864885,-3.5097346,-7.3697305,-49.510044,1.0,2.3668759e-14,4.9865597e-16,2.4916917e-34,N,N
CF20_Gujarati_N_0032.npy,36.52851,-23.285698,-9.005154,-52.093464,1.0,1.0544333e-26,1.6787294e-20,3.2506e-39,N,N
CF02_Gujarati_N_0019.npy,46.61796,-31.034416,-13.155008,-63.147667,1.0,1.8880014e-34,1.0988238e-26,0.0,N,N
CF04_English_N_0020.npy,38.885246,-25.810823,-3.0293086,-56.859554,1.0,7.995668e-29,6.2623916e-19,2.622e-42,N,N
CM03_English_N_0016.npy,15.713546,0.07583232,-1.7015113,-29.958324,0.9999999,1.616692e-07,2.7336135e-08,1.4620369e-20,N,N
CM03_English_N_0070.npy,26.009739,-10.914894,-5.0170374,-39.536076,1.0,9.2010125e-17,3.3515268e-14,3.4183337e-29,N,N
CM05_Hindi_N_0086.npy,21.15799,-12.813298,-6.206141,-28.986107,1.0,1.7638337e-15,1.3058983e-12,1.66992e-22,N,N
CM16_Hindi_N_0029.npy,24.811064,-18.367573,1.1414938,-34.304016,1.0,1.7691197e-19,5.2533457e-11,2.1215154e-26,N,N
CM03_English_N_0093.npy,29.837063,-10.710003,-7.062103,-46.432957,1.0,2.45829e-18,9.438343e-17,7.5223125e-34,N,N
CF02_English_N_0102.npy,27.289173,-10.456524,-5.3327684,-42.708107,1.0,4.0481078e-17,6.7994096e-15,3.986262e-31,N,N
CF14_Hindi_N_0094.npy,27.784304,-28.281174,-9.3046875,-30.323246,1.0,4.4778895e-25,7.806505e-17,5.8104665e-26,N,N
CF14_Gujarati_N_0003.npy,37.011448,-24.901606,-9.886753,-50.82274,1.0,1.2927117e-27,4.2891387e-21,7.146594e-39,N,N
CF09_Hindi_N_0041.npy,42.446136,-28.611012,-10.586026,-58.773045,1.0,1.3812566e-31,9.2987555e-24,1.1e-44,N,N
CF14_Hindi_N_0068.npy,26.12599,-22.840738,-1.4855396,-33.5988,1.0,5.4202605e-22,1.019682e-12,1.1530609e-26,N,N
CF04_Hindi_N_0082.npy,57.894867,-50.430912,-10.572331,-75.6899,1.0,0.0,1.8410784e-30,0.0,N,N
CF02_English_N_0055.npy,22.118328,-8.595234,-3.2806447,-35.274315,1.0,4.5842626e-14,9.318929e-12,1.1876593e-25,N,N
CM38_English_N_0041.npy,31.41399,-18.841345,-8.760222,-43.84996,1.0,1.4941225e-22,3.5691173e-18,2.0572323e-33,N,N
CM24_Gujarati_N_0034.npy,35.297375,-5.59523,-8.030622,-63.133316,1.0,1.7400726e-18,1.5236694e-19,1.8e-43,N,N
CF09_Hindi_N_0174.npy,16.691772,-13.522804,-7.0968966,-21.271992,1.0,7.550506e-14,4.663501e-11,3.254968e-17,N,N
CF09_Hindi_N_0137.npy,51.35794,-29.518066,-7.9344764,-77.58254,1.0,7.5161664e-36,1.7767694e-26,0.0,N,N
CM35_English_N_0056.npy,40.845665,-24.807789,-10.542176,-57.273823,1.0,3.0694858e-29,4.8144263e-23,2.44e-43,N,N
CM35_English_N_0044.npy,32.90683,-2.6312666,-11.855305,-57.286182,1.0,3.6812936e-16,3.631215e-20,6.75576e-40,N,N
CM27_Gujarati_N_0037.npy,40.78114,-11.143651,-8.677136,-66.495,1.0,2.814171e-23,3.3154627e-22,0.0,N,N
CF14_Gujarati_N_0012.npy,26.911095,-17.413616,-5.178622,-37.01585,1.0,5.623707e-20,1.1577442e-14,1.7253637e-28,N,N
CM05_English_N_0075.npy,18.447126,-5.1370683,-6.5772247,-29.379488,1.0,5.7215618e-11,1.3553842e-11,1.6949827e-21,N,N
CM35_English_N_0046.npy,23.925653,-19.485828,-2.0900743,-29.791142,1.0,1.4016261e-19,5.029362e-12,4.689122e-24,N,N
CM35_English_N_0118.npy,41.12191,-18.504309,-12.914463,-59.976135,1.0,1.27251045e-26,3.4064446e-24,1.3e-44,N,N
CF09_English_N_0006.npy,19.570147,-20.295124,-3.4083588,-23.190033,1.0,4.8610725e-18,1.0484835e-10,2.6883812e-19,N,N
CF09_Hindi_N_0016.npy,50.94181,-31.633709,-9.95281,-73.43995,1.0,1.3737546e-36,3.5793265e-27,0.0,N,N
CM16_Hindi_N_0021.npy,36.912346,-28.12134,-1.4168118,-50.45875,1.0,5.704663e-29,2.2586964e-17,1.1355757e-38,N,N
CF04_English_N_0012.npy,34.320503,-23.805431,-5.8376856,-47.706776,1.0,5.7046285e-26,3.626775e-18,2.3768607e-36,N,N
CF02_English_N_0079.npy,38.949257,-28.851307,-3.8201392,-53.15404,1.0,3.585813e-30,2.6637077e-19,1.0001e-40,N,N
CM24_Gujarati_N_0060.npy,14.865298,-3.9043558,-2.4857843,-25.327122,1.0,7.054125e-09,2.9142104e-08,3.5047204e-18,N,N
CF09_Hindi_N_0009.npy,41.227257,-17.30066,-5.652933,-67.59515,1.0,3.8163575e-26,4.3670992e-21,0.0,N,N
CM24_Gujarati_N_0048.npy,31.81683,-11.365908,-2.6783824,-50.37448,1.0,1.7618731e-19,1.0445266e-15,2.0172772e-36,N,N
CM03_English_N_0102.npy,20.012657,-8.756536,-6.032757,-29.64908,1.0,3.2040462e-13,4.8822548e-12,2.7050937e-22,N,N
CF04_English_N_0056.npy,29.067303,-25.484951,-1.3509581,-38.452145,1.0,2.0335611e-24,6.1591005e-14,4.7498142e-30,N,N
CF09_Hindi_N_0046.npy,33.24188,-28.834976,-10.813049,-40.792683,1.0,1.0973989e-27,7.3652575e-20,7.033939e-33,N,N
CM05_Hindi_N_0100.npy,30.220133,-12.385224,-9.654405,-44.30519,1.0,3.138543e-19,4.8162384e-18,4.3058997e-33,N,N
CM27_Gujarati_N_0043.npy,23.81147,-19.640724,-1.6666794,-31.143726,1.0,1.345711e-19,8.609547e-12,1.3591314e-24,N,N
CM27_Gujarati_N_0055.npy,23.282358,-5.90718,-6.375429,-38.538616,1.0,2.1044815e-13,1.3176092e-13,1.41739575e-27,N,N
CM30_English_N_0010.npy,24.45639,-6.5523243,-7.68262,-41.268295,1.0,3.4126073e-14,1.1020587e-14,2.858457e-29,N,N
CF02_Gujarati_N_0039.npy,41.29496,-23.873878,-7.099454,-61.321728,1.0,4.9834837e-29,9.606684e-22,3e-45,N,N
CM30_English_N_0042.npy,15.150775,1.0919734,-5.3390384,-28.81255,0.99999917,7.840426e-07,1.2629524e-09,8.0717926e-20,N,N
CF14_English_N_0013.npy,17.905903,-9.097129,0.32519382,-28.763271,1.0,1.8738375e-12,2.3163006e-08,5.393059e-21,N,N
CF04_Hindi_N_0009.npy,53.993256,-34.48385,-12.121302,-78.34073,1.0,3.757352e-39,1.9355903e-29,0.0,N,N
CM24_Gujarati_N_0017.npy,18.312931,-4.098759,-2.1319892,-32.124237,1.0,1.8481057e-10,1.3209435e-09,1.2457079e-22,N,N
CF02_Gujarati_N_0056.npy,32.056778,-9.061037,-5.560932,-55.66114,1.0,1.3891869e-18,4.6008292e-17,8.027717e-39,N,N
CM03_English_N_0009.npy,8.491218,-0.36412543,-1.8898835,-15.927465,0.9998265,0.00014259295,3.1007698e-05,2.48328e-11,N,N
CF18_English_N_0055.npy,23.937393,-12.066529,-4.818069,-35.801094,1.0,2.3104446e-16,3.2483383e-13,1.1373776e-26,N,N
CF04_Hindi_N_0107.npy,65.31542,-57.773212,-14.551792,-84.20918,1.0,0.0,2.061142e-35,0.0,N,N
CM03_English_N_0037.npy,25.085022,-16.248133,-3.5351796,-35.071865,1.0,1.1200562e-18,3.7188153e-13,7.485071e-27,N,N
CF14_Hindi_N_0149.npy,24.34266,-12.337445,-7.7477336,-35.636295,1.0,1.1749839e-16,1.1569628e-14,8.942716e-27,N,N
CM24_Gujarati_N_0040.npy,11.382531,3.425052,-4.216524,-25.776432,0.99965,0.00034991177,1.679826e-07,7.2763856e-17,N,N
CF09_Hindi_N_0054.npy,31.0648,-20.305557,-10.131149,-42.619167,1.0,4.8993355e-23,1.2847731e-18,9.987562e-33,N,N
CM03_English_N_0094.npy,24.230185,-12.754157,-3.9021986,-35.085293,1.0,8.6677206e-17,6.05705e-13,1.7362662e-26,N,N
CF09_Hindi_N_0154.npy,20.482895,-17.744936,-0.048606683,-26.520239,1.0,2.4995673e-17,1.2113847e-09,3.8618688e-21,N,N
CF09_Hindi_N_0118.npy,44.01416,-25.582443,-7.6376257,-65.60882,1.0,5.9508527e-31,3.6975495e-23,0.0,N,N
CM24_Gujarati_N_0028.npy,19.787596,-1.9985616,-5.124012,-33.758396,1.0,3.454554e-10,1.517142e-11,5.5625257e-24,N,N
CF09_English_N_0044.npy,38.76138,-35.14695,-11.751817,-48.364132,1.0,7.9803555e-33,1.154511e-22,1.4516813e-38,N,N
CF18_English_N_0054.npy,30.26806,-12.800732,-4.7034664,-48.170116,1.0,1.9745145e-19,6.487222e-16,8.6046204e-35,N,N
CF04_Hindi_N_0120.npy,44.36886,-41.929,-12.8659115,-54.152794,1.0,3.32136e-38,1.3907673e-25,1.63e-43,N,N
CM24_Gujarati_N_0011.npy,24.100567,-10.783014,-5.1760416,-35.860752,1.0,7.083573e-16,1.9289942e-13,9.101858e-27,N,N
CF02_Gujarati_N_0029.npy,35.58929,-24.724888,-6.3167763,-48.055233,1.0,6.3956567e-27,6.315771e-19,4.716773e-37,N,N
CF02_Gujarati_N_0035.npy,32.552353,-21.384499,-5.255849,-46.123917,1.0,3.7629032e-24,3.802831e-17,6.781571e-35,N,N
CM05_English_N_0019.npy,18.604813,-0.9756029,-4.314886,-33.6969,1.0,3.1356928e-09,1.1119912e-10,1.9304345e-23,N,N
CF14_Gujarati_N_0008.npy,27.471012,-25.761253,-3.9688573,-33.035904,1.0,7.612387e-24,2.2173713e-14,5.274487e-27,N,N
CM05_English_N_0091.npy,20.104,-5.1827593,-5.6580114,-32.20281,1.0,1.0425583e-11,6.4818676e-12,1.9206212e-23,N,N
CM30_Gujarati_N_0002.npy,28.738575,-0.47538286,-6.579493,-55.588135,1.0,2.0537092e-13,4.5873023e-16,2.3843883e-37,N,N
CF14_Gujarati_N_0021.npy,37.68728,-35.496666,-8.99525,-45.0621,1.0,1.6467083e-32,5.321512e-21,1.1545249e-36,N,N
CM05_Hindi_N_0068.npy,21.461739,-4.390651,-6.9332027,-36.11488,1.0,5.921743e-12,4.658367e-13,9.8808076e-26,N,N
CM35_English_N_0008.npy,29.708002,-12.952417,-12.651039,-44.68011,1.0,2.970402e-19,4.015161e-19,4.9391496e-33,N,N
CF18_English_N_0021.npy,27.479912,-13.016607,-1.2964319,-43.56765,1.0,2.5857372e-18,3.181211e-13,1.3945563e-31,N,N
CF02_Gujarati_N_0063.npy,15.953809,-15.683947,-4.942523,-17.83809,1.0,1.8192694e-14,8.4108215e-10,2.1103964e-15,N,N
CM16_Hindi_N_0015.npy,28.917175,-31.535233,-7.1470604,-29.444809,1.0,5.5699697e-27,2.1752112e-16,4.5051815e-26,N,N
CM05_English_N_0071.npy,40.10231,-16.910183,-14.09999,-61.44113,1.0,1.7369561e-25,2.8856242e-24,8e-45,N,N
CM16_Hindi_N_0084.npy,27.753738,-30.271904,-2.81904,-31.131735,1.0,6.306432e-26,5.2772897e-14,2.6690893e-26,N,N
CM05_English_N_0055.npy,26.672623,-6.0762086,-8.190371,-44.966557,1.0,5.989115e-15,7.230948e-16,7.717941e-32,N,N
CM03_English_N_0068.npy,25.816593,-11.91029,-5.520516,-39.1846,1.0,4.1249902e-17,2.457348e-14,5.8930724e-29,N,N
CF14_Hindi_N_0136.npy,29.794361,-18.093945,-6.489458,-42.859043,1.0,1.5935773e-21,1.7463718e-16,2.7991583e-32,N,N
CM03_English_N_0069.npy,24.93155,-19.161125,-7.534991,-31.209242,1.0,7.092427e-20,7.942556e-15,4.153015e-25,N,N
CF14_Gujarati_N_0068.npy,17.38559,-16.180923,-1.9161596,-21.84214,1.0,2.6439217e-15,4.1433954e-09,9.196306e-18,N,N
CF14_Hindi_N_0131.npy,15.61713,-7.229261,-2.444895,-23.608225,1.0,1.1965702e-10,1.4314039e-08,9.218153e-18,N,N
CF14_English_N_0037.npy,16.09746,-6.808053,2.3356197,-26.268366,0.9999989,1.1278759e-10,1.055136e-06,3.9880003e-19,N,N
CM38_English_N_0048.npy,40.354813,-13.388541,-10.824995,-63.08823,1.0,4.566228e-24,5.9277665e-23,1e-45,N,N
CM05_English_N_0047.npy,6.564034,-2.723346,-1.5313613,-9.458139,0.9996025,9.25485e-05,0.0003048189,1.1002365e-07,N,N
CM24_Gujarati_N_0021.npy,26.238415,-8.123753,-7.6314282,-41.223232,1.0,1.1931645e-15,1.952155e-15,5.032444e-30,N,N
CM38_English_N_0084.npy,34.954906,-22.666862,-10.785821,-47.985065,1.0,9.4446027e-26,1.3647558e-20,9.541747e-37,N,N
CM03_English_N_0034.npy,14.778391,1.9181131,0.05415077,-32.802147,0.999997,2.599267e-06,4.0303465e-07,2.1678766e-21,N,N
CF18_English_N_0020.npy,33.841873,-22.369225,-8.847294,-46.964912,1.0,3.8710647e-25,2.8862257e-19,8.054877e-36,N,N
CF09_English_N_0011.npy,34.627205,-22.872272,-9.248236,-47.306095,1.0,1.0673191e-25,8.813278e-20,2.6110684e-36,N,N
CF02_English_N_0033.npy,26.268179,-22.324888,-4.355027,-33.440804,1.0,7.875879e-22,5.017763e-14,1.17143325e-26,N,N
CM03_English_N_0004.npy,11.377464,0.38532025,-1.5270544,-23.596233,0.9999807,1.6833106e-05,2.4867388e-06,6.473031e-16,N,N
CM35_English_N_0034.npy,28.396763,-1.9519417,-8.988792,-50.797077,1.0,6.6027485e-14,5.803094e-17,4.04159e-35,N,N
CM38_English_N_0111.npy,25.44956,-12.0938225,-8.938265,-36.84916,1.0,4.9558362e-17,1.1629401e-15,8.790409e-28,N,N
CM38_English_N_0075.npy,28.269604,-18.815432,-3.280945,-39.033916,1.0,3.558182e-21,1.9850473e-14,5.894576e-30,N,N
CM35_English_N_0113.npy,40.788673,-24.144648,-10.232486,-56.957535,1.0,6.306927e-29,6.9469104e-23,3.55e-43,N,N
CM30_Gujarati_N_0047.npy,25.55633,4.4226484,-9.173815,-52.27004,1.0,6.63374e-10,8.2582854e-16,1.5864883e-34,N,N
CF09_Hindi_N_0102.npy,45.062847,-33.497036,-9.337122,-61.42224,1.0,7.6186194e-35,2.3680603e-24,0.0,N,N
CF04_English_N_0117.npy,22.950624,-14.976065,-2.8011498,-33.381577,1.0,3.3779108e-17,6.5485737e-12,3.4295474e-25,N,N
CF18_English_N_0039.npy,28.78661,-18.755821,-3.6465073,-41.426647,1.0,2.252084e-21,8.212518e-15,3.211959e-31,N,N
CF09_Hindi_N_0042.npy,46.8283,-32.995045,-10.036487,-65.46329,1.0,2.1535751e-35,2.013429e-25,0.0,N,N
CF09_Hindi_N_0038.npy,39.216812,-23.919083,-7.091304,-57.270203,1.0,3.8056542e-28,7.7382076e-21,1.249e-42,N,N
CF04_Hindi_N_0093.npy,57.977123,-32.24251,-12.815604,-86.7673,1.0,6.57826e-40,1.799328e-31,0.0,N,N
CF14_Gujarati_N_0011.npy,21.03294,-24.069593,-3.0192854,-21.64436,1.0,2.5835655e-20,3.5830377e-11,2.9206825e-19,N,N
CF04_English_N_0071.npy,31.622036,-29.071808,-4.191969,-38.92031,1.0,4.3752063e-27,2.7936764e-16,2.3112643e-31,N,N
CM30_English_N_0008.npy,27.612274,-1.556159,-4.895547,-55.35165,1.0,2.1493643e-13,7.621371e-15,9.315878e-37,N,N
CF04_Hindi_N_0040.npy,52.805115,-33.51015,-13.014698,-76.23255,1.0,3.2640596e-38,2.599083e-29,0.0,N,N
CF02_Gujarati_N_0002.npy,31.837753,-27.304213,-8.711685,-40.135292,1.0,2.0652363e-26,2.452464e-18,5.52718e-32,N,N
CM35_English_N_0110.npy,34.797848,-14.552547,-11.135635,-52.103436,1.0,3.6931393e-22,1.1254903e-20,1.8165703e-38,N,N
CF02_English_N_0085.npy,26.974703,-11.816095,-7.236957,-41.261898,1.0,1.4235424e-17,1.386965e-15,2.3185688e-30,N,N
CF18_English_N_0027.npy,34.075226,-14.662694,-9.406876,-52.988434,1.0,6.813822e-22,1.3060604e-19,1.5443048e-38,N,N
CF14_Hindi_N_0011.npy,21.556614,-14.087636,-6.0369377,-29.492378,1.0,3.3105438e-16,1.0381803e-12,6.7562295e-23,N,N
CF04_English_N_0060.npy,34.59071,-28.766222,-11.24476,-44.085884,1.0,3.0509378e-28,1.2413923e-20,6.779398e-35,N,N
CM30_Gujarati_N_0007.npy,32.45394,-6.8428836,-9.108608,-56.55271,1.0,8.582337e-18,8.904592e-19,2.212594e-39,N,N
CM03_English_N_0056.npy,16.391838,-1.8011941,-2.7635486,-30.081127,1.0,1.2556451e-08,4.796468e-09,6.5621724e-21,N,N
CM30_English_N_0012.npy,30.147306,-8.134915,-11.785407,-50.820114,1.0,2.3672379e-17,6.1497053e-19,6.859543e-36,N,N
CM16_Hindi_N_0088.npy,28.624746,-26.823074,-6.657917,-34.382675,1.0,8.304561e-25,4.752639e-16,4.3273667e-28,N,N
CF02_English_N_0057.npy,32.79248,-15.995985,-5.705201,-51.176537,1.0,6.4779536e-22,1.9084013e-17,3.4097242e-37,N,N
CF14_Hindi_N_0115.npy,21.488827,-20.349262,-5.429392,-25.11423,1.0,6.7600333e-19,2.0396996e-12,5.76168e-21,N,N
CF14_Hindi_N_0042.npy,28.913374,-20.188122,-1.7289436,-40.835735,1.0,4.736878e-22,4.9227854e-14,5.109137e-31,N,N
CM16_Hindi_N_0042.npy,34.439014,-27.923151,-7.231448,-43.737797,1.0,8.2500175e-28,7.9936956e-19,1.1174865e-34,N,N
CM30_English_N_0038.npy,21.901056,4.5730867,-8.584649,-45.74806,1.0,2.9823518e-08,5.757394e-14,4.1721703e-30,N,N
CM05_English_N_0021.npy,22.616505,-7.7495375,-4.6937785,-35.17635,1.0,6.489258e-14,1.3781436e-12,7.959435e-26,N,N
CF02_Gujarati_N_0023.npy,35.82334,-21.571486,-4.3135695,-53.43445,1.0,1.185066e-25,3.7047736e-18,1.721212e-39,N,N
CM35_English_N_0097.npy,44.74037,-28.924492,-15.1366,-60.676514,1.0,1.01801984e-32,9.9028776e-27,0.0,N,N
CM05_English_N_0086.npy,24.208813,-1.6795053,-6.938588,-42.56677,1.0,5.71277e-12,2.9706818e-14,9.993866e-30,N,N
CM27_Gujarati_N_0050.npy,15.903848,-10.672165,-3.1231837,-20.782879,1.0,2.8720023e-12,5.4533764e-09,1.1672328e-16,N,N
CM35_English_N_0082.npy,24.257124,-14.805355,-5.075707,-32.996643,1.0,1.0848801e-17,1.823533e-13,1.364596e-25,N,N
CM35_English_N_0125.npy,25.290762,-23.728533,-4.643159,-29.155811,1.0,5.1426956e-22,9.996844e-14,2.2602397e-24,N,N
CM38_English_N_0035.npy,21.638079,-12.694662,-5.506974,-30.866585,1.0,1.228797e-15,1.6257468e-12,1.5758511e-23,N,N
CF02_English_N_0030.npy,21.22193,-16.97804,0.0043625347,-28.93945,1.0,2.570181e-17,6.099968e-10,1.6413107e-22,N,N
CM05_Hindi_N_0058.npy,21.730232,-9.37451,-3.5641282,-32.051136,1.0,3.1001463e-14,1.0346622e-11,4.3959073e-24,N,N
CM05_Hindi_N_0066.npy,26.121208,-0.5125893,-6.914415,-49.42362,1.0,2.7107474e-12,4.49585e-15,1.5534492e-33,N,N
CM05_Hindi_N_0067.npy,29.992056,-5.9434524,-9.802357,-49.84828,1.0,2.4740408e-16,5.2180356e-18,2.1172935e-35,N,N
CM05_English_N_0011.npy,22.72284,-8.926279,-8.15942,-35.026226,1.0,1.7987158e-14,3.8726228e-14,8.3157144e-26,N,N
CM38_English_N_0008.npy,18.537264,-17.787384,-1.9540684,-20.796932,1.0,1.676512e-16,1.261035e-09,8.267512e-18,N,N
CF14_Hindi_N_0007.npy,24.410275,-12.085186,-2.4553385,-37.104763,1.0,1.4132627e-16,2.1498738e-12,1.9246806e-27,N,N
CF02_Gujarati_N_0064.npy,24.809185,-25.60815,-3.3747342,-29.39111,1.0,1.27066e-22,5.752798e-13,2.89142e-24,N,N
CF04_Hindi_N_0028.npy,49.20438,-30.674824,-8.469913,-71.62174,1.0,2.0365851e-35,8.9613323e-26,0.0,N,N
CM38_English_N_0052.npy,19.600117,-13.685835,-4.25136,-24.999826,1.0,3.500223e-15,4.3796085e-11,4.2706107e-20,N,N
CF02_English_N_0041.npy,25.831463,-11.86569,-1.8510149,-41.28541,1.0,4.249475e-17,9.498447e-13,7.1041424e-30,N,N
CF04_Hindi_N_0056.npy,50.381668,-25.532335,-7.8338027,-76.445755,1.0,1.0739104e-33,5.216064e-26,0.0,N,N
CF09_Hindi_N_0032.npy,34.009163,-28.893787,-7.340084,-43.38766,1.0,4.8039207e-28,1.1021741e-18,2.4377443e-34,N,N
CF04_English_N_0014.npy,47.292454,-31.509436,-11.858184,-67.36361,1.0,5.9810174e-35,2.0474065e-26,0.0,N,N
CF04_English_N_0115.npy,33.636383,-36.51859,-5.03687,-38.63844,1.0,3.4047437e-31,1.6011058e-17,4.0873505e-32,N,N
CF09_English_N_0033.npy,32.099106,-20.808437,-8.10047,-45.337563,1.0,1.0532851e-23,3.479729e-18,2.3425141e-34,N,N
CM05_Hindi_N_0049.npy,20.689707,-11.935,-4.680687,-28.81277,1.0,6.7806305e-15,9.589103e-12,3.1720958e-22,N,N
CF09_Hindi_N_0165.npy,35.004913,-22.129517,-10.176781,-49.301067,1.0,1.537561e-25,2.3869295e-20,2.4343117e-37,N,N
CF04_Hindi_N_0007.npy,52.66897,-34.88755,-9.159061,-76.36593,1.0,9.43381e-39,1.4074336e-27,0.0,N,N
CM30_Gujarati_N_0045.npy,21.620754,-0.46586496,-7.448559,-39.62988,1.0,2.5580174e-10,2.373328e-13,2.507194e-27,N,N
CM27_Gujarati_N_0031.npy,39.09526,-18.833336,-5.937854,-58.787945,1.0,6.949126e-26,2.7692776e-20,3.08e-43,N,N
CM30_Gujarati_N_0030.npy,21.48509,-2.6517427,-6.2598124,-38.18362,1.0,3.2923542e-11,8.9236284e-13,1.2195765e-26,N,N
CF02_English_N_0045.npy,30.092445,-26.890394,-5.4841814,-38.258446,1.0,1.789231e-25,3.5421563e-16,2.0681648e-30,N,N
CM24_Gujarati_N_0052.npy,25.09063,-17.155212,-9.455531,-33.072853,1.0,4.4963894e-19,9.926419e-16,5.494402e-26,N,N
CF04_English_N_0061.npy,34.049576,-24.097141,-5.1473656,-48.12777,1.0,5.5872953e-26,9.48385e-18,2.045655e-36,N,N
CM38_English_N_0029.npy,16.031172,-11.31756,-3.1447566,-20.292345,1.0,1.326162e-12,4.698944e-09,1.6784061e-16,N,N
CF09_Hindi_N_0131.npy,46.325806,-27.989,-10.934437,-66.25348,1.0,5.314846e-33,1.3557907e-25,0.0,N,N
CF04_Hindi_N_0111.npy,63.563046,-52.30619,-16.317373,-83.635086,1.0,0.0,2.034116e-35,0.0,N,N
CF09_Hindi_N_0105.npy,41.86127,-29.442135,-10.780242,-57.39536,1.0,1.0797528e-31,1.3742982e-23,7.8e-44,N,N
CF04_Hindi_N_0005.npy,57.080177,-39.616882,-14.883432,-80.719444,1.0,1.012e-42,5.579589e-32,0.0,N,N
CM38_English_N_0089.npy,25.11726,-17.913324,-7.8784294,-33.683773,1.0,2.0514164e-19,4.679012e-15,2.9042623e-26,N,N
CM05_English_N_0100.npy,21.616348,-6.081608,-6.7073307,-35.660606,1.0,9.35256e-13,5.002447e-13,1.3333209e-25,N,N
CM03_English_N_0062.npy,18.986546,-14.893369,-3.664841,-24.571527,1.0,1.9325938e-15,1.4542127e-10,1.2105101e-19,N,N
CM35_English_N_0120.npy,46.744797,-21.145554,-13.16592,-70.795845,1.0,3.277898e-30,9.5742815e-27,0.0,N,N
CM38_English_N_0054.npy,27.021442,-10.390688,0.19901295,-44.40322,1.0,5.650897e-17,2.244744e-12,9.5644744e-32,N,N
CM05_English_N_0013.npy,18.48489,-5.821454,-5.44002,-29.18977,1.0,2.7790052e-11,4.0695256e-11,1.9731422e-21,N,N
CM30_Gujarati_N_0033.npy,17.240124,4.089623,-9.0560055,-34.495907,0.9999981,1.9445051e-06,3.799578e-12,3.3988075e-23,N,N
CF04_Hindi_N_0071.npy,37.756767,-31.188066,-9.703379,-48.89696,1.0,1.1419314e-30,2.4452392e-21,2.326817e-38,N,N
CM16_Hindi_N_0020.npy,24.853039,-21.624594,-0.2799787,-32.104977,1.0,6.531629e-21,1.21582085e-11,1.8342063e-25,N,N
CF09_Hindi_N_0050.npy,42.123486,-32.57363,-9.352457,-56.407738,1.0,3.6262355e-33,4.4084034e-23,1.61e-43,N,N
CF04_English_N_0016.npy,41.684235,-29.281992,-7.26474,-59.127262,1.0,1.5127258e-31,5.5173487e-22,1.7e-44,N,N
CM35_English_N_0049.npy,41.840073,-20.940603,-11.029507,-61.840565,1.0,5.4287275e-28,1.09404066e-23,1e-45,N,N
CM27_Gujarati_N_0014.npy,17.414669,-14.335051,3.04948,-22.827091,0.9999994,1.626566e-14,5.7713527e-07,3.3359946e-18,N,N
CM03_English_N_0015.npy,10.795811,-0.9837468,-0.6094051,-19.864109,0.9999813,7.659407e-06,1.1137031e-05,4.8367977e-14,N,N
CF09_Hindi_N_0090.npy,27.428951,-21.048626,-9.365555,-34.704674,1.0,8.840071e-22,1.0479705e-16,1.0368346e-27,N,N
CM38_English_N_0042.npy,28.116508,-17.826166,-4.5877438,-38.719532,1.0,1.1151949e-20,6.2621417e-15,9.407512e-30,N,N
CF09_Hindi_N_0149.npy,26.551285,-15.915672,-5.215516,-36.40374,1.0,3.6044157e-19,1.5990207e-14,4.5601606e-28,N,N
CF14_Gujarati_N_0037.npy,35.243195,-24.17841,-11.288531,-48.331257,1.0,1.5614397e-26,6.1876793e-21,5.059162e-37,N,N
CF04_English_N_0082.npy,66.16466,-35.98207,-14.402845,-100.093864,1.0,4e-45,1.0232393e-35,0.0,N,N
CM05_English_N_0077.npy,28.043299,-3.9766715,-9.085308,-48.615696,1.0,1.2413772e-14,7.503262e-17,5.098246e-34,N,N
CM38_English_N_0081.npy,21.297825,-10.930536,-3.8710718,-31.654425,1.0,1.007859e-14,1.1729715e-11,1.0072356e-23,N,N
CF09_Hindi_N_0033.npy,38.20235,-26.81335,-6.6843057,-53.532417,1.0,5.808175e-29,3.2060645e-20,1.44576e-40,N,N
CM30_English_N_0037.npy,26.398226,-3.1444995,-8.298569,-48.10287,1.0,1.4782834e-13,8.53836e-16,4.4114764e-33,N,N
CF04_English_N_0025.npy,35.95392,-34.012566,-7.268092,-43.865955,1.0,4.1109487e-31,1.6940213e-19,2.1610804e-35,N,N
CM03_English_N_0082.npy,14.498207,-2.2423086,-2.418412,-24.894314,1.0,5.3664365e-08,4.4999325e-08,7.7991196e-18,N,N
CF09_Hindi_N_0153.npy,24.37201,-17.548067,-5.1002326,-32.77544,1.0,6.22792e-19,1.5862359e-13,1.5176725e-25,N,N
CM30_Gujarati_N_0004.npy,28.360119,-3.3221693,-7.5057726,-53.63132,1.0,1.7400298e-14,2.6524162e-16,2.4635996e-36,N,N
CF14_Gujarati_N_0065.npy,18.687416,-10.630808,-3.5021653,-27.464245,1.0,1.8503638e-13,2.3077432e-10,9.048744e-21,N,N
CF04_English_N_0030.npy,40.81389,-35.949936,-8.488766,-52.489117,1.0,4.590866e-34,3.8737296e-22,3.0131e-41,N,N
CF04_English_N_0070.npy,38.399376,-21.234713,-6.4436283,-56.955204,1.0,1.2625403e-26,3.3491263e-20,3.873e-42,N,N
CF09_English_N_0057.npy,21.508766,-18.044983,0.8096927,-27.02475,1.0,6.637813e-18,1.024487e-09,8.359145e-22,N,N
CF09_Hindi_N_0078.npy,26.564411,-25.939064,-6.4813027,-31.608644,1.0,1.5777218e-23,4.4506986e-15,5.4420445e-26,N,N
CM05_Hindi_N_0098.npy,31.773802,-16.759459,-6.277405,-46.344524,1.0,8.3612814e-22,2.982429e-17,1.184794e-34,N,N
CF09_Hindi_N_0057.npy,18.916264,-6.765436,-0.34789056,-30.335228,1.0,7.0239196e-12,4.302135e-09,4.0770778e-22,N,N
CF02_Gujarati_N_0068.npy,32.30271,-16.080296,-10.916643,-48.309525,1.0,9.716884e-22,1.6985315e-19,9.784772e-36,N,N
CM05_Hindi_N_0099.npy,28.588587,-7.563477,-8.779209,-46.709103,1.0,1.9923128e-16,5.907063e-17,1.9889697e-33,N,N
CM30_Gujarati_N_0037.npy,27.10104,1.3418438,-8.86269,-52.70178,1.0,6.5001537e-12,2.4051966e-16,2.1982465e-35,N,N
CM05_English_N_0093.npy,42.997215,-25.064959,-9.793495,-61.917805,1.0,2.7604145e-30,1.1838203e-23,0.0,N,N
CF04_English_N_0021.npy,50.762535,-30.289324,-11.718663,-73.97297,1.0,6.304139e-36,7.32421e-28,0.0,N,N
CM38_English_N_0136.npy,35.590687,-23.932993,-10.609793,-46.934082,1.0,1.4099169e-26,8.617623e-21,1.4452732e-36,N,N
CM30_English_N_0036.npy,29.258535,-11.732576,-10.615977,-44.658436,1.0,1.5768355e-18,4.816367e-18,7.911669e-33,N,N
CF20_Gujarati_N_0025.npy,23.56606,-18.488552,-4.126316,-31.681038,1.0,5.443954e-19,9.404902e-13,1.0150574e-24,N,N
CF14_Hindi_N_0128.npy,22.982296,-10.035835,-5.8913374,-35.150715,1.0,4.575176e-15,2.8862898e-13,5.6644034e-26,N,N
CM38_English_N_0092.npy,33.82157,-5.2438126,-6.198304,-60.94042,1.0,1.0817311e-17,4.1647535e-18,7.005e-42,N,N
CF09_English_N_0032.npy,48.447193,-34.474907,-14.221686,-66.90389,1.0,9.713771e-37,6.0708716e-28,0.0,N,N
CM24_Gujarati_N_0044.npy,17.730505,-10.801588,-5.0383315,-23.97437,1.0,4.0613408e-13,1.2930632e-10,7.723323e-19,N,N
CF04_Hindi_N_0113.npy,52.12069,-38.385475,-10.442698,-72.76297,1.0,4.93938e-40,6.746323e-28,0.0,N,N
CF09_Hindi_N_0172.npy,17.027878,-10.766352,-5.439192,-23.476788,1.0,8.494142e-13,1.7485403e-10,2.5647634e-18,N,N
CF09_English_N_0002.npy,33.921947,-27.039185,-7.639312,-43.26186,1.0,3.349012e-27,8.916082e-19,3.0164654e-34,N,N
CF09_Hindi_N_0083.npy,18.569635,-8.495928,-5.149729,-27.921879,1.0,1.7602536e-12,4.9981703e-11,6.4415604e-21,N,N
CM05_English_N_0046.npy,23.717821,-2.902673,-2.3823116,-44.68772,1.0,2.7470463e-12,4.6222848e-12,1.958174e-30,N,N
CM27_Gujarati_N_0036.npy,17.689953,-0.6350576,-3.9587958,-33.116627,1.0,1.1003963e-08,3.963401e-10,8.6095976e-23,N,N
CM35_English_N_0012.npy,27.481474,-16.494152,-8.684235,-38.257153,1.0,7.973135e-20,1.9653119e-16,2.8188898e-29,N,N
CM35_English_N_0029.npy,53.565536,-22.44494,-16.739336,-80.49188,1.0,9.7514695e-34,2.9307761e-31,0.0,N,N
CF04_Hindi_N_0045.npy,49.153973,-37.19763,-11.758484,-67.85023,1.0,3.147553e-38,3.5160598e-27,0.0,N,N
CF04_English_N_0009.npy,50.32529,-29.567064,-13.354455,-74.82785,1.0,2.0099732e-35,2.2092164e-28,0.0,N,N
CF04_Hindi_N_0008.npy,56.091736,-45.658455,-16.074162,-74.40099,1.0,7e-45,4.5577516e-32,0.0,N,N
CM38_English_N_0140.npy,16.886013,-15.938383,-2.2835052,-20.641277,1.0,5.5532433e-15,4.7291633e-09,5.0362223e-17,N,N
CM16_Hindi_N_0073.npy,12.081944,-10.867374,-1.1177932,-15.357136,0.9999981,1.0795358e-10,1.8510834e-06,1.2115977e-12,N,N
CM03_English_N_0089.npy,24.047115,-5.123811,-4.216185,-40.360615,1.0,2.144017e-13,5.313795e-13,1.0667882e-28,N,N
CM24_Gujarati_N_0026.npy,23.529976,-12.481892,-7.4141703,-32.181698,1.0,2.2921585e-16,3.6402274e-14,6.3786317e-25,N,N
CF04_English_N_0114.npy,22.04408,-19.788742,-4.464409,-27.122515,1.0,6.795713e-19,3.0726227e-12,4.4383233e-22,N,N
CF04_Hindi_N_0114.npy,45.707146,-39.99256,-12.56484,-58.937405,1.0,6.04074e-38,4.9294356e-26,0.0,N,N
CF04_Hindi_N_0096.npy,52.283592,-39.998417,-12.558002,-71.25412,1.0,8.3644e-41,6.9127614e-29,0.0,N,N
CF18_English_N_0052.npy,26.587523,-16.122152,-5.4230227,-37.51918,1.0,2.8276386e-19,1.2531338e-14,1.4414909e-28,N,N
CM38_English_N_0069.npy,29.647118,-15.339333,-11.011455,-43.001278,1.0,2.9015693e-20,2.198903e-18,2.8132242e-32,N,N
CF14_Gujarati_N_0063.npy,18.137386,-16.016655,-4.5979133,-22.064423,1.0,1.469225e-15,1.3371639e-10,3.471972e-18,N,N
CM05_English_N_0007.npy,31.497242,-21.170673,-11.491161,-42.403217,1.0,1.3384895e-23,2.1398022e-19,8.043375e-33,N,N
CF02_English_N_0075.npy,30.47034,-22.184715,-0.34058017,-41.359238,1.0,1.3558127e-23,4.1589833e-14,6.3798745e-32,N,N
CM38_English_N_0051.npy,19.802492,-1.6825218,-4.577839,-35.78531,1.0,4.668496e-10,2.5808142e-11,7.2198074e-25,N,N
CM16_Hindi_N_0050.npy,21.801125,-19.619183,-3.612449,-27.261438,1.0,1.0265714e-18,9.183853e-12,4.9249346e-22,N,N
CM38_English_N_0105.npy,30.545095,-11.045489,-8.561071,-47.292698,1.0,8.658426e-19,1.0385025e-17,1.5684718e-34,N,N
CF02_English_N_0099.npy,37.58486,-25.814032,-6.232631,-52.62506,1.0,2.9255641e-28,9.339086e-20,6.64245e-40,N,N
CF04_Hindi_N_0012.npy,52.53115,-37.187714,-15.100695,-73.3028,1.0,1.085407e-39,4.244862e-30,0.0,N,N
CM05_Hindi_N_0105.npy,25.392948,-10.301313,-5.584896,-38.49087,1.0,3.1490533e-16,3.519599e-14,1.801398e-28,N,N
CM16_Hindi_N_0016.npy,29.089455,-12.833479,-4.1353397,-44.078354,1.0,6.2101267e-19,3.7209683e-15,1.6734953e-32,N,N
CM30_Gujarati_N_0027.npy,28.872446,-0.29185325,-8.740367,-55.834476,1.0,2.1582704e-13,4.623419e-17,1.6302348e-37,N,N
CM35_English_N_0079.npy,30.086075,-15.729227,-11.464752,-42.540775,1.0,1.2666832e-20,9.009591e-19,2.874494e-32,N,N
CM27_Gujarati_N_0017.npy,28.472393,-11.255887,-1.4066359,-47.83792,1.0,5.5747788e-18,1.0560948e-13,7.2252017e-34,N,N
CM27_Gujarati_N_0027.npy,21.072468,-11.576296,-2.634291,-30.186386,1.0,6.6194405e-15,5.061574e-11,5.4772506e-23,N,N
CF14_Hindi_N_0035.npy,33.430805,-17.055084,-5.1238832,-51.37585,1.0,1.1864702e-22,1.8026524e-17,1.4754936e-37,N,N
CF14_Gujarati_N_0062.npy,23.499619,-16.5485,-6.308907,-30.891752,1.0,4.0487695e-18,1.13324037e-13,2.3885095e-24,N,N
CF04_Hindi_N_0051.npy,29.414165,-16.03507,-3.8969548,-44.55893,1.0,1.8266211e-20,3.413224e-15,7.479824e-33,N,N
CM27_Gujarati_N_0062.npy,18.794273,-15.77769,-3.2495458,-23.654346,1.0,9.673567e-16,2.6698746e-10,3.6711204e-19,N,N
CM03_English_N_0087.npy,26.9576,-10.832017,-8.100817,-40.365105,1.0,3.874168e-17,5.947335e-16,5.782549e-30,N,N
CM30_English_N_0027.npy,23.015427,-2.0498385,-5.9318657,-41.14992,1.0,1.3010484e-11,2.6813325e-13,1.3593932e-28,N,N
CF04_Hindi_N_0004.npy,59.819378,-38.982048,-12.683012,-86.38696,1.0,1.23e-43,3.2554646e-32,0.0,N,N
CF04_Hindi_N_0122.npy,13.580086,-17.471935,1.2216859,-13.663806,0.9999957,3.2679605e-14,4.2935158e-06,1.4727395e-12,N,N
CM38_English_N_0131.npy,43.17482,-20.042622,-7.7114415,-65.076294,1.0,3.5076317e-28,7.9501926e-23,0.0,N,N
CF14_Gujarati_N_0030.npy,27.753284,-32.30575,-4.429681,-28.327515,1.0,8.254523e-27,1.054669e-14,4.409795e-25,N,N
CM35_English_N_0108.npy,36.297005,-22.635424,-8.839703,-49.98613,1.0,2.5466683e-26,2.4967616e-20,3.370628e-38,N,N
CF04_English_N_0113.npy,43.360157,-32.792397,-9.50467,-58.84976,1.0,8.459887e-34,1.0992531e-23,4e-45,N,N
CM30_Gujarati_N_0068.npy,17.843443,-5.8982553,-7.208585,-27.731113,1.0,4.8877728e-11,1.3183848e-11,1.6114711e-20,N,N
CF02_English_N_0078.npy,32.95308,-20.119976,-2.3897307,-49.19501,1.0,8.926166e-24,4.475195e-16,2.1063926e-36,N,N
CF02_English_N_0016.npy,15.06789,-8.734058,-2.4338934,-21.192507,1.0,4.601984e-11,2.5065253e-08,1.7877586e-16,N,N
CM27_Gujarati_N_0013.npy,26.83909,-25.609138,1.5292085,-33.628887,1.0,1.6673411e-23,1.018728e-11,5.4839087e-27,N,N
CF02_Gujarati_N_0007.npy,34.908306,-22.690624,-11.224328,-47.86563,1.0,9.6627856e-26,9.2225695e-21,1.1265077e-36,N,N
CM27_Gujarati_N_0020.npy,10.33895,-6.047421,7.3558545,-20.317007,0.9518045,7.2784175e-08,0.04819542,4.622055e-14,N,N
CF04_English_N_0075.npy,52.29659,-36.85859,-8.1202755,-73.63936,1.0,1.907201e-39,5.7715175e-27,0.0,N,N
CF04_English_N_0101.npy,56.70318,-37.674004,-8.861765,-81.65759,1.0,1.0293e-41,3.3535728e-29,0.0,N,N
CM30_English_N_0054.npy,21.966246,5.1096563,-8.570206,-45.02097,1.0,4.778327e-08,5.4725244e-14,8.087662e-30,N,N
CF14_Gujarati_N_0024.npy,26.24884,-15.269629,-2.7778084,-38.253555,1.0,9.305876e-19,2.4767734e-13,9.704329e-29,N,N
CF02_English_N_0077.npy,32.15039,-20.225853,-3.4556065,-46.47862,1.0,1.7917873e-23,3.4396383e-16,7.1097365e-35,N,N
CF04_English_N_0052.npy,51.89705,-42.428066,-11.131079,-68.801414,1.0,1.0842e-41,4.2386844e-28,0.0,N,N
CF04_Hindi_N_0121.npy,23.811329,-25.141727,-7.7608037,-25.364002,1.0,5.494874e-22,1.9426621e-14,4.3997204e-22,N,N
CM05_Hindi_N_0063.npy,16.447334,-4.5486803,-6.0472965,-25.395542,1.0,7.6128476e-10,1.7010066e-10,6.727747e-19,N,N
CF04_English_N_0068.npy,29.78616,-22.537466,-3.519116,-41.502037,1.0,1.8885956e-23,3.43323e-15,1.0963047e-31,N,N
CM35_English_N_0078.npy,37.79364,-25.788383,-9.789964,-51.652996,1.0,2.4360038e-28,2.1612442e-21,1.42501e-39,N,N
CM27_Gujarati_N_0026.npy,30.202171,-17.058113,-4.8749523,-43.94032,1.0,2.9862024e-21,5.8371105e-16,6.314329e-33,N,N
CF09_English_N_0046.npy,34.406124,-30.632486,-4.965834,-44.246162,1.0,5.676616e-29,7.961139e-18,6.9462056e-35,N,N
CM38_English_N_0107.npy,30.393116,-10.049963,-7.4036736,-48.07561,1.0,2.7276885e-18,3.8464686e-17,8.34574e-35,N,N
CF02_English_N_0086.npy,21.308311,-15.369314,-2.2275631,-28.654963,1.0,1.1779008e-16,6.004809e-11,2.0009058e-22,N,N
CF04_Hindi_N_0144.npy,25.06305,-26.413164,-6.499502,-28.269287,1.0,4.4072264e-23,1.9613634e-14,6.887484e-24,N,N
CF20_Gujarati_N_0027.npy,40.59127,-34.263092,-8.235061,-52.75193,1.0,3.098585e-33,6.237254e-22,2.8944e-41,N,N
CM05_Hindi_N_0014.npy,20.642048,0.66842,-4.9047737,-40.553165,1.0,2.1162354e-09,8.038154e-12,2.6500652e-27,N,N
CM05_English_N_0070.npy,20.286884,-1.9563596,-5.7036724,-35.60409,1.0,2.1871663e-10,5.157564e-12,5.3316e-25,N,N
CM05_English_N_0079.npy,46.90264,-16.367193,-14.961078,-74.17137,1.0,3.3285816e-28,1.3580877e-27,0.0,N,N
CF09_Hindi_N_0094.npy,37.160225,-23.95308,-8.033435,-53.367138,1.0,2.8762674e-27,2.3585362e-20,4.8358e-40,N,N
CF04_Hindi_N_0117.npy,52.995438,-39.497337,-11.807798,-73.36429,1.0,6.7749e-41,7.183091e-29,0.0,N,N
CM27_Gujarati_N_0049.npy,5.7805676,-8.2871895,2.092266,-5.769515,0.9755862,7.580826e-07,0.024403755,9.400009e-06,N,N
CM35_English_N_0013.npy,23.080841,-18.96432,-6.922072,-27.352251,1.0,5.495658e-19,9.330409e-14,1.2507982e-22,N,N
CM05_Hindi_N_0025.npy,26.56165,-0.7456272,-6.79013,-49.244144,1.0,1.3822952e-12,3.277223e-15,1.1966361e-33,N,N
CM35_English_N_0057.npy,34.846943,-25.351496,-7.435683,-45.585167,1.0,7.180414e-27,4.3339945e-19,1.1715933e-35,N,N
CM16_Hindi_N_0024.npy,31.011337,-25.05151,-4.7327294,-40.212402,1.0,4.4896746e-25,2.9960458e-16,1.1692919e-31,N,N
CM03_English_N_0048.npy,17.600975,-10.718803,-3.4949765,-24.570782,1.0,5.0219974e-13,6.88882e-10,4.8421556e-19,N,N
CF04_English_N_0015.npy,49.89159,-33.475235,-14.126041,-70.13204,1.0,6.22658e-37,1.5757811e-28,0.0,N,N
CF04_Hindi_N_0073.npy,30.408852,-14.680549,-7.811499,-46.872276,1.0,2.617712e-20,2.518326e-17,2.736734e-34,N,N
CM38_English_N_0022.npy,21.970356,-6.30129,-5.821252,-35.261024,1.0,5.269628e-13,8.5164476e-13,1.3954917e-25,N,N
CM24_Gujarati_N_0036.npy,24.619446,-3.3875597,-9.726317,-41.953297,1.0,6.8661293e-13,1.2128976e-15,1.2241283e-29,N,N
CM03_English_N_0019.npy,14.168825,-10.842552,-3.4145203,-16.615334,1.0,1.3730832e-11,2.3102029e-08,4.2717884e-14,N,N
CF18_English_N_0047.npy,26.320724,-22.602655,-1.692212,-35.320004,1.0,5.6603973e-22,6.825534e-13,1.6973521e-27,N,N
CF04_English_N_0093.npy,42.23071,-38.86604,-11.669302,-52.42577,1.0,6.027395e-36,3.9041223e-24,7.784e-42,N,N
CF18_English_N_0048.npy,37.716057,-34.111725,-6.6953077,-47.68353,1.0,6.391323e-32,5.1569037e-20,8.155166e-38,N,N
CM16_Hindi_N_0026.npy,29.935215,-30.199364,-1.6799985,-34.453045,1.0,7.653927e-27,1.8607467e-14,1.0877623e-28,N,N
CF14_English_N_0029.npy,26.057764,-12.698209,-3.2875085,-40.884335,1.0,1.4739897e-17,1.8009858e-13,8.460872e-30,N,N
CF09_Hindi_N_0125.npy,29.369389,-21.94989,-5.7265844,-38.49504,1.0,5.1560892e-23,5.7281207e-16,3.363988e-30,N,N
CF14_Hindi_N_0089.npy,29.89786,-17.707212,0.20012684,-45.45888,1.0,2.1153385e-21,1.2660138e-13,1.8749184e-33,N,N
CF18_English_N_0005.npy,25.148266,-22.179144,4.447868,-33.922375,1.0,2.7923376e-21,1.0231318e-09,2.2179247e-26,N,N
CM30_English_N_0013.npy,36.93433,-6.6469536,-8.300944,-64.71385,1.0,1.1827394e-19,2.2624009e-20,7e-45,N,N
CF09_Hindi_N_0039.npy,44.07486,-36.13755,-14.795121,-56.807114,1.0,1.4594626e-35,2.7107695e-26,1.5e-44,N,N
CF02_English_N_0064.npy,40.520176,-18.64788,-6.0414276,-63.161484,1.0,2.0120538e-26,6.005546e-21,1e-45,N,N
CF04_Hindi_N_0032.npy,59.098534,-41.322536,-12.084072,-83.69495,1.0,2.4e-44,1.218397e-31,0.0,N,N
CF14_Hindi_N_0095.npy,18.315865,-11.204512,0.046452593,-27.457577,1.0,1.5116927e-13,1.16331025e-08,1.3208302e-20,N,N
CF04_Hindi_N_0024.npy,52.786354,-27.450974,-11.517217,-79.80326,1.0,1.4235456e-35,1.1838939e-28,0.0,N,N
CM05_Hindi_N_0120.npy,23.669155,-10.084911,-3.8966444,-34.771168,1.0,2.191771e-15,1.0673953e-12,4.1657215e-26,N,N
CM30_Gujarati_N_0013.npy,25.46189,-6.360278,-10.37272,-40.9344,1.0,1.5128947e-14,2.7366962e-16,1.4603582e-29,N,N
CF14_Hindi_N_0143.npy,15.5372925,-15.830935,-5.1599684,-16.325325,1.0,2.3820569e-14,1.026345e-09,1.4529178e-14,N,N
CM03_English_N_0036.npy,12.704072,-3.4754355,-2.112282,-21.006311,0.9999995,9.404347e-08,3.6756919e-07,2.289633e-15,N,N
CF04_English_N_0047.npy,34.72897,-17.157845,-2.2850332,-55.627007,1.0,2.923095e-23,8.4143856e-17,5.73984e-40,N,N
CM05_Hindi_N_0123.npy,19.711958,-11.531491,-6.8016696,-26.470766,1.0,2.6986216e-14,3.0568748e-12,8.771984e-21,N,N
CM03_English_N_0100.npy,35.071968,-20.000834,-4.6301723,-51.095703,1.0,1.2083339e-24,5.722415e-18,3.7831704e-38,N,N
CF14_Hindi_N_0050.npy,21.999758,-19.915325,-7.509766,-25.121437,1.0,6.259072e-19,1.5281881e-13,3.431831e-21,N,N
CM05_English_N_0015.npy,18.202564,-4.1456585,-4.2299376,-29.46562,1.0,1.9692016e-10,1.8100386e-10,1.9859641e-21,N,N
CM27_Gujarati_N_0042.npy,19.847641,-17.048172,-2.9851518,-24.180838,1.0,9.470044e-17,1.212954e-10,7.562647e-20,N,N
CF09_Hindi_N_0012.npy,42.91784,-34.504852,-7.7752795,-57.532887,1.0,2.3754856e-34,9.644021e-23,2.4e-44,N,N
CM35_English_N_0088.npy,27.91306,-16.631594,-6.1643553,-38.484245,1.0,4.513383e-20,1.5862314e-15,1.458866e-29,N,N
CF14_Hindi_N_0071.npy,28.664911,-22.072762,-6.6512504,-37.65239,1.0,9.223793e-23,4.5960595e-16,1.5803855e-29,N,N
CF09_English_N_0014.npy,29.56905,-20.910103,-8.023484,-40.050873,1.0,1.19449e-22,4.7181347e-17,5.813711e-31,N,N
CF14_Gujarati_N_0051.npy,25.35491,-11.567556,-7.6557665,-36.72575,1.0,9.220971e-17,4.6094063e-15,1.0932332e-27,N,N
CF04_Hindi_N_0105.npy,55.15268,-39.511383,-8.414988,-78.64925,1.0,7.725e-42,2.4712337e-28,0.0,N,N
CF14_Hindi_N_0033.npy,23.266298,-16.28122,-2.0483484,-32.022224,1.0,6.6793176e-18,1.01388386e-11,9.738689e-25,N,N
CF02_English_N_0070.npy,27.172853,-17.928452,-3.737932,-37.90457,1.0,2.586741e-20,3.7637116e-14,5.460523e-29,N,N
CM03_English_N_0092.npy,21.389202,-9.72909,-6.4084277,-31.352577,1.0,3.058423e-14,8.4653037e-13,1.2431865e-23,N,N
CF04_Hindi_N_0072.npy,36.574875,-22.430777,-5.7158175,-52.80368,1.0,2.3668479e-26,4.2991846e-19,1.52541e-39,N,N
CF04_Hindi_N_0001.npy,26.017784,-20.306158,-4.3982067,-35.03878,1.0,7.616698e-21,6.173096e-14,3.044185e-27,N,N
CM35_English_N_0037.npy,36.708122,-18.096333,-7.9389205,-54.37956,1.0,1.5802568e-24,4.0741434e-20,2.76137e-40,N,N
CM35_English_N_0009.npy,19.424923,-10.039796,-4.789101,-27.78619,1.0,1.5982166e-13,3.047777e-11,3.1367085e-21,N,N
CM16_Hindi_N_0004.npy,21.6683,-23.487469,-3.1976516,-24.05047,1.0,2.449619e-20,1.5880144e-11,1.3950482e-20,N,N
CF04_English_N_0089.npy,44.227104,-35.27172,-12.246696,-58.750576,1.0,2.9791954e-35,2.976734e-25,1e-45,N,N
CF18_English_N_0045.npy,33.00717,-14.661772,-8.097177,-51.79884,1.0,1.9844497e-21,1.40802e-18,1.4764395e-37,N,N
CF09_Hindi_N_0035.npy,47.959633,-26.41506,-12.404409,-70.779,1.0,5.00588e-33,6.0845535e-27,0.0,N,N
CF04_English_N_0057.npy,27.548649,-14.95531,-6.6704435,-40.552895,1.0,3.4734805e-19,1.3766913e-15,2.6538344e-30,N,N
CM38_English_N_0127.npy,33.00042,-20.845407,-7.8208404,-44.290596,1.0,4.1214996e-24,1.8687563e-18,2.7098074e-34,N,N
CF02_Gujarati_N_0021.npy,35.79441,-16.196032,-4.0651937,-58.25179,1.0,2.635352e-23,4.8887065e-18,1.433e-41,N,N
CM35_English_N_0006.npy,24.25172,-17.683506,-7.43624,-32.547333,1.0,6.1342654e-19,1.7301874e-14,2.1502285e-25,N,N
CM05_English_N_0012.npy,20.739164,-3.0878885,-4.1802883,-37.107525,1.0,4.4878913e-11,1.5052867e-11,7.542284e-26,N,N
CF14_Gujarati_N_0067.npy,14.223936,-14.488794,-2.961373,-15.397375,1.0,3.3901555e-13,3.439659e-08,1.3665578e-13,N,N
CF02_English_N_0063.npy,43.138382,-18.73136,-8.80444,-68.40385,1.0,1.3499319e-27,2.7638805e-23,0.0,N,N
CM38_English_N_0088.npy,28.809885,-16.130394,-7.081811,-41.241196,1.0,3.0386848e-20,2.5848425e-16,3.7774873e-31,N,N
CM05_Hindi_N_0111.npy,19.720356,-10.143537,-2.3316011,-27.940304,1.0,1.07220216e-13,2.6482386e-10,2.0009602e-21,N,N
CM30_Gujarati_N_0040.npy,31.977962,-6.722131,-9.149136,-53.771168,1.0,1.5587034e-17,1.376348e-18,5.749445e-38,N,N
CF04_English_N_0112.npy,43.89995,-37.04631,-13.8474045,-56.920094,1.0,7.0062656e-36,8.3299693e-26,1.7e-44,N,N
CF04_Hindi_N_0038.npy,64.30264,-52.074417,-16.179054,-85.75165,1.0,0.0,1.1149184e-35,0.0,N,N
CF09_English_N_0058.npy,26.902798,-14.444094,-6.5053673,-38.941414,1.0,1.1047714e-18,3.09755e-15,2.536436e-29,N,N
CM35_English_N_0047.npy,48.141685,-41.854416,-12.257828,-60.541256,1.0,8.22601e-40,5.872522e-27,0.0,N,N
CM05_Hindi_N_0002.npy,14.865055,1.0156862,-2.7272062,-30.370785,0.99999905,9.667074e-07,2.2896927e-08,2.261122e-20,N,N
CM05_English_N_0002.npy,20.240604,-1.5785547,-2.9122894,-38.28349,1.0,3.342411e-10,8.8069656e-11,3.830973e-26,N,N
CM38_English_N_0071.npy,21.944939,-14.317781,-6.541477,-29.651571,1.0,1.783617e-16,4.2511535e-13,3.9076856e-23,N,N
CF09_Hindi_N_0021.npy,47.61812,-36.427395,-12.703905,-64.00832,1.0,3.1586084e-37,6.345691e-27,0.0,N,N
CF14_Hindi_N_0114.npy,23.282671,-21.259579,-7.140931,-26.884502,1.0,4.524243e-20,6.126283e-14,1.6318213e-22,N,N
CM24_Gujarati_N_0057.npy,9.498483,-0.8050075,-1.012049,-18.039436,0.9999392,3.351386e-05,2.7246317e-05,1.097508e-12,N,N
CF09_English_N_0023.npy,36.78332,-24.381916,-11.806931,-51.322136,1.0,2.7307058e-27,7.898083e-22,5.448635e-39,N,N
CM35_English_N_0091.npy,30.369127,-18.84143,-1.8520015,-41.86652,1.0,4.247438e-22,1.0151749e-14,4.2506584e-32,N,N
CF18_English_N_0012.npy,30.789833,-25.767399,2.1176643,-42.194992,1.0,2.7384591e-25,3.530493e-13,2.0095239e-32,N,N
CF18_English_N_0008.npy,28.324375,-18.881817,-5.241417,-40.038143,1.0,3.1521822e-21,2.6458287e-15,2.044257e-30,N,N
CF20_Gujarati_N_0059.npy,19.041273,-20.313152,-4.2838006,-21.445063,1.0,8.101978e-18,7.413946e-11,2.6122083e-18,N,N
CF04_Hindi_N_0078.npy,58.677254,-43.31815,-14.723484,-81.68121,1.0,6e-45,1.3257541e-32,0.0,N,N
CF04_Hindi_N_0134.npy,36.485977,-26.45061,-12.586018,-49.713684,1.0,4.6450315e-28,4.8786925e-22,3.664062e-38,N,N
CF09_Hindi_N_0122.npy,54.52979,-33.456955,-10.202002,-80.17433,1.0,6.13542e-39,7.715097e-29,0.0,N,N
CF04_Hindi_N_0115.npy,46.514862,-33.11589,-9.762711,-65.50032,1.0,2.6109802e-35,3.6221027e-25,0.0,N,N
CM30_Gujarati_N_0055.npy,37.124134,-4.548852,-10.767334,-66.62779,1.0,7.973565e-19,1.5885457e-21,1e-45,N,N
CF14_English_N_0046.npy,10.60233,6.5492644,-1.5851879,-29.467724,0.98292255,0.017072424,5.0066524e-06,3.893286e-18,N,N
CF14_English_N_0024.npy,20.704517,-9.381067,-0.75569457,-33.10883,1.0,8.590068e-14,4.785728e-10,4.2575565e-24,N,N
CF09_Hindi_N_0049.npy,52.1428,-39.68258,-10.01568,-69.942184,1.0,1.32051e-40,1.011384e-27,0.0,N,N
CF18_English_N_0014.npy,40.04697,-22.392355,-9.078255,-58.59727,1.0,7.637415e-28,4.6257895e-22,1.44e-43,N,N
CF09_Hindi_N_0004.npy,49.768562,-32.095047,-9.634832,-71.66671,1.0,2.7995371e-36,1.5901302e-26,0.0,N,N
CM35_English_N_0086.npy,28.533073,-14.358108,-8.707699,-41.482162,1.0,2.3582855e-19,6.7071516e-17,3.9153392e-31,N,N
CF04_Hindi_N_0123.npy,23.604517,-25.4148,-6.5017366,-24.954367,1.0,5.1425774e-22,8.414334e-14,8.149759e-22,N,N
CF04_Hindi_N_0019.npy,57.647575,-42.39709,-13.862638,-79.57354,1.0,3.5e-44,8.780271e-32,0.0,N,N
CF14_Hindi_N_0049.npy,24.517231,-16.059553,-4.4645915,-35.081997,1.0,2.3863129e-18,2.5903246e-13,1.3073268e-26,N,N
CM05_English_N_0078.npy,33.27954,-15.34421,-8.828276,-49.964962,1.0,7.6379043e-22,5.161866e-19,7.036716e-37,N,N
CM05_Hindi_N_0054.npy,12.718662,-0.41406506,-5.8060265,-22.745432,0.999998,1.9793745e-06,9.012163e-09,3.964039e-16,N,N
CF02_Gujarati_N_0020.npy,35.784187,-19.400377,-4.96712,-55.18381,1.0,1.0805602e-24,2.0041565e-18,3.11242e-40,N,N
CM24_Gujarati_N_0007.npy,18.961082,1.5507407,-4.648085,-37.739494,1.0,2.7465331e-08,5.5804472e-11,2.3727523e-25,N,N
CM38_English_N_0067.npy,43.44144,-22.199957,-12.029392,-63.61341,1.0,3.1067344e-29,8.115651e-25,0.0,N,N
CM05_Hindi_N_0018.npy,26.964819,-3.6042836,-7.4851103,-46.875122,1.0,5.2967217e-14,1.0929146e-15,8.545161e-33,N,N
CF09_Hindi_N_0070.npy,24.953419,-13.907578,-1.0508707,-39.703175,1.0,1.3270392e-17,5.0872197e-12,8.317606e-29,N,N
CF02_English_N_0061.npy,20.775757,-14.207378,0.6507949,-29.688663,1.0,6.412353e-16,1.8190311e-09,1.212218e-22,N,N
CM16_Hindi_N_0025.npy,38.199547,-25.331375,-8.201161,-51.689545,1.0,2.5637233e-28,7.053893e-21,9.1551e-40,N,N
CM27_Gujarati_N_0028.npy,38.375893,-21.575428,-6.11274,-55.4409,1.0,9.193318e-27,4.773452e-20,1.8025e-41,N,N
CF14_English_N_0023.npy,27.244041,-19.226006,-3.2633026,-36.676903,1.0,6.5813503e-21,5.6341596e-14,1.7357479e-28,N,N
CF18_English_N_0003.npy,32.97523,-20.681463,-8.508371,-46.5102,1.0,4.979601e-24,9.636061e-19,3.0193766e-35,N,N
CM16_Hindi_N_0069.npy,16.261911,-14.706801,-2.3658645,-19.922855,1.0,3.5518887e-14,8.129429e-09,1.9282113e-16,N,N
CF14_Hindi_N_0037.npy,28.681774,-20.493286,-6.808749,-39.06532,1.0,4.400912e-22,3.8606565e-16,3.7827814e-30,N,N
CM35_English_N_0083.npy,11.992472,-5.2486973,-2.8671026,-17.257654,0.99999964,3.2527847e-08,3.5202112e-07,1.9807589e-13,N,N
CM38_English_N_0093.npy,33.33472,-5.206821,-10.238215,-57.608547,1.0,1.8265055e-17,1.1926524e-19,3.19036e-40,N,N
CF18_English_N_0002.npy,25.431837,-19.792917,2.9038684,-36.60561,1.0,2.2863292e-20,1.6452321e-10,1.1415106e-27,N,N
CF04_Hindi_N_0044.npy,49.59113,-37.99348,-9.098635,-68.74991,1.0,9.172488e-39,3.2460748e-26,0.0,N,N
CF14_Gujarati_N_0035.npy,29.156244,-31.556389,-7.6434193,-32.020367,1.0,4.293775e-27,1.0425795e-16,2.6998187e-27,N,N
CF14_Gujarati_N_0069.npy,15.339359,-17.73737,-3.60575,-15.174937,1.0,4.3147854e-15,5.9189293e-09,5.5951144e-14,N,N
CF09_Hindi_N_0051.npy,41.220413,-29.103863,-11.985062,-57.119194,1.0,2.8744406e-31,7.819084e-24,1.96e-43,N,N
CF04_Hindi_N_0058.npy,18.296352,-6.9747753,0.1297111,-30.836477,1.0,1.0589822e-11,1.2892228e-08,4.590754e-22,N,N
CF04_Hindi_N_0026.npy,49.015427,-35.038414,-10.686222,-69.00786,1.0,3.132426e-37,1.1800582e-26,0.0,N,N
CF18_English_N_0023.npy,38.507072,-25.897501,-7.158605,-54.55884,1.0,1.0701631e-28,1.4711226e-20,3.8194e-41,N,N
CF14_Gujarati_N_0004.npy,39.874474,-33.824066,-10.939426,-50.73791,1.0,9.843077e-33,8.546802e-23,4.44164e-40,N,N
CF04_English_N_0013.npy,42.851612,-28.257858,-7.534565,-61.31715,1.0,1.3108442e-31,1.3108752e-22,0.0,N,N
CM30_Gujarati_N_0060.npy,17.53294,-1.0384462,-5.8045645,-32.52477,1.0,8.601009e-09,7.3223455e-11,1.8205949e-22,N,N
CM05_Hindi_N_0022.npy,15.429935,-0.008828804,-4.6435103,-28.332268,0.99999976,1.9725573e-07,1.915195e-09,9.8699856e-20,N,N
CM03_English_N_0047.npy,11.528196,-0.18026249,-3.6337838,-20.987709,0.99999154,8.2238885e-06,2.6015505e-07,7.559921e-15,N,N
CF02_Gujarati_N_0062.npy,22.19561,-4.062362,-3.3426795,-39.67823,1.0,3.9473654e-12,8.1070255e-12,1.3444126e-27,N,N
CM30_Gujarati_N_0028.npy,12.023219,10.267153,-8.726407,-35.111214,0.8527163,0.14728369,8.3053214e-10,2.8878864e-21,N,N
CF04_English_N_0078.npy,34.2949,-35.5299,-10.071854,-38.983624,1.0,4.736693e-31,5.392177e-20,1.49811e-32,N,N
CF09_Hindi_N_0114.npy,49.709496,-34.349007,-7.5717454,-69.911575,1.0,3.1178581e-37,1.3276162e-25,0.0,N,N
CM05_Hindi_N_0071.npy,28.305328,-16.107689,-8.039254,-39.266216,1.0,5.1483928e-20,1.6434207e-16,4.5086795e-30,N,N
CF04_Hindi_N_0067.npy,19.721786,-19.725372,-2.8178012,-23.100548,1.0,7.384423e-18,1.626229e-10,2.5263675e-19,N,N
CF14_Hindi_N_0086.npy,29.322805,-21.486025,-4.608097,-40.366127,1.0,8.590242e-23,1.836526e-15,5.426007e-31,N,N
CF14_Hindi_N_0127.npy,36.368134,-24.043001,-7.848694,-50.990055,1.0,5.8046812e-27,6.264348e-20,1.1503298e-38,N,N
CF14_Gujarati_N_0043.npy,33.092255,-26.635094,-9.480148,-43.060917,1.0,1.1501175e-26,3.2436973e-19,8.454725e-34,N,N
CM05_English_N_0085.npy,24.765799,-3.724037,-9.732397,-42.680275,1.0,4.23664e-13,1.0414154e-15,5.1114203e-30,N,N
CM35_English_N_0068.npy,25.639269,-12.810808,-6.6664324,-36.65772,1.0,2.0014454e-17,9.328499e-15,8.805646e-28,N,N
CF04_English_N_0040.npy,49.96819,-28.321835,-6.129509,-76.60781,1.0,9.978716e-35,4.3358995e-25,0.0,N,N
CM35_English_N_0064.npy,20.0693,-7.0794444,-5.3458185,-31.930103,1.0,1.6197576e-12,9.1696754e-12,2.6118328e-23,N,N
CF04_English_N_0087.npy,45.270226,-39.332314,-5.384192,-59.28487,1.0,1.8096065e-37,1.0024561e-22,0.0,N,N
CM24_Gujarati_N_0010.npy,14.786356,-2.4501996,-0.71741194,-26.493038,0.99999976,3.2678276e-08,1.848413e-07,1.1819142e-18,N,N
CF04_English_N_0081.npy,35.001305,-33.500572,-1.6909511,-44.35813,1.0,1.7783322e-30,1.1607945e-16,3.424797e-35,N,N
CF14_Hindi_N_0001.npy,19.58651,-10.244797,-1.9636983,-30.060585,1.0,1.1077154e-13,4.3738507e-10,2.7449898e-22,N,N
CM38_English_N_0030.npy,38.941895,-14.5896,-7.750399,-62.04717,1.0,5.6437464e-24,5.2697976e-21,1.4e-44,N,N
CF02_English_N_0029.npy,29.33875,-21.702354,-1.5595815,-40.89117,1.0,6.809713e-23,3.8108744e-14,3.158883e-31,N,N
CM24_Gujarati_N_0046.npy,28.004704,-12.591793,-5.5318975,-41.426598,1.0,2.339729e-18,2.724199e-15,7.02049e-31,N,N
CM27_Gujarati_N_0041.npy,22.143202,-0.17055361,-5.557853,-40.09467,1.0,2.0382589e-10,9.323617e-13,9.341934e-28,N,N
CF14_English_N_0020.npy,32.58812,-26.630749,-0.8471251,-45.033672,1.0,1.9123716e-26,3.0147923e-15,1.9466258e-34,N,N
CF18_English_N_0058.npy,17.979677,-13.521729,3.3006213,-27.188814,0.9999995,2.08503e-14,4.2166417e-07,2.4186514e-20,N,N
CM05_English_N_0068.npy,33.200066,-13.777971,-8.354725,-51.42822,1.0,3.9600315e-21,8.973953e-19,1.7636188e-37,N,N
CM05_English_N_0032.npy,24.656767,-5.2864847,-6.373339,-41.090992,1.0,9.9040005e-14,3.340384e-14,2.7932638e-29,N,N
CF14_English_N_0036.npy,21.66241,-13.055462,2.3915935,-33.522213,1.0,8.360255e-16,4.273568e-09,1.0804942e-24,N,N
CF18_English_N_0051.npy,35.095165,-13.478866,-8.901084,-56.672413,1.0,8.0272355e-22,7.8103654e-20,1.3991e-40,N,N
CM03_English_N_0095.npy,26.181047,-25.452326,-1.2366058,-30.332066,1.0,3.7662652e-23,1.2378389e-12,2.8619763e-25,N,N
CM16_Hindi_N_0008.npy,20.471994,-23.029737,-2.1857958,-21.823475,1.0,1.280672e-19,1.4449285e-10,4.2786843e-19,N,N
CF20_Gujarati_N_0022.npy,35.250374,-27.350693,-6.5398355,-47.660988,1.0,6.496841e-28,7.0915647e-19,9.818681e-37,N,N
CM05_Hindi_N_0061.npy,20.627674,-9.796639,-3.5015533,-29.723358,1.0,6.121938e-14,3.3174928e-11,1.3577648e-22,N,N
CF09_Hindi_N_0053.npy,34.85128,-25.358894,-4.841425,-47.25169,1.0,7.0966505e-27,5.7766758e-18,2.2036103e-36,N,N
CM16_Hindi_N_0040.npy,26.049068,-20.296188,1.6817701,-35.841305,1.0,7.4560824e-21,2.61467e-11,1.3223682e-27,N,N
CF09_Hindi_N_0113.npy,39.44253,-26.717667,-12.518982,-54.69179,1.0,1.8492233e-29,2.7126976e-23,1.3122e-41,N,N
CM30_English_N_0030.npy,23.114567,-3.8235018,-8.231739,-38.32356,1.0,1.999611e-12,2.4348508e-14,2.078553e-27,N,N
CF09_Hindi_N_0045.npy,43.136627,-25.754417,-9.260802,-63.389225,1.0,1.2050345e-30,1.7542242e-23,0.0,N,N
CM05_Hindi_N_0008.npy,21.550074,-2.4018211,-6.8742642,-37.8684,1.0,3.9611772e-11,4.523422e-13,1.5663376e-26,N,N
CM03_English_N_0083.npy,23.742598,-14.170376,-4.966461,-33.45039,1.0,3.424567e-17,3.402626e-13,1.4501135e-25,N,N
CF09_Hindi_N_0098.npy,44.315773,-36.92084,-11.010415,-57.358273,1.0,5.240649e-36,9.378691e-25,7e-45,N,N
CF14_Gujarati_N_0044.npy,28.08435,-22.489979,-7.563399,-36.52113,1.0,1.086045e-22,3.298971e-16,8.753763e-29,N,N
CF20_Gujarati_N_0034.npy,32.793056,-24.367817,-7.0024195,-43.846676,1.0,1.4974355e-25,5.212485e-18,5.197412e-34,N,N
CM35_English_N_0048.npy,27.821466,-12.497184,-8.18627,-41.69342,1.0,3.089108e-18,2.301648e-16,6.4575693e-31,N,N
CF20_Gujarati_N_0069.npy,27.938715,-17.385319,-9.163456,-39.338894,1.0,2.0702434e-20,7.704262e-17,6.0492967e-30,N,N
CM24_Gujarati_N_0056.npy,19.378553,-7.3578224,-3.2176087,-30.940962,1.0,2.446468e-12,1.5367782e-10,1.401239e-22,N,N
CM38_English_N_0072.npy,32.095207,-17.070429,-9.710775,-46.788548,1.0,4.4425915e-22,6.980582e-19,5.510854e-35,N,N
CM05_English_N_0076.npy,18.28793,-1.582926,-4.7272673,-32.05614,1.0,2.3452933e-09,1.0107101e-10,1.3672503e-22,N,N
CM24_Gujarati_N_0006.npy,15.816085,-11.404972,0.014793586,-20.433128,0.9999999,1.5067622e-12,1.3727336e-07,1.807866e-16,N,N
CF18_English_N_0057.npy,33.14911,-25.108063,-7.0451937,-44.736515,1.0,5.0030153e-26,3.4981356e-18,1.4952196e-34,N,N
CM03_English_N_0012.npy,12.8400545,-4.5893373,2.0043657,-21.794329,0.99998033,2.6946523e-08,1.9683925e-05,9.088025e-16,N,N
CM16_Hindi_N_0051.npy,31.313694,-25.715237,-6.1926003,-39.884495,1.0,1.7086382e-25,5.143081e-17,1.1995531e-31,N,N
CF14_Hindi_N_0100.npy,39.362083,-21.352032,-3.6855462,-60.255814,1.0,4.2874078e-27,2.0167483e-19,5.5e-44,N,N
CM30_Gujarati_N_0018.npy,29.411892,6.326568,-10.683542,-62.86687,1.0,9.4226155e-11,3.861654e-18,8.3915e-41,N,N
CM35_English_N_0114.npy,44.45954,-20.074871,-9.215319,-67.738625,1.0,9.3985845e-29,4.8899602e-24,0.0,N,N
CM27_Gujarati_N_0045.npy,19.870848,-13.750303,-5.472935,-26.30441,1.0,2.503339e-15,9.847708e-12,8.837715e-21,N,N
CF04_Hindi_N_0132.npy,24.953619,-26.003864,-2.4376936,-28.545753,1.0,7.403669e-23,1.2708798e-12,5.8279647e-24,N,N
CM05_Hindi_N_0104.npy,27.149858,-20.542862,-8.31603,-35.785168,1.0,1.9378293e-21,3.9569462e-16,4.6522667e-28,N,N
CF04_English_N_0043.npy,57.251274,-45.24521,-14.919477,-77.038734,1.0,3e-45,4.535655e-32,0.0,N,N
CM35_English_N_0052.npy,20.821892,-11.045816,-5.2758503,-28.121595,1.0,1.4455402e-14,4.633345e-12,5.547697e-22,N,N
CF09_Hindi_N_0104.npy,34.23472,-19.2248,-7.952916,-50.327934,1.0,6.064935e-24,4.765885e-19,1.883244e-37,N,N
CF04_Hindi_N_0039.npy,43.630085,-38.18254,-8.51569,-55.229424,1.0,2.9459792e-36,2.2562007e-23,1.16e-43,N,N
CF04_English_N_0019.npy,51.28037,-24.632627,-10.143381,-79.976166,1.0,1.0749924e-33,2.1086452e-27,0.0,N,N
CF14_English_N_0001.npy,21.206772,-10.569867,0.40811306,-33.759064,1.0,1.5833665e-14,9.273794e-10,1.3447481e-24,N,N
CF02_Gujarati_N_0024.npy,38.284683,-28.760519,-7.9812937,-51.899235,1.0,7.63199e-30,8.071271e-21,6.81747e-40,N,N
CF09_Hindi_N_0095.npy,43.194107,-30.48103,-13.704524,-58.26118,1.0,1.0076114e-32,1.9464268e-25,8e-45,N,N
CM05_English_N_0066.npy,26.929134,-8.514015,-4.374156,-42.520775,1.0,4.0479556e-16,2.54187e-14,6.8911123e-31,N,N
CM35_English_N_0099.npy,42.27629,-13.363314,-8.8560705,-68.74669,1.0,6.855318e-25,6.215802e-23,0.0,N,N
CM30_Gujarati_N_0024.npy,24.051216,-1.0450664,-8.000306,-42.77296,1.0,1.2613128e-11,1.2028215e-14,9.519857e-30,N,N
CF04_English_N_0037.npy,42.55933,-27.191975,-6.2260456,-62.083355,1.0,5.0979234e-31,6.498001e-22,0.0,N,N
CF04_English_N_0038.npy,49.877663,-35.559338,-12.053447,-68.48988,1.0,7.855682e-38,1.2695813e-27,0.0,N,N
CF14_Gujarati_N_0027.npy,33.964394,-21.799873,-7.849251,-47.05752,1.0,6.0518283e-25,6.9273155e-19,6.4957736e-36,N,N
CF02_Gujarati_N_0048.npy,30.208773,-20.294485,-5.246232,-42.237698,1.0,1.166041e-22,4.0002462e-16,3.4426818e-32,N,N
CM05_Hindi_N_0040.npy,20.007572,-8.987973,-5.5661654,-29.568134,1.0,2.5550243e-13,7.824681e-12,2.9481138e-22,N,N
CM03_English_N_0052.npy,17.094152,-7.4984803,-6.090174,-24.83083,1.0,2.087159e-11,8.534441e-11,6.197442e-19,N,N
CM24_Gujarati_N_0065.npy,14.255003,-0.1402189,-3.4165456,-28.07898,0.9999994,5.600598e-07,2.1151617e-08,4.117029e-19,N,N
CF09_Hindi_N_0066.npy,29.945602,-13.701838,-10.283806,-45.111687,1.0,1.1070278e-19,3.3774583e-18,2.5294932e-33,N,N
CF14_Gujarati_N_0060.npy,12.875143,-6.600362,-1.1188186,-18.895292,0.99999917,3.4825307e-09,8.3656454e-07,1.5932168e-14,N,N
CM38_English_N_0139.npy,20.555748,-17.659763,-1.0240417,-26.409672,1.0,2.5305465e-17,4.2463547e-10,4.0103045e-21,N,N
CF14_Hindi_N_0059.npy,29.95552,-23.950985,-3.2563488,-38.7844,1.0,3.8788417e-24,3.7693707e-15,1.4016236e-30,N,N
CM05_Hindi_N_0076.npy,30.144638,-11.831707,-10.533746,-46.493736,1.0,5.8871483e-19,2.1557718e-18,5.204475e-34,N,N
CF04_English_N_0100.npy,53.316048,-47.93104,-14.80031,-67.78362,1.0,1.1e-44,2.6148244e-30,0.0,N,N
CF02_English_N_0091.npy,27.808819,-15.894365,-0.6339827,-42.164936,1.0,1.0470019e-19,4.4406633e-13,4.081167e-31,N,N
CF18_English_N_0035.npy,37.33663,-20.224468,-5.20817,-56.966,1.0,1.0035335e-25,3.3344809e-19,1.1088e-41,N,N
CF04_Hindi_N_0050.npy,20.122349,-6.406937,-0.78036386,-35.45328,1.0,3.0093848e-12,8.3573304e-10,7.3082007e-25,N,N
CF04_Hindi_N_0118.npy,37.806057,-33.46078,-11.031385,-47.27434,1.0,1.1199676e-31,6.168351e-22,1.1221538e-37,N,N
CM03_English_N_0064.npy,11.917311,-7.3901787,-3.8804042,-16.000572,0.9999999,4.1196833e-09,1.3776517e-07,7.5061534e-13,N,N
CM27_Gujarati_N_0044.npy,16.314384,-15.145335,-4.1738253,-18.68216,1.0,2.1737869e-14,1.264981e-09,6.326946e-16,N,N
CM05_English_N_0031.npy,19.687529,-2.4360766,-5.6242924,-34.214424,1.0,2.4651317e-10,1.0167539e-11,3.8965347e-24,N,N
CM16_Hindi_N_0072.npy,20.5667,-17.698711,-3.5152934,-26.111462,1.0,2.4073709e-17,3.4779495e-11,5.3448065e-21,N,N
CF09_Hindi_N_0134.npy,50.754807,-33.62554,-14.707801,-71.80659,1.0,2.259854e-37,3.7149284e-29,0.0,N,N
CM05_Hindi_N_0079.npy,33.060402,-8.193416,-13.005824,-51.827976,1.0,1.2125349e-18,9.855799e-21,1.3597032e-37,N,N
CF09_Hindi_N_0168.npy,35.496086,-28.863462,-3.59075,-47.396523,1.0,1.119444e-28,1.058771e-17,1.0004548e-36,N,N
CF20_Gujarati_N_0014.npy,13.448579,-12.102451,-1.3890101,-16.26342,0.99999964,8.004401e-12,3.59846e-07,1.2480819e-13,N,N
CM05_Hindi_N_0085.npy,27.278408,-3.608972,-7.7633324,-47.67931,1.0,3.8528405e-14,6.0473557e-16,2.7943238e-33,N,N
CF02_English_N_0096.npy,37.48451,-21.101189,-8.001394,-54.97364,1.0,3.6020936e-26,1.7608577e-20,7.0135e-41,N,N
CM05_Hindi_N_0097.npy,20.58262,-16.380821,-4.827541,-25.732756,1.0,8.8507895e-17,9.215245e-12,7.6822356e-21,N,N
CM30_English_N_0007.npy,29.861254,-2.266644,-8.711341,-55.775463,1.0,1.1143732e-14,1.770661e-17,6.4334745e-38,N,N
CM03_English_N_0029.npy,13.680098,-1.957921,-0.7193442,-25.06488,0.9999993,1.6161977e-07,5.577012e-07,1.490283e-17,N,N
CF04_English_N_0027.npy,41.827393,-34.140713,-10.867242,-55.136055,1.0,1.01734775e-33,1.3032011e-23,7.75e-43,N,N
CM35_English_N_0039.npy,53.183758,-12.987505,-12.15276,-89.31801,1.0,1.8288787e-29,4.2141604e-29,0.0,N,N
CM05_English_N_0029.npy,20.982246,-8.58719,-5.6688733,-31.384811,1.0,1.4393204e-13,2.6641948e-12,1.808322e-23,N,N
CF20_Gujarati_N_0038.npy,40.017967,-30.738447,-5.707835,-54.414165,1.0,1.865859e-31,1.3852747e-20,9.742e-42,N,N
CF09_English_N_0042.npy,29.86368,-22.902939,-7.353239,-39.297398,1.0,1.2126891e-23,6.8690627e-17,9.1986665e-31,N,N
CM03_English_N_0106.npy,18.837004,-7.800022,-2.1395833,-29.325045,1.0,2.702008e-12,7.762183e-10,1.2119596e-21,N,N
CM38_English_N_0018.npy,21.160633,-12.531573,3.0396519,-30.871014,1.0,2.3316333e-15,1.34945335e-08,2.5289656e-23,N,N
CM30_English_N_0043.npy,27.124456,2.7232153,-8.383334,-55.039253,1.0,2.5274092e-11,3.794573e-16,2.0737359e-36,N,N
CF14_Hindi_N_0098.npy,32.37435,-25.181156,-2.6520665,-43.6414,1.0,1.00916134e-25,6.140737e-16,9.700196e-34,N,N
CF09_Hindi_N_0121.npy,47.230385,-34.62101,-9.1714735,-65.18305,1.0,2.8339422e-36,3.1987753e-25,0.0,N,N
CF02_English_N_0101.npy,30.175343,-16.000904,-6.858372,-44.764828,1.0,8.8289866e-21,8.250158e-17,2.8437903e-33,N,N
CM05_English_N_0005.npy,22.895042,-18.724537,-5.101593,-28.060373,1.0,8.4109756e-19,6.9377034e-13,7.4189926e-23,N,N
CF02_English_N_0043.npy,25.506178,-22.826054,-6.689106,-31.567919,1.0,1.0223024e-21,1.0417577e-14,1.6331827e-25,N,N
CM03_English_N_0031.npy,25.71029,-4.4283514,-7.143596,-44.454502,1.0,8.146187e-14,5.391862e-15,3.3714502e-31,N,N
CF20_Gujarati_N_0071.npy,21.063675,-16.114822,-4.7788935,-27.07598,1.0,7.138119e-17,5.9801985e-12,1.2394043e-21,N,N
CF04_English_N_0023.npy,56.18285,-37.646454,-12.241849,-79.55895,1.0,1.78e-41,1.9210173e-30,0.0,N,N
CF04_Hindi_N_0062.npy,23.185936,-17.531483,-5.664897,-31.68348,1.0,2.073241e-18,2.9528544e-13,1.480866e-24,N,N
CM27_Gujarati_N_0015.npy,30.608332,-16.748035,1.4470487,-47.098698,1.0,2.7126282e-21,2.1647887e-13,1.7875786e-34,N,N
CF04_Hindi_N_0142.npy,28.898043,-12.26473,0.7033933,-50.24682,1.0,1.3281123e-18,5.691407e-13,4.2444782e-35,N,N
CF04_Hindi_N_0014.npy,37.90403,-24.383291,-9.89881,-54.099957,1.0,8.891178e-28,1.7357608e-21,1.10453e-40,N,N
CF14_Hindi_N_0112.npy,35.08984,-26.27963,-4.718705,-48.34918,1.0,2.226273e-27,5.1448053e-18,5.7928835e-37,N,N
CM24_Gujarati_N_0042.npy,28.53621,-21.230013,-3.0666254,-37.95413,1.0,2.436718e-22,1.8839236e-14,1.3292654e-29,N,N
CF02_English_N_0010.npy,21.005856,-9.629946,4.7289076,-35.894634,0.9999999,4.954964e-14,8.531231e-08,1.9428139e-25,N,N
CM38_English_N_0011.npy,16.736935,-4.6337705,-1.0565333,-26.871897,1.0,5.2338456e-10,1.8723837e-08,1.1506e-19,N,N
CF09_Hindi_N_0068.npy,14.026482,-10.750391,-3.440558,-17.984207,1.0,1.7359648e-11,2.5951431e-08,1.2529522e-14,N,N
CF02_Gujarati_N_0040.npy,43.820503,-23.532066,-7.7101297,-65.493546,1.0,5.612427e-30,4.1737927e-23,0.0,N,N
CM30_English_N_0029.npy,21.283081,3.0515091,-7.2561984,-44.12766,1.0,1.2081733e-08,4.032257e-13,3.9127157e-29,N,N
CM16_Hindi_N_0064.npy,20.80569,-18.966164,-0.34740013,-25.674355,1.0,5.3370727e-18,6.5062256e-10,6.5158758e-21,N,N
CF14_Hindi_N_0130.npy,20.69254,-20.132751,-2.4800208,-24.44894,1.0,1.8612364e-18,8.635454e-11,2.484875e-20,N,N
CM05_Hindi_N_0048.npy,15.046951,-8.876842,-2.5918906,-19.642975,1.0,4.074069e-11,2.185488e-08,8.5971896e-16,N,N
CF02_English_N_0038.npy,25.680561,-22.648268,-1.5671691,-33.27986,1.0,1.025787e-21,1.4671046e-12,2.4763604e-26,N,N
CF04_English_N_0105.npy,30.650015,-28.135994,-4.6279693,-39.91759,1.0,2.9482203e-26,4.7749185e-16,2.253611e-31,N,N
CF09_Hindi_N_0128.npy,41.195824,-30.32082,-10.132942,-55.871025,1.0,8.7239807e-32,5.1074042e-23,6.99e-43,N,N
CM16_Hindi_N_0070.npy,23.309185,-20.371853,-2.3163602,-29.49528,1.0,1.0704498e-19,7.429627e-12,1.1676473e-23,N,N
CM30_Gujarati_N_0044.npy,30.524464,-1.096379,-6.9690943,-59.5859,1.0,1.8503028e-14,5.209009e-17,7.33779e-40,N,N
CF02_English_N_0002.npy,20.216228,-2.498461,-1.0317453,-38.48329,1.0,1.3650098e-10,5.917278e-10,3.214566e-26,N,N
CM16_Hindi_N_0036.npy,27.897285,-24.576584,-3.343077,-34.437653,1.0,1.62513e-23,2.7069679e-14,8.477745e-28,N,N
CF04_Hindi_N_0126.npy,22.121534,-14.345459,-3.6702456,-32.628487,1.0,1.4540696e-16,6.291759e-12,1.6686574e-24,N,N
CM03_English_N_0044.npy,14.734866,-11.412571,2.5153515,-20.27198,0.9999951,4.408692e-12,4.9332148e-06,6.2620595e-16,N,N
CF14_Hindi_N_0045.npy,22.22523,-19.565836,1.4877819,-29.399532,1.0,7.0855076e-19,9.859182e-10,3.7988323e-23,N,N
CF14_Hindi_N_0015.npy,29.056232,-22.844593,-5.482657,-37.871994,1.0,2.8824242e-23,9.998855e-16,8.57911e-30,N,N
CM03_English_N_0076.npy,22.233673,-9.525905,-7.1056094,-32.9121,1.0,1.6106094e-14,1.8118044e-13,1.1232962e-24,N,N
CM16_Hindi_N_0054.npy,43.153008,-38.547844,-4.5207195,-54.605015,1.0,3.29436e-36,1.9749793e-21,3.5e-43,N,N
CM30_English_N_0005.npy,28.569328,-6.840375,-7.7156386,-47.622704,1.0,4.1856385e-16,1.7443744e-16,8.132443e-34,N,N
CF04_English_N_0028.npy,52.01351,-31.227968,-7.1263857,-77.82958,1.0,7.058062e-37,2.0695187e-26,0.0,N,N
CF04_English_N_0005.npy,37.89469,-29.104351,-14.4154625,-50.449642,1.0,7.9925844e-30,1.9142065e-23,4.290867e-39,N,N
CM35_English_N_0030.npy,32.377956,-17.542828,-7.847973,-46.102882,1.0,2.0877523e-22,3.3892286e-18,8.2452996e-35,N,N
CM30_Gujarati_N_0052.npy,21.959835,5.8768344,-9.043015,-47.130783,0.9999999,1.0357184e-07,3.432681e-14,9.870158e-31,N,N
CF04_Hindi_N_0037.npy,62.786606,-51.55729,-15.381706,-83.743225,1.0,0.0,1.1270246e-34,0.0,N,N
CF14_Gujarati_N_0007.npy,26.875809,-24.612324,-5.488292,-32.24457,1.0,4.3550003e-23,8.799325e-15,2.110304e-26,N,N
CM03_English_N_0084.npy,16.95026,-10.7729435,-5.658719,-22.096912,1.0,9.119387e-13,1.5172093e-10,1.1016114e-17,N,N
CF09_English_N_0051.npy,46.28398,-26.597584,-11.681316,-67.05092,1.0,2.2281278e-32,6.6987085e-26,0.0,N,N
CM38_English_N_0055.npy,31.871487,-15.792725,-9.384163,-46.84746,1.0,1.9938664e-21,1.2103167e-18,6.498231e-35,N,N
CM38_English_N_0113.npy,45.23385,-23.32689,-9.044556,-66.7142,1.0,1.6766793e-30,2.674167e-24,0.0,N,N
CM35_English_N_0015.npy,23.760603,-7.6534424,-6.2937527,-37.58127,1.0,2.2753775e-14,8.86256e-14,2.2885635e-27,N,N
CM30_Gujarati_N_0011.npy,23.97667,-0.31313187,-10.358523,-42.869152,1.0,2.8253589e-11,1.2257867e-15,9.3159466e-30,N,N
CM35_English_N_0020.npy,34.366447,-20.415588,-4.8371944,-48.017494,1.0,1.6160847e-24,9.420497e-18,1.6638292e-36,N,N
CF09_Hindi_N_0037.npy,53.567726,-43.753685,-11.165243,-70.7856,1.0,5.42e-43,7.7059785e-29,0.0,N,N
CM38_English_N_0005.npy,32.731102,-24.54252,-6.090364,-43.45175,1.0,1.3377736e-25,1.3805501e-17,8.207427e-34,N,N
CF09_Hindi_N_0061.npy,19.980661,-18.584608,-4.1300077,-23.916527,1.0,1.7836772e-17,3.3796355e-11,8.6237114e-20,N,N
CM05_English_N_0063.npy,25.780567,-9.65,-6.6128416,-39.327793,1.0,4.0992197e-16,8.545174e-15,5.294176e-29,N,N
CF04_Hindi_N_0031.npy,48.12731,-42.186726,-16.856377,-59.56038,1.0,5.98563e-40,5.99712e-29,0.0,N,N
CM03_English_N_0030.npy,10.589797,-0.62151825,-0.509716,-20.859108,0.9999714,1.3519956e-05,1.5119252e-05,2.1973603e-14,N,N
CM05_English_N_0062.npy,21.987095,-13.275527,-8.295259,-29.194798,1.0,4.848836e-16,7.0557086e-14,5.915433e-23,N,N
CF04_Hindi_N_0119.npy,51.16767,-41.906067,-12.362217,-67.77705,1.0,3.7895e-41,2.566375e-28,0.0,N,N
CF18_English_N_0036.npy,35.687515,-22.609177,-1.4538496,-53.18844,1.0,4.809151e-26,7.408156e-17,2.521527e-39,N,N
CF14_Gujarati_N_0047.npy,19.686188,-13.451034,-2.9577153,-25.72765,1.0,4.061507e-15,1.4651347e-10,1.8924351e-20,N,N
CF14_Hindi_N_0052.npy,21.108673,-19.096542,-5.296636,-24.80634,1.0,3.4601647e-18,3.4065886e-12,1.1464721e-20,N,N
CM24_Gujarati_N_0008.npy,22.973774,-6.676168,-0.53562385,-39.391945,1.0,1.3279864e-13,6.1659275e-11,8.220769e-28,N,N
CF02_English_N_0066.npy,37.19542,-12.420881,-7.0238514,-60.662586,1.0,2.830829e-22,6.249073e-20,3.17e-43,N,N
CF14_Gujarati_N_0023.npy,28.05807,-17.302748,-4.523386,-40.68969,1.0,1.9954807e-20,7.0803344e-15,1.3906841e-30,N,N
CF09_Hindi_N_0014.npy,45.80592,-25.61255,-5.538689,-71.11924,1.0,9.623911e-32,5.0271278e-23,0.0,N,N
CM30_English_N_0033.npy,33.56241,-8.946054,-9.001532,-55.718548,1.0,3.4578804e-19,3.2712587e-19,1.68179e-39,N,N
CM05_Hindi_N_0089.npy,24.676598,-14.777082,-8.148321,-33.816383,1.0,7.3364104e-18,5.5503206e-15,3.9520384e-26,N,N
CM05_Hindi_N_0003.npy,32.352165,-5.6004143,-8.040517,-60.019154,1.0,3.291578e-17,2.868676e-18,7.6497e-41,N,N
CF09_English_N_0031.npy,33.476,-12.179089,-8.259036,-52.76354,1.0,1.4867781e-20,7.4938154e-19,3.5208184e-38,N,N
CF18_English_N_0001.npy,16.915785,-15.872652,-1.7148511,-20.118036,1.0,5.7565566e-15,8.106204e-09,8.2492764e-17,N,N
CF04_English_N_0024.npy,41.956604,-24.130758,-8.37713,-62.82597,1.0,1.9889434e-29,1.381458e-22,0.0,N,N
CM30_English_N_0019.npy,29.542053,0.7726132,-7.2250786,-58.17467,1.0,3.2032517e-13,1.07705414e-16,8.037338e-39,N,N
CF09_Hindi_N_0060.npy,21.821232,-18.001795,-8.633292,-27.165918,1.0,5.0708227e-18,5.939746e-14,5.310681e-22,N,N
CF09_Hindi_N_0018.npy,37.056904,-25.099724,-13.184981,-51.127094,1.0,1.013257e-27,1.5143495e-22,5.03705e-39,N,N
CF14_Hindi_N_0077.npy,24.45234,-16.150362,-1.2598108,-34.32894,1.0,2.3252612e-18,6.8132587e-12,2.9621992e-26,N,N
CF02_English_N_0021.npy,16.982561,-13.138694,2.5503342,-24.364147,0.9999994,8.289062e-14,5.397133e-07,1.1049731e-18,N,N
CF14_Hindi_N_0041.npy,40.13208,-22.907988,-7.3479986,-60.59929,1.0,4.1883757e-28,2.3969745e-21,1.8e-44,N,N
CF04_Hindi_N_0110.npy,64.507965,-46.692436,-14.267122,-90.826485,1.0,0.0,6.143489e-35,0.0,N,N
CF18_English_N_0038.npy,39.74121,-18.688942,-9.679905,-61.306934,1.0,4.2083033e-26,3.4409797e-22,1.3e-44,N,N
CM24_Gujarati_N_0033.npy,16.449694,-2.2779553,-4.280554,-27.780035,1.0,7.3567348e-09,9.930426e-10,6.184049e-20,N,N
CM05_English_N_0092.npy,26.713032,-13.075991,-7.4184666,-38.525967,1.0,5.2462173e-18,1.502719e-15,4.6458266e-29,N,N
CF02_English_N_0004.npy,20.70777,-11.124031,-0.7807347,-31.882023,1.0,1.4983894e-14,4.6522294e-10,1.4472524e-23,N,N
CM38_English_N_0115.npy,37.48761,-16.705944,-11.019089,-55.533215,1.0,2.9109756e-24,8.586347e-22,3.9955e-41,N,N
CM35_English_N_0051.npy,13.24696,-0.54250354,-2.62943,-23.90962,0.9999988,1.0263884e-06,1.2734183e-07,7.2962995e-17,N,N
CF09_Hindi_N_0107.npy,49.483425,-30.397522,-11.226105,-72.202324,1.0,2.0330301e-35,4.307112e-27,0.0,N,N
CF04_Hindi_N_0049.npy,27.232592,-17.549463,-0.17754261,-39.841335,1.0,3.5595957e-20,1.2471835e-12,7.415882e-30,N,N
CM27_Gujarati_N_0005.npy,25.727163,-11.952053,-2.2080557,-39.244644,1.0,4.3263842e-17,7.37715e-13,6.0687846e-29,N,N
CF09_English_N_0036.npy,51.749245,-42.54501,-10.252346,-68.05237,1.0,1.1182e-41,1.1831812e-27,0.0,N,N
CM05_Hindi_N_0078.npy,27.168089,-7.0437546,-8.237078,-44.963253,1.0,1.3867057e-15,4.2046657e-16,4.7179906e-32,N,N
CM38_English_N_0130.npy,31.033867,-13.439863,-9.008423,-46.126698,1.0,4.84511e-20,4.0724385e-18,3.0873866e-34,N,N
CM30_Gujarati_N_0001.npy,27.718561,-2.5170557,-8.961452,-49.705868,1.0,7.3933034e-14,1.1750958e-16,2.371357e-34,N,N
CM05_Hindi_N_0005.npy,14.760537,6.7368593,-7.083012,-35.481247,0.99967253,0.00032750564,3.2608036e-10,1.5140095e-22,N,N
CM30_English_N_0004.npy,22.91388,-2.9546547,-8.794683,-41.080227,1.0,5.8269114e-12,1.694908e-14,1.6132912e-28,N,N
CF14_Gujarati_N_0009.npy,24.3316,-21.836504,-5.110662,-29.480637,1.0,8.901153e-21,1.6345108e-13,4.2622853e-24,N,N
CF09_English_N_0004.npy,35.213703,-27.002628,-11.933255,-47.00577,1.0,9.545321e-28,3.3445414e-21,1.9612629e-36,N,N
CF20_Gujarati_N_0023.npy,24.685669,-25.748547,-4.264185,-28.86036,1.0,1.2493913e-22,2.6744728e-13,5.5623135e-24,N,N
CM35_English_N_0101.npy,63.77923,-37.541557,-13.368046,-89.83429,1.0,1e-44,3.128693e-34,0.0,N,N
CF02_English_N_0076.npy,33.67866,-21.928852,-5.8909655,-47.933052,1.0,7.0788675e-25,6.533259e-18,3.601512e-36,N,N
CM24_Gujarati_N_0003.npy,21.161959,-16.384201,-4.3557205,-25.491474,1.0,4.9420925e-17,8.275852e-12,5.4786143e-21,N,N
CM05_Hindi_N_0044.npy,13.770641,0.33434325,-4.917447,-26.119858,0.99999857,1.461131e-06,7.653607e-09,4.7399716e-18,N,N
CM30_Gujarati_N_0066.npy,13.256672,0.3028478,-2.8666074,-25.993511,0.9999975,2.3671437e-06,9.9482705e-08,8.992098e-18,N,N
CM03_English_N_0060.npy,17.887192,-5.760634,-0.3176914,-31.267838,1.0,5.368834e-11,1.2408506e-08,4.4899554e-22,N,N
CM03_English_N_0020.npy,21.033949,-8.423663,-5.282996,-31.098866,1.0,1.6096152e-13,3.7213145e-12,2.2856366e-23,N,N
CF14_Gujarati_N_0031.npy,33.011143,-17.711472,-3.73532,-50.09222,1.0,9.363722e-23,1.09954644e-16,8.1034135e-37,N,N
CF02_English_N_0025.npy,18.249647,-10.120615,3.6129143,-28.857975,0.9999995,4.774759e-13,4.3989337e-07,3.4787262e-21,N,N
CF20_Gujarati_N_0009.npy,23.001862,-13.082237,-8.106995,-31.752234,1.0,2.1324311e-16,3.087418e-14,1.661873e-24,N,N
CM05_Hindi_N_0092.npy,23.384869,-1.6144234,-6.990429,-41.908337,1.0,1.3897775e-11,6.429481e-14,4.4006952e-29,N,N
CM30_Gujarati_N_0036.npy,24.191011,5.7328644,-6.5737934,-53.775936,1.0,9.632269e-09,4.3552693e-14,1.3784281e-34,N,N
CF02_Gujarati_N_0057.npy,22.846207,-13.934775,-2.3719282,-33.60776,1.0,1.06223854e-16,1.1166133e-11,3.0363596e-25,N,N
CF09_Hindi_N_0161.npy,13.139942,-10.7544,-0.7922939,-16.869658,0.99999917,4.1958367e-11,8.898289e-07,9.268215e-14,N,N
CM16_Hindi_N_0002.npy,26.512615,-24.647675,0.032687496,-33.20914,1.0,6.0446126e-23,3.1616502e-12,1.1565674e-26,N,N
CF09_Hindi_N_0073.npy,17.42715,-13.567558,-4.0989456,-22.54954,1.0,3.4607395e-14,4.4805892e-10,4.3485373e-18,N,N
CM38_English_N_0039.npy,30.99353,-20.222958,-10.285554,-42.017174,1.0,5.7142856e-23,1.1822843e-18,1.9581867e-32,N,N
CM16_Hindi_N_0067.npy,16.299496,-18.42049,-1.2458907,-17.611607,1.0,8.3426054e-16,2.3995794e-08,1.8732485e-15,N,N
CF04_English_N_0103.npy,49.90701,-29.744553,-9.72658,-73.320244,1.0,2.5571996e-35,1.2631666e-26,0.0,N,N
CM24_Gujarati_N_0001.npy,39.20648,-30.31008,-8.570992,-50.35576,1.0,6.4467886e-31,1.780363e-21,1.269443e-39,N,N
CM35_English_N_0005.npy,15.995271,-1.1958673,-4.9734674,-29.735273,1.0,3.4196677e-08,7.8233464e-10,1.3787217e-20,N,N
CF04_Hindi_N_0130.npy,22.221191,-21.677593,2.1988142,-28.90776,1.0,8.6099395e-20,2.0155435e-09,6.2370366e-23,N,N
CM30_English_N_0026.npy,23.726881,-5.691601,-6.532116,-39.408916,1.0,1.6738467e-13,7.222451e-14,3.8060317e-28,N,N
CF18_English_N_0050.npy,30.484724,-27.231426,-8.646818,-37.608955,1.0,8.5939974e-26,1.01248164e-17,2.6747915e-30,N,N
CM16_Hindi_N_0005.npy,34.363327,-32.35495,-0.587298,-42.941334,1.0,1.05832845e-29,6.6242365e-16,2.6730928e-34,N,N
CF18_English_N_0028.npy,40.733055,-22.821491,-11.004839,-60.404556,1.0,2.5038669e-28,3.392493e-23,1.3e-44,N,N
CM16_Hindi_N_0079.npy,19.174673,-13.471514,-1.9793382,-25.858608,1.0,6.636532e-15,6.5002465e-10,2.7688233e-20,N,N
CF09_Hindi_N_0007.npy,39.839153,-25.878471,-9.968147,-55.482563,1.0,2.8787233e-29,2.3386444e-22,4.002e-42,N,N
CF04_Hindi_N_0003.npy,63.251427,-39.791386,-14.146669,-92.15099,1.0,1e-45,2.4346403e-34,0.0,N,N
CF02_English_N_0013.npy,29.95605,-23.056837,-5.092704,-39.58247,1.0,9.479734e-24,6.0050803e-16,6.306729e-31,N,N
CM38_English_N_0034.npy,39.126953,-23.273308,-12.474282,-54.477745,1.0,7.941655e-28,3.889275e-23,2.2285e-41,N,N
CF14_Hindi_N_0020.npy,22.47325,-22.308302,-5.818369,-25.015295,1.0,3.5613883e-20,5.1654275e-13,2.3767702e-21,N,N
CM16_Hindi_N_0027.npy,21.994095,-15.029082,-2.0953197,-30.92254,1.0,8.3375425e-17,3.4522336e-11,1.0437537e-23,N,N
CM16_Hindi_N_0013.npy,26.737385,-20.317364,-5.774991,-34.376827,1.0,3.6676033e-21,7.586736e-15,2.8736573e-27,N,N
CF02_English_N_0071.npy,41.24769,-28.15154,-4.091792,-58.29717,1.0,7.249315e-31,2.0385128e-20,5.9e-44,N,N
CM35_English_N_0017.npy,13.229576,-10.657206,-3.9674175,-16.099745,1.0,4.2276842e-11,3.3997022e-08,1.829944e-13,N,N
CF02_English_N_0047.npy,16.696352,-16.373621,-0.47121894,-19.91695,1.0,4.344034e-15,3.5012167e-08,1.2561574e-16,N,N
CM38_English_N_0138.npy,24.902878,-4.4734025,-4.99283,-44.125187,1.0,1.7459981e-13,1.0386254e-13,1.0507371e-30,N,N
CM35_English_N_0111.npy,34.38581,-11.08558,-10.687047,-52.33262,1.0,1.786596e-20,2.6613803e-20,2.1810447e-38,N,N
CM30_Gujarati_N_0034.npy,30.652086,5.7541513,-10.971702,-65.02705,1.0,1.5380294e-11,8.3756597e-19,2.8e-42,N,N
CM05_English_N_0027.npy,25.489128,-6.050767,-7.179406,-42.483624,1.0,2.00631e-14,6.4898737e-15,3.0186356e-30,N,N
CM27_Gujarati_N_0067.npy,13.502331,-1.4229592,-3.9930098,-23.49378,0.99999964,3.296315e-07,2.5227259e-08,8.566311e-17,N,N
CM16_Hindi_N_0085.npy,25.308233,-27.519936,0.108948186,-26.853325,1.0,1.14029426e-23,1.1378613e-11,2.2208657e-23,N,N
CF09_Hindi_N_0157.npy,14.148596,-9.235105,-3.4858878,-20.120598,1.0,6.991777e-11,2.1950338e-08,1.3094155e-15,N,N
CF14_Hindi_N_0051.npy,22.116919,-8.110993,-3.961093,-35.67997,1.0,7.4504794e-14,4.7256756e-12,7.927377e-26,N,N
CF02_English_N_0058.npy,33.504665,-23.401405,-5.8958397,-46.57439,1.0,1.9320017e-25,7.7370976e-18,1.6676616e-35,N,N
CM05_Hindi_N_0001.npy,30.755322,-7.6023083,-9.999838,-51.59263,1.0,2.1953001e-17,1.9964573e-18,1.7248105e-36,N,N
CF04_Hindi_N_0098.npy,55.415676,-46.282726,-10.611265,-74.113785,1.0,7e-45,2.11283e-29,0.0,N,N
CF04_English_N_0085.npy,48.71446,-35.842396,-12.888974,-67.24363,1.0,1.8941957e-37,1.7618527e-27,0.0,N,N
CM30_English_N_0014.npy,31.188118,-2.7561276,-7.210124,-59.67581,1.0,1.8121827e-15,2.1079242e-17,3.4538e-40,N,N
CF04_Hindi_N_0095.npy,46.792297,-34.677044,-11.400543,-63.91717,1.0,4.152532e-36,5.335442e-26,0.0,N,N
CF14_Hindi_N_0139.npy,18.637352,-12.896008,-2.9047852,-25.66325,1.0,2.0194633e-14,4.4092902e-10,5.7609356e-20,N,N
CF02_English_N_0049.npy,19.18972,-6.417027,-1.534149,-32.942352,1.0,7.570616e-12,9.993967e-10,2.287329e-23,N,N
CF04_English_N_0002.npy,31.177204,-24.202972,-8.705599,-40.877003,1.0,8.885767e-25,4.776589e-18,5.096307e-32,N,N
CM35_English_N_0122.npy,40.5515,-21.234745,-12.845581,-57.683704,1.0,1.4674909e-27,6.4556957e-24,2.17e-43,N,N
CF14_Hindi_N_0133.npy,11.699577,-6.7570877,-3.5122077,-16.384695,0.99999976,9.646552e-09,2.4751725e-07,6.355583e-13,N,N
CM24_Gujarati_N_0063.npy,7.7223544,6.6243043,-5.324766,-21.467789,0.74989337,0.25010502,1.6169881e-06,1.57718e-13,N,N
CM30_Gujarati_N_0003.npy,48.050858,-9.210188,-14.018269,-83.155975,1.0,1.3546999e-25,1.1059132e-27,0.0,N,N
CM30_Gujarati_N_0062.npy,19.878551,-3.735755,-3.2574651,-35.65415,1.0,5.5518357e-11,8.9568554e-11,7.6287785e-25,N,N
CF20_Gujarati_N_0068.npy,33.173622,-29.990017,-7.330112,-42.4295,1.0,3.70152e-28,2.567152e-18,1.4654893e-33,N,N
CM27_Gujarati_N_0033.npy,20.026203,-19.149258,-4.8680706,-23.277042,1.0,9.6897715e-18,1.5436694e-11,1.5618504e-19,N,N
CM16_Hindi_N_0053.npy,28.735428,-26.868004,0.9316271,-35.814655,1.0,7.1078207e-25,8.413231e-13,9.252449e-29,N,N
CM30_Gujarati_N_0005.npy,23.190594,-0.9610713,-7.6865034,-41.900135,1.0,3.2438836e-11,3.892662e-14,5.388348e-29,N,N
CM30_English_N_0009.npy,19.4029,0.17240138,-6.1182833,-37.4087,1.0,4.449388e-09,8.246906e-12,2.1234193e-25,N,N
CM03_English_N_0097.npy,19.346746,-19.53078,1.2560875,-21.775513,1.0,1.3052848e-17,1.3909995e-08,1.3830216e-18,N,N
CM05_English_N_0095.npy,49.438766,-22.555616,-11.124997,-77.06683,1.0,5.410482e-32,4.9830136e-27,0.0,N,N
CM30_Gujarati_N_0029.npy,22.420458,4.6783595,-8.607454,-46.51346,1.0,1.9710825e-08,3.347719e-14,1.1544668e-30,N,N
CM05_Hindi_N_0012.npy,22.157955,4.8011107,-5.2554407,-49.193005,1.0,2.8974666e-08,1.2431224e-12,1.029608e-31,N,N
CF14_English_N_0049.npy,28.56066,-17.80863,-2.9713275,-42.185276,1.0,7.2790294e-21,2.0222385e-14,1.8855213e-31,N,N
CM38_English_N_0020.npy,31.049667,-29.995731,-5.951603,-36.259983,1.0,3.0783654e-27,8.522215e-17,5.858574e-30,N,N
CF09_Hindi_N_0043.npy,46.202095,-28.311092,-11.089287,-66.71747,1.0,4.3584847e-33,1.3142228e-25,0.0,N,N
CM05_English_N_0053.npy,23.331095,-14.390626,-6.045023,-32.120636,1.0,4.1463355e-17,1.7462812e-13,8.272184e-25,N,N
CF09_Hindi_N_0117.npy,56.86801,-32.921616,-3.8054526,-87.67279,1.0,1.011254e-39,4.4652794e-27,0.0,N,N
CF09_Hindi_N_0162.npy,25.945606,-15.543228,-8.477692,-36.335022,1.0,9.585796e-19,1.1224103e-15,8.950903e-28,N,N
CF14_Hindi_N_0092.npy,35.003,-22.742489,-1.62919,-48.421795,1.0,8.345523e-26,1.2326602e-16,5.8758983e-37,N,N
CF04_Hindi_N_0081.npy,52.42521,-47.515244,-15.721964,-66.27225,1.0,3.9e-44,2.535477e-30,0.0,N,N
CF04_English_N_0074.npy,53.31575,-38.739132,-8.54639,-74.87171,1.0,1.04971e-40,1.3602342e-27,0.0,N,N
CF02_English_N_0048.npy,23.977882,-13.417593,-1.3885748,-36.80866,1.0,5.7458004e-17,9.626928e-12,3.987867e-27,N,N
CF18_English_N_0026.npy,34.015892,-18.174492,-9.094597,-49.871883,1.0,2.1577656e-23,1.8938805e-19,3.6983132e-37,N,N
CM30_English_N_0051.npy,31.033749,-11.858973,-10.027346,-47.67596,1.0,2.354654e-19,1.4702545e-18,6.558547e-35,N,N
CF18_English_N_0025.npy,36.527954,-15.710348,-6.703725,-57.58176,1.0,2.0568033e-23,1.6777251e-19,1.3448e-41,N,N
CF04_English_N_0097.npy,49.6222,-40.256535,-13.584691,-65.44602,1.0,9.25039e-40,3.5448382e-28,0.0,N,N
CF09_Hindi_N_0028.npy,57.362694,-38.607533,-11.521685,-81.52478,1.0,2.092e-42,1.2130967e-30,0.0,N,N
CM03_English_N_0088.npy,21.580967,-8.906135,-3.3280447,-33.521152,1.0,5.7493615e-14,1.5210855e-11,1.1734202e-24,N,N
CF14_Hindi_N_0038.npy,30.144346,-25.303316,-9.47086,-38.049793,1.0,8.305891e-25,6.2421696e-18,2.4191474e-30,N,N
CM03_English_N_0071.npy,10.081326,-7.462871,-2.849126,-11.927778,0.9999976,2.4024313e-08,2.423122e-06,2.764182e-10,N,N
CF02_Gujarati_N_0005.npy,41.483025,-14.947556,-4.5194645,-69.56355,1.0,3.1082106e-25,1.0504459e-20,0.0,N,N
CF18_English_N_0043.npy,42.6621,-22.034634,-6.2311087,-66.63829,1.0,7.9903626e-29,5.833754e-22,0.0,N,N
CM05_English_N_0036.npy,18.504955,-3.802779,-3.0611603,-31.660042,1.0,2.0505693e-10,4.3048168e-10,1.6353796e-22,N,N
CF14_Hindi_N_0065.npy,33.162933,-17.443958,-3.458228,-51.37559,1.0,1.0512505e-22,1.2463248e-16,1.9292281e-37,N,N
CM38_English_N_0037.npy,21.075073,-7.660226,-6.2822986,-32.55159,1.0,3.3145044e-13,1.314753e-12,5.131403e-24,N,N
CM35_English_N_0004.npy,30.75859,-20.063454,-7.8004456,-41.344345,1.0,8.4774767e-23,1.79483e-17,4.8539227e-32,N,N
CM35_English_N_0123.npy,22.244614,-11.457092,-2.5121152,-33.930565,1.0,2.309591e-15,1.7712878e-11,4.0126379e-25,N,N
CF02_Gujarati_N_0067.npy,17.033733,-13.158903,-4.316983,-21.246397,1.0,7.717996e-14,5.3395177e-10,2.3722008e-17,N,N
CM05_Hindi_N_0081.npy,29.170986,-16.445568,-9.096511,-40.10877,1.0,1.545191e-20,2.4023527e-17,8.1693e-31,N,N
CM38_English_N_0017.npy,32.058052,-20.16386,-11.273063,-43.607506,1.0,2.0907958e-23,1.5189223e-19,1.3767838e-33,N,N
CM03_English_N_0050.npy,17.123857,-3.253909,-2.6389883,-29.241785,1.0,1.4126964e-09,2.612793e-09,7.305624e-21,N,N
CM30_English_N_0031.npy,25.040585,2.0122535,-7.0608597,-51.067806,1.0,9.9752234e-11,1.1442473e-14,8.841905e-34,N,N
CF04_English_N_0109.npy,48.67842,-27.551586,-12.539246,-71.48074,1.0,7.829371e-34,2.5912255e-27,0.0,N,N
CF02_English_N_0067.npy,20.066675,-1.9569132,-0.833726,-39.524525,1.0,2.7244396e-10,8.3766566e-10,1.317862e-26,N,N
CM16_Hindi_N_0089.npy,11.46159,-12.753948,-2.5479496,-11.485744,0.99999917,3.0431626e-11,8.236333e-07,1.08168044e-10,N,N
CF04_English_N_0088.npy,57.275314,-53.791405,-11.484686,-72.44463,1.0,0.0,1.3737589e-30,0.0,N,N
CM30_Gujarati_N_0067.npy,18.227419,-5.1257615,-3.4820714,-30.041576,1.0,7.208466e-11,3.7298242e-10,1.0890326e-21,N,N
CF09_Hindi_N_0076.npy,38.556404,-32.14689,-2.1169584,-49.94148,1.0,1.96766e-31,2.1666214e-18,3.680098e-39,N,N
CF04_English_N_0051.npy,48.198414,-34.126328,-8.276386,-67.544174,1.0,1.765309e-36,2.9737603e-25,0.0,N,N
CF09_Hindi_N_0139.npy,48.317898,-31.552084,-11.577023,-68.71869,1.0,2.0554573e-35,9.726725e-27,0.0,N,N
CF14_Hindi_N_0106.npy,30.902897,-13.247197,-3.8772364,-49.787853,1.0,6.696659e-20,7.85562e-16,9.045915e-36,N,N
CF04_English_N_0022.npy,32.87404,-22.019684,-8.150404,-46.397884,1.0,1.445304e-24,1.5251413e-18,3.7380023e-35,N,N
CM38_English_N_0129.npy,44.51909,-24.38454,-12.011497,-63.749523,1.0,1.1899691e-30,2.812408e-25,0.0,N,N
CF04_English_N_0110.npy,33.66211,-29.260818,-7.390461,-42.498684,1.0,4.708902e-28,1.4828432e-18,8.390466e-34,N,N
CF02_English_N_0014.npy,34.344578,-21.674366,-5.8705544,-48.804237,1.0,4.691177e-25,3.4260158e-18,7.743312e-37,N,N
CM30_Gujarati_N_0016.npy,38.2759,-10.223431,-11.37769,-62.741215,1.0,8.649829e-22,2.727215e-22,1.4e-44,N,N
CM05_Hindi_N_0016.npy,19.561691,-2.3988988,-5.613807,-35.454014,1.0,2.901595e-10,1.1652517e-11,1.2793307e-24,N,N
CM35_English_N_0094.npy,52.472538,-20.48589,-11.681993,-79.3779,1.0,2.063277e-32,1.3741691e-28,0.0,N,N
CM35_English_N_0129.npy,15.912029,-8.995466,-1.8085016,-23.86532,1.0,1.5233937e-11,2.0140535e-08,5.3078153e-18,N,N
CF20_Gujarati_N_0048.npy,26.41877,-25.540257,-2.4588501,-32.60451,1.0,2.719453e-23,2.874807e-13,2.3254914e-26,N,N
CF04_Hindi_N_0080.npy,49.213043,-27.92234,-6.043029,-75.60059,1.0,3.1661286e-34,1.0059871e-24,0.0,N,N
CF04_Hindi_N_0068.npy,34.289467,-31.672348,2.0987036,-44.65699,1.0,2.2550065e-29,1.0464775e-14,5.175942e-35,N,N
CF14_Hindi_N_0144.npy,12.692604,-15.441061,-1.1258078,-12.780229,0.99999905,6.0492854e-13,9.97102e-07,8.6554435e-12,N,N
CM35_English_N_0090.npy,31.499895,-24.645588,-6.797411,-41.108356,1.0,4.1335742e-25,2.3318e-17,2.928439e-32,N,N
CF18_English_N_0010.npy,35.26008,-20.963058,-5.7084665,-52.01175,1.0,3.8247398e-25,1.6128256e-18,1.2540845e-38,N,N
CM16_Hindi_N_0066.npy,15.687699,-13.439257,-3.3841753,-19.680933,1.0,2.2403886e-13,5.2142286e-09,4.3611172e-16,N,N
CF14_Hindi_N_0026.npy,28.054565,-21.01106,-7.391357,-37.686367,1.0,4.909853e-22,4.036745e-16,2.812381e-29,N,N
CM05_English_N_0009.npy,21.131723,-13.519459,-5.6117196,-28.992773,1.0,8.936799e-16,2.4292404e-12,1.7029731e-22,N,N
CM38_English_N_0040.npy,26.488647,-7.809766,-5.7894154,-43.374332,1.0,1.2717121e-15,9.589949e-15,4.559267e-31,N,N
CM05_English_N_0072.npy,33.23349,-8.929382,-13.039598,-52.43808,1.0,4.8853675e-19,8.014083e-21,6.2131237e-38,N,N
CM35_English_N_0045.npy,30.542595,-11.976739,0.016164374,-50.404575,1.0,3.4204903e-19,5.5276408e-14,6.9998536e-36,N,N
CF20_Gujarati_N_0004.npy,16.282848,-17.755676,-2.544987,-17.339516,1.0,1.6491364e-15,6.6554153e-09,2.500304e-15,N,N
CF14_Hindi_N_0066.npy,34.985146,-19.990591,-2.527927,-51.994846,1.0,1.3314967e-24,5.1083356e-17,1.6790664e-38,N,N
CF14_English_N_0022.npy,23.288935,-11.742006,-0.05909281,-37.21098,1.0,6.113017e-16,7.245697e-11,5.311538e-27,N,N
CM35_English_N_0010.npy,12.401367,1.4614112,-3.2972395,-24.719913,0.9999821,1.7734945e-05,1.5211572e-07,7.558313e-17,N,N
CM05_English_N_0064.npy,30.002934,-16.736746,-9.273989,-42.256172,1.0,5.025925e-21,8.754847e-18,4.152097e-32,N,N
CF18_English_N_0041.npy,36.251488,-18.138174,-6.328348,-56.4772,1.0,2.392595e-24,3.2196827e-19,5.3511e-41,N,N
CF04_Hindi_N_0135.npy,20.87569,-16.33013,-4.6726475,-27.455553,1.0,6.945739e-17,8.025975e-12,1.0233091e-21,N,N
CF09_Hindi_N_0029.npy,52.76761,-39.00324,-13.42604,-72.741806,1.0,1.39453e-40,1.7883948e-29,0.0,N,N
CF02_Gujarati_N_0060.npy,21.16956,-10.671085,-5.355546,-31.773642,1.0,1.4851957e-14,3.0219932e-12,1.01639095e-23,N,N
CF04_Hindi_N_0043.npy,57.870148,-42.365257,-10.7499695,-81.44562,1.0,3e-44,1.580017e-30,0.0,N,N
CM38_English_N_0074.npy,26.373596,-21.289352,-5.0500107,-33.35499,1.0,1.9963857e-21,2.2537251e-14,1.1486969e-26,N,N
CM30_Gujarati_N_0070.npy,28.999504,-4.000496,-5.8020344,-54.200344,1.0,4.6588858e-15,7.689263e-16,7.358117e-37,N,N
CF14_English_N_0009.npy,7.9760537,7.123053,-4.6213436,-23.766262,0.7011946,0.2988031,2.3706018e-06,1.1490163e-14,N,N
CF09_Hindi_N_0036.npy,47.769417,-39.178047,-10.043582,-62.835415,1.0,1.7345874e-38,7.800694e-26,0.0,N,N
CF04_English_N_0108.npy,53.43558,-40.087166,-13.507199,-73.052765,1.0,2.4188e-41,8.455129e-30,0.0,N,N
CF18_English_N_0037.npy,38.062054,-21.013186,-8.488222,-56.34832,1.0,2.2077442e-26,6.073951e-21,9.956e-42,N,N
CF14_Hindi_N_0043.npy,22.780247,-16.509953,-3.095024,-31.79435,1.0,8.639394e-18,5.7877887e-12,1.9886298e-24,N,N
CM03_English_N_0078.npy,30.193974,-24.55807,-0.95510966,-39.144184,1.0,1.6652871e-24,2.9656826e-14,7.7058535e-31,N,N
CF09_English_N_0027.npy,53.20985,-39.033485,-12.814623,-73.849945,1.0,8.6942e-41,2.1180433e-29,0.0,N,N
CF04_English_N_0096.npy,47.503693,-40.342533,-14.779085,-61.39349,1.0,7.06107e-39,8.931699e-28,0.0,N,N
CM03_English_N_0074.npy,30.2667,-21.2734,-5.764007,-39.407486,1.0,4.134461e-23,2.2493765e-16,5.5066207e-31,N,N
CM24_Gujarati_N_0069.npy,12.250953,2.5774724,-4.4737144,-25.989676,0.99993706,6.292652e-05,5.4518296e-08,2.4676255e-17,N,N
CF02_English_N_0080.npy,31.989895,-20.011791,-1.6569688,-47.442738,1.0,2.6058816e-23,2.4397958e-15,3.183069e-35,N,N
CF14_Hindi_N_0097.npy,22.141125,-13.476747,-5.6915636,-31.20268,1.0,3.3990336e-16,8.173677e-13,6.808956e-24,N,N
CM30_English_N_0017.npy,35.156696,-7.147756,-10.291939,-59.464256,1.0,4.2404347e-19,1.8277153e-20,8.066e-42,N,N
CF14_Hindi_N_0081.npy,17.380898,-17.631725,0.030107867,-20.564945,1.0,6.2260283e-16,2.9150609e-08,3.313827e-17,N,N
CF14_Gujarati_N_0025.npy,38.923985,-30.539255,-5.9887886,-52.892483,1.0,6.799821e-31,3.1234207e-20,1.33234e-40,N,N
CM05_English_N_0081.npy,36.36215,-24.255226,-12.112294,-48.90358,1.0,4.7229002e-27,8.867834e-22,9.3231604e-38,N,N
CF14_Gujarati_N_0056.npy,18.718979,-19.202374,-2.5302842,-21.331005,1.0,3.3959864e-17,5.909653e-10,4.0412244e-18,N,N
CM03_English_N_0055.npy,17.871265,1.0259413,-3.2931256,-37.44396,1.0,4.8324676e-08,6.4331246e-10,9.482079e-25,N,N
CM16_Hindi_N_0048.npy,29.922184,-37.22505,0.020576548,-30.081457,1.0,6.89172e-30,1.0325162e-13,8.7247015e-27,N,N
CF04_Hindi_N_0100.npy,40.54222,-35.643272,-4.062666,-52.227074,1.0,8.18579e-34,4.2495493e-20,5.1381e-41,N,N
CF14_Hindi_N_0032.npy,24.877907,-16.32726,-5.4921155,-34.874958,1.0,1.2729866e-18,6.463491e-14,1.12114175e-26,N,N
CM24_Gujarati_N_0029.npy,14.596761,0.7700158,-3.4285538,-28.655178,0.99999905,9.888274e-07,1.48492685e-08,1.6440751e-19,N,N
CF14_Gujarati_N_0019.npy,27.45054,-17.341225,-1.3744123,-41.11912,1.0,3.5252047e-20,3.030274e-13,1.661779e-30,N,N
CM05_English_N_0018.npy,17.59811,3.1693904,-5.4210324,-37.867825,0.9999994,5.416097e-07,1.00673074e-10,8.1554955e-25,N,N
CF04_Hindi_N_0089.npy,58.19789,-37.96856,-10.371786,-85.245575,1.0,1.72e-42,1.6617537e-30,0.0,N,N
CM16_Hindi_N_0034.npy,35.544506,-20.806854,-2.4921052,-53.013416,1.0,3.3644585e-25,3.0262882e-17,3.465635e-39,N,N
CF04_Hindi_N_0140.npy,24.14281,-18.319386,-6.3745904,-32.169308,1.0,3.6216164e-19,5.5777784e-14,3.4991106e-25,N,N
CF09_Hindi_N_0027.npy,37.867462,-24.782845,-14.28794,-52.20035,1.0,6.184684e-28,2.2345815e-23,7.65679e-40,N,N
CF09_Hindi_N_0058.npy,28.924454,-18.806126,-8.250111,-38.40309,1.0,1.8658329e-21,7.166248e-17,5.7546467e-30,N,N
CF02_Gujarati_N_0006.npy,35.024258,-19.750181,-3.9394393,-52.737865,1.0,1.6284119e-24,1.1975179e-17,7.680584e-39,N,N
CM30_Gujarati_N_0009.npy,24.887585,3.4632454,-7.2187185,-51.6172,1.0,4.9605253e-10,1.1386999e-14,5.9483238e-34,N,N
CF14_Gujarati_N_0045.npy,36.973206,-22.208496,-7.036158,-53.88368,1.0,1.9847854e-26,7.708602e-20,3.4782e-40,N,N
CF14_Hindi_N_0090.npy,18.626448,-16.75383,4.223763,-25.452286,0.9999994,4.3106182e-16,5.558954e-07,7.191975e-20,N,N
CF04_Hindi_N_0021.npy,54.493256,-36.548,-10.64695,-77.56159,1.0,2.89256e-40,5.1282387e-29,0.0,N,N
CM24_Gujarati_N_0002.npy,33.268944,-22.448612,-9.6631565,-44.793205,1.0,6.341221e-25,2.2637403e-19,1.2532549e-34,N,N
CM30_Gujarati_N_0071.npy,18.042347,0.85157746,-5.771322,-35.006565,1.0,3.420927e-08,4.5483603e-11,9.144296e-24,N,N
CF20_Gujarati_N_0019.npy,46.4181,-48.49742,-11.074608,-53.510345,1.0,6.007e-42,1.0745705e-25,4e-44,N,N
CF09_English_N_0037.npy,37.476395,-27.644728,-9.672805,-50.880726,1.0,5.227031e-29,3.3370477e-21,4.23635e-39,N,N
CM35_English_N_0018.npy,31.046751,-21.258436,-8.1757765,-41.136486,1.0,1.9237375e-23,9.244281e-18,4.4793943e-32,N,N
CF04_English_N_0111.npy,51.368927,-40.577267,-9.942043,-69.38117,1.0,1.17024e-40,2.3603909e-27,0.0,N,N
CF09_Hindi_N_0097.npy,54.872597,-30.825058,-13.0035095,-80.70415,1.0,6.0531503e-38,3.3249232e-30,0.0,N,N
CF14_English_N_0012.npy,19.553429,-12.0853,-1.014162,-28.979591,1.0,1.8175004e-14,1.1684466e-09,8.363291e-22,N,N
CM38_English_N_0106.npy,20.228516,-1.4847434,-2.5891917,-38.653305,1.0,3.7157932e-10,1.2313903e-10,2.678861e-26,N,N
CM03_English_N_0085.npy,30.90411,-14.43353,-8.338175,-44.61403,1.0,2.0422721e-20,9.063406e-18,1.5954652e-33,N,N
CM16_Hindi_N_0019.npy,19.586014,-21.199165,-1.857496,-22.102299,1.0,1.937411e-18,4.866334e-10,7.8522823e-19,N,N
CF14_English_N_0019.npy,11.746979,-4.2690663,4.270745,-23.644669,0.9994338,1.106813e-07,0.0005660658,4.2594833e-16,N,N
CM16_Hindi_N_0030.npy,26.4655,-22.054054,-4.2795177,-33.668003,1.0,8.476672e-22,4.4423046e-14,7.662165e-27,N,N
CM35_English_N_0054.npy,27.27574,-13.45188,-9.293593,-38.915524,1.0,2.0522002e-18,1.3126255e-16,1.7926705e-29,N,N
CM30_Gujarati_N_0015.npy,23.74073,3.158157,-8.965326,-48.24007,1.0,1.151071e-09,6.2508766e-15,5.4844593e-32,N,N
CM35_English_N_0105.npy,36.947746,-23.136694,-11.56208,-49.91529,1.0,8.0474505e-27,8.559531e-22,1.8873928e-38,N,N
CM03_English_N_0006.npy,13.043181,-3.426594,-2.4546444,-21.237204,0.99999964,7.035046e-08,1.8594294e-07,1.2948462e-15,N,N
CF02_English_N_0012.npy,29.776768,-20.05693,-7.901522,-41.561924,1.0,2.2777173e-22,4.3303795e-17,1.0423171e-31,N,N
CM16_Hindi_N_0023.npy,28.642765,-28.580246,-2.617966,-33.50002,1.0,1.4072202e-25,2.6523885e-14,1.02738155e-27,N,N
CF04_English_N_0049.npy,53.51798,-37.812496,-13.137838,-74.58779,1.0,2.1661e-40,1.1265418e-29,0.0,N,N
CM27_Gujarati_N_0003.npy,33.10298,-17.942982,-7.531887,-46.715805,1.0,6.776724e-23,2.2516495e-18,2.1634229e-35,N,N
CF04_English_N_0083.npy,34.541237,-26.773197,-8.277153,-47.068996,1.0,2.3522291e-27,2.536352e-19,3.6068466e-36,N,N
CF18_English_N_0019.npy,30.587156,-14.08111,-4.641693,-47.722763,1.0,3.9885812e-20,5.015385e-16,9.782128e-35,N,N
CF14_Hindi_N_0075.npy,34.571842,-20.39132,-7.051555,-50.023895,1.0,1.3483488e-24,8.3789193e-19,1.8219637e-37,N,N
CM38_English_N_0014.npy,23.151571,-15.990444,-6.025856,-30.436436,1.0,1.00193484e-17,2.1301213e-13,5.3336574e-24,N,N
CF02_Gujarati_N_0010.npy,37.893574,-18.520626,-6.8336897,-57.243763,1.0,3.1595432e-25,3.7600694e-20,4.812e-42,N,N
CF09_English_N_0052.npy,30.830276,-20.030117,-9.272848,-43.44073,1.0,8.158527e-23,3.83207e-18,5.552769e-33,N,N
CF04_English_N_0086.npy,50.018387,-37.531822,-12.189838,-68.526566,1.0,9.493521e-39,9.623012e-28,0.0,N,N
CF20_Gujarati_N_0063.npy,24.198042,-20.93157,-6.505265,-29.985945,1.0,2.51454e-20,4.631511e-14,2.9389595e-24,N,N
CF20_Gujarati_N_0056.npy,19.961966,-18.534464,-4.3382087,-23.70696,1.0,1.9107907e-17,2.7961997e-11,1.0834935e-19,N,N
CF14_Gujarati_N_0014.npy,28.17926,-16.362738,-6.382099,-40.34918,1.0,4.5253823e-20,9.7767e-16,1.7317118e-30,N,N
CF20_Gujarati_N_0030.npy,28.422539,-26.090263,-2.9479153,-36.41773,1.0,2.1153919e-24,2.376756e-14,6.9219445e-29,N,N
CM05_English_N_0004.npy,26.828773,-9.447369,-9.854149,-40.43386,1.0,1.7598339e-16,1.1716807e-16,6.1405752e-30,N,N
CM30_English_N_0053.npy,39.217045,-18.979237,-9.278911,-58.507336,1.0,5.3171154e-26,8.67908e-22,3.62e-43,N,N
CM03_English_N_0054.npy,10.285473,3.9567478,0.114224985,-26.51366,0.99818075,0.0017810615,3.818498e-05,1.0412347e-16,N,N
CF02_English_N_0036.npy,21.180534,-12.123354,-2.959691,-31.211239,1.0,3.4380002e-15,3.281208e-11,1.7641763e-23,N,N
CF04_Hindi_N_0106.npy,60.588646,-49.397842,-18.296753,-80.47531,1.0,0.0,5.5018227e-35,0.0,N,N
CF20_Gujarati_N_0044.npy,38.61306,-34.65644,-9.600449,-47.486584,1.0,1.5116809e-32,1.1511694e-21,4.0495012e-38,N,N
CF20_Gujarati_N_0026.npy,46.983727,-35.671906,-13.175445,-61.433758,1.0,1.26798785e-36,7.467987e-27,0.0,N,N
CM30_Gujarati_N_0064.npy,15.941699,-0.09657769,-3.5902588,-30.738348,0.9999999,1.0830909e-07,3.2913838e-09,5.3347434e-21,N,N
CM27_Gujarati_N_0025.npy,26.230022,-21.624496,5.398903,-34.873978,1.0,1.6483389e-21,8.977589e-10,2.9031532e-27,N,N
CM24_Gujarati_N_0058.npy,18.208195,-7.4656544,-2.9091828,-30.029148,1.0,7.0792786e-12,6.7427824e-10,1.1240567e-21,N,N
CM24_Gujarati_N_0025.npy,13.965044,2.776042,-3.5156658,-30.017422,0.9999862,1.38252235e-05,2.5598736e-08,7.918648e-20,N,N
CM03_English_N_0021.npy,24.226791,-10.555071,-1.4766994,-36.811596,1.0,7.842057e-16,6.8725134e-12,3.1000252e-27,N,N
CF09_English_N_0016.npy,20.52921,-19.996883,-3.6657588,-23.906727,1.0,2.5103927e-18,3.106413e-11,5.0317403e-20,N,N
CF14_Gujarati_N_0049.npy,16.82882,-20.677849,0.23329295,-15.623792,0.9999999,5.1411585e-17,6.203756e-08,8.053979e-15,N,N
CF04_Hindi_N_0127.npy,35.803017,-30.214165,-4.138171,-47.498745,1.0,2.133548e-29,4.5056983e-18,6.645172e-37,N,N
CM05_Hindi_N_0075.npy,23.250618,-8.667118,-6.9988055,-35.55332,1.0,1.3750021e-14,7.291923e-14,2.8958323e-26,N,N
CM03_English_N_0053.npy,14.304849,-3.0252714,-2.8425345,-25.121502,1.0,2.975942e-08,3.5726156e-08,7.5396975e-18,N,N
CF02_English_N_0052.npy,21.760725,-10.317171,-2.1889207,-33.93565,1.0,1.17151196e-14,3.970095e-11,6.47698e-25,N,N
CM38_English_N_0121.npy,20.663792,-9.011339,-3.2329156,-30.994293,1.0,1.2949543e-13,4.1859283e-11,3.6743355e-23,N,N
CF02_Gujarati_N_0066.npy,28.939743,-13.587208,-2.3451266,-46.042377,1.0,3.394532e-19,2.589128e-14,2.7269708e-33,N,N
CM16_Hindi_N_0075.npy,22.378994,-17.352406,-2.5047886,-28.835415,1.0,5.55741e-18,1.5599484e-11,5.7261785e-23,N,N
CF04_English_N_0079.npy,51.052666,-44.213455,-14.44501,-66.07945,1.0,4.23e-42,3.5869226e-29,0.0,N,N
CM27_Gujarati_N_0001.npy,10.80373,-8.272766,-0.9706638,-13.153467,0.99999225,5.1901465e-09,7.699141e-06,3.9401985e-11,N,N
CF09_English_N_0026.npy,29.986559,-23.992075,-8.658667,-38.706245,1.0,3.6089195e-24,1.646614e-17,1.4692475e-30,N,N
CM16_Hindi_N_0031.npy,30.149742,-26.772074,-7.388006,-36.826633,1.0,1.9018238e-25,4.9838184e-17,8.175758e-30,N,N
CM35_English_N_0077.npy,18.618322,-17.986404,-1.5634432,-21.934092,1.0,1.2669757e-16,1.7185816e-09,2.4451775e-18,N,N
CF09_Hindi_N_0063.npy,23.179022,-21.037535,-3.7625434,-29.070805,1.0,6.266045e-20,1.9926324e-12,2.0332442e-23,N,N
CF09_Hindi_N_0031.npy,41.362274,-27.130033,-12.46755,-57.70111,1.0,1.7954277e-30,4.187969e-24,9.5e-44,N,N
CF20_Gujarati_N_0011.npy,12.732027,-9.443638,-2.4002383,-16.671024,0.99999976,2.3400817e-10,2.6800365e-07,1.6998748e-13,N,N
CM05_English_N_0038.npy,19.942541,-2.0058625,-5.3113356,-35.459282,1.0,2.9371702e-10,1.0774103e-11,8.695471e-25,N,N
CF14_Hindi_N_0005.npy,23.32603,-19.437845,-5.1541953,-28.836567,1.0,2.6784517e-19,4.2775467e-13,2.2185624e-23,N,N
CM16_Hindi_N_0056.npy,23.457315,-18.027786,0.6316342,-32.47246,1.0,9.621661e-19,1.2216095e-10,5.12868e-25,N,N
CF14_Hindi_N_0016.npy,14.711548,-9.958113,0.17345937,-20.589813,0.9999995,1.9324235e-11,4.854987e-07,4.6645903e-16,N,N
CF04_English_N_0091.npy,52.035824,-36.59447,-10.304374,-73.16299,1.0,3.22368e-39,8.433266e-28,0.0,N,N
CM35_English_N_0058.npy,67.20266,-46.656773,-19.34974,-90.63383,1.0,0.0,2.5749622e-38,0.0,N,N
CM03_English_N_0026.npy,10.547334,-5.7962766,3.6142993,-16.765957,0.9990258,7.973275e-08,0.00097408786,1.3726687e-12,N,N
CF20_Gujarati_N_0064.npy,30.64438,-25.81237,-8.941809,-39.167233,1.0,3.0279275e-25,6.425937e-18,4.7995533e-31,N,N
CM03_English_N_0010.npy,13.258732,-3.7852025,-4.2974696,-21.015383,1.0,3.9619916e-08,2.3737686e-08,1.3029878e-15,N,N
CF14_Hindi_N_0119.npy,32.69648,-31.032272,-5.1630826,-40.81088,1.0,2.1035587e-28,3.6124443e-17,1.191685e-32,N,N
CF09_English_N_0019.npy,28.542664,-18.859026,-7.2592335,-39.78374,1.0,2.5924396e-21,2.8277075e-16,2.1194402e-30,N,N
CF04_Hindi_N_0052.npy,21.975727,-3.9013145,-2.8683112,-39.50044,1.0,5.7775533e-12,1.6231976e-11,2.0009694e-27,N,N
CM38_English_N_0021.npy,30.922176,-20.225803,-8.468549,-42.093094,1.0,6.119482e-23,7.813144e-18,1.9492582e-32,N,N
CM05_Hindi_N_0055.npy,24.857471,-10.738951,-5.397975,-37.00538,1.0,3.4727303e-16,7.248133e-14,1.35926945e-27,N,N
CF14_Hindi_N_0078.npy,20.240416,-20.064495,-2.0530093,-23.85522,1.0,3.131847e-18,2.0801216e-10,7.071463e-20,N,N
CM24_Gujarati_N_0012.npy,29.311853,-13.869133,-6.910964,-42.917755,1.0,1.7649676e-19,1.8562253e-16,4.2764205e-32,N,N
CF14_Hindi_N_0028.npy,34.2817,-19.904629,-9.057144,-49.46245,1.0,2.9320838e-24,1.5072283e-19,4.2695147e-37,N,N
CM05_English_N_0087.npy,31.699392,1.060138,-9.813391,-59.41436,1.0,4.937888e-14,9.358955e-19,2.6903e-40,N,N
CF14_Hindi_N_0056.npy,27.470589,-25.303152,-6.48201,-33.206287,1.0,1.2040784e-23,1.7971064e-15,4.4500772e-27,N,N
CM35_English_N_0072.npy,24.988167,-14.656302,-6.39945,-34.48492,1.0,6.0621317e-18,2.3363134e-14,1.4830861e-26,N,N
CM05_English_N_0052.npy,22.133339,-6.633262,-8.359641,-34.687607,1.0,3.212356e-13,5.715663e-14,2.103666e-25,N,N
CF04_English_N_0063.npy,30.2528,-21.450836,-10.221652,-41.494793,1.0,3.5107194e-23,2.6434337e-18,6.924971e-32,N,N
CF14_Hindi_N_0129.npy,24.00251,-21.429186,-9.610188,-27.46482,1.0,1.8589427e-20,2.5245904e-15,4.4465394e-23,N,N
CM05_English_N_0030.npy,27.852158,-12.7848835,-10.089964,-40.782608,1.0,2.2467675e-18,3.3261756e-17,1.5570409e-30,N,N
CF20_Gujarati_N_0010.npy,17.189964,-9.958051,-4.6231213,-24.055244,1.0,1.6209413e-12,3.3627712e-10,1.2230197e-18,N,N
CF14_Hindi_N_0099.npy,26.62055,-16.12519,-4.492983,-38.06304,1.0,2.7274688e-19,3.0730125e-14,8.096031e-29,N,N
CM16_Hindi_N_0033.npy,26.557877,-17.982737,-2.5188057,-36.947422,1.0,4.5316702e-20,2.3559008e-13,2.6302635e-28,N,N
CM24_Gujarati_N_0050.npy,30.308155,-12.261775,-6.0203586,-46.44383,1.0,3.2517253e-19,1.6700397e-16,4.6455486e-34,N,N
CM30_English_N_0001.npy,25.28127,-2.7626648,-7.598222,-44.59594,1.0,6.6172003e-13,5.2555595e-15,4.4948186e-31,N,N
CF20_Gujarati_N_0029.npy,31.286814,-27.238333,-7.963279,-39.88824,1.0,3.8269414e-26,8.992943e-18,1.2276249e-31,N,N
CM05_Hindi_N_0059.npy,19.707266,-10.507564,-3.1408215,-28.134304,1.0,7.548605e-14,1.194543e-10,1.6698253e-21,N,N
CF14_English_N_0047.npy,16.86833,-1.2479484,2.1523774,-35.62227,0.99999964,1.3558149e-08,4.0638972e-07,1.598165e-23,N,N
CF09_Hindi_N_0024.npy,46.461704,-36.107025,-10.446391,-62.706593,1.0,1.3831144e-36,1.9280923e-25,0.0,N,N
CF04_Hindi_N_0104.npy,51.964603,-55.090534,-13.823551,-58.68214,1.0,0.0,2.6826715e-29,0.0,N,N
CM30_English_N_0044.npy,24.11613,2.7614298,-8.450481,-48.663723,1.0,5.3182747e-10,7.1862114e-15,2.4666703e-32,N,N
CM30_Gujarati_N_0058.npy,10.32879,1.5909576,-3.971431,-20.992716,0.99983895,0.00016037542,6.157766e-07,2.4955866e-14,N,N
CM24_Gujarati_N_0023.npy,23.934261,-13.564538,-4.318512,-33.75722,1.0,5.181778e-17,5.370027e-13,8.808611e-26,N,N
CF14_English_N_0021.npy,30.033464,-21.612442,-4.779215,-41.921482,1.0,3.719364e-23,7.604059e-16,5.628115e-32,N,N
CM38_English_N_0095.npy,33.270576,-13.086739,-8.933082,-49.494534,1.0,7.3667154e-21,4.6901177e-19,1.13650435e-36,N,N
CF14_Hindi_N_0069.npy,35.828037,-23.388649,-6.1757126,-50.993187,1.0,1.916549e-26,5.728003e-19,1.9679757e-38,N,N
CM05_Hindi_N_0017.npy,22.47338,-0.55808645,-5.2579036,-43.38541,1.0,9.9440116e-11,9.0460034e-13,2.4997236e-29,N,N
CF14_English_N_0010.npy,20.676994,-2.3424513,0.72325796,-39.788944,1.0,1.0064261e-10,2.1587483e-09,5.495112e-27,N,N
CM24_Gujarati_N_0030.npy,13.119906,-0.27297306,-1.9289314,-25.195723,0.9999982,1.5259685e-06,2.9132121e-07,2.2894617e-17,N,N
CF14_Hindi_N_0116.npy,28.906225,-23.137444,-3.4638255,-38.09497,1.0,2.4987396e-23,8.747116e-15,7.975346e-30,N,N
CF14_English_N_0048.npy,11.235477,-3.3842795,-0.28446597,-19.902485,0.9999896,4.4742046e-07,9.929965e-06,2.9988192e-14,N,N
CM27_Gujarati_N_0021.npy,3.605112,-0.6952415,0.9198475,-7.647137,0.9244024,0.012538375,0.063047156,1.1996968e-05,N,N
CM38_English_N_0009.npy,25.635334,-17.270903,-1.3503205,-34.491173,1.0,2.3230525e-19,1.9066853e-12,7.715959e-27,N,N
CF04_English_N_0055.npy,28.892391,-22.85353,-4.761454,-39.088863,1.0,3.3653605e-23,2.4228139e-15,2.993066e-30,N,N
CF14_Gujarati_N_0057.npy,17.182438,-12.527049,-3.614743,-22.96929,1.0,1.251219e-13,9.2875124e-10,3.6502872e-18,N,N
CM30_English_N_0040.npy,26.567942,-6.9747334,-6.708503,-43.866375,1.0,2.707705e-15,3.5336554e-15,2.5749223e-31,N,N
CM38_English_N_0036.npy,26.350988,-7.786119,-5.0500355,-41.427998,1.0,1.4943159e-15,2.3052002e-14,3.6640486e-30,N,N
CF09_English_N_0007.npy,24.26326,-20.38276,-9.685211,-29.9192,1.0,4.078311e-20,1.8045393e-15,2.9434473e-24,N,N
CF09_Hindi_N_0150.npy,28.50359,-23.505669,-2.7208369,-36.243004,1.0,2.586224e-23,2.7504513e-14,7.601688e-29,N,N
CM16_Hindi_N_0006.npy,32.787483,-20.480413,-5.06369,-46.303173,1.0,7.34591e-24,3.642875e-17,4.480908e-35,N,N
CM35_English_N_0065.npy,25.417171,-11.925308,-6.9456005,-37.225117,1.0,6.058528e-17,8.811048e-15,6.234475e-28,N,N
CF18_English_N_0015.npy,36.818954,-20.051662,-3.5033243,-55.988766,1.0,2.0017272e-25,3.0779217e-18,4.9445e-41,N,N
CF14_Hindi_N_0010.npy,38.417557,-27.238537,-13.501443,-51.616608,1.0,3.0613938e-29,2.8305143e-23,7.9188e-40,N,N
CF14_Hindi_N_0009.npy,27.337004,-8.808707,-2.4893634,-44.60873,1.0,2.0050149e-16,1.1132012e-13,5.680225e-32,N,N
CM16_Hindi_N_0060.npy,26.371464,-20.107685,-3.8892934,-34.24192,1.0,6.5217193e-21,7.209747e-14,4.7417832e-27,N,N
CM05_Hindi_N_0053.npy,25.495266,-8.741159,-5.736823,-40.532185,1.0,1.3530335e-15,2.7294534e-14,2.1117504e-29,N,N
CF04_English_N_0053.npy,39.91734,-20.913015,-10.681042,-60.68916,1.0,3.8169235e-27,1.0602354e-22,2e-44,N,N
CM03_English_N_0041.npy,23.923748,-11.195279,-2.0637367,-36.15551,1.0,5.5975855e-16,5.1734363e-12,8.089279e-27,N,N
CF14_Hindi_N_0111.npy,32.380264,-21.466019,-2.0951378,-47.172752,1.0,4.119613e-24,1.0654248e-15,2.8220445e-35,N,N
CF04_English_N_0072.npy,48.049328,-35.558712,-11.112517,-65.26719,1.0,4.8920356e-37,2.024588e-26,0.0,N,N
CF09_Hindi_N_0163.npy,30.00132,-23.56209,-8.238287,-39.255497,1.0,5.4664767e-24,2.4702957e-17,8.358819e-31,N,N
CM35_English_N_0067.npy,26.106205,-16.48935,-8.562021,-35.973248,1.0,3.1694638e-19,8.7857704e-16,1.0945518e-27,N,N
CM38_English_N_0126.npy,21.729225,-1.2888234,-5.316453,-40.83351,1.0,1.0078323e-10,1.7956085e-12,6.7506993e-28,N,N
CM35_English_N_0098.npy,50.049694,-31.09953,-15.317281,-69.29011,1.0,5.7192636e-36,4.0877466e-29,0.0,N,N
CF04_Hindi_N_0138.npy,23.063004,-18.262259,-4.757063,-30.0943,1.0,1.128927e-18,8.27749e-13,8.204964e-24,N,N
CM05_English_N_0074.npy,30.745787,-5.34851,-7.00572,-53.903854,1.0,2.1107976e-16,4.0246575e-17,1.7263433e-37,N,N
CM05_English_N_0043.npy,21.588219,-3.1606236,-4.714212,-38.091892,1.0,1.785313e-11,3.775716e-12,1.2057497e-26,N,N
CM38_English_N_0082.npy,27.074537,-15.379269,-6.9777346,-38.71125,1.0,3.6521379e-19,1.6266189e-15,2.6890237e-29,N,N
CF04_Hindi_N_0116.npy,48.612732,-43.85275,-11.991551,-61.162827,1.0,6.9622e-41,4.7851393e-27,0.0,N,N
CF18_English_N_0007.npy,19.257603,-10.011149,-0.5093964,-30.272228,1.0,1.944205e-13,2.6019664e-09,3.0865103e-22,N,N
CF09_English_N_0008.npy,14.446488,-8.738852,-3.7107522,-20.550962,1.0,8.5257856e-11,1.3014003e-08,6.321204e-16,N,N
CF04_English_N_0018.npy,36.917385,-34.95091,-10.213935,-44.82051,1.0,6.137572e-32,3.397249e-21,3.1745425e-36,N,N
CM38_English_N_0070.npy,29.582634,-22.059603,-8.327854,-37.711178,1.0,3.7330378e-23,3.433082e-17,5.952104e-30,N,N
CF04_English_N_0073.npy,51.194794,-46.54006,-14.99077,-64.766335,1.0,3.59e-43,1.8029166e-29,0.0,N,N
CM03_English_N_0096.npy,28.601952,-12.505952,-7.158511,-42.769993,1.0,1.403023e-18,2.9473245e-16,1.0082233e-31,N,N
CM30_English_N_0058.npy,21.347609,-0.7988203,-6.5489683,-40.717785,1.0,2.4095062e-10,7.667804e-13,1.110051e-27,N,N
CF14_Hindi_N_0012.npy,24.02769,-14.149797,3.6216173,-36.31578,1.0,2.628613e-17,1.3732653e-09,6.2110255e-27,N,N
CM05_Hindi_N_0020.npy,40.97393,-9.1136,-9.021427,-70.21723,1.0,1.7671003e-22,1.9377249e-22,0.0,N,N
CF02_Gujarati_N_0012.npy,39.05783,-27.721073,-8.356534,-54.715893,1.0,9.9607524e-30,2.5597847e-21,1.8818e-41,N,N
CF04_Hindi_N_0017.npy,54.954033,-42.5336,-9.437674,-75.58794,1.0,4.58e-43,1.0840177e-28,0.0,N,N
CF18_English_N_0046.npy,44.16581,-29.364069,-9.264929,-62.919567,1.0,1.1651458e-32,6.242008e-24,0.0,N,N
CF14_English_N_0050.npy,13.631023,-4.3181486,0.9410231,-24.477768,0.9999969,1.6024035e-08,3.0817787e-06,2.8155345e-17,N,N
CF18_English_N_0049.npy,27.567022,-23.271046,-7.502285,-34.819553,1.0,8.342735e-23,5.8829366e-16,8.0511007e-28,N,N
CF04_English_N_0039.npy,55.551224,-42.642097,-15.59521,-75.57918,1.0,2.27e-43,1.2632743e-31,0.0,N,N
CM27_Gujarati_N_0006.npy,14.654695,-9.973641,-4.1516013,-18.398224,1.0,2.0139543e-11,6.800325e-09,4.418759e-15,N,N
CM35_English_N_0053.npy,27.569775,-6.079302,-9.676989,-47.44437,1.0,2.4343943e-15,6.6670764e-17,2.6410146e-33,N,N
CM38_English_N_0012.npy,31.241785,-15.142506,-11.799638,-45.04077,1.0,7.1706365e-21,2.0293042e-19,7.4286086e-34,N,N
CF09_Hindi_N_0075.npy,14.517805,-15.474579,-5.1262364,-14.681814,1.0,9.429163e-14,2.9423977e-09,2.0833704e-13,N,N
CF04_English_N_0029.npy,45.51545,-39.567177,-11.587738,-58.672577,1.0,1.1196566e-37,1.5863564e-25,0.0,N,N
CF14_English_N_0039.npy,29.706131,-19.344631,-6.9402122,-42.350426,1.0,4.9833876e-22,1.2153332e-16,5.084345e-32,N,N
CF14_Gujarati_N_0015.npy,32.551414,-15.789636,-7.8090925,-49.026756,1.0,1.0133257e-21,2.962471e-18,3.724351e-36,N,N
CM05_Hindi_N_0031.npy,26.488152,-9.472204,-8.351923,-42.039967,1.0,2.413321e-16,7.398586e-16,1.7322668e-30,N,N
CF14_Hindi_N_0107.npy,32.569782,-18.514812,-4.1901965,-48.70766,1.0,6.519922e-23,1.0847855e-16,5.0310082e-36,N,N
CF14_Hindi_N_0125.npy,30.641003,-21.07817,-7.036306,-42.120937,1.0,3.456594e-23,4.3346438e-17,2.511256e-32,N,N
CM30_Gujarati_N_0010.npy,26.622871,-6.7056994,-8.620318,-43.90807,1.0,3.3541723e-15,4.9439804e-16,2.3377597e-31,N,N
CF14_Hindi_N_0109.npy,15.336545,-10.960882,0.94456047,-21.814005,0.9999994,3.7946512e-12,5.618755e-07,7.340413e-17,N,N
CM35_English_N_0084.npy,43.644424,-26.587067,-15.531319,-61.68713,1.0,3.153922e-31,1.9966472e-26,0.0,N,N
CF04_Hindi_N_0084.npy,51.12028,-40.548283,-11.635687,-68.8671,1.0,1.54472e-40,5.5645514e-28,0.0,N,N
CF04_Hindi_N_0018.npy,57.772068,-46.08469,-11.649988,-78.46421,1.0,1e-45,7.0857083e-31,0.0,N,N
CF02_English_N_0053.npy,26.740871,-20.841932,-2.598892,-36.55037,1.0,2.1629761e-21,1.8109338e-13,3.2580926e-28,N,N
CF04_Hindi_N_0097.npy,53.890938,-40.404095,-12.545786,-73.33344,1.0,1.1174e-41,1.4024854e-29,0.0,N,N
CF14_Gujarati_N_0059.npy,15.743088,-5.3062406,2.3700104,-27.404453,0.99999845,7.217593e-10,1.5564874e-06,1.8249893e-19,N,N
CM05_Hindi_N_0064.npy,22.65125,-8.777816,-6.6480923,-34.78818,1.0,2.2414559e-14,1.8856322e-13,1.1333717e-25,N,N
CM38_English_N_0102.npy,43.455917,-6.692054,-11.2031975,-75.1169,1.0,1.6634603e-22,1.8274606e-24,0.0,N,N
CM05_Hindi_N_0093.npy,33.544792,-8.6183405,-8.457,-55.069706,1.0,4.8841003e-19,5.739223e-19,3.274996e-39,N,N
CM16_Hindi_N_0071.npy,20.741713,-21.61827,0.39330262,-23.086246,1.0,4.0113643e-19,1.4547822e-09,9.241874e-20,N,N
CM24_Gujarati_N_0024.npy,10.797056,0.9758904,-2.7853577,-21.243874,0.99994445,5.4287226e-05,1.2624337e-06,1.215559e-14,N,N
CF09_English_N_0018.npy,37.745262,-30.804028,-6.4816523,-48.867504,1.0,1.6959905e-30,6.201483e-20,2.424126e-38,N,N
CM38_English_N_0053.npy,23.85982,-11.562965,-5.943429,-35.193676,1.0,4.131244e-16,1.1392349e-13,2.2562748e-26,N,N
CM27_Gujarati_N_0034.npy,21.238594,-14.718813,-5.08443,-27.686718,1.0,2.420457e-16,3.6987553e-12,5.64946e-22,N,N
CF18_English_N_0044.npy,50.367767,-31.76073,-8.206467,-74.25295,1.0,2.1480687e-36,3.6436228e-26,0.0,N,N
CF20_Gujarati_N_0070.npy,33.578453,-28.268745,-6.6808176,-43.276943,1.0,1.3807116e-27,3.2780936e-18,4.189162e-34,N,N
CF18_English_N_0016.npy,41.02736,-30.42242,-10.934333,-55.601616,1.0,9.3272444e-32,2.7122114e-23,1.083e-42,N,N
CM05_English_N_0090.npy,18.648191,0.86729974,-4.104794,-37.610413,1.0,1.8960813e-08,1.3137241e-10,3.6914576e-25,N,N
CF09_Hindi_N_0011.npy,44.745594,-26.76538,-7.2713647,-65.82223,1.0,8.773642e-32,2.5663816e-23,0.0,N,N
CF09_Hindi_N_0088.npy,34.47747,-26.052116,-5.410182,-46.718475,1.0,5.156256e-27,4.7534864e-18,5.458192e-36,N,N
CM03_English_N_0035.npy,24.123127,-19.531137,-1.3326855,-31.115704,1.0,1.0994943e-19,8.804022e-12,1.0234832e-24,N,N
CM03_English_N_0081.npy,25.759375,-20.01559,-7.9070187,-32.559708,1.0,1.3188214e-20,2.392606e-15,4.70266e-26,N,N
CF20_Gujarati_N_0065.npy,22.841568,-22.661118,-2.4751112,-28.472767,1.0,1.731549e-20,1.0118264e-11,5.1816436e-23,N,N
CM03_English_N_0043.npy,11.901386,2.569583,2.6631112,-28.688446,0.9998142,8.854593e-05,9.722707e-05,2.354936e-18,N,N
CM05_Hindi_N_0030.npy,33.51207,-13.703276,-9.78881,-52.72945,1.0,3.1234548e-21,1.5655487e-19,3.513868e-38,N,N
CF14_English_N_0031.npy,18.928429,-0.9146481,1.104848,-38.98052,1.0,2.4113558e-09,1.8168441e-08,7.0870235e-26,N,N
CF14_Hindi_N_0126.npy,41.82155,-26.235754,-11.297965,-60.203075,1.0,2.7738836e-30,8.52095e-24,6e-45,N,N
CF14_Gujarati_N_0039.npy,23.042177,-18.275248,-2.4191172,-30.066229,1.0,1.1378117e-18,8.755893e-12,8.616131e-24,N,N
CM24_Gujarati_N_0054.npy,33.506474,-14.050971,-5.167371,-51.103134,1.0,2.2185224e-21,1.6001594e-17,1.796867e-37,N,N
CM35_English_N_0076.npy,23.762253,-12.423791,-8.145875,-35.100735,1.0,1.9257561e-16,1.38827845e-14,2.7297906e-26,N,N
CF14_Hindi_N_0073.npy,30.508701,-22.580963,-7.652192,-41.095158,1.0,8.7791344e-24,2.6726062e-17,7.9953817e-32,N,N
CF14_Hindi_N_0132.npy,24.518518,-18.513966,-4.409839,-31.988228,1.0,2.0475231e-19,2.7325852e-13,2.8802668e-25,N,N
CF20_Gujarati_N_0031.npy,32.433975,-23.553207,-7.2466526,-44.8684,1.0,4.8425656e-25,5.8468658e-18,2.6791975e-34,N,N
CM24_Gujarati_N_0066.npy,10.087804,2.1201086,1.1629314,-24.043419,0.9995208,0.00034631058,0.0001329747,1.5024172e-15,N,N
CF02_English_N_0060.npy,28.95243,-14.882345,-0.78386647,-45.62916,1.0,9.179053e-20,1.21812e-13,4.070311e-33,N,N
CF09_Hindi_N_0156.npy,35.01111,-21.984945,-11.803726,-49.549587,1.0,1.7657434e-25,4.6620364e-21,1.886926e-37,N,N
CM24_Gujarati_N_0043.npy,26.188986,-8.343999,-3.6119072,-42.87281,1.0,1.0058075e-15,1.1419216e-13,1.0158794e-30,N,N
CM38_English_N_0028.npy,18.66986,-1.0422018,-4.0083613,-34.18806,1.0,2.748906e-09,1.4157059e-10,1.1068693e-23,N,N
CM16_Hindi_N_0012.npy,23.058355,-21.995518,0.14453156,-28.6814,1.0,2.7123915e-20,1.118543e-10,3.3861835e-23,N,N
CM03_English_N_0045.npy,8.536613,3.2967677,-2.6400588,-19.844494,0.994713,0.005273048,1.3922937e-05,4.6982866e-13,N,N
CM05_English_N_0051.npy,28.985176,-22.328985,-10.419286,-37.42109,1.0,5.1825328e-23,7.7065514e-18,1.4458573e-29,N,N
CF14_English_N_0011.npy,19.628231,-8.033621,2.0086715,-33.76457,1.0,9.696396e-13,2.228036e-08,6.4833855e-24,N,N
CM38_English_N_0015.npy,28.979774,-8.46881,-7.7734394,-48.44414,1.0,5.448613e-17,1.09215144e-16,2.3725694e-34,N,N
CF09_Hindi_N_0013.npy,49.07381,-33.45054,-3.4168167,-71.91146,1.0,1.4458686e-36,1.598123e-23,0.0,N,N
CM38_English_N_0086.npy,29.524197,-14.590776,-7.509978,-43.808758,1.0,6.9360115e-20,8.24635e-17,1.4187392e-32,N,N
CM38_English_N_0079.npy,33.958702,-7.836507,-8.096027,-58.167393,1.0,7.0562146e-19,5.44331e-19,9.7756e-41,N,N
CF09_Hindi_N_0001.npy,35.80322,-24.531635,-7.9781723,-50.446316,1.0,6.2647797e-27,9.6824095e-20,3.4858048e-38,N,N
CM38_English_N_0032.npy,36.36264,-15.274462,-11.544153,-56.550373,1.0,3.7522548e-23,1.5643889e-21,4.4504e-41,N,N
CM16_Hindi_N_0007.npy,27.447117,-25.668808,-6.4900265,-32.301647,1.0,8.5515914e-24,1.8251002e-15,1.1257488e-26,N,N
CF14_English_N_0030.npy,18.592333,-9.388287,4.2939515,-31.019655,0.9999994,7.049708e-13,6.1700894e-07,2.843067e-22,N,N
CM27_Gujarati_N_0068.npy,17.875431,-14.075542,-4.6629066,-22.395079,1.0,1.3300516e-14,1.6282621e-10,3.24146e-18,N,N
CM35_English_N_0041.npy,20.320408,-8.389821,-5.0424857,-30.707891,1.0,3.39865e-13,9.661288e-12,6.8975044e-23,N,N
CF04_Hindi_N_0041.npy,33.555885,-23.800846,-8.645117,-44.74977,1.0,1.231085e-25,4.702587e-19,9.823936e-35,N,N
CM05_Hindi_N_0037.npy,28.031036,-14.622291,-6.96042,-41.455795,1.0,2.9915416e-19,6.359225e-16,6.64129e-31,N,N
CM05_Hindi_N_0060.npy,21.573997,-19.013447,-3.584202,-25.633919,1.0,2.361005e-18,1.1855855e-11,3.1467516e-21,N,N
CF09_English_N_0001.npy,22.783613,-22.422201,-7.0115786,-25.389904,1.0,2.3300448e-20,1.1484504e-13,1.1981415e-21,N,N
CF09_Hindi_N_0056.npy,23.116776,-24.300556,-5.1771393,-26.379044,1.0,2.5521987e-21,5.153579e-13,3.1932938e-22,N,N
CF09_Hindi_N_0135.npy,40.81334,-33.12394,-9.031759,-53.419586,1.0,7.752608e-33,2.2518942e-22,1.189e-41,N,N
CF02_English_N_0090.npy,33.29354,-19.95271,-6.087578,-48.394253,1.0,7.506671e-24,7.888554e-18,3.3376714e-36,N,N
CF09_Hindi_N_0006.npy,27.99649,-18.40586,-5.1090717,-39.419544,1.0,7.0423055e-21,4.19216e-15,5.2673213e-30,N,N
CF09_English_N_0045.npy,24.176117,-19.188976,-2.76274,-31.145073,1.0,1.4681799e-19,1.9980365e-12,9.425676e-25,N,N
CM16_Hindi_N_0045.npy,27.337984,-27.055958,-5.469964,-30.7426,1.0,2.3823763e-24,5.6453226e-15,5.969307e-26,N,N
CM05_Hindi_N_0088.npy,22.685844,-0.13601355,-8.242539,-40.957287,1.0,1.2262902e-10,3.6980605e-14,2.2916024e-28,N,N
CF14_Hindi_N_0053.npy,23.056343,-14.0239725,-0.9760689,-34.480812,1.0,7.874518e-17,3.654738e-11,1.02785303e-25,N,N
CF04_English_N_0092.npy,62.536377,-40.043407,-11.917995,-91.535965,1.0,3e-45,4.622482e-33,0.0,N,N
CF04_English_N_0107.npy,42.2716,-36.33348,-11.629151,-53.854378,1.0,7.2819493e-35,3.9012343e-24,1.791e-42,N,N
CM16_Hindi_N_0057.npy,23.581995,-26.146944,-0.909228,-25.702385,1.0,2.5292756e-22,2.3099219e-11,3.9451777e-22,N,N
CF02_English_N_0019.npy,26.032188,-9.849028,-0.7089203,-42.01158,1.0,2.6120712e-16,2.4349184e-12,2.8116822e-30,N,N
CF04_Hindi_N_0065.npy,41.71724,-24.364693,-2.653461,-63.376934,1.0,1.999777e-29,5.37093e-20,0.0,N,N
CF02_English_N_0011.npy,22.72303,-19.406483,-0.950381,-29.305962,1.0,5.05109e-19,5.233214e-11,2.5356891e-23,N,N
CF09_Hindi_N_0096.npy,49.775078,-37.020527,-11.268499,-66.87463,1.0,2.0190459e-38,3.0839722e-27,0.0,N,N
CM30_Gujarati_N_0063.npy,18.095049,2.853532,-6.4205675,-37.308094,0.99999976,2.4026644e-07,2.2542525e-11,8.684e-25,N,N
CF04_Hindi_N_0091.npy,64.956276,-42.808037,-15.531492,-93.09769,1.0,0.0,1.10816795e-35,0.0,N,N
CM24_Gujarati_N_0020.npy,25.886555,-16.713516,-7.333944,-35.28143,1.0,3.1551807e-19,3.7369853e-15,2.7232158e-27,N,N
CF02_English_N_0095.npy,49.730976,-35.994457,-6.3395996,-69.09607,1.0,5.887316e-38,4.455109e-25,0.0,N,N
CM27_Gujarati_N_0038.npy,31.415543,-5.0211177,-7.6013165,-54.470104,1.0,1.4988538e-16,1.1355142e-17,5.01575e-38,N,N
CM05_English_N_0054.npy,28.34953,-14.643047,-6.891636,-42.457504,1.0,2.1308908e-19,4.9540045e-16,1.7737581e-31,N,N
CM35_English_N_0062.npy,39.97625,-33.663116,-5.760743,-49.71126,1.0,1.0443105e-32,1.369862e-20,1.119971e-39,N,N
CM35_English_N_0026.npy,18.145813,-13.798042,-3.408837,-22.248112,1.0,1.33955304e-14,4.354464e-10,2.8651107e-18,N,N
CM16_Hindi_N_0032.npy,28.679459,-26.472523,-7.673641,-34.17148,1.0,1.1163461e-24,1.6294812e-16,5.0604007e-28,N,N
CF02_English_N_0040.npy,22.851639,-6.9455185,2.6307552,-40.729435,1.0,1.1461963e-13,1.6526523e-09,2.438319e-28,N,N
CM05_Hindi_N_0109.npy,26.0878,-16.226677,-8.550222,-35.626263,1.0,4.1981363e-19,9.05519e-16,1.5773335e-27,N,N
CM03_English_N_0090.npy,27.106579,-11.416756,-8.62589,-40.425934,1.0,1.8600662e-17,3.031004e-16,4.688142e-30,N,N
CM24_Gujarati_N_0045.npy,25.326794,-22.283665,-3.591253,-31.717714,1.0,2.1039753e-21,2.760907e-13,1.6822253e-25,N,N
CF02_English_N_0094.npy,20.905397,-11.556149,-3.1033285,-31.787994,1.0,7.982316e-15,3.7423356e-11,1.3048228e-23,N,N
CF02_Gujarati_N_0065.npy,18.442646,-17.015364,-4.8060694,-21.860344,1.0,3.9882546e-16,8.0022405e-11,3.137862e-18,N,N
CF20_Gujarati_N_0016.npy,17.45148,-7.362866,-6.047771,-26.460445,1.0,1.6721157e-11,6.2288e-11,8.497531e-20,N,N
CF14_English_N_0032.npy,21.51192,-11.332801,5.3878403,-35.938354,0.9999999,5.441493e-15,9.940327e-08,1.1211465e-25,N,N
CF14_Hindi_N_0044.npy,36.760048,-22.53332,-6.7457566,-53.72721,1.0,1.7750826e-26,1.2754651e-19,5.03365e-40,N,N
CF20_Gujarati_N_0020.npy,39.22075,-34.874115,-7.532863,-50.14202,1.0,6.622309e-33,4.956374e-21,1.54968e-39,N,N
CM05_Hindi_N_0013.npy,36.40113,-14.809864,-9.468529,-56.87254,1.0,5.745761e-23,1.19966505e-20,3.1029e-41,N,N
CM38_English_N_0076.npy,21.463638,-10.258063,-6.2777696,-31.051512,1.0,1.672783e-14,8.954881e-13,1.5594062e-23,N,N
CF04_English_N_0058.npy,30.009102,-19.676453,-5.332419,-43.245544,1.0,2.6414224e-22,4.480969e-16,1.5343037e-32,N,N
CF09_English_N_0043.npy,34.98001,-26.225887,-7.1322384,-47.04008,1.0,2.6219e-27,5.139036e-19,2.3940045e-36,N,N
CM03_English_N_0003.npy,22.005667,-1.4032354,-3.98067,-43.414494,1.0,6.817786e-11,5.17938e-12,3.876022e-29,N,N
CM38_English_N_0046.npy,37.54929,-21.2836,-9.1726265,-54.071907,1.0,2.813201e-26,5.1159893e-21,1.61963e-40,N,N
CM05_English_N_0050.npy,12.5022955,-6.8834434,-2.612676,-17.014023,0.99999976,3.8096117e-09,2.726788e-07,1.5178375e-13,N,N
CF20_Gujarati_N_0058.npy,25.859829,-24.603714,-4.7983923,-32.17065,1.0,1.2132821e-22,4.8451057e-14,6.276001e-26,N,N
CM27_Gujarati_N_0016.npy,9.105969,1.2029073,-0.69760513,-19.165287,0.9995752,0.00036945308,5.5230266e-05,5.269449e-13,N,N
CM05_English_N_0024.npy,17.7163,-1.4332654,-6.129965,-30.331642,1.0,4.824471e-09,4.4024978e-11,1.3584493e-21,N,N
CM30_Gujarati_N_0073.npy,11.193988,-3.924225,-5.0256443,-17.227776,0.99999964,2.717963e-07,9.034487e-08,4.5350743e-13,N,N
CM05_Hindi_N_0029.npy,18.797745,-0.36147982,-5.1557193,-33.82219,1.0,4.7780877e-09,3.954964e-11,1.4042778e-23,N,N
CM24_Gujarati_N_0032.npy,25.04734,-12.206486,-6.6722426,-35.844364,1.0,6.620166e-17,1.6763316e-14,3.5897874e-27,N,N
CM05_Hindi_N_0110.npy,28.553715,-22.905384,-5.1753654,-36.489346,1.0,4.483295e-23,2.2472252e-15,5.6514236e-29,N,N
CF14_Hindi_N_0024.npy,25.131891,-16.97633,1.2102003,-35.688175,1.0,5.1597795e-19,4.082641e-11,3.856381e-27,N,N
CF02_Gujarati_N_0017.npy,43.595932,-30.470736,-9.692032,-60.042988,1.0,6.811705e-33,7.199981e-24,1e-45,N,N
CF04_English_N_0090.npy,53.335716,-39.77348,-12.964823,-73.09362,1.0,3.6575e-41,1.6070989e-29,0.0,N,N
CM35_English_N_0117.npy,36.39834,-23.559895,-9.664789,-49.951588,1.0,9.12999e-27,9.886413e-21,3.1528403e-38,N,N
CF14_Gujarati_N_0052.npy,33.854248,-20.984837,-3.1315675,-50.988224,1.0,1.5264695e-24,8.654935e-17,1.4235876e-37,N,N
CF14_Hindi_N_0019.npy,13.355421,-3.9632828,-3.235167,-21.185116,0.9999999,3.0101084e-08,6.234467e-08,9.982428e-16,N,N
CM30_English_N_0032.npy,22.433155,0.17741938,-4.787977,-44.8417,1.0,2.1600159e-10,1.5066504e-12,6.0659808e-30,N,N
CM35_English_N_0081.npy,25.695843,0.012115195,-5.35735,-48.226242,1.0,7.009693e-12,3.2641495e-14,7.87127e-33,N,N
CM38_English_N_0013.npy,23.005184,-10.82333,-4.263595,-33.99013,1.0,2.0345249e-15,1.4365457e-12,1.7670505e-25,N,N
CF04_Hindi_N_0064.npy,28.079086,-17.999313,-4.901639,-40.8984,1.0,9.736555e-21,4.7495602e-15,1.1052451e-30,N,N
CF09_Hindi_N_0132.npy,47.108498,-26.87771,-8.981703,-70.820335,1.0,7.382424e-33,4.3685234e-25,0.0,N,N
CM03_English_N_0075.npy,30.732193,-16.978664,-7.4583306,-43.498108,1.0,1.902996e-21,2.594572e-17,5.783489e-33,N,N
CM30_Gujarati_N_0022.npy,23.232492,2.8700511,-8.252038,-45.897167,1.0,1.4345106e-09,2.1205168e-14,9.492256e-31,N,N
CM05_English_N_0096.npy,36.670235,-13.036645,-12.260721,-57.590366,1.0,2.5856927e-22,5.617676e-22,1.1565e-41,N,N
CF09_Hindi_N_0034.npy,39.68933,-29.849686,-10.357172,-52.99284,1.0,6.303602e-31,1.8411141e-22,5.6059e-41,N,N
CF14_Hindi_N_0122.npy,26.368992,-24.002552,-5.1311135,-31.863214,1.0,1.3301985e-22,2.087749e-14,5.1294793e-26,N,N
CF02_English_N_0037.npy,24.660389,-16.247375,-0.83608836,-35.679234,1.0,1.7138928e-18,8.45319e-12,6.2349783e-27,N,N
CF02_Gujarati_N_0038.npy,43.87588,-37.26299,-10.339247,-55.66522,1.0,5.778783e-36,2.8488522e-24,5.9e-44,N,N
CF09_Hindi_N_0115.npy,38.043255,-29.994236,-9.348522,-50.405613,1.0,2.8293923e-30,2.6182599e-21,3.864958e-39,N,N
CF02_English_N_0035.npy,26.89064,-10.0880785,1.318411,-44.689465,1.0,8.716596e-17,7.836495e-12,8.1875474e-32,N,N
CM35_English_N_0071.npy,33.698803,-26.440971,-7.4412303,-43.714844,1.0,7.6142634e-27,1.3586587e-18,2.3970591e-34,N,N
CF04_English_N_0045.npy,48.054142,-28.260363,-8.358014,-72.3058,1.0,7.1950016e-34,3.1660102e-25,0.0,N,N
CF09_Hindi_N_0092.npy,32.165474,-22.051096,-5.920612,-44.205463,1.0,2.8447472e-24,2.8802015e-17,6.8001995e-34,N,N
CF14_Gujarati_N_0032.npy,25.923822,-19.774372,-6.7839556,-34.493504,1.0,1.4240507e-20,6.240108e-15,5.768832e-27,N,N
CF04_Hindi_N_0025.npy,52.39627,-42.813812,-15.228786,-69.69635,1.0,4.474e-42,4.2737503e-30,0.0,N,N
CF20_Gujarati_N_0043.npy,34.788055,-29.938805,-4.852502,-45.588367,1.0,7.7532156e-29,6.085904e-18,1.238696e-35,N,N
CM16_Hindi_N_0028.npy,31.588476,-26.776005,2.660205,-42.295414,1.0,4.493956e-26,2.73282e-13,8.1777724e-33,N,N
CF04_Hindi_N_0020.npy,53.526024,-45.348442,-12.817744,-69.82141,1.0,1.15e-43,1.539107e-29,0.0,N,N
CM03_English_N_0058.npy,19.281559,-17.254139,-1.0767857,-24.648796,1.0,1.3575254e-16,1.4403999e-09,8.342366e-20,N,N
CF02_Gujarati_N_0050.npy,42.165134,-26.169653,-6.615369,-61.94917,1.0,2.1017437e-30,6.529757e-22,0.0,N,N
CF14_English_N_0004.npy,4.743647,-13.5854025,9.206301,-7.2775774,0.011400256,1.2494242e-10,0.98859966,6.8574515e-08,M,N
CM35_English_N_0107.npy,55.770245,-44.24039,-16.374748,-70.77044,1.0,3.6e-44,4.6540322e-32,0.0,N,N
CF09_Hindi_N_0116.npy,42.79277,-37.881355,-10.437189,-53.12705,1.0,9.197555e-36,7.629976e-24,2.2e-42,N,N
CM30_Gujarati_N_0023.npy,20.5666,2.060839,-8.551102,-39.78622,1.0,9.184376e-09,2.2612183e-13,6.1532237e-27,N,N
CM35_English_N_0128.npy,30.374592,-22.159168,-4.081193,-41.240303,1.0,1.530657e-23,1.0865337e-15,7.9076005e-32,N,N
CF09_Hindi_N_0130.npy,49.095413,-34.64985,-11.692148,-68.05641,1.0,4.2647615e-37,3.9838073e-27,0.0,N,N
CF14_English_N_0026.npy,22.971287,-7.7205048,1.5147369,-40.639133,1.0,4.6851584e-14,4.803286e-10,2.3678026e-28,N,N
CF04_Hindi_N_0133.npy,25.805342,-24.147488,-6.6302586,-31.66445,1.0,2.021914e-22,8.192148e-15,1.0994785e-25,N,N
CM03_English_N_0040.npy,19.62213,-5.4804535,-4.5441933,-31.303114,1.0,1.2533915e-11,3.1966818e-11,7.646238e-23,N,N
CF14_Hindi_N_0080.npy,33.987633,-26.264309,-9.621519,-45.77026,1.0,6.806349e-27,1.1502312e-19,2.299265e-35,N,N
CM24_Gujarati_N_0059.npy,30.020094,-21.058176,-9.499645,-40.699566,1.0,6.5612894e-23,6.867461e-18,1.9357211e-31,N,N
CM35_English_N_0060.npy,31.063263,-21.268478,-7.966506,-41.402866,1.0,1.8733266e-23,1.1209502e-17,3.3756824e-32,N,N
CF04_English_N_0017.npy,45.287994,-26.204786,-11.668805,-66.89691,1.0,8.9346804e-32,1.8364397e-25,0.0,N,N
CF04_Hindi_N_0086.npy,47.35096,-43.173267,-14.268891,-59.29417,1.0,4.85094e-40,1.7331617e-27,0.0,N,N
CF02_Gujarati_N_0046.npy,40.055016,-29.563885,-2.5079393,-56.552776,1.0,5.8196577e-31,3.2744924e-19,1.106e-42,N,N
CM03_English_N_0051.npy,18.703613,-6.891398,0.079708174,-30.563843,1.0,7.659987e-12,8.16095e-09,4.012506e-22,N,N
CF09_Hindi_N_0136.npy,40.61886,-34.272835,-10.458008,-52.58239,1.0,2.9850456e-33,6.5705077e-23,3.336e-41,N,N
CF09_Hindi_N_0166.npy,22.14966,-16.152073,-7.3822308,-29.089844,1.0,2.3214956e-17,1.494386e-13,5.584278e-23,N,N
CF18_English_N_0006.npy,24.872847,-14.466019,-2.1945388,-37.448936,1.0,8.229e-18,1.7570502e-12,8.58999e-28,N,N
CM16_Hindi_N_0086.npy,15.128022,-15.606356,-3.7601447,-16.247751,1.0,4.4898194e-14,6.265757e-09,2.3641462e-14,N,N
CF14_Hindi_N_0076.npy,25.63623,-15.351013,0.13561542,-39.427437,1.0,1.5829466e-18,8.418292e-12,5.536156e-29,N,N
CM05_English_N_0039.npy,17.877235,-5.021557,-5.5444856,-28.102524,1.0,1.13548365e-10,6.730945e-11,1.0745937e-20,N,N
CM05_Hindi_N_0103.npy,18.754263,-11.696749,-5.0012474,-25.771751,1.0,5.960651e-14,4.8207313e-11,4.598295e-20,N,N
CM24_Gujarati_N_0005.npy,31.309204,-19.87333,-7.4942355,-41.51381,1.0,5.9116435e-23,1.4056593e-17,2.3624748e-32,N,N
CM03_English_N_0105.npy,16.960968,-15.609159,-2.4669502,-18.44204,1.0,7.160982e-15,3.6522683e-09,4.2137544e-16,N,N
CM35_English_N_0116.npy,28.545809,-9.183664,-7.6837826,-47.160343,1.0,4.1143196e-17,1.843692e-16,1.3220112e-33,N,N
CM27_Gujarati_N_0066.npy,17.602493,-5.0266905,-4.7178507,-28.376537,1.0,1.4868597e-10,2.024875e-10,1.075377e-20,N,N
CM35_English_N_0119.npy,66.27418,-32.14268,-21.888367,-96.42081,1.0,1.81e-43,5.146281e-39,0.0,N,N
CM05_English_N_0088.npy,24.960026,-5.3316784,-5.8224382,-43.127117,1.0,6.990046e-14,4.279038e-14,2.6923376e-30,N,N
CM24_Gujarati_N_0018.npy,35.941166,-16.390831,-8.281254,-53.57359,1.0,1.872848e-23,6.229413e-20,1.331176e-39,N,N
CF09_Hindi_N_0015.npy,37.167885,-11.8324375,-1.3535178,-66.06527,1.0,5.241206e-22,1.8636601e-17,1e-45,N,N
CF02_English_N_0084.npy,30.917475,-15.811931,-6.804092,-45.918934,1.0,5.0778227e-21,4.1469843e-17,4.2694396e-34,N,N
CF20_Gujarati_N_0045.npy,39.17366,-34.926094,-8.475025,-49.001896,1.0,6.590002e-33,2.0250644e-21,5.079771e-39,N,N
CM35_English_N_0019.npy,48.690536,-29.205385,-14.426712,-67.60398,1.0,1.4798984e-34,3.8772807e-28,0.0,N,N
CM16_Hindi_N_0065.npy,30.314878,-27.845205,-10.503944,-34.633717,1.0,5.5131085e-26,1.87331e-18,6.211327e-29,N,N
CF09_English_N_0038.npy,38.94632,-30.639359,-9.951677,-51.117825,1.0,6.016224e-31,5.805914e-22,7.68489e-40,N,N
CF20_Gujarati_N_0015.npy,14.056601,-10.468826,-2.1678917,-19.032639,0.9999999,2.2322477e-11,8.990672e-08,4.2611335e-15,N,N
CM16_Hindi_N_0044.npy,25.244236,-29.376192,2.9769404,-26.986256,1.0,1.899541e-24,2.135189e-10,2.0729351e-23,N,N
CM35_English_N_0112.npy,49.1316,-25.382042,-18.07995,-68.29627,1.0,4.35649e-33,6.462427e-30,0.0,N,N
CF09_English_N_0024.npy,37.429237,-33.070255,-13.231719,-47.08411,1.0,2.4124468e-31,9.959231e-23,1.978417e-37,N,N
CM38_English_N_0043.npy,26.307735,-15.349943,-5.8363996,-36.391598,1.0,8.0965664e-19,1.09642714e-14,5.8887836e-28,N,N
CM35_English_N_0003.npy,18.15081,-6.05703,-5.610694,-28.867062,1.0,3.0666816e-11,4.7919186e-11,3.805377e-21,N,N
CM16_Hindi_N_0018.npy,24.800169,-17.424677,-7.3997016,-32.401203,1.0,4.5917944e-19,1.036988e-14,1.4380054e-25,N,N
CF02_Gujarati_N_0043.npy,41.62695,-24.894833,-12.158348,-59.569645,1.0,1.2881226e-29,4.378669e-24,1.1e-44,N,N
CF04_English_N_0102.npy,57.206356,-41.90488,-8.67772,-80.460304,1.0,9.1e-44,2.4372949e-29,0.0,N,N
CF04_English_N_0098.npy,58.346104,-46.153214,-12.3292885,-78.406494,1.0,0.0,2.023332e-31,0.0,N,N
CF02_English_N_0068.npy,21.841015,-14.553084,-4.1948524,-30.51177,1.0,1.5640229e-16,4.929085e-12,1.8343201e-23,N,N
CF20_Gujarati_N_0006.npy,16.671436,-10.11809,-4.838834,-23.615318,1.0,2.319833e-12,4.5520684e-10,3.1892221e-18,N,N
CM05_English_N_0084.npy,33.020256,-16.462385,-9.484475,-47.164803,1.0,3.2356472e-22,3.470805e-19,1.4999318e-35,N,N
CM05_Hindi_N_0033.npy,28.835388,-12.438502,-3.3923752,-43.580067,1.0,1.1884384e-18,1.0084628e-14,3.5511517e-32,N,N
CF04_English_N_0042.npy,41.238934,-29.945848,-12.219504,-55.918987,1.0,1.2157412e-31,6.071486e-24,6.38e-43,N,N
CM03_English_N_0059.npy,18.515633,-15.634975,-4.9423184,-22.853878,1.0,1.474278e-15,6.491447e-11,1.0800647e-18,N,N
CF04_Hindi_N_0109.npy,50.97432,-40.159855,-13.893014,-68.06616,1.0,2.63593e-40,6.737138e-29,0.0,N,N
CM05_Hindi_N_0124.npy,22.74419,-17.974438,-5.062592,-29.227875,1.0,2.0707352e-18,8.3881876e-13,2.684225e-23,N,N
CM16_Hindi_N_0076.npy,18.012283,-16.77084,-2.889313,-21.561834,1.0,7.8321616e-16,8.366661e-10,6.503966e-18,N,N
CF14_Gujarati_N_0018.npy,32.406464,-25.324684,-8.928402,-41.798573,1.0,8.466055e-26,1.1181395e-18,5.931492e-33,N,N
CM30_Gujarati_N_0046.npy,32.212505,-2.007279,-9.038626,-59.26347,1.0,1.3757412e-15,1.2158003e-18,1.8728e-40,N,N
CM27_Gujarati_N_0057.npy,20.799677,-7.7196445,-6.24625,-31.916725,1.0,4.1135435e-13,1.7951598e-12,1.2751413e-23,N,N
CF14_Hindi_N_0088.npy,32.19124,-21.284035,-5.938233,-45.72762,1.0,5.9701325e-24,2.7579173e-17,1.4463447e-34,N,N
CM05_Hindi_N_0057.npy,20.75351,-10.288323,-8.205444,-30.471188,1.0,3.301442e-14,2.6502457e-13,5.6675674e-23,N,N
CM35_English_N_0066.npy,14.775495,-7.6411104,-3.6447668,-21.540894,1.0,1.8390442e-10,1.0004195e-08,1.6904154e-16,N,N
CF04_Hindi_N_0092.npy,62.588036,-46.51974,-12.345843,-87.2395,1.0,0.0,2.8617461e-33,0.0,N,N
CM30_Gujarati_N_0017.npy,28.833155,3.2885115,-7.7608423,-59.10053,1.0,8.055682e-12,1.2806446e-16,6.469722e-39,N,N
CM38_English_N_0066.npy,27.143055,-23.829716,-7.4612055,-32.41554,1.0,7.2913334e-23,9.366149e-16,1.3615431e-26,N,N
CF02_English_N_0018.npy,30.353558,-11.350018,-6.6418676,-47.413383,1.0,7.733346e-19,8.5721653e-17,1.6836363e-34,N,N
CM16_Hindi_N_0049.npy,24.120602,-27.797844,-0.19458644,-24.304245,1.0,2.8320804e-23,2.7545346e-11,9.318721e-22,N,N
CF04_Hindi_N_0087.npy,52.785015,-41.29338,-10.261061,-72.29601,1.0,1.3876e-41,4.1633025e-28,0.0,N,N
CM38_English_N_0044.npy,36.0521,-25.240982,-8.799073,-48.726116,1.0,2.4029913e-27,3.321872e-20,1.5180626e-37,N,N
CF04_Hindi_N_0016.npy,45.937096,-25.730034,-6.9652367,-69.60011,1.0,7.50518e-32,1.05878804e-23,0.0,N,N
CM24_Gujarati_N_0019.npy,27.779362,-7.183086,-6.9930277,-45.222557,1.0,6.546388e-16,7.9166886e-16,1.9754582e-32,N,N
CF02_English_N_0062.npy,31.542122,-14.529993,-4.485569,-50.321384,1.0,9.7979576e-21,2.2561742e-16,2.7998148e-36,N,N
CF02_English_N_0001.npy,26.310122,-15.960541,-2.5689747,-39.613087,1.0,4.3861697e-19,2.8705662e-13,2.3437626e-29,N,N
CM05_Hindi_N_0024.npy,23.961933,-0.078146264,-7.8466115,-45.160137,1.0,3.6268225e-11,1.5336448e-14,9.564588e-31,N,N
CM38_English_N_0004.npy,25.158127,-16.649122,-7.884648,-33.98348,1.0,6.971747e-19,4.4638077e-15,2.0659848e-26,N,N
CF14_English_N_0018.npy,15.274374,-2.7156308,-3.2037134,-25.568893,1.0,1.5382959e-08,9.4420916e-09,1.8280729e-18,N,N
CF14_Hindi_N_0055.npy,28.914467,-13.678213,-2.7318838,-46.584187,1.0,3.178581e-19,1.8037006e-14,1.6268585e-33,N,N
CM16_Hindi_N_0046.npy,22.80981,-23.551638,-2.9342692,-25.077963,1.0,7.336316e-21,6.599155e-12,1.5944285e-21,N,N
CF04_Hindi_N_0129.npy,20.415962,-10.649071,-2.2693872,-31.13337,1.0,3.2257268e-14,1.4056536e-10,4.0964695e-23,N,N
CM35_English_N_0080.npy,23.463345,-10.366512,-5.958475,-34.27759,1.0,2.0317949e-15,1.6682689e-13,8.3835897e-26,N,N
CM30_Gujarati_N_0042.npy,17.354734,12.030141,-10.434217,-47.645775,0.9951533,0.004846725,8.4977034e-13,5.868494e-29,N,N
CM35_English_N_0109.npy,56.294598,-47.329865,-11.570613,-71.66396,1.0,1e-45,3.3613455e-30,0.0,N,N
CF20_Gujarati_N_0021.npy,25.801617,-22.672867,-6.0327473,-32.265884,1.0,8.867461e-22,1.4945534e-14,6.0479014e-26,N,N
CM38_English_N_0073.npy,25.342901,-10.223417,-9.147704,-39.893635,1.0,3.5788553e-16,1.0493511e-15,4.6572892e-29,N,N
CF04_Hindi_N_0085.npy,60.54651,-56.145344,-15.570336,-75.94772,1.0,0.0,8.767476e-34,0.0,N,N
CF18_English_N_0042.npy,34.592636,-19.0579,-10.327402,-50.56348,1.0,5.0103546e-24,3.1008167e-20,1.0403278e-37,N,N
CM38_English_N_0060.npy,24.39052,-24.681618,-6.5345,-28.258465,1.0,4.878004e-22,3.7105166e-14,1.3640666e-23,N,N
CM27_Gujarati_N_0018.npy,17.258812,-2.7905705,-1.8503667,-29.780558,1.0,1.9618398e-09,5.0233013e-09,3.72445e-21,N,N
CM03_English_N_0002.npy,7.7952533,3.7325757,-1.1377609,-19.745731,0.9829606,0.01690977,0.00012971119,1.0755689e-12,N,N
CM05_English_N_0101.npy,11.815517,-8.647277,-3.8887212,-15.878845,0.9999999,1.2975404e-09,1.5126403e-07,9.386228e-13,N,N
CM03_English_N_0033.npy,13.803291,-5.612877,-4.9351788,-19.951744,1.0,3.6954326e-09,7.2775608e-09,2.1896484e-15,N,N
CM05_English_N_0026.npy,26.325272,-3.2752886,-6.043413,-47.114967,1.0,1.3952129e-13,8.759103e-15,1.2744109e-32,N,N
CF09_Hindi_N_0109.npy,41.9033,-31.688383,-13.78046,-56.93166,1.0,1.09531344e-32,6.5591807e-25,1.19e-43,N,N
CF18_English_N_0017.npy,32.010555,-18.154085,-5.011661,-47.264305,1.0,1.63596e-22,8.3455615e-17,3.7270673e-35,N,N
CM16_Hindi_N_0058.npy,26.598522,-27.862707,1.513889,-30.416632,1.0,2.227355e-24,1.2760932e-11,1.7323438e-25,N,N
CF14_Gujarati_N_0005.npy,37.786926,-20.096493,-4.375595,-58.122585,1.0,7.2702697e-26,4.887082e-19,2.224e-42,N,N
CM35_English_N_0016.npy,15.823946,-8.016544,-5.6036186,-22.230896,1.0,4.4279896e-11,4.944552e-10,2.971618e-17,N,N
CM38_English_N_0058.npy,24.824286,-12.630175,-9.903898,-35.953587,1.0,5.4166983e-17,8.274494e-16,4.0225955e-27,N,N
CF14_Hindi_N_0124.npy,19.59354,-19.67883,1.3882477,-23.860535,1.0,8.794815e-18,1.2403443e-08,1.3431826e-19,N,N
CM35_English_N_0023.npy,31.117725,-13.376999,-3.4334419,-48.58435,1.0,4.74446e-20,9.876864e-16,2.4312515e-35,N,N
CM05_English_N_0008.npy,18.522646,-12.683035,-5.314224,-24.661037,1.0,2.802496e-14,4.4440486e-11,1.7602071e-19,N,N
CM38_English_N_0001.npy,27.549538,-13.261348,-4.8512936,-41.31995,1.0,1.8882401e-18,8.4819745e-15,1.2312885e-30,N,N
CF09_English_N_0041.npy,38.31425,-18.292582,-10.351184,-58.79657,1.0,2.6059386e-25,7.3260485e-22,6.68e-43,N,N
CM16_Hindi_N_0038.npy,20.47805,-13.722291,5.9791126,-32.643776,0.9999995,1.4027516e-15,5.0488353e-07,8.50127e-24,N,N
CM05_English_N_0061.npy,23.658485,-10.4251995,-5.9426804,-35.46366,1.0,1.5763146e-15,1.394367e-13,2.10658e-26,N,N
CF09_Hindi_N_0077.npy,33.322823,-20.760632,-6.3067784,-48.13867,1.0,3.2497825e-24,6.152947e-18,4.1852603e-36,N,N
CM30_English_N_0016.npy,33.746914,-6.5732923,-7.6818027,-60.62318,1.0,3.084304e-18,1.0179727e-18,1.0365e-41,N,N
CF14_Hindi_N_0079.npy,24.563904,-17.223183,-4.8072057,-33.391914,1.0,7.113755e-19,1.7550498e-13,6.762511e-26,N,N
CF20_Gujarati_N_0013.npy,16.501266,-11.084101,-4.229767,-22.81176,1.0,1.0467121e-12,9.922626e-10,8.444415e-18,N,N
CF14_Gujarati_N_0055.npy,17.834572,-16.051783,-3.1169899,-21.398005,1.0,1.9201896e-15,7.958893e-10,9.151861e-18,N,N
CF04_Hindi_N_0125.npy,26.435234,-20.266556,-8.127968,-35.227276,1.0,5.2199984e-21,9.758704e-16,1.6607804e-27,N,N
CF09_English_N_0012.npy,33.464222,-17.797852,-6.7476416,-49.573242,1.0,5.459644e-23,3.4372343e-18,8.655442e-37,N,N
CM05_Hindi_N_0083.npy,32.670082,-14.032852,-8.879069,-49.171894,1.0,5.214028e-21,9.024692e-19,2.8607487e-36,N,N
CF02_Gujarati_N_0055.npy,24.53907,-19.552565,0.17592902,-33.429264,1.0,7.09979e-20,2.6255595e-11,6.6783984e-26,N,N
CM30_Gujarati_N_0035.npy,15.530986,3.8486829,-6.5249453,-32.044415,0.99999154,8.441834e-06,2.637711e-10,2.1790242e-21,N,N
CF02_English_N_0100.npy,39.183323,-16.874569,-4.74541,-63.08287,1.0,4.5119777e-25,8.355901e-20,4e-45,N,N
CF14_Hindi_N_0054.npy,31.446274,-27.864515,-9.376288,-38.17343,1.0,1.7444188e-26,1.8663198e-18,5.8149533e-31,N,N
CF04_Hindi_N_0023.npy,53.382362,-51.436424,-11.653386,-65.919174,1.0,0.0,5.6928804e-29,0.0,N,N
CF09_English_N_0040.npy,31.472492,-21.373806,-7.024646,-43.535477,1.0,1.1198098e-23,1.9094354e-17,2.6573863e-33,N,N
CF14_Gujarati_N_0002.npy,30.550137,-24.54639,-6.8548527,-38.376694,1.0,1.1800008e-24,5.691395e-17,1.1626695e-30,N,N
CM24_Gujarati_N_0009.npy,29.008976,-20.666042,-9.035729,-38.174816,1.0,2.6694e-22,3.00189e-17,6.6443086e-30,N,N
CM35_English_N_0028.npy,36.57766,-28.219894,-6.8891273,-47.393497,1.0,7.2240356e-29,1.3262182e-19,3.4024222e-37,N,N
CF02_English_N_0073.npy,29.20663,-17.192528,-9.598687,-41.551403,1.0,7.064827e-21,1.4030236e-17,1.8628436e-31,N,N
CM38_English_N_0049.npy,22.873955,-15.595781,-2.6540864,-31.88673,1.0,1.9624867e-17,8.190536e-12,1.6509605e-24,N,N
CM30_English_N_0039.npy,24.6647,-7.7791343,-6.8913245,-39.348946,1.0,8.1249865e-15,1.974207e-14,1.5820813e-28,N,N
CF14_Hindi_N_0147.npy,12.394615,-7.0410557,4.4950967,-21.388203,0.99962914,3.6227161e-09,0.00037078455,2.128862e-15,N,N
CF14_Gujarati_N_0026.npy,28.672264,-23.831787,-2.1333687,-37.712166,1.0,1.5768134e-23,4.1810305e-14,1.4777752e-29,N,N
CM35_English_N_0011.npy,36.705627,-23.571312,-7.3618937,-49.963642,1.0,6.6383146e-27,7.2730935e-20,2.2909527e-38,N,N
CF02_English_N_0008.npy,14.369059,-9.899823,2.9231374,-21.941498,0.9999893,2.8850509e-11,1.0692888e-05,1.7002856e-16,N,N
CF09_Hindi_N_0164.npy,26.480616,-25.016422,-6.8583703,-30.857758,1.0,4.3163812e-23,3.319423e-15,1.2538966e-25,N,N
CM05_English_N_0025.npy,12.555199,2.7094123,-0.75633043,-29.980934,0.9999454,5.2967043e-05,1.6552083e-06,3.3633228e-19,N,N
CM27_Gujarati_N_0019.npy,30.852371,-20.266344,-7.884044,-41.467323,1.0,6.3012234e-23,1.5031017e-17,3.9080106e-32,N,N
CM35_English_N_0092.npy,53.47177,-48.537125,-12.092136,-67.151955,1.0,6e-45,3.3570545e-29,0.0,N,N
CM30_English_N_0034.npy,30.187977,-3.0908124,-7.3357267,-55.482803,1.0,3.5253753e-15,5.0543134e-17,6.218055e-38,N,N
CF14_Hindi_N_0084.npy,26.662472,-20.396141,-5.1488614,-35.35298,1.0,3.653458e-21,1.529374e-14,1.16689245e-27,N,N
CM30_Gujarati_N_0039.npy,28.318708,3.6528218,-9.166505,-57.295177,1.0,1.9397326e-11,5.2526482e-17,6.5820715e-38,N,N
CM30_Gujarati_N_0020.npy,27.293016,5.964878,-9.663043,-58.62267,1.0,5.46144e-10,8.916363e-17,4.8673323e-38,N,N
CF04_English_N_0001.npy,36.55489,-23.438929,-8.943007,-51.866756,1.0,8.810792e-27,1.7398584e-20,3.971613e-39,N,N
CM38_English_N_0096.npy,35.83287,-20.037739,-5.026741,-51.347466,1.0,5.4413e-25,1.798441e-18,1.3742355e-38,N,N
CF09_Hindi_N_0129.npy,48.441006,-39.198395,-12.654385,-62.795815,1.0,8.68341e-39,2.9282565e-27,0.0,N,N
CM05_Hindi_N_0043.npy,24.488132,-10.822933,-1.7650259,-37.66206,1.0,4.619543e-16,3.9664144e-12,1.0197987e-27,N,N
CF02_English_N_0092.npy,32.58056,-15.850957,3.6431642,-53.808437,1.0,9.25679e-22,2.708002e-13,3.032057e-38,N,N
CF09_English_N_0005.npy,23.8164,-23.264944,-6.0744324,-27.130009,1.0,3.5713454e-21,1.04370126e-13,7.4860855e-23,N,N
CM38_English_N_0038.npy,29.003967,-13.545892,-7.4328213,-42.233,1.0,3.3176565e-19,1.4986595e-16,1.1539246e-31,N,N
CM38_English_N_0006.npy,20.635824,-15.013285,-6.1763854,-26.191841,1.0,3.294494e-16,2.2678018e-12,4.6025925e-21,N,N
CF04_English_N_0062.npy,34.4893,-34.419334,-4.1882763,-42.033176,1.0,1.1840283e-30,1.5942005e-17,5.8440083e-34,N,N
CF14_English_N_0005.npy,16.65754,-9.898686,-1.2151188,-24.28148,1.0,2.929396e-12,1.7298298e-08,1.6611555e-18,N,N
CM27_Gujarati_N_0064.npy,19.200161,-14.079271,-4.991214,-25.246767,1.0,3.523103e-15,3.1175902e-11,4.9767244e-20,N,N
CF14_English_N_0028.npy,17.491888,-4.0050397,-2.2458267,-30.801514,1.0,4.613209e-10,2.6792881e-09,1.062775e-21,N,N
CM16_Hindi_N_0087.npy,20.984684,-19.953442,-2.9360754,-25.486837,1.0,1.662639e-18,4.086451e-11,6.571667e-21,N,N
CF14_Hindi_N_0108.npy,20.450321,-15.817017,-2.0205064,-26.428259,1.0,1.7753963e-16,1.7419825e-10,4.374135e-21,N,N
CF09_Hindi_N_0167.npy,25.943653,-15.787619,-6.748191,-36.980038,1.0,7.522112e-19,6.340334e-15,4.7053107e-28,N,N
CM30_English_N_0021.npy,20.457096,-0.7529083,-4.3123546,-39.859142,1.0,6.1462746e-10,1.7488963e-11,6.3824952e-27,N,N
CF02_English_N_0087.npy,35.49125,-20.715162,-5.283411,-51.77144,1.0,3.889241e-25,1.957902e-18,1.2655994e-38,N,N
CF09_Hindi_N_0040.npy,59.41793,-42.53428,-7.65203,-83.46502,1.0,6e-45,7.4453615e-30,0.0,N,N
CM35_English_N_0032.npy,42.667324,-27.359093,-14.585229,-58.483513,1.0,3.8718207e-31,1.3662575e-25,1.1e-44,N,N
CF04_English_N_0094.npy,56.481277,-48.669983,-12.826186,-72.9561,1.0,0.0,7.946037e-31,0.0,N,N
CF14_Hindi_N_0083.npy,30.6166,-18.42387,-7.3625445,-43.24564,1.0,5.0349415e-22,3.2052868e-17,8.356707e-33,N,N
CF14_Gujarati_N_0006.npy,36.08514,-24.072628,-7.6583157,-50.158077,1.0,7.478478e-27,1.0056789e-19,3.5078948e-38,N,N
CM35_English_N_0089.npy,57.449196,-27.759617,-14.244629,-84.17275,1.0,9.869183e-38,7.307478e-32,0.0,N,N
CF14_Gujarati_N_0033.npy,38.905926,-28.913715,-12.253056,-51.47433,1.0,3.518067e-30,6.0525265e-23,5.60213e-40,N,N
CM24_Gujarati_N_0014.npy,18.224293,-2.705405,-3.2876787,-30.663206,1.0,8.134822e-10,4.5443305e-10,5.8671854e-22,N,N
CM05_English_N_0073.npy,24.717613,-14.461573,-7.440295,-35.10736,1.0,9.653762e-18,1.0814275e-14,1.0431431e-26,N,N
CF14_English_N_0045.npy,22.43869,-5.1558213,-1.5605943,-41.381435,1.0,1.0371848e-12,3.7778357e-11,1.919869e-28,N,N
CF02_Gujarati_N_0069.npy,17.726894,-10.465153,-0.2419446,-27.272263,1.0,5.706233e-13,1.5712024e-08,2.864933e-20,N,N
CM35_English_N_0073.npy,22.396358,-14.562364,-4.4932365,-30.506529,1.0,8.8926535e-17,2.0989267e-12,1.0582025e-23,N,N
CM38_English_N_0087.npy,33.98782,-19.579967,-13.137285,-47.277744,1.0,5.4425904e-24,3.418426e-21,5.091128e-36,N,N
CM05_English_N_0014.npy,18.825592,-0.6695102,-5.664688,-34.806267,1.0,3.4149537e-09,2.3120993e-11,5.104811e-24,N,N
CF14_Hindi_N_0102.npy,32.520954,-16.731068,-1.0842028,-50.328327,1.0,4.0749167e-22,2.543702e-15,1.0447545e-36,N,N
CF04_Hindi_N_0083.npy,49.18674,-38.54152,-10.072384,-66.88631,1.0,7.945156e-39,1.8369153e-26,0.0,N,N
CF09_Hindi_N_0022.npy,30.287815,-21.79861,-11.301336,-40.067635,1.0,2.3941575e-23,8.6708546e-19,2.786216e-31,N,N
CF14_Hindi_N_0018.npy,22.492693,-16.602089,-1.6382829,-30.26757,1.0,1.0503953e-17,3.3116957e-11,1.2204207e-23,N,N
CM27_Gujarati_N_0061.npy,17.247746,-5.9094663,-5.9267545,-26.927254,1.0,8.7690175e-11,8.6187196e-11,6.531931e-20,N,N
CF04_Hindi_N_0036.npy,50.492725,-37.630512,-11.568611,-69.95155,1.0,5.352593e-39,1.1145615e-27,0.0,N,N
CM05_Hindi_N_0051.npy,34.192463,-17.265627,-9.905916,-50.529156,1.0,4.4878127e-23,7.052067e-20,1.6064548e-37,N,N
CF04_Hindi_N_0141.npy,24.79727,-19.971207,-4.8623333,-32.80554,1.0,3.608252e-20,1.315219e-13,9.625409e-26,N,N
CF09_Hindi_N_0151.npy,14.909359,-8.787489,-4.6839714,-20.496117,1.0,5.111987e-11,3.0954568e-09,4.203367e-16,N,N
CF04_Hindi_N_0006.npy,42.63891,-39.260212,-6.928152,-54.636856,1.0,2.7018568e-36,2.9737082e-22,5.68e-43,N,N
CF09_Hindi_N_0152.npy,29.289299,-16.694042,-4.193754,-43.460087,1.0,1.0707514e-20,2.8740474e-15,2.5429716e-32,N,N
CM38_English_N_0122.npy,30.140873,-22.115776,-9.422856,-39.514786,1.0,2.0194156e-23,6.5719024e-18,5.60962e-31,N,N
CF09_English_N_0047.npy,40.841354,-34.95236,-6.4790564,-53.607113,1.0,1.2111758e-33,2.811942e-21,9.583e-42,N,N
CM30_Gujarati_N_0056.npy,33.19038,-3.588202,-11.4940815,-59.08969,1.0,1.0647904e-16,3.924498e-20,8.3806e-41,N,N
CM38_English_N_0003.npy,12.489147,-11.02791,-3.0810578,-14.802787,0.9999999,6.118876e-11,1.7296011e-07,1.4036641e-12,N,N
CM05_Hindi_N_0072.npy,16.607285,-2.4759638,-5.5476804,-28.239702,1.0,5.1552607e-09,2.389028e-10,3.335815e-20,N,N
CF14_English_N_0038.npy,35.34489,-16.192627,-4.5425262,-55.022892,1.0,4.1451526e-23,4.7546106e-18,5.67246e-40,N,N
CF20_Gujarati_N_0054.npy,10.275874,-8.017981,-0.1839677,-13.421664,0.9999714,1.1351881e-08,2.866395e-05,5.1083124e-11,N,N
CF14_Hindi_N_0142.npy,18.070305,-12.920176,-2.2421322,-24.639984,1.0,3.4754043e-14,1.5080672e-09,2.8259023e-19,N,N
CF04_Hindi_N_0042.npy,45.93275,-35.533882,-12.788084,-61.372646,1.0,4.1638257e-36,3.1467797e-26,0.0,N,N
CF02_Gujarati_N_0008.npy,29.680733,-21.576393,-9.642315,-39.091946,1.0,5.486723e-23,8.3602135e-18,1.3564598e-30,N,N
CF14_English_N_0017.npy,26.86414,-26.373692,-1.0884206,-32.581787,1.0,7.5701364e-24,7.250322e-13,1.5239196e-26,N,N
CF09_Hindi_N_0140.npy,41.111507,-32.797035,-8.621082,-53.520584,1.0,7.97865e-33,2.520059e-22,7.976e-42,N,N
CM24_Gujarati_N_0062.npy,10.690115,1.0731467,-3.0215604,-21.09848,0.9999323,6.658469e-05,1.1093421e-06,1.5644407e-14,N,N
M04_English_M_0052.npy,-1.0525231,-2.4253395,5.1946316,-2.8703115,0.0019306629,0.0004892151,0.99726665,0.00031350963,M,M
M17_English_M_0042.npy,-3.2454019,8.034968,1.7863083,-12.983416,1.2593692e-05,0.99805814,0.0019292888,7.429988e-10,L,M
M30_Hindi_M_0044.npy,1.1606138,-3.971007,3.2023141,-1.0725608,0.11341994,0.0006699692,0.8737529,0.012157217,M,M
M17_English_M_0037.npy,-2.902667,6.5845766,0.3147239,-8.806597,7.566384e-05,0.9980354,0.0018887894,2.0646397e-07,L,M
F04_Hindi_M_0060.npy,-6.1444526,1.3949019,8.105817,-5.5837884,6.4663266e-07,0.0012160668,0.9987822,1.132793e-06,M,M
M30_Hindi_M_0077.npy,-6.3166776,0.6025562,7.196983,-2.8849308,1.350453e-06,0.0013660435,0.9985909,4.1770338e-05,M,M
F04_Hindi_M_0074.npy,-0.9397202,-7.700961,7.0090313,0.300484,0.00035254788,4.0817693e-07,0.9984285,0.0012185182,M,M
M17_English_M_0039.npy,-3.9129722,5.022703,3.351384,-8.10683,0.00011076957,0.8416569,0.15823056,1.6712887e-06,L,M
M32_Marathi_M_0004.npy,-0.4294502,7.802287,-1.2185662,-13.371663,0.0002659708,0.9996132,0.00012081623,6.369455e-10,L,M
M30_Hindi_M_0092.npy,-7.0175624,4.5569777,6.1642246,-7.888653,1.5699343e-06,0.16697082,0.83302695,6.5700993e-07,M,M
F04_Hindi_M_0004.npy,-0.58497864,0.7606628,10.944723,-13.532742,9.833165e-06,3.776576e-05,0.99995244,2.3418092e-11,M,M
M30_Hindi_M_0083.npy,-11.004325,4.3011317,4.9876833,-2.117423,7.5417795e-08,0.3346179,0.6648363,0.0005457657,M,M
M32_Marathi_M_0009.npy,-4.981486,-0.580864,9.186332,-5.6720467,7.0302286e-07,5.7297468e-05,0.9999416,3.524219e-07,M,M
M30_English_M_0039.npy,0.602632,-0.75060815,12.041938,-15.598425,1.0763823e-05,2.78139e-06,0.9999865,9.906895e-13,M,M
M30_Hindi_M_0089.npy,-9.576343,0.60340697,9.81068,-3.1276765,3.8043275e-09,0.00010029686,0.99989724,2.4038015e-06,M,M
F04_Hindi_M_0067.npy,-2.1017575,-3.6110315,8.034693,-2.8836281,3.9606544e-05,8.755831e-06,0.9999336,1.8121942e-05,M,M
M30_English_M_0027.npy,-5.2983956,1.6382141,6.9056487,-6.708777,4.984417e-06,0.0051303348,0.99486345,1.2164479e-06,M,M
M17_English_M_0088.npy,-3.1491737,3.2106442,7.627891,-10.823721,2.0623464e-05,0.011923279,0.98805606,9.579616e-09,M,M
F04_Hindi_M_0030.npy,-5.263285,0.24034448,12.162144,-8.466481,2.7053888e-08,6.6439334e-06,0.9999933,1.0992578e-09,M,M
M30_English_M_0006.npy,-7.3955398,1.8468869,6.76437,-3.7670348,7.034787e-07,0.007264168,0.9927086,2.6490548e-05,M,M
M30_Hindi_M_0008.npy,-9.14427,3.049115,14.25519,-11.794079,6.882367e-11,1.3591197e-05,0.9999864,4.863405e-12,M,M
F04_Hindi_M_0079.npy,-7.3685703,0.6461547,4.880946,0.010307953,4.68366e-06,0.014168905,0.9783241,0.007502247,M,M
M04_English_M_0033.npy,-2.4718719,0.6598521,5.3746786,-5.2874546,0.0003874659,0.008878178,0.99071115,2.3197515e-05,M,M
M30_Hindi_M_0066.npy,-5.983526,8.05088,2.0508935,-10.164074,8.01418e-07,0.9975266,0.002472654,1.2253786e-08,L,M
M17_English_M_0029.npy,-5.676566,6.6307335,1.5656897,-6.8961453,4.490263e-06,0.9937202,0.006273985,1.3262197e-06,L,M
F04_Hindi_M_0104.npy,2.5374687,-1.9043868,2.0593932,-5.6209917,0.6127317,0.0072143474,0.37987855,0.00017542679,N,M
M30_Hindi_M_0055.npy,-1.2856005,-3.727525,6.5844507,-1.4537774,0.00038173294,3.3208213e-05,0.9992624,0.00032264242,M,M
M30_English_M_0044.npy,-7.516857,2.6848595,2.8137867,-1.2007204,1.7193453e-05,0.4633533,0.5271141,0.009515384,M,M
M32_Marathi_M_0002.npy,-4.985708,4.120299,-1.3309412,-1.107469,0.00010992342,0.99032706,0.004249474,0.0053135883,L,M
F04_English_M_0009.npy,5.0951805,-7.2235737,4.343614,-8.694979,0.6795174,3.0355234e-06,0.3204789,6.9696426e-07,N,M
M30_English_M_0055.npy,-4.418493,3.906326,0.9071824,-4.019944,0.0002307856,0.9519881,0.047437306,0.00034379217,L,M
M30_Hindi_M_0073.npy,-6.7509136,3.4515638,0.39126986,0.24932598,3.4092456e-05,0.9194708,0.0430992,0.03739588,L,M
M04_English_M_0043.npy,-5.538921,7.040384,1.0744174,-7.700742,3.4337083e-06,0.9974382,0.0025579955,3.9527262e-07,L,M
M17_English_M_0086.npy,-2.8655305,0.3327456,8.451231,-8.082714,1.2163498e-05,0.00029788722,0.99968994,6.59575e-08,M,M
M17_English_M_0092.npy,-2.8174615,5.7601485,2.9186256,-11.101619,0.00017786487,0.94471073,0.05511136,4.4908294e-08,L,M
M17_English_M_0099.npy,-7.7513604,11.244802,-1.1704848,-10.363345,5.6243166e-09,0.99999595,4.0560903e-06,4.1276169e-10,L,M
M17_Hindi_M_0009.npy,-8.368286,3.7719054,12.724988,-13.462918,6.9063993e-10,0.00012932108,0.99987066,4.2333155e-12,M,M
F04_Hindi_M_0105.npy,-3.2951312,-4.978058,4.907283,3.8364472,0.00020400737,3.7910533e-05,0.7445756,0.25518247,M,M
M30_Hindi_M_0026.npy,-13.423367,11.729107,1.720587,-8.253242,1.1923397e-11,0.99995494,4.501273e-05,2.0977626e-09,L,M
M30_Hindi_M_0035.npy,-9.036536,1.8428887,6.7041235,-1.9503665,1.4470858e-07,0.0076801293,0.9921468,0.00017297323,M,M
M17_English_M_0081.npy,-6.680941,5.1068535,4.575498,-6.9897637,4.7843673e-06,0.62979394,0.37019774,3.5132139e-06,L,M
M17_English_M_0067.npy,11.820555,-8.9244375,1.6378121,-15.358599,0.9999622,9.784719e-10,3.7815902e-05,1.5711846e-12,N,M
M04_English_M_0026.npy,-6.0696783,6.029817,1.9443775,-5.972361,5.470272e-06,0.9834511,0.016537463,6.029385e-06,L,M
M17_English_M_0017.npy,-1.1632156,-0.6862993,5.2662764,-5.138157,0.0016064545,0.0025881564,0.9957753,3.0169867e-05,M,M
M17_Hindi_M_0005.npy,-6.186537,-0.47350496,13.299196,-7.7195907,3.4470946e-09,1.0437377e-06,0.9999989,7.4414264e-10,M,M
F04_Hindi_M_0027.npy,-9.507759,-4.4327183,14.328466,-0.25613517,4.4469126e-11,7.1141137e-09,0.9999995,4.6343396e-07,M,M
M30_Hindi_M_0033.npy,-5.376958,3.8289187,2.2381587,-4.314027,8.341686e-05,0.8304531,0.169222,0.00024147876,L,M
M30_English_M_0033.npy,-1.9105268,-0.25860327,9.874815,-11.536849,7.6150145e-06,3.9727558e-05,0.9999527,5.023569e-10,M,M
M30_Hindi_M_0075.npy,-13.405943,-1.2725229,14.822217,-2.03294,5.503836e-13,1.0236305e-07,0.9999999,4.785185e-08,M,M
F04_Hindi_M_0081.npy,-4.421591,-3.451234,8.9177,-1.0072076,1.6098887e-06,4.2483134e-06,0.99994516,4.89377e-05,M,M
M30_Hindi_M_0030.npy,-12.843925,1.2113565,15.2824135,-6.2567425,6.093767e-13,7.744923e-07,0.99999917,4.4224513e-10,M,M
M04_English_M_0038.npy,-5.3072205,3.3624556,3.7044568,-4.1950974,7.1296636e-05,0.4152038,0.5845081,0.00021679922,M,M
M30_English_M_0050.npy,-7.6275625,6.517835,5.608544,-11.102032,5.125463e-07,0.71285474,0.28714472,1.5877784e-08,L,M
F04_Hindi_M_0093.npy,-0.32729417,1.9331744,2.9836488,-8.212442,0.02631654,0.25231194,0.72136164,9.902677e-06,M,M
M17_English_M_0003.npy,-5.6639485,1.4230925,14.163695,-13.840091,2.4488498e-09,2.929715e-06,0.999997,6.8882503e-13,M,M
M30_English_M_0066.npy,-8.774099,-2.2685218,14.439287,-4.051667,8.289996e-11,5.544859e-08,0.9999999,9.3213774e-09,M,M
M17_English_M_0030.npy,-6.013553,-1.0183673,13.406563,-7.707861,3.6808687e-09,5.4366575e-07,0.9999994,6.76273e-10,M,M
F04_Hindi_M_0045.npy,-2.0832412,-1.5099504,9.612171,-7.154909,8.331761e-06,1.4781341e-05,0.9999769,5.2256407e-08,M,M
F04_Hindi_M_0056.npy,-5.1072,-1.5448533,13.716942,-7.9973307,6.680034e-09,2.354434e-07,0.99999976,3.712031e-10,M,M
M32_Marathi_M_0006.npy,-4.2151885,8.489013,-0.75077134,-9.650684,3.038031e-06,0.99989986,9.708882e-05,1.3242982e-08,L,M
M17_English_M_0041.npy,-1.4486371,7.330128,-1.5855558,-10.075663,0.00015392364,0.9997118,0.00013422783,2.758266e-08,L,M
F04_Hindi_M_0040.npy,-1.8613801,-6.1676273,12.211956,-4.8619714,7.727298e-07,1.0419528e-08,0.9999993,3.8449212e-08,M,M
F04_Hindi_M_0007.npy,-9.069028,5.168729,9.673665,-10.379245,7.16766e-09,0.010933435,0.9890666,1.933559e-09,M,M
M32_Marathi_M_0008.npy,-1.7236174,2.4820278,-4.4601607,1.4353663,0.010908064,0.73153675,0.0007067765,0.25684837,L,M
M30_Hindi_M_0057.npy,-8.823181,10.701884,-3.5185177,-5.946761,3.314142e-09,0.9999993,6.670489e-07,5.8828107e-08,L,M
F04_Hindi_M_0111.npy,-2.143672,1.7692742,2.038327,-4.236347,0.008571462,0.42896906,0.56140214,0.0010573472,M,M
F04_Hindi_M_0008.npy,-3.6155424,3.9755657,0.16723914,-3.3275676,0.0004933936,0.9771698,0.021678781,0.00065805117,L,M
M30_English_M_0022.npy,-10.621833,3.3000166,12.298944,-8.400995,1.1106563e-10,0.00012352692,0.9998765,1.0234739e-09,M,M
M04_English_M_0022.npy,-4.2207828,2.0985432,-2.8208802,3.6364963,0.00031799218,0.17654878,0.0012893961,0.8218438,H,M
M04_English_M_0029.npy,-2.8037355,0.1935487,9.604393,-9.132594,4.0848945e-06,8.182483e-05,0.99991405,7.287728e-09,M,M
M17_English_M_0065.npy,-1.9552407,5.1609263,9.175291,-17.846462,1.4397743e-05,0.017733984,0.98225164,1.8064436e-12,M,M
M30_English_M_0032.npy,-6.916786,4.867709,6.676634,-9.5769205,1.0729083e-06,0.14076799,0.85923094,7.5037875e-08,M,M
M17_English_M_0036.npy,-6.099241,6.49623,4.3370886,-9.679426,3.0367937e-06,0.89651704,0.103479736,8.463709e-08,L,M
M30_English_M_0059.npy,-4.765557,-0.32366872,9.591456,-6.900022,5.8184384e-07,4.941903e-05,0.99994993,6.8836755e-08,M,M
M04_English_M_0044.npy,-4.9421716,-2.3822088,11.501266,-4.469678,7.222795e-08,9.342932e-07,0.9999988,1.158529e-07,M,M
M30_English_M_0021.npy,-4.3481746,1.3560665,9.229889,-8.796821,1.2675232e-06,0.0003804316,0.9996182,1.4822903e-08,M,M
M17_English_M_0054.npy,-2.54086,0.44886643,7.813795,-6.66969,3.1823027e-05,0.0006326496,0.999335,5.1240505e-07,M,M
F04_English_M_0006.npy,-0.3998614,-2.7514648,7.2166014,-7.010558,0.00049201446,4.6847825e-05,0.9994604,6.621993e-07,M,M
M30_Hindi_M_0005.npy,-5.7855573,7.487542,2.4745538,-10.766167,1.7087806e-06,0.9933913,0.006607045,1.1739125e-08,L,M
F04_Hindi_M_0065.npy,-14.891826,5.753727,17.095097,-14.271399,1.2830707e-14,1.1871362e-05,0.9999881,2.3861572e-14,M,M
F04_Hindi_M_0092.npy,-6.357467,0.42477447,11.3406725,-8.211065,2.0596241e-08,1.816677e-05,0.9999819,3.2268586e-09,M,M
M17_English_M_0115.npy,-6.6089997,-2.2567556,14.946417,-8.024164,4.3511267e-10,3.3787575e-08,1.0,1.0568258e-10,M,M
F04_Hindi_M_0088.npy,-1.107842,0.6535707,4.733591,-6.7195487,0.0028482187,0.016578496,0.9805629,1.0409739e-05,M,M
F04_Hindi_M_0033.npy,1.393743,-0.15361701,2.9519513,-6.3998227,0.1676861,0.035685122,0.79655963,6.915035e-05,M,M
M17_English_M_0093.npy,-5.839519,4.362517,10.739229,-14.455006,6.2980035e-08,0.0016978175,0.998302,1.141681e-11,M,M
M17_English_M_0083.npy,-9.516976,10.222094,2.2085993,-10.172857,2.6747722e-09,0.9996692,0.00033085662,1.3881669e-09,L,M
M30_Hindi_M_0037.npy,-7.587311,8.787019,1.5619521,-8.713249,7.7339855e-08,0.9992724,0.0007275742,2.5085024e-08,L,M
M17_English_M_0078.npy,4.180291,-2.4716322,3.3321402,-7.731051,0.6995432,0.00090348517,0.2995486,4.6966065e-06,N,M
F04_English_M_0004.npy,-5.831548,-4.8731856,11.625834,-1.2556908,2.6203184e-08,6.8322805e-08,0.9999974,2.544624e-06,M,M
M30_English_M_0015.npy,1.6232569,4.9232826,-0.8275771,-11.192186,0.03546154,0.96148074,0.0030575527,9.640096e-08,L,M
M30_Hindi_M_0002.npy,-4.647594,5.830582,2.1105494,-7.830245,2.7477337e-05,0.97631216,0.023659144,1.1396373e-06,L,M
M30_Hindi_M_0020.npy,0.6834441,1.2947791,1.8236818,-6.6536345,0.16747466,0.30863738,0.523779,0.00010901757,M,M
M30_English_M_0054.npy,-4.0521245,6.912595,8.596069,-18.047077,2.7100255e-06,0.15663551,0.8433618,2.2648656e-12,M,M
F04_Hindi_M_0084.npy,-4.5189548,1.3403983,10.481022,-10.067619,3.0587643e-07,0.00010720898,0.9998925,1.1906711e-09,M,M
F04_Hindi_M_0015.npy,-0.4092155,-7.510454,13.85453,-7.3587685,6.387537e-07,5.263866e-10,0.9999994,6.126058e-10,M,M
F04_Hindi_M_0109.npy,-8.390384,6.792127,3.637371,-6.9322534,2.4444486e-07,0.9590945,0.040904235,1.0506033e-06,L,M
M17_English_M_0070.npy,-1.7411685,0.25902683,9.484529,-10.253236,1.3325803e-05,9.8484255e-05,0.9998882,2.6788558e-09,M,M
F04_Hindi_M_0021.npy,-7.052077,-3.29968,10.754757,-0.32364577,1.8474962e-08,7.8746024e-07,0.9999838,1.544201e-05,M,M
F04_Hindi_M_0108.npy,-2.098627,-3.2769167,13.549538,-10.722142,1.5998836e-07,4.9245184e-08,0.9999999,2.8770255e-11,M,M
M17_English_M_0077.npy,-1.0259371,-0.52793574,8.416478,-8.604637,7.927204e-05,0.0001304365,0.99979025,4.052592e-08,M,M
F04_Hindi_M_0023.npy,-3.6781867,-3.588544,9.230156,-1.7357683,2.4772417e-06,2.7095655e-06,0.99997747,1.7280241e-05,M,M
M04_English_M_0037.npy,-3.7418668,4.2054515,3.132561,-7.547577,0.00026341967,0.7449456,0.25478515,5.859343e-06,L,M
M17_English_M_0013.npy,-6.2685404,3.232077,8.720607,-10.028977,3.0796707e-07,0.0041168956,0.99588275,7.1674924e-09,M,M
F04_Hindi_M_0013.npy,-3.6869752,-1.8923516,7.761262,-2.6079073,1.0667129e-05,6.418633e-05,0.9998938,3.138202e-05,M,M
M30_Hindi_M_0031.npy,-11.53031,2.8713648,10.548623,-5.584905,2.576557e-10,0.00046302858,0.9995369,9.842303e-08,M,M
M04_English_M_0051.npy,-1.7540145,8.886988,-1.5382804,-13.326075,2.3913766e-05,0.99994636,2.9671552e-05,2.2540644e-10,L,M
M32_Marathi_M_0005.npy,-2.6658623,6.174426,-2.983134,-5.1150627,0.000144743,0.9997373,0.00010539208,1.2500381e-05,L,M
F04_Hindi_M_0099.npy,-4.459376,-1.6915454,4.2312927,1.7377138,0.00015490917,0.0024667797,0.92126876,0.07610949,M,M
F04_Hindi_M_0082.npy,-1.8242188,-2.3792357,8.276033,-5.255265,4.106649e-05,2.357472e-05,0.99993396,1.3286266e-06,M,M
M30_Hindi_M_0014.npy,-2.8236923,1.8985722,6.9617653,-8.099693,5.59071e-05,0.0062852167,0.9936586,2.8584384e-07,M,M
M17_English_M_0061.npy,-3.185409,7.4846687,5.2109966,-16.169044,2.106131e-05,0.9066538,0.093325056,4.8390975e-11,L,M
M30_English_M_0073.npy,-1.5624104,-0.91642207,3.3694184,-2.0573428,0.007034809,0.0134215085,0.97525513,0.004288504,M,M
F04_Hindi_M_0036.npy,-8.260307,1.4571203,4.2143965,0.3810385,3.5223557e-06,0.058486875,0.92156976,0.019939853,M,M
M30_Hindi_M_0096.npy,-0.09165959,3.3814633,2.7941482,-9.9402485,0.0195483,0.6301836,0.3502671,1.0325741e-06,L,M
M17_English_M_0005.npy,-6.8588424,3.846885,6.4122515,-7.6110067,1.6005331e-06,0.07140075,0.928597,7.5440335e-07,M,M
M04_English_M_0010.npy,1.6702876,-2.00198,1.5924442,-3.5107002,0.5112081,0.012994277,0.47292334,0.002874242,N,M
M30_English_M_0001.npy,1.9964583,-0.9399492,2.971938,-6.3561473,0.2698523,0.01431728,0.7157667,6.362616e-05,M,M
M17_Hindi_M_0002.npy,-1.6591415,5.7782536,5.0437365,-14.850811,0.00039776173,0.6755269,0.3240753,7.4225603e-10,L,M
M17_English_M_0110.npy,-3.3050742,7.077755,6.694647,-17.463833,1.8408897e-05,0.5946116,0.40537,1.30604225e-11,L,M
M30_English_M_0004.npy,-4.274542,6.6714325,1.2619046,-9.03809,1.7550015e-05,0.99552864,0.0044537485,1.4979418e-07,L,M
M30_Hindi_M_0081.npy,-9.471226,0.5653882,9.966006,-3.3921373,3.6180987e-09,8.2666025e-05,0.9999157,1.5797751e-06,M,M
M04_English_M_0031.npy,-6.2659655,5.257682,1.485445,-4.047946,9.669964e-06,0.97742015,0.022481209,8.8858396e-05,L,M
M04_English_M_0047.npy,-5.2558017,6.6197186,1.0304044,-6.9507,6.932711e-06,0.9962681,0.0037236426,1.2729707e-06,L,M
M17_English_M_0109.npy,-6.527381,10.458303,-1.1278031,-10.350412,4.1995946e-08,0.9999907,9.294241e-06,9.180905e-10,L,M
M04_English_M_0015.npy,4.691059,-2.0018198,1.3586419,-8.65105,0.9643685,0.0011955362,0.034434408,1.5482419e-06,N,M
M30_Hindi_M_0078.npy,-8.60473,1.8403049,6.707421,-2.4463313,2.2214795e-07,0.0076359552,0.99225885,0.00010500279,M,M
M30_English_M_0035.npy,-4.701199,3.3564856,6.3408666,-8.269258,1.5242623e-05,0.04813575,0.9518487,4.3000293e-07,M,M
F04_Hindi_M_0038.npy,-3.4295273,1.4461455,5.8953753,-6.6175885,8.8137356e-05,0.011551485,0.98835677,3.6358203e-06,M,M
M30_Hindi_M_0045.npy,-0.7799199,0.8378936,4.809142,-5.834388,0.0036558649,0.018433068,0.9778878,2.3327206e-05,M,M
M30_English_M_0049.npy,-10.228848,0.70959425,11.322948,-4.659211,4.3667994e-10,2.4584893e-05,0.9999753,1.14558034e-07,M,M
F04_Hindi_M_0113.npy,2.1998434,0.030392602,3.0090253,-7.739546,0.29758734,0.033996478,0.6684019,1.4354644e-05,M,M
M30_English_M_0017.npy,-9.33229,1.0944155,5.3389974,0.45894462,4.1583007e-07,0.014033847,0.9785322,0.0074335313,M,M
M17_English_M_0060.npy,-2.064523,-0.30559474,6.855856,-6.5864944,0.00013351598,0.0007752218,0.99908984,1.4509952e-06,M,M
M30_English_M_0072.npy,-6.4087796,5.611157,0.39443916,-3.643758,5.9898266e-06,0.9945036,0.005395288,9.5114716e-05,L,M
M30_English_M_0067.npy,-9.597958,3.861662,7.5199203,-6.3391037,3.5871253e-08,0.025129568,0.97486955,9.333592e-07,M,M
F04_Hindi_M_0001.npy,-5.448775,2.63129,6.569309,-6.7134576,5.918719e-06,0.019114152,0.98087823,1.6710252e-06,M,M
M32_Marathi_M_0010.npy,-3.6862009,5.332286,-2.6012924,-3.1618798,0.00012106643,0.9993161,0.00035825605,0.00020451902,L,M
M30_English_M_0062.npy,-8.180874,-1.5452787,8.194693,0.72429544,7.725185e-08,5.8845235e-05,0.9993717,0.0005693441,M,M
M04_English_M_0035.npy,-3.2787464,5.2478,0.2156126,-6.401477,0.00019681326,0.9933136,0.0064808973,8.66702e-06,L,M
M30_English_M_0065.npy,-11.279247,2.6054537,17.262415,-13.476387,4.0226606e-13,4.3108443e-07,0.9999995,4.470002e-14,M,M
M30_English_M_0011.npy,-12.464023,2.8408406,13.497212,-8.0100155,5.3109062e-12,2.3549741e-05,0.9999764,4.5658216e-10,M,M
M17_English_M_0062.npy,1.0606892,4.381647,7.266485,-17.304852,0.0019073037,0.052807268,0.9452854,2.0154264e-11,M,M
M30_Hindi_M_0064.npy,-11.227238,1.5027652,10.597432,-3.6415937,3.3236686e-10,0.00011225019,0.9998871,6.546671e-07,M,M
M17_English_M_0057.npy,-2.5954463,5.8249416,5.5051546,-13.533469,0.00012761427,0.5791984,0.42067394,2.2676538e-09,L,M
M30_English_M_0003.npy,-4.4151673,-0.9321042,9.814965,-6.0836315,6.6057487e-07,2.1507869e-05,0.9999777,1.2454248e-07,M,M
M30_English_M_0041.npy,-8.503811,4.4992476,7.5777636,-7.339941,9.9155784e-08,0.044002183,0.95599735,3.1752643e-07,M,M
M30_Hindi_M_0021.npy,-6.157376,7.320612,3.8987782,-10.770807,1.3571558e-06,0.96837866,0.03161999,1.34598945e-08,L,M
F04_English_M_0013.npy,-7.078109,2.5517814,8.717391,-8.777767,1.3778131e-07,0.002096035,0.9979038,2.5178949e-08,M,M
M17_English_M_0004.npy,-7.6558213,7.9344883,0.17136212,-6.8515105,1.6944546e-07,0.9995745,0.0004249445,3.7873656e-07,L,M
M04_English_M_0046.npy,-3.0500906,1.3703218,6.2728567,-6.8014383,8.868333e-05,0.0073722955,0.99253684,2.0828234e-06,M,M
F04_Hindi_M_0017.npy,-10.905968,-0.07997511,14.0722275,-4.940695,1.4194083e-11,7.141282e-07,0.9999993,5.5308575e-09,M,M
F04_Hindi_M_0032.npy,-3.277553,-5.2976465,5.464341,3.5330002,0.00013950418,1.8504252e-05,0.8732597,0.12658222,M,M
M04_English_M_0030.npy,-1.0448034,1.3521123,7.813127,-11.604052,0.00014200702,0.0015605474,0.9982975,3.6854138e-09,M,M
F04_Hindi_M_0089.npy,-0.19665174,2.1177056,7.091052,-12.091958,0.00067873544,0.006867728,0.9924535,4.630573e-09,M,M
M17_Hindi_M_0003.npy,-6.619559,-1.6906238,22.245262,-17.663992,2.9118418e-13,4.0250997e-11,1.0,4.6519e-18,M,M
F04_Hindi_M_0062.npy,-4.5070624,-1.9126968,6.6959453,-0.08894558,1.3615066e-05,0.00018227965,0.9986749,0.001129233,M,M
F04_Hindi_M_0090.npy,-1.1975346,-1.0304997,10.5228615,-9.860993,8.126228e-06,9.60354e-06,0.99998224,1.4040966e-09,M,M
M30_English_M_0064.npy,-5.8022203,-3.1478002,17.072544,-10.283505,1.1630984e-10,1.6535447e-09,1.0,1.3164945e-12,M,M
M30_Hindi_M_0009.npy,-8.01116,1.8380799,9.79248,-7.214664,1.8527837e-08,0.00035099042,0.9996489,4.1090207e-08,M,M
M04_English_M_0056.npy,7.438762,-5.103446,-0.45947957,-10.328156,0.9996252,3.571294e-06,0.0003712567,1.922041e-08,N,M
F04_Hindi_M_0016.npy,-2.6460063,3.4007041,8.83564,-13.077714,1.0272821e-05,0.004342531,0.99564713,3.0287065e-10,M,M
M30_English_M_0034.npy,-8.507237,5.605008,4.264046,-6.1345983,5.8912445e-07,0.7926426,0.20735048,6.3187467e-06,L,M
M04_English_M_0012.npy,2.0176902,2.5372794,3.0647588,-11.8911085,0.18081143,0.30400494,0.51518357,1.6470665e-07,M,M
M17_English_M_0071.npy,-4.3792925,2.299703,10.675335,-11.692463,2.895731e-07,0.000230361,0.9997694,1.9305839e-10,M,M
M17_English_M_0012.npy,-4.9406548,4.282196,1.5615628,-4.062397,9.262763e-05,0.93793714,0.061747268,0.00022292716,L,M
M17_English_M_0008.npy,-5.520821,2.0016437,7.849964,-7.4799542,1.5555721e-06,0.002876437,0.99712175,2.1930546e-07,M,M
M17_Hindi_M_0010.npy,-3.8049855,0.8421287,5.5736456,-5.5099354,8.3764186e-05,0.008735237,0.9911658,1.5226788e-05,M,M
F04_Hindi_M_0039.npy,-8.596449,6.336647,4.706943,-7.3952217,2.7347124e-07,0.83612806,0.16387072,9.090714e-07,L,M
M30_English_M_0012.npy,7.706168,2.5947988,0.8837198,-20.586786,0.9929334,0.005985228,0.0010813555,5.1220817e-13,N,M
M30_Hindi_M_0101.npy,-8.95844,12.344236,-0.770654,-11.456364,5.60227e-10,0.999998,2.0149985e-06,4.6081843e-11,L,M
M30_English_M_0071.npy,-4.476397,7.6650834,-2.8344748,-5.526146,5.3334343e-06,0.9999652,2.7547652e-05,1.8668394e-06,L,M
M30_Hindi_M_0058.npy,-4.013248,2.0411024,5.282148,-5.1630697,8.8377856e-05,0.037645616,0.96223813,2.7988679e-05,M,M
M17_English_M_0050.npy,-0.57196504,0.540288,6.0825634,-8.833487,0.0012815036,0.0038973126,0.99482083,3.309685e-07,M,M
M04_English_M_0040.npy,-7.2772155,5.8889284,2.0898273,-5.245901,1.8723741e-06,0.9780838,0.021900168,1.4275162e-05,L,M
M32_Marathi_M_0011.npy,-5.168638,4.70024,1.5745131,-5.024537,4.957848e-05,0.9578392,0.042053923,5.7263187e-05,L,M
M30_Hindi_M_0086.npy,-5.6661477,4.3814383,3.623801,-5.9865494,2.947216e-05,0.68080586,0.31914324,2.1392594e-05,L,M
M30_Hindi_M_0103.npy,-8.363025,1.5125351,8.802479,-5.4364114,3.506062e-08,0.00068190065,0.9993174,6.543833e-07,M,M
M17_English_M_0098.npy,-7.344989,1.8415152,5.5971746,-2.4240048,2.3394318e-06,0.022843273,0.9768336,0.0003208239,M,M
M04_English_M_0014.npy,2.376006,-3.9168718,6.5778785,-8.413402,0.014746388,2.727243e-05,0.985226,3.040226e-07,M,M
M17_English_M_0080.npy,-0.10093503,-1.2584469,10.570833,-10.664345,2.3189785e-05,7.2877883e-06,0.9999695,5.9933014e-10,M,M
M30_English_M_0024.npy,-4.878239,5.840828,2.5655065,-8.64378,2.1312944e-05,0.9635515,0.03642679,4.9350297e-07,L,M
F04_Hindi_M_0005.npy,-5.472707,4.961791,6.510695,-10.172577,5.152256e-06,0.17524372,0.82475114,4.686733e-08,M,M
M17_English_M_0103.npy,4.2659097,5.8753004,5.2654305,-23.87334,0.11472174,0.57358164,0.3116966,6.9011935e-14,L,M
M30_English_M_0058.npy,-3.4611878,2.535238,4.109112,-6.487243,0.00042684702,0.17158803,0.82796437,2.0704892e-05,M,M
M30_Hindi_M_0047.npy,-3.5074248,5.1992702,-1.2637217,-3.7057776,0.00016516674,0.99814224,0.001557223,0.00013545003,L,M
F04_Hindi_M_0057.npy,-3.9572709,-1.7516546,11.402064,-6.950469,2.1356234e-07,1.9382576e-06,0.99999785,1.0705208e-08,M,M
M17_English_M_0021.npy,-3.3849225,-0.37203163,9.867235,-7.551659,1.756487e-06,3.5737714e-05,0.99996245,2.7230413e-08,M,M
M17_English_M_0053.npy,-2.2120855,2.0364738,10.158345,-13.553035,4.2409124e-06,0.0002968828,0.9996989,5.036719e-11,M,M
M30_English_M_0023.npy,-5.0745935,5.3079176,0.9111106,-5.5838246,3.0591098e-05,0.98778486,0.012166154,1.8383942e-05,L,M
M17_English_M_0040.npy,1.5321838,-0.58657944,5.9578395,-8.188747,0.011808072,0.0014190965,0.9867721,7.0865036e-07,M,M
M17_English_M_0002.npy,-2.4957032,-5.502423,21.292927,-17.952765,4.663688e-11,2.3063634e-12,1.0,9.032618e-18,M,M
M30_Hindi_M_0023.npy,-11.874703,1.9630197,9.137186,-2.6163287,7.487139e-10,0.0007655317,0.99922657,7.85556e-06,M,M
M30_English_M_0056.npy,-12.030492,2.5805924,10.506303,-4.2639704,1.6301868e-10,0.0003612023,0.99963844,3.8476435e-07,M,M
F04_Hindi_M_0110.npy,-3.800554,4.099493,7.439638,-11.584967,1.2685845e-05,0.03421893,0.96576834,5.279491e-09,M,M
M30_English_M_0047.npy,-3.0630434,6.7939663,0.3151186,-8.987929,5.2295687e-05,0.9984144,0.0015331446,1.3973997e-07,L,M
F04_Hindi_M_0051.npy,-2.1737475,-5.217027,6.0550814,1.5153489,0.0002639569,1.2585007e-05,0.9891629,0.010560564,M,M
M17_English_M_0027.npy,-1.7978492,-8.988754,20.045086,-12.90268,3.2638758e-10,2.4590277e-13,1.0,4.9087097e-15,M,M
M04_English_M_0050.npy,-4.898186,3.1020427,1.357025,-2.0149064,0.00028399145,0.8467604,0.14787985,0.0050757215,L,M
M17_English_M_0107.npy,-6.731204,6.436331,5.9519444,-11.893487,1.182906e-06,0.6187824,0.38121644,6.776397e-09,L,M
M30_Hindi_M_0094.npy,-3.7762814,0.07483517,7.3602505,-4.7178764,1.4559931e-05,0.0006849802,0.99929476,5.6784493e-06,M,M
M30_Hindi_M_0013.npy,-7.4233174,4.8154283,6.8719473,-8.683079,5.487505e-07,0.11339525,0.8866041,1.5569252e-07,M,M
F04_Hindi_M_0076.npy,-2.0364406,-5.235714,8.680588,-2.2500696,2.2163369e-05,9.0408474e-07,0.999959,1.7900204e-05,M,M
F04_Hindi_M_0055.npy,-3.898786,10.029253,1.0409,-14.647614,8.93459e-07,0.99987423,0.00012483989,1.9183082e-11,L,M
M30_Hindi_M_0091.npy,-6.100864,4.5480824,6.921665,-8.993338,2.0216594e-06,0.08520926,0.91478854,1.12078624e-07,M,M
M17_English_M_0105.npy,-5.522536,6.6682367,8.266347,-15.998951,8.541983e-07,0.16824576,0.8317534,2.4082968e-11,M,M
M30_English_M_0061.npy,-2.420268,-1.3649843,6.3562136,-2.8176801,0.00015421193,0.00044301842,0.99929905,0.000103639184,M,M
M17_English_M_0035.npy,-9.3442545,8.055561,4.9347796,-9.865618,2.6583061e-08,0.95774186,0.042258136,1.578263e-08,L,M
M04_English_M_0013.npy,-2.6718724,4.3959184,4.2629356,-10.846427,0.0004541377,0.5329546,0.4665912,1.2794507e-07,L,M
M30_Hindi_M_0074.npy,-10.713514,8.827785,3.2479486,-7.8442984,3.248528e-09,0.996241,0.0037590011,5.7249384e-08,L,M
F04_Hindi_M_0058.npy,-9.392351,-0.8374273,12.416443,-3.2713084,3.3772274e-10,1.7535435e-06,0.9999981,1.5377833e-07,M,M
M04_English_M_0055.npy,-2.9343665,-0.5381711,6.6120634,-4.5751677,7.139382e-05,0.0007839979,0.9991308,1.3837881e-05,M,M
M17_English_M_0084.npy,-7.2847476,6.3579617,8.676809,-14.724785,1.0647027e-07,0.08957398,0.9104259,6.252611e-11,M,M
M30_English_M_0038.npy,-6.2613206,0.2208981,12.106164,-8.209989,1.0546287e-08,6.8911454e-06,0.9999931,1.5024638e-09,M,M
M30_Hindi_M_0060.npy,-8.155614,6.4728584,3.0986028,-6.123228,4.288553e-07,0.96688664,0.03310968,3.273141e-06,L,M
M17_English_M_0114.npy,-7.068952,-1.9713085,16.760965,-9.575966,4.4750526e-11,7.3227997e-09,1.0,3.6476746e-12,M,M
M30_Hindi_M_0038.npy,-7.6359653,3.0601065,5.113143,-3.193351,2.5739182e-06,0.113720745,0.8860579,0.00021877499,M,M
M30_Hindi_M_0001.npy,-3.8197932,0.5680041,9.195221,-8.343687,2.226241e-06,0.00017913002,0.9998186,2.4147395e-08,M,M
F04_Hindi_M_0041.npy,1.6573849,-3.0117605,10.113255,-11.758613,0.00021260293,1.9942752e-06,0.99978536,3.1701158e-10,M,M
M17_English_M_0007.npy,-1.7653306,3.47844,9.435086,-14.790714,1.3633024e-05,0.0025818609,0.9974044,3.0042784e-11,M,M
M30_Hindi_M_0012.npy,-2.0514686,6.509061,1.6911399,-11.742495,0.00018994599,0.99179274,0.0080172345,1.17454775e-08,L,M
F04_Hindi_M_0091.npy,-4.8039846,2.4188898,6.821336,-7.637843,8.8287e-06,0.012099053,0.98789155,5.1900037e-07,M,M
M17_English_M_0034.npy,-7.3428063,7.3849797,4.4574738,-10.44128,3.8120322e-07,0.9491891,0.050810456,1.7199133e-08,L,M
M17_English_M_0079.npy,2.2116332,-3.7966237,6.22873,-6.171982,0.017685866,4.3478376e-05,0.9822666,4.0426726e-06,M,M
F04_Hindi_M_0071.npy,-1.7917688,-1.7374089,7.521553,-5.4408684,9.0197405e-05,9.523628e-05,0.9998122,2.3464445e-06,M,M
F04_English_M_0002.npy,-11.975645,1.7834728,13.4886055,-7.3985977,8.729973e-12,8.2512925e-06,0.9999918,8.487882e-10,M,M
M30_Hindi_M_0034.npy,-5.648256,4.526521,5.5368505,-8.402472,1.017465e-05,0.26691255,0.7330767,6.477076e-07,M,M
M17_English_M_0031.npy,-4.1151104,7.1520677,4.052475,-12.695506,1.2234247e-05,0.9568643,0.043123536,2.2969862e-09,L,M
F04_Hindi_M_0072.npy,-6.2261024,2.8307521,5.700704,-5.438006,6.255942e-06,0.05365802,0.946322,1.37581055e-05,M,M
F04_Hindi_M_0078.npy,1.8324609,3.968702,6.8532524,-18.19924,0.0062112277,0.052593887,0.94119483,1.240282e-11,M,M
M32_Marathi_M_0001.npy,-4.528391,-1.9903781,2.9821386,3.0405767,0.00026469203,0.0033495456,0.4836403,0.51274544,H,M
M30_English_M_0048.npy,-6.4926906,-0.3245681,9.686895,-4.1821795,9.4031854e-08,4.4880417e-05,0.9999541,9.4780154e-07,M,M
M04_English_M_0024.npy,-1.0686483,0.4588719,8.984775,-10.456961,4.3027798e-05,0.00019821782,0.9997588,3.6012833e-09,M,M
M17_English_M_0052.npy,-4.7145114,7.352859,4.597485,-13.984721,5.400487e-06,0.94021106,0.05978354,5.086654e-10,L,M
F04_Hindi_M_0035.npy,-8.44808,-4.256074,13.402897,-0.8541686,3.2377326e-10,2.1419362e-08,0.9999993,6.4303515e-07,M,M
F04_Hindi_M_0066.npy,-5.041313,3.2223046,3.4436643,-4.9517574,0.000114630384,0.44477814,0.5549818,0.00012536992,M,M
M17_English_M_0108.npy,-4.5827813,2.5261743,9.223038,-9.955111,1.008493e-06,0.0012332551,0.9987658,4.6827364e-09,M,M
F04_Hindi_M_0052.npy,-0.23357324,-3.355401,9.558305,-6.183617,5.5900557e-05,2.4639019e-06,0.99994147,1.4566143e-07,M,M
M30_Hindi_M_0059.npy,-5.301649,9.333771,-1.2091951,-9.691665,4.4045976e-07,0.9999732,2.6377673e-05,5.4619322e-09,L,M
M04_English_M_0027.npy,-5.141734,6.730136,2.8696742,-10.096392,6.8400436e-06,0.97936934,0.020623831,4.8225733e-08,L,M
F04_Hindi_M_0068.npy,-3.7941086,7.8159103,1.1283538,-11.305458,9.063336e-06,0.99874616,0.0012447621,4.9562177e-09,L,M
F04_Hindi_M_0003.npy,-5.732754,3.4543312,2.2156827,-2.9203558,7.924604e-05,0.77424425,0.2243571,0.0013194304,L,M
M17_English_M_0085.npy,-5.31216,1.1884593,8.771833,-6.7217193,7.641487e-07,0.0005085822,0.9994905,1.86644e-07,M,M
F04_English_M_0010.npy,-7.101346,-2.4125643,14.128489,-6.481886,6.0255895e-10,6.55106e-08,0.9999999,1.1195103e-09,M,M
M30_English_M_0045.npy,-11.406775,-0.36751658,15.227444,-5.9177275,2.7095997e-12,1.6873096e-07,0.9999999,6.557955e-10,M,M
M30_English_M_0069.npy,-4.719552,3.5783317,2.5141332,-4.3124437,0.00018507591,0.7431477,0.2563891,0.00027807042,L,M
M17_English_M_0024.npy,-2.5277243,-0.9446092,6.158806,-4.791082,0.00016867476,0.0008214635,0.9989924,1.7542287e-05,M,M
M30_English_M_0028.npy,-6.753286,-1.3774458,12.801687,-5.5528183,3.2164928e-09,6.951528e-07,0.9999993,1.0684132e-08,M,M
M30_English_M_0068.npy,-8.001906,7.6592255,2.7037494,-8.590997,1.5682234e-07,0.99300426,0.0069954447,8.701011e-08,L,M
M17_English_M_0018.npy,-3.7992654,-1.962558,7.044235,-1.3694983,1.952404e-05,0.00012252975,0.9996362,0.00022171954,M,M
F04_Hindi_M_0080.npy,-1.3440545,5.038542,4.2788897,-13.877915,0.001150531,0.68049437,0.3183551,4.144872e-09,L,M
M30_Hindi_M_0006.npy,-8.1133795,3.644377,6.5384727,-6.0612764,4.105669e-07,0.052446015,0.9475503,3.1959573e-06,M,M
F04_English_M_0018.npy,-3.1539876,6.585177,6.385589,-16.373844,3.2394524e-05,0.54971415,0.45025343,5.877071e-11,L,M
F04_Hindi_M_0114.npy,-10.022452,8.679168,4.068797,-9.476765,7.476365e-09,0.99014986,0.00985014,1.2902659e-08,L,M
M30_English_M_0063.npy,-19.019346,8.342976,9.464315,-6.568092,3.2152208e-13,0.24576283,0.75423706,8.217159e-08,M,M
M17_English_M_0056.npy,-5.296653,4.546504,7.868825,-11.282949,1.8489117e-06,0.034813274,0.96518487,4.6462243e-09,M,M
M17_English_M_0015.npy,-0.25492764,0.6232316,-1.3002393,-2.3412635,0.25758663,0.6198734,0.090562865,0.031977102,L,M
M17_English_M_0020.npy,-1.9444234,0.5776868,4.090742,-3.6775181,0.002317499,0.028864114,0.9684088,0.0004095871,M,M
M30_Hindi_M_0070.npy,-2.1850042,4.6149855,1.5110077,-8.176802,0.0010648189,0.9560349,0.04289764,2.6611613e-06,L,M
M04_English_M_0053.npy,6.89529,-2.9653962,1.9745317,-12.443313,0.9927078,5.1805968e-05,0.0072404123,3.9643613e-09,N,M
M17_English_M_0048.npy,2.3691769,3.6721864,5.720009,-16.083466,0.0301143,0.11083136,0.8590543,2.916702e-10,M,M
M30_Hindi_M_0052.npy,-6.862321,5.3506503,3.4802864,-6.458012,4.302673e-06,0.86649114,0.13349819,6.4465476e-06,L,M
M30_Hindi_M_0004.npy,-12.024648,6.35227,5.3954515,-5.2495694,7.547987e-09,0.7224796,0.2775138,6.6101434e-06,L,M
M17_English_M_0087.npy,-6.011369,1.9366968,6.159741,-4.949142,5.1030224e-06,0.0144420415,0.9855381,1.4762057e-05,M,M
F04_English_M_0014.npy,2.188618,1.9878016,7.5999923,-17.799156,0.0044295387,0.003623639,0.9919469,9.24226e-12,M,M
F04_Hindi_M_0101.npy,-0.37287503,-5.9700437,3.6840856,2.0431943,0.014284934,5.2973526e-05,0.8256459,0.16001613,M,M
M30_Hindi_M_0098.npy,-7.015576,4.9654207,4.703859,-6.70045,3.5381759e-06,0.56501544,0.43497616,4.848831e-06,L,M
M17_English_M_0064.npy,-3.6602912,4.9526467,1.0607154,-5.7603693,0.00017806918,0.97980624,0.019993825,2.1804004e-05,L,M
F04_Hindi_M_0061.npy,-5.3833885,-2.0419075,14.276941,-7.5135365,2.8948575e-09,8.1811365e-08,0.9999999,3.4396616e-10,M,M
F04_English_M_0003.npy,-3.414974,7.8875666,8.27945,-20.499334,4.976867e-06,0.40326187,0.5967331,1.8937048e-13,M,M
M17_English_M_0049.npy,-0.8612018,4.016596,11.448943,-19.41878,4.5031134e-06,0.0005914441,0.9994041,3.9269918e-14,M,M
M30_Hindi_M_0048.npy,-11.661802,1.0713508,11.893643,-4.481205,5.888312e-11,1.9949382e-05,0.99998,7.735447e-08,M,M
M30_Hindi_M_0036.npy,-8.507599,1.989756,7.3871574,-4.126474,1.2445962e-07,0.0045078746,0.9954821,9.947791e-06,M,M
M04_English_M_0032.npy,-0.6941516,-3.9863136,5.1125383,-0.91454476,0.0029908246,0.00011117905,0.9944988,0.0023992495,M,M
M17_English_M_0032.npy,-3.1235514,3.253513,9.879889,-14.1798935,2.2495815e-06,0.0013232009,0.9986745,3.551349e-11,M,M
M17_English_M_0106.npy,-7.9296155,5.3571267,5.6280546,-8.033539,7.3418664e-07,0.4326787,0.56731987,6.617186e-07,M,M
F04_Hindi_M_0096.npy,1.9565505,-3.6960938,5.441227,-6.384785,0.029748077,0.00010436303,0.9701404,7.0935394e-06,M,M
F04_Hindi_M_0077.npy,-9.882588,2.7418277,11.44455,-8.815261,5.466004e-10,0.00016610544,0.9998338,1.5892914e-09,M,M
M17_English_M_0044.npy,1.2230015,-5.6749005,11.765716,-8.692415,2.6384327e-05,2.664557e-08,0.99997365,1.3035739e-09,M,M
M04_English_M_0034.npy,-2.5827303,-2.7174509,11.443581,-7.6493917,8.099345e-07,7.078503e-07,0.99999845,5.1053677e-09,M,M
M17_English_M_0072.npy,-3.5017552,1.4275012,6.7498302,-7.7699018,3.512877e-05,0.004857486,0.99510694,4.9207404e-07,M,M
M17_English_M_0025.npy,-7.509525,12.438561,4.256343,-19.264378,2.1703763e-09,0.9997205,0.00027950283,1.703992e-14,L,M
M30_Hindi_M_0100.npy,-9.548249,2.6347244,9.793537,-6.181869,3.9776955e-09,0.000777373,0.9992225,1.1524744e-07,M,M
M30_English_M_0057.npy,-6.855635,1.3852925,8.477579,-5.13721,2.1903234e-07,0.00083080196,0.9991678,1.2212672e-06,M,M
F04_English_M_0015.npy,-2.838279,-0.55012965,7.72248,-7.1356044,2.590589e-05,0.00025534595,0.99971837,3.5244707e-07,M,M
M04_English_M_0009.npy,5.320435,0.48601395,1.6855909,-12.329521,0.96680075,0.0076873126,0.02551198,2.089578e-08,N,M
M32_Marathi_M_0012.npy,-2.953089,-1.1703767,-1.1744761,4.6679044,0.00048698383,0.0028955876,0.002883742,0.9937337,H,M
M04_English_M_0054.npy,-3.4671104,-0.33546245,7.8324013,-6.1277914,1.2375292e-05,0.00028353906,0.9997032,8.650406e-07,M,M
F04_Hindi_M_0012.npy,-8.210184,3.0171273,4.0524845,-2.1694846,3.4816264e-06,0.2616625,0.736871,0.0014629336,M,M
F04_English_M_0001.npy,-3.7461758,-3.8531315,11.866478,-5.9086075,1.6577174e-07,1.4895681e-07,0.99999976,1.9071214e-08,M,M
M17_English_M_0063.npy,-2.281573,4.1352654,8.2675,-15.762465,2.580303e-05,0.015793134,0.98418105,3.605737e-11,M,M
M17_English_M_0009.npy,-7.1134734,3.8533776,8.685137,-9.45488,1.3655318e-07,0.007909423,0.99209046,1.3135366e-08,M,M
F04_Hindi_M_0002.npy,-10.872334,3.1038232,7.799252,-4.312416,7.710477e-09,0.009054171,0.99094045,5.445241e-06,M,M
M30_Hindi_M_0042.npy,-5.534093,5.95173,4.5739675,-9.645222,8.205657e-06,0.79862475,0.20136695,1.3448468e-07,L,M
M04_English_M_0002.npy,-0.36593515,2.773792,1.7267915,-7.4855413,0.031050729,0.7171962,0.25172794,2.5122683e-05,L,M
M30_English_M_0053.npy,-10.817776,1.4505756,10.943516,-4.79605,3.5412645e-10,7.537646e-05,0.9999244,1.460026e-07,M,M
F04_Hindi_M_0064.npy,-14.201379,3.5140922,15.67462,-9.860077,1.0592928e-13,5.2329656e-06,0.99999475,8.136168e-12,M,M
M30_English_M_0040.npy,-3.5825183,6.9654107,-1.7341082,-6.445296,2.6242687e-05,0.9998056,0.00016663353,1.4987173e-06,L,M
M30_English_M_0002.npy,-9.827169,0.5378812,11.475222,-4.7405844,5.603783e-10,1.7781382e-05,0.9999821,9.0689625e-08,M,M
M30_English_M_0070.npy,-5.987332,3.9855716,4.66973,-6.4702806,1.5641888e-05,0.3353253,0.6646494,9.650446e-06,M,M
M30_English_M_0031.npy,-5.422074,-3.42187,13.45251,-5.50504,6.3514403e-09,4.6940734e-08,1.0,5.8457554e-09,M,M
M04_English_M_0042.npy,-3.1937695,-0.08491777,7.2560177,-5.151122,2.8934717e-05,0.00064800214,0.99931896,4.0865025e-06,M,M
M17_English_M_0076.npy,-1.271064,-3.3794734,9.061587,-6.0739036,3.2551474e-05,3.9527554e-06,0.9999633,2.6713087e-07,M,M
M30_Hindi_M_0102.npy,-9.6427555,-1.3830701,14.369791,-4.1611357,3.7280654e-11,1.4408518e-07,0.9999999,8.956145e-09,M,M
M17_English_M_0089.npy,-2.7722635,6.423465,4.1425204,-12.755766,9.205565e-05,0.907203,0.09270496,4.2488444e-09,L,M
M30_Hindi_M_0085.npy,-4.7030954,-1.0247461,5.5053864,-0.6669311,3.6724832e-05,0.0014536061,0.99643075,0.0020789483,M,M
M17_English_M_0090.npy,-3.288481,1.7119713,10.6498375,-11.862433,8.8431676e-07,0.00013130359,0.9998678,1.6710412e-10,M,M
M04_English_M_0048.npy,-4.18609,0.42048728,6.9291067,-4.604314,1.486189e-05,0.0014882812,0.998487,9.782312e-06,M,M
M30_Hindi_M_0063.npy,-9.196639,3.3496845,9.086073,-6.833357,1.1442488e-08,0.0032160238,0.99678385,1.2158515e-07,M,M
M17_English_M_0014.npy,-3.4376523,3.751888,5.2031326,-10.369049,0.00014317897,0.18978289,0.8100738,1.3983374e-07,M,M
M30_Hindi_M_0039.npy,-8.325761,3.2511966,4.763753,-2.7651803,1.6928618e-06,0.18048051,0.8190778,0.00044009948,M,M
M17_English_M_0047.npy,-6.2911863,8.682928,0.08962722,-8.572887,3.138659e-07,0.99981445,0.00018530889,3.2048963e-08,L,M
M30_Hindi_M_0028.npy,-10.461036,7.854169,-1.0190995,-1.7050812,1.1110055e-08,0.9997894,0.00014005453,7.053084e-05,L,M
M30_Hindi_M_0027.npy,-8.745865,0.7935262,11.476482,-6.6321363,1.6501988e-09,2.2931947e-05,0.9999771,1.3662068e-08,M,M
M17_English_M_0091.npy,-4.4943323,9.439129,-1.6833253,-10.3118,8.88726e-07,0.9999844,1.4776546e-05,2.6440752e-09,L,M
M17_English_M_0058.npy,1.8878212,-1.315597,6.629345,-10.214879,0.008646829,0.00035126106,0.9910019,4.7942578e-08,M,M
F04_Hindi_M_0050.npy,-3.1544611,0.7016013,9.284285,-8.653864,3.9613055e-06,0.00018728578,0.9998087,1.619862e-08,M,M
M30_Hindi_M_0084.npy,-9.643302,-0.83676356,11.229736,-2.69189,8.6089724e-10,5.748875e-06,0.9999933,8.993148e-07,M,M
M30_Hindi_M_0040.npy,-9.403247,5.8552322,5.3398056,-7.0801277,1.4789526e-07,0.62607676,0.37392166,1.5096357e-06,L,M
M17_English_M_0051.npy,-2.7728639,8.741003,5.0663023,-18.985603,9.743433e-06,0.97526056,0.024729675,8.8635663e-13,L,M
M04_English_M_0023.npy,-1.6868539,3.4910192,7.39552,-13.136018,0.00011139405,0.019750768,0.9801379,1.1872809e-09,M,M
F04_Hindi_M_0070.npy,-0.61655384,0.25856078,7.688573,-10.222566,0.0002470383,0.00059268216,0.9991603,1.6631311e-08,M,M
M30_English_M_0036.npy,-5.0901656,1.5256948,8.568305,-8.360589,1.1690198e-06,0.0008730787,0.99912566,4.4411436e-08,M,M
M17_English_M_0068.npy,-0.18558554,2.386266,5.293807,-10.82947,0.0039402484,0.051578004,0.94448173,9.396019e-08,M,M
M17_English_M_0082.npy,-1.263011,0.98002654,10.443009,-12.042878,8.243329e-06,7.766786e-05,0.99991405,1.7157967e-10,M,M
F04_Hindi_M_0085.npy,-6.691383,-1.961487,10.450846,-2.4446294,3.5910517e-08,4.068081e-06,0.99999344,2.5093623e-06,M,M
M04_English_M_0003.npy,1.7178617,-3.7247038,3.3823245,-3.2439132,0.15887736,0.00068767933,0.83932275,0.0011122194,M,M
F04_Hindi_M_0014.npy,-1.2818122,-3.7017314,13.919924,-9.9688425,2.5001708e-07,2.2233744e-08,0.99999976,4.2192968e-11,M,M
M04_English_M_0025.npy,-2.8711514,0.07679702,6.558419,-5.2628946,8.018382e-05,0.0015288492,0.99838364,7.3344254e-06,M,M
M17_English_M_0059.npy,-1.3167253,-4.9818954,11.733853,-5.9066954,2.1488424e-06,5.5010045e-08,0.99999774,2.1817552e-08,M,M
F04_Hindi_M_0037.npy,-3.9314623,0.2369525,4.3709536,-2.7962573,0.00024376389,0.0157503,0.98324734,0.0007585475,M,M
M30_English_M_0052.npy,-8.474079,-2.5008538,13.114937,-3.2573738,4.2073575e-10,1.652526e-07,0.99999976,7.7552485e-08,M,M
F04_Hindi_M_0107.npy,-3.839987,-3.131274,8.269953,-1.2105963,5.5040164e-06,1.1180717e-05,0.999907,7.6314944e-05,M,M
M17_English_M_0113.npy,-3.7282243,10.011102,0.97149676,-15.209896,1.079032e-06,0.9998803,0.00011860347,1.1132899e-11,L,M
F04_Hindi_M_0086.npy,5.7798886,-7.9837494,-2.3375952,-2.399906,0.99942076,1.0526319e-06,0.00029810538,0.00028009724,N,M
M30_Hindi_M_0050.npy,-4.0973206,6.7995005,1.7776394,-9.112488,1.8395396e-05,0.9934325,0.0065489523,1.2208146e-07,L,M
F04_Hindi_M_0025.npy,-4.26912,7.1875687,0.7067198,-8.923835,1.056218e-05,0.9984592,0.0015301481,1.0051625e-07,L,M
M04_English_M_0020.npy,-4.0141983,6.155915,-0.36919338,-6.087165,3.8240298e-05,0.9984931,0.001463951,4.8110833e-06,L,M
M30_Hindi_M_0056.npy,-8.206866,8.0914755,0.31408113,-6.218114,8.347143e-08,0.99958044,0.00041892697,6.0987674e-07,L,M
M17_English_M_0074.npy,2.8201418,4.0062017,3.7934263,-16.19673,0.14449242,0.47309062,0.38241693,7.960184e-10,L,M
M30_Hindi_M_0049.npy,-6.5773377,7.301179,-1.0500419,-4.9465256,9.387104e-07,0.9997583,0.00023605095,4.7949547e-06,L,M
M17_English_M_0112.npy,-2.1263819,8.196655,1.2441082,-13.765923,3.2834665e-05,0.9990119,0.00095525174,2.8929725e-10,L,M
F04_Hindi_M_0098.npy,-0.37595052,6.7166023,-0.4247343,-11.395832,0.0008299258,0.9983797,0.00079041056,1.358831e-08,L,M
M30_English_M_0007.npy,-7.084802,-0.45849007,10.15548,-3.8302748,3.2555892e-08,2.4569712e-05,0.9999746,8.4343725e-07,M,M
F04_Hindi_M_0103.npy,1.9806076,-1.9049547,5.332095,-7.8299994,0.03382291,0.00069459673,0.9654807,1.8557469e-06,M,M
F04_English_M_0007.npy,-6.032247,1.6668805,3.5604868,-1.6513476,5.901372e-05,0.13020912,0.8650161,0.004715777,M,M
F04_Hindi_M_0112.npy,-9.192377,2.3265395,13.411218,-9.548094,1.5253743e-10,1.5345413e-05,0.9999846,1.0687856e-10,M,M
F04_Hindi_M_0006.npy,-8.870635,3.7733247,8.112624,-6.9131284,4.155613e-08,0.012877665,0.9871221,2.9428577e-07,M,M
M04_English_M_0004.npy,-0.9729722,-1.1931664,6.1515903,-4.900337,0.0008039056,0.00064502435,0.99853516,1.583333e-05,M,M
M17_English_M_0069.npy,0.37579626,2.2075677,6.458795,-14.328689,0.0022442325,0.014015096,0.98374075,9.225532e-10,M,M
M30_English_M_0030.npy,-10.40074,-2.7936409,15.299918,-2.7314818,6.89202e-12,1.38697e-08,1.0,1.4759178e-08,M,M
M17_English_M_0096.npy,-9.306858,4.054001,8.046186,-7.3019667,2.8557798e-08,0.018124748,0.981875,2.1204987e-07,M,M
F04_English_M_0005.npy,-3.1471643,-2.0414255,11.183791,-8.631574,5.972334e-07,1.8045141e-06,0.9999976,2.4791074e-09,M,M
M04_English_M_0001.npy,-6.1067867,2.3637452,2.9966996,-1.5545301,7.2178904e-05,0.3444415,0.6486405,0.0068458947,M,M
F04_Hindi_M_0102.npy,-0.27817887,-9.093171,2.7195575,5.0977044,0.004216369,6.260886e-07,0.08449653,0.9112865,H,M
M30_Hindi_M_0032.npy,-3.9677975,8.157732,-1.9935701,-7.948862,5.419138e-06,0.9999554,3.9023485e-05,1.0115229e-07,L,M
M30_Hindi_M_0054.npy,-7.871457,2.3113306,7.895725,-4.6716456,1.4150456e-07,0.0037419552,0.99625444,3.4708087e-06,M,M
M17_English_M_0006.npy,-7.93903,10.146138,-0.2031291,-9.573112,1.3986114e-08,0.99996793,3.2015225e-05,2.7291334e-09,L,M
F04_Hindi_M_0100.npy,-0.73441976,-1.2139595,3.150121,-2.1221006,0.019796759,0.012255546,0.96300536,0.004942333,M,M
F04_Hindi_M_0034.npy,-5.5142255,0.19299288,13.15465,-9.1909485,7.802067e-09,2.3486757e-06,0.9999976,1.9743719e-10,M,M
F04_Hindi_M_0043.npy,1.0279658,-3.4059956,4.021169,-3.0220912,0.047667228,0.00056568516,0.9509367,0.0008304288,M,M
M30_Hindi_M_0072.npy,-5.7448163,2.3009212,8.265835,-7.4981065,8.206119e-07,0.0025606905,0.9974383,1.4213255e-07,M,M
M30_Hindi_M_0053.npy,-7.8691554,4.043099,1.6028054,-1.2494102,6.141621e-06,0.91560745,0.079781696,0.0046047056,L,M
F04_Hindi_M_0011.npy,-2.7593424,-1.3440744,11.44261,-7.9688454,6.794681e-07,2.7977708e-06,0.9999964,3.7128773e-09,M,M
M04_English_M_0008.npy,7.217724,3.3953772,-1.9590354,-17.491215,0.9784928,0.021405904,0.00010119092,1.818034e-11,N,M
F04_Hindi_M_0116.npy,-7.258188,1.3517282,6.1172395,-3.1994765,1.5395808e-06,0.0084458105,0.9914635,8.914117e-05,M,M
M30_Hindi_M_0015.npy,-0.7750886,-4.312091,9.847988,-5.4879646,2.4347008e-05,7.0850814e-07,0.9999747,2.1860967e-07,M,M
M17_English_M_0043.npy,0.59062785,-2.2877848,5.5416765,-4.208264,0.0070230844,0.00039486564,0.9925242,5.7862286e-05,M,M
M17_English_M_0045.npy,-1.5651007,-3.3310106,8.223074,-3.8366587,5.6107216e-05,9.596075e-06,0.9999285,5.787536e-06,M,M
F04_English_M_0011.npy,-6.1458554,-2.3032649,12.770763,-5.452838,6.0899947e-09,2.8407482e-07,0.99999976,1.21783925e-08,M,M
F04_Hindi_M_0028.npy,-6.638305,-0.7193213,14.055252,-8.005268,1.0301535e-09,3.832518e-07,0.99999964,2.6256552e-10,M,M
F04_English_M_0017.npy,-5.8365326,-2.6706593,7.560278,0.8386739,1.5180987e-06,3.5993275e-05,0.9987594,0.0012031102,M,M
M30_English_M_0029.npy,-8.77259,-1.079406,9.509115,-1.6752756,1.1490525e-08,2.5202684e-05,0.9999609,1.3888768e-05,M,M
M17_English_M_0102.npy,3.2044349,-0.42768723,4.3105507,-11.80147,0.24697118,0.0065348507,0.7464939,7.510428e-08,M,M
M30_Hindi_M_0093.npy,-9.023044,2.2078607,6.0264378,-1.7897164,2.8476614e-07,0.021478709,0.97812665,0.00039435062,M,M
M17_English_M_0095.npy,-5.6666465,-1.566736,16.19294,-9.944466,3.2099784e-10,1.9367373e-08,1.0,4.453168e-12,M,M
M04_English_M_0021.npy,-4.2094955,6.431937,2.1084063,-10.075069,2.359154e-05,0.98689693,0.013079348,6.6891275e-08,L,M
M17_English_M_0073.npy,-3.0302942,9.747007,7.833412,-23.377117,2.4610251e-06,0.8714204,0.12857719,3.5859483e-15,L,M
M30_English_M_0019.npy,-9.151861,10.750383,-2.6088598,-6.6005883,2.2728162e-09,0.99999845,1.5781694e-06,2.9145284e-08,L,M
M30_English_M_0005.npy,0.8642234,9.200584,4.466822,-23.872076,0.00023749753,0.9910479,0.008714607,4.2935833e-15,L,M
M30_Hindi_M_0019.npy,-8.857652,6.4953794,7.686554,-11.735669,5.008536e-08,0.23304895,0.766951,2.8171097e-09,M,M
F04_Hindi_M_0094.npy,-7.840825,2.374663,5.5234227,-2.9411538,1.5053845e-06,0.041131806,0.95866466,0.00020209135,M,M
F04_Hindi_M_0018.npy,-3.3827329,-3.6215775,10.785278,-4.0636234,7.029273e-07,5.535813e-07,0.99999833,3.5579774e-07,M,M
F04_English_M_0019.npy,1.7896304,-3.9313014,10.422555,-11.232473,0.00017811099,5.836089e-07,0.99982136,3.937882e-10,M,M
M04_English_M_0007.npy,4.3851194,-6.627139,1.177573,-3.5138633,0.96075934,1.5850814e-05,0.038868245,0.00035655772,N,M
F04_English_M_0020.npy,0.50865406,6.8385673,8.527672,-23.710083,0.00027775456,0.15585034,0.8438719,8.425535e-15,M,M
F04_English_M_0016.npy,-3.9527316,4.8219824,2.8618267,-8.724364,0.00013549012,0.87643003,0.12343333,1.1471326e-06,L,M
F04_Hindi_M_0087.npy,-3.2604969,3.1090095,11.655706,-15.243026,3.3257575e-07,0.00019414772,0.9998055,2.079433e-12,M,M
M04_English_M_0036.npy,-2.6708226,6.662583,-1.8828964,-7.1170316,8.839551e-05,0.9997161,0.00019436693,1.0362539e-06,L,M
M30_Hindi_M_0011.npy,-3.6229646,0.44314533,6.8362064,-5.0765023,2.8635071e-05,0.001670273,0.9982944,6.693221e-06,M,M
M30_Hindi_M_0010.npy,-9.263681,8.05567,1.1044819,-6.308654,3.0052835e-08,0.9990428,0.0009565804,5.770821e-07,L,M
M17_Hindi_M_0006.npy,-6.2052393,7.2970185,11.391727,-20.316143,2.2416039e-08,0.016387569,0.9836125,1.6682873e-14,M,M
F04_Hindi_M_0059.npy,-4.5187454,-4.116952,10.033699,-1.6384742,4.785744e-07,7.1523067e-07,0.9999902,8.527764e-06,M,M
M30_Hindi_M_0090.npy,-6.6675005,4.2068944,3.453105,-5.120526,1.2876257e-05,0.67995393,0.3199727,6.0482864e-05,L,M
M04_English_M_0045.npy,-4.3719125,3.0898604,4.6485405,-6.0431557,9.988078e-05,0.1738155,0.82606584,1.8778896e-05,M,M
F04_Hindi_M_0097.npy,-4.2241106,-3.6034632,9.043674,-0.7100844,1.7292061e-06,3.2165517e-06,0.99993694,5.8072317e-05,M,M
M17_English_M_0028.npy,-5.4142513,-1.8186631,12.537496,-6.2445145,1.5982867e-08,5.8237003e-07,0.9999994,6.9674977e-09,M,M
M17_English_M_0097.npy,-3.4629006,2.8314388,9.816642,-12.7413025,1.7075183e-06,0.0009246184,0.99907374,1.5951679e-10,M,M
M04_English_M_0016.npy,-1.557441,3.5911164,7.825139,-14.286255,8.296825e-05,0.014285711,0.98563135,2.4595664e-10,M,M
F04_Hindi_M_0106.npy,-4.250965,-1.46858,6.3102856,-0.79741436,2.5867765e-05,0.0004179586,0.99873847,0.0008177432,M,M
M30_Hindi_M_0051.npy,-3.2464156,7.156993,0.23253317,-9.593612,3.0298228e-05,0.99898726,0.0009824382,5.3071922e-08,L,M
M30_Hindi_M_0067.npy,-7.5413527,4.6541924,2.6692848,-3.361658,4.441231e-06,0.8789443,0.12076105,0.00029021638,L,M
M30_English_M_0009.npy,2.9883556,1.8219385,1.7508713,-10.601546,0.6243774,0.19448167,0.1811401,7.823981e-07,N,M
F04_Hindi_M_0048.npy,0.02080603,-0.15607099,5.9039545,-8.395222,0.002771805,0.0023224477,0.9949051,6.133782e-07,M,M
M17_English_M_0016.npy,-1.3084006,0.78866625,6.742661,-8.767042,0.00031783702,0.002587909,0.99709404,1.8321366e-07,M,M
F04_Hindi_M_0054.npy,-3.3062,-4.8702707,7.059374,1.8424431,3.1327283e-05,6.55625e-06,0.99456763,0.0053944853,M,M
M30_English_M_0018.npy,-8.453203,4.1682863,9.41147,-10.548558,1.734532e-08,0.00525564,0.9947444,2.133933e-09,M,M
F04_Hindi_M_0026.npy,-1.7441907,-0.93535084,6.213785,-4.7660303,0.0003494578,0.00078463816,0.9988488,1.7022621e-05,M,M
M30_Hindi_M_0065.npy,-7.836649,4.1339016,2.024632,-1.3459475,5.6222398e-06,0.88849175,0.10779764,0.0037049747,L,M
M30_Hindi_M_0079.npy,-8.017611,-2.1657104,12.736882,-3.3217173,9.692542e-10,3.371988e-07,0.9999995,1.0613013e-07,M,M
M30_English_M_0060.npy,-2.073375,2.3715248,9.53517,-12.216437,9.08099e-06,0.0007736215,0.9992173,3.5732015e-10,M,M
M30_Hindi_M_0025.npy,-11.223716,10.418533,2.9982936,-10.308011,3.9868522e-10,0.99940133,0.00059864705,9.96131e-10,L,M
M32_Marathi_M_0003.npy,-6.6185446,2.675934,0.72366637,0.4217958,7.3720825e-05,0.80191964,0.11383395,0.08417266,L,M
M17_Hindi_M_0007.npy,-6.5290456,-3.4095361,16.456394,-8.085467,1.0412394e-10,2.356872e-09,1.0,2.1958595e-11,M,M
M30_Hindi_M_0041.npy,-12.7116585,5.3206053,8.378395,-5.7945075,6.6185474e-10,0.044882324,0.955117,6.681023e-07,M,M
M17_English_M_0033.npy,-5.8824253,7.427687,6.7441216,-14.802863,1.101561e-06,0.66453326,0.33546558,1.4720114e-10,L,M
M30_Hindi_M_0076.npy,-4.894956,10.909361,-0.4182039,-14.078737,1.3685695e-07,0.99998784,1.2036374e-05,1.4054053e-11,L,M
M30_Hindi_M_0099.npy,-4.5470543,-0.63783413,7.941862,-3.2305868,3.7674124e-06,0.00018784332,0.9997943,1.4053278e-05,M,M
M30_Hindi_M_0022.npy,-13.510761,8.008969,7.156394,-8.527972,3.1614367e-10,0.701107,0.29889286,4.611921e-08,L,M
F04_Hindi_M_0115.npy,-2.104474,-0.8937656,1.8796904,0.7872969,0.013136905,0.04408563,0.7059821,0.23679538,M,M
F04_Hindi_M_0049.npy,-2.9969754,1.8971864,9.544439,-11.203475,3.5737503e-06,0.00047712415,0.99951935,9.751848e-10,M,M
M17_Hindi_M_0008.npy,-5.5765967,-4.874315,13.944714,-5.318419,3.3266145e-09,6.7142825e-09,1.0,4.3065356e-09,M,M
M30_Hindi_M_0018.npy,-9.608135,5.056409,7.7288046,-8.661805,2.7647088e-08,0.064622,0.93537796,7.122554e-08,M,M
F04_Hindi_M_0069.npy,-2.2482526,-2.0813353,6.2761774,-2.2757053,0.00019843351,0.00023448037,0.999374,0.0001930601,M,M
M30_English_M_0016.npy,-5.085837,4.232663,5.4462566,-8.97962,2.0557878e-05,0.22906105,0.77091795,4.1872562e-07,M,M
M30_Hindi_M_0097.npy,-10.123258,5.0750337,7.094194,-7.6024585,2.94046e-08,0.11720581,0.88279384,3.6574994e-07,M,M
M30_English_M_0010.npy,-9.699684,-0.063849494,13.012575,-6.0343304,1.3683278e-10,2.094016e-06,0.99999785,5.3460516e-09,M,M
M30_Hindi_M_0068.npy,-5.3534827,7.1152277,-1.9649408,-4.856172,3.844627e-06,0.9998759,0.00011388826,6.321694e-06,L,M
F04_Hindi_M_0046.npy,-9.843042,-1.3719995,12.65844,-2.5579972,1.6893906e-10,8.06598e-07,0.9999989,2.463685e-07,M,M
M04_English_M_0006.npy,2.070119,-1.1715969,7.645733,-12.831421,0.0037742879,0.00014756246,0.9960781,1.2740266e-09,M,M
M30_English_M_0025.npy,-4.123956,-5.3629,8.177433,1.5860908,4.539168e-06,1.3149527e-06,0.99862385,0.0013703089,M,M
M32_Marathi_M_0007.npy,-3.155774,-0.31587362,5.443524,-3.399309,0.00018359578,0.0031420712,0.9965305,0.00014391205,M,M
M04_English_M_0005.npy,0.16639395,1.4634125,7.537037,-12.481987,0.00062762294,0.0022960787,0.9970764,2.0164006e-09,M,M
F04_Hindi_M_0044.npy,-0.9589675,0.81706154,6.6788507,-8.46736,0.00048028014,0.002836706,0.9966828,2.634157e-07,M,M
F04_Hindi_M_0073.npy,-5.939314,0.32848805,7.071908,-3.882375,2.2324307e-06,0.0011771985,0.998803,1.7462053e-05,M,M
F04_Hindi_M_0075.npy,-1.6848311,-5.463058,9.062846,-2.6147738,2.1494634e-05,4.91436e-07,0.9999696,8.481271e-06,M,M
M17_English_M_0019.npy,3.0778084,-2.8346055,3.3384502,-6.2841706,0.43467787,0.0011760853,0.5641087,3.735182e-05,M,M
M17_English_M_0046.npy,-3.3340118,3.60515,5.6372995,-9.445444,0.000112273396,0.11585549,0.884032,2.4895203e-07,M,M
M04_English_M_0049.npy,-3.7331972,1.4901366,7.786415,-7.835535,9.91498e-06,0.0018397418,0.9981502,1.6393403e-07,M,M
M30_English_M_0008.npy,-7.981037,7.200336,2.7657735,-7.80376,2.5216943e-07,0.9882782,0.011721227,3.0108083e-07,L,M
F04_Hindi_M_0022.npy,-9.6598625,0.78078467,15.797783,-8.787411,8.787896e-12,3.0074634e-07,0.99999964,2.1027418e-11,M,M
M30_English_M_0026.npy,-6.5469995,-1.6828105,11.315359,-3.9590266,1.747734e-08,2.2644642e-06,0.9999975,2.3249713e-07,M,M
M17_Hindi_M_0004.npy,-3.3183005,2.3111153,10.898292,-13.541221,6.6947035e-07,0.00018644701,0.9998129,2.432055e-11,M,M
M30_Hindi_M_0095.npy,-4.3974257,9.379477,-1.4487281,-10.532909,1.0393416e-06,0.99997914,1.983176e-05,2.24984e-09,L,M
M17_Hindi_M_0001.npy,-3.1599665,1.8117654,10.833088,-13.120419,8.3722244e-07,0.00012079159,0.9998784,3.954317e-11,M,M
F04_Hindi_M_0029.npy,-8.512611,-3.9859588,16.674309,-4.3364444,1.1520188e-11,1.0650257e-09,1.0,7.501457e-10,M,M
M30_Hindi_M_0003.npy,-9.329509,0.8352971,11.488291,-4.964058,9.0977625e-10,2.3629424e-05,0.9999763,7.158556e-08,M,M
F04_Hindi_M_0083.npy,-7.4877634,1.1991328,1.574266,2.8040028,2.2708587e-05,0.13454303,0.19578502,0.66964924,H,M
F04_Hindi_M_0053.npy,0.54637975,-5.921068,5.5487156,-1.0040331,0.006667824,1.03563625e-05,0.99190724,0.0014146481,M,M
M17_English_M_0038.npy,-3.0094092,4.810881,8.139997,-14.371481,1.3886167e-05,0.034585275,0.9654008,1.6147185e-10,M,M
M17_English_M_0104.npy,-7.333601,9.720894,2.7798421,-12.076762,3.9165812e-08,0.9990337,0.00096631737,3.411756e-10,L,M
M17_English_M_0001.npy,1.3592072,-9.214459,10.086311,-6.880632,0.000162105,4.1467874e-09,0.9998379,4.2783824e-08,M,M
M30_Hindi_M_0061.npy,-7.4988036,4.5510693,3.2214563,-4.231738,4.6217415e-06,0.7906771,0.20919707,0.000121247955,L,M
M04_English_M_0028.npy,1.0331175,3.7648754,3.6244867,-13.299681,0.033661082,0.51702964,0.4493093,2.0066556e-08,L,M
M30_Hindi_M_0016.npy,-4.8010488,1.344516,7.3443103,-6.658382,5.2998e-06,0.002473116,0.9975206,8.2723693e-07,M,M
M30_English_M_0014.npy,-6.402397,3.3907905,7.205242,-8.485817,1.2044942e-06,0.021574069,0.97842467,1.49964e-07,M,M
F04_English_M_0021.npy,-4.267416,2.9058464,1.0803679,-2.9814582,0.0006583917,0.8586036,0.13835584,0.0023821492,L,M
F04_Hindi_M_0042.npy,-2.934365,-1.2893181,9.619621,-5.6482635,3.5307205e-06,1.829356e-05,0.99997795,2.3400877e-07,M,M
M30_Hindi_M_0088.npy,-6.877353,-1.6589665,10.953685,-2.9093325,1.803337e-08,3.3296076e-06,0.9999957,9.536002e-07,M,M
M30_Hindi_M_0046.npy,-6.2022324,9.987354,-2.9468398,-7.86294,9.3100226e-08,0.9999975,2.4140684e-06,1.7689464e-08,L,M
M17_English_M_0022.npy,-5.9474096,10.322868,1.9702482,-14.411467,8.586284e-08,0.99976414,0.00023572233,1.8109746e-11,L,M
M30_Hindi_M_0062.npy,-9.397725,1.1315324,9.353497,-3.1160474,7.1833988e-09,0.00026861366,0.99972755,3.8408534e-06,M,M
F04_Hindi_M_0047.npy,0.12829323,4.222602,6.598856,-16.75066,0.0014147372,0.0848812,0.91370404,6.610581e-11,M,M
M30_English_M_0042.npy,-3.3751118,6.1408443,0.035363268,-6.8614836,7.3497446e-05,0.9976987,0.0022254747,2.249884e-06,L,M
F04_Hindi_M_0095.npy,-10.326181,-1.3044734,13.248484,-4.0155716,5.776341e-11,4.7833333e-07,0.9999995,3.1791853e-08,M,M
M30_Hindi_M_0017.npy,-8.052163,0.004724577,14.2665,-7.7825546,2.0282752e-10,6.4001347e-07,0.9999994,2.6559308e-10,M,M
M04_English_M_0017.npy,-2.4816763,6.402437,-1.1655543,-7.80472,0.00013848214,0.9993444,0.0005163906,6.7549985e-07,L,M
M30_Hindi_M_0007.npy,-7.7259936,7.9722486,0.32810086,-6.1984167,1.521009e-07,0.99952054,0.00047860856,7.0072855e-07,L,M
F04_Hindi_M_0019.npy,-10.2814865,1.5486398,5.6959066,-0.93630165,1.13170195e-07,0.015541417,0.9831634,0.0012950731,M,M
M04_English_M_0039.npy,-5.736908,8.1742,0.51909727,-8.60383,9.0839876e-07,0.99952567,0.00047339656,5.166399e-08,L,M
M17_English_M_0100.npy,-4.288274,-4.651379,18.13276,-11.618774,1.8309207e-10,1.2734289e-10,1.0,1.1997014e-13,M,M
M30_Hindi_M_0029.npy,-8.12482,7.193477,3.0347803,-8.072649,2.1908548e-07,0.98461217,0.015387426,2.3081851e-07,L,M
M30_Hindi_M_0043.npy,-8.364643,-1.9361484,13.39632,-3.7817655,3.5426934e-10,2.1937807e-07,0.99999976,3.4645932e-08,M,M
M04_English_M_0019.npy,1.2092721,7.137678,1.6697063,-18.106972,0.0026445226,0.9931645,0.0041909376,1.0799634e-11,L,M
F04_Hindi_M_0020.npy,-14.001726,-0.5115144,17.103146,-5.0218005,3.0997442e-14,2.23898e-08,1.0,2.4618285e-10,M,M
M17_English_M_0011.npy,-5.41697,5.3819504,2.8776903,-8.49611,1.8878127e-05,0.92442167,0.07555857,8.683706e-07,L,M
M17_English_M_0066.npy,9.719846,-4.214075,-1.3521779,-14.601483,0.99998367,8.8831695e-07,1.554083e-05,2.7376245e-11,N,M
F04_Hindi_M_0031.npy,8.013952,-10.466021,4.153377,-9.169923,0.9793783,9.229969e-09,0.020621676,3.3735564e-08,N,M
M17_English_M_0075.npy,-3.1154454,2.8550858,8.085372,-10.903493,1.3590106e-05,0.0053234296,0.9946629,5.6352953e-09,M,M
F04_Hindi_M_0010.npy,-4.924319,3.419966,8.789854,-10.536154,1.1015225e-06,0.004633081,0.99536586,4.0253547e-09,M,M
M30_Hindi_M_0069.npy,-5.1949887,-1.9448357,9.489086,-2.8766303,4.195471e-07,1.0821914e-05,0.9999844,4.262168e-06,M,M
M17_English_M_0055.npy,-2.327404,-2.7865238,13.538733,-9.086374,1.2865432e-07,8.128888e-08,0.99999976,1.4929348e-10,M,M
M30_Hindi_M_0071.npy,-7.858147,6.438111,-1.0765524,-2.1353712,6.178671e-07,0.99926585,0.0005446334,0.00018891432,L,M
M17_English_M_0094.npy,-6.428033,-0.049388573,18.340178,-15.252849,1.751066e-11,1.0316034e-08,1.0,2.5747468e-15,M,M
M30_English_M_0037.npy,-3.6758876,-0.9785904,5.6476383,-1.9942777,8.912961e-05,0.0013226453,0.9981092,0.00047900056,M,M
F04_English_M_0012.npy,-4.7215877,0.30903888,13.7292385,-12.343905,9.703025e-09,1.484844e-06,0.99999857,4.7487275e-12,M,M
M30_English_M_0051.npy,-10.405621,-0.52590317,14.994054,-6.5337486,9.312405e-12,1.8187306e-07,0.99999976,4.4729545e-10,M,M
M04_English_M_0011.npy,1.4269798,2.8390677,3.5730512,-12.656085,0.07322941,0.30057132,0.62619925,5.6038765e-08,M,M
M30_Hindi_M_0087.npy,-8.913313,3.4626563,5.862025,-4.2090554,3.5107536e-07,0.083217606,0.9167433,3.8764407e-05,M,M
M17_English_M_0010.npy,-3.0164936,10.753407,-1.0362718,-15.755254,1.0466573e-06,0.9999914,7.5823514e-06,3.0720745e-12,L,M
M30_Hindi_M_0024.npy,-8.443245,9.432686,7.75045,-16.81192,1.4538268e-08,0.8432003,0.15679964,3.3732086e-12,L,M
M04_English_M_0018.npy,-2.4634979,9.077324,2.1629493,-16.626495,9.715143e-06,0.99899787,0.0009924072,6.8633745e-12,L,M
M30_English_M_0043.npy,-6.329917,4.425528,7.932128,-11.588903,6.21206e-07,0.029125009,0.97087437,3.2306304e-09,M,M
M17_English_M_0026.npy,-4.383251,8.568611,0.5542118,-11.49198,2.371008e-06,0.99966705,0.00033055662,1.9393291e-09,L,M
F04_Hindi_M_0024.npy,-7.5189342,4.5452366,2.5488703,-3.4476202,5.0716967e-06,0.88014877,0.1195488,0.0002973736,L,M
M17_English_M_0111.npy,-6.8670278,-3.8758185,17.552805,-8.008592,2.4808563e-11,4.9393206e-10,1.0,7.92184e-12,M,M
F04_English_M_0008.npy,-3.857568,11.240919,3.6415904,-20.653795,2.770722e-07,0.9994992,0.0005005366,1.4063196e-14,L,M
M30_English_M_0013.npy,0.007936433,2.6405602,4.4875154,-9.739515,0.009698587,0.13490945,0.8553914,5.6681836e-07,M,M
M04_English_M_0041.npy,-3.6110272,5.402232,1.8511147,-8.348081,0.00011837323,0.97199166,0.02788893,1.0374748e-06,L,M
M30_English_M_0020.npy,-8.715241,8.725412,3.0862699,-10.345316,2.6550843e-08,0.9964567,0.0035433166,5.2017124e-09,L,M
M17_English_M_0023.npy,-6.4430966,4.408688,8.646523,-11.167617,2.7569888e-07,0.014233297,0.9857664,2.446821e-09,M,M
M30_English_M_0046.npy,-11.134925,-0.5404736,15.841808,-5.5419936,1.9237702e-12,7.678302e-08,0.9999999,5.16574e-10,M,M
M30_Hindi_M_0080.npy,-10.360698,-1.0592713,11.966396,-2.036552,2.0112431e-10,2.2030447e-06,0.999997,8.290779e-07,M,M
F04_Hindi_M_0063.npy,-4.834382,-1.3808228,14.644225,-9.295545,3.4717493e-09,1.0975147e-07,0.9999999,4.0094986e-11,M,M
M17_English_M_0101.npy,0.5286147,4.94315,4.5941744,-14.315769,0.0070451815,0.5822381,0.41071674,2.518016e-09,L,M
F04_Hindi_M_0009.npy,-3.8949494,-2.7447731,11.556103,-5.4861364,1.9484675e-07,6.1547195e-07,0.99999917,3.968705e-08,M,M
M30_Hindi_M_0082.npy,-11.078063,-2.0216088,13.21171,-1.0665371,2.8254373e-11,2.4224428e-07,0.99999917,6.295581e-07,M,M
M22_Hindi_H_0016.npy,-5.365956,-5.7147346,17.401022,-7.723425,1.2954701e-10,9.1401706e-11,1.0,1.2262848e-11,M,H
M22_Hindi_H_0014.npy,-1.4521415,2.353495,3.6176789,-7.164436,0.0048756017,0.21917705,0.77593124,1.6114254e-05,M,H
M22_Hindi_H_0019.npy,0.59093446,-3.3075116,5.114584,-3.6606433,0.010728935,0.00021751197,0.9889008,0.00015279875,M,H
M22_Hindi_H_0020.npy,-3.8517327,-3.2162077,11.697182,-5.5824304,1.7668198e-07,3.3357782e-07,0.9999995,3.130112e-08,M,H
M22_Hindi_H_0025.npy,-5.181583,-1.855215,10.924816,-4.4172573,1.0117616e-07,2.8164475e-06,0.9999969,2.1728054e-07,M,H
M22_Hindi_H_0028.npy,-1.3612266,-9.024001,19.705303,-11.937725,7.094506e-10,3.3344275e-13,1.0,1.8097035e-14,M,H
M22_Hindi_H_0021.npy,-2.0070412,0.87111825,6.358897,-7.175278,0.00023164612,0.004119017,0.99564797,1.319131e-06,M,H
M22_Hindi_H_0055.npy,-2.7874155,0.708571,8.539608,-9.428082,1.20381155e-05,0.00039705084,0.99959093,1.5723671e-08,M,H
M22_Hindi_H_0034.npy,-1.9233847,-3.4154956,15.12386,-12.344671,3.9488945e-08,8.880959e-09,1.0,1.1764349e-12,M,H
M22_Hindi_H_0042.npy,-3.827814,-2.6301968,13.102823,-9.270972,4.437288e-08,1.4697255e-07,0.9999999,1.9194837e-10,M,H
M22_Hindi_H_0029.npy,-0.6279593,-2.7513158,10.2604685,-8.667791,1.8672688e-05,2.2338018e-06,0.999979,6.0193788e-09,M,H
M22_Hindi_H_0049.npy,-3.8169167,3.3560083,7.2640257,-11.07169,1.5099657e-05,0.019684695,0.9803002,1.0672317e-08,M,H
M22_Hindi_H_0012.npy,-3.383358,-0.9136079,6.0272474,-2.9925237,8.17557e-05,0.00096631073,0.9988311,0.00012085233,M,H
M22_Hindi_H_0006.npy,-1.9526651,0.4931059,4.618038,-5.0179467,0.0013765421,0.015884532,0.9826748,6.420294e-05,M,H
M22_Hindi_H_0023.npy,-2.5563438,-2.6338475,11.044047,-6.8457747,1.2400067e-06,1.147532e-06,0.9999976,1.7003877e-08,M,H
M22_Hindi_H_0036.npy,-4.5198913,-1.926739,20.309975,-16.701296,1.6463646e-11,2.201497e-10,1.0,8.437432e-17,M,H
M22_Hindi_H_0024.npy,0.48699874,4.5465403,4.312299,-14.391197,0.009542503,0.55296654,0.43749097,3.2971932e-09,L,H
M22_Hindi_H_0051.npy,-3.6053152,-2.1554348,9.635586,-5.4423904,1.7764196e-06,7.572176e-06,0.99999034,2.8295275e-07,M,H
M22_Hindi_H_0002.npy,-1.3221955,-1.7071267,14.21822,-14.169534,1.7819008e-07,1.2125784e-07,0.99999976,4.6919743e-13,M,H
M22_Hindi_H_0047.npy,-1.1518736,0.6072157,7.7487545,-10.12108,0.00013617694,0.0007907996,0.999073,1.7331118e-08,M,H
M22_Hindi_H_0003.npy,-2.3120608,-4.434553,17.75001,-14.413716,1.9371058e-09,2.3193529e-10,1.0,1.0751547e-14,M,H
M22_Hindi_H_0035.npy,-1.3340168,-1.0575538,8.655071,-7.956542,4.589316e-05,6.050818e-05,0.99989355,6.104096e-08,M,H
M22_Hindi_H_0052.npy,-2.2396731,-6.085078,12.920173,-6.777746,2.6071302e-07,5.5734524e-09,0.99999976,2.7880647e-09,M,H
M22_Hindi_H_0053.npy,-0.7947236,-2.7760088,12.455873,-12.340575,1.7592939e-06,2.425924e-07,0.999998,1.70231e-11,M,H
M22_Hindi_H_0043.npy,-3.4880567,-0.81932473,9.923378,-7.8455396,1.4978838e-06,2.160198e-05,0.9999769,1.9188779e-08,M,H
M22_Hindi_H_0013.npy,-1.5673671,-4.1004753,4.439287,1.1077302,0.0023712674,0.00018830664,0.9630245,0.03441601,M,H
M22_Hindi_H_0005.npy,-4.074074,1.2060466,2.147097,-0.8655881,0.0013784979,0.27072805,0.6937873,0.03410623,M,H
M22_Hindi_H_0008.npy,-0.29222733,-2.8742778,7.230096,-5.4213543,0.0005405584,4.0876355e-05,0.9994154,3.2010396e-06,M,H
M22_Hindi_H_0009.npy,-2.8414066,-3.9959571,6.9349,0.004656121,5.672146e-05,1.7878556e-05,0.99894875,0.0009767348,M,H
M22_Hindi_H_0033.npy,-3.4070125,-3.9393384,21.126623,-17.026545,2.2139979e-11,1.3001429e-11,1.0,2.6933313e-17,M,H
M22_Hindi_H_0040.npy,-3.462641,-2.3111782,10.056036,-5.1347113,1.3455838e-06,4.2558327e-06,0.99999416,2.5277828e-07,M,H
M22_Hindi_H_0027.npy,-2.7033455,-4.3290353,13.192017,-7.877591,1.2494877e-07,2.4586912e-08,0.9999999,7.072712e-10,M,H
M22_Hindi_H_0041.npy,0.390778,2.7307756,6.096905,-13.463075,0.0032042502,0.033264,0.9635317,3.0837164e-09,M,H
M22_Hindi_H_0037.npy,-2.1132822,-4.671885,17.06438,-13.125181,4.6908037e-09,3.6312822e-10,1.0,7.741763e-14,M,H
M22_Hindi_H_0056.npy,-2.7585258,1.6821586,8.675421,-11.317906,1.0811772e-05,0.00091719476,0.99907196,2.0730258e-09,M,H
M22_Hindi_H_0018.npy,3.0624106,-4.2827673,7.456894,-8.968126,0.012194611,7.874043e-06,0.98779744,7.267286e-08,M,H
M22_Hindi_H_0039.npy,-0.3556195,-3.301593,11.650179,-11.379406,6.1086503e-06,3.2101494e-07,0.99999356,9.962667e-11,M,H
M22_Hindi_H_0011.npy,-3.4004352,0.38102138,1.0654533,1.1736205,0.0043703495,0.19177055,0.38021296,0.42364618,H,H
M22_Hindi_H_0007.npy,-2.674548,-2.491126,7.61963,-3.4301732,3.382642e-05,4.06364e-05,0.99990964,1.5888847e-05,M,H
M22_Hindi_H_0058.npy,-2.012786,-3.7014878,8.717567,-4.529687,2.18703e-05,4.0407404e-06,0.99997234,1.7651374e-06,M,H
M22_Hindi_H_0032.npy,-1.2027321,-3.3851693,13.722115,-11.305277,3.2977772e-07,3.7187807e-08,0.99999964,1.3512691e-11,M,H
M22_Hindi_H_0048.npy,-2.1562285,-4.4754,16.628105,-13.513866,6.9513204e-09,6.836985e-10,1.0,8.1191035e-14,M,H
M22_Hindi_H_0017.npy,-3.2587852,-1.0360111,6.711529,-3.2408025,4.674328e-05,0.00043157634,0.9994741,4.7591442e-05,M,H
M22_Hindi_H_0054.npy,4.179243,-2.0452163,6.2288265,-14.228704,0.114068694,0.00022590093,0.8857054,1.1553045e-09,M,H
M22_Hindi_H_0004.npy,-2.039926,-5.194211,14.0637245,-8.898925,1.0145493e-07,4.3289767e-09,0.9999999,1.06524047e-10,M,H
M22_Hindi_H_0010.npy,-3.6154907,4.4486036,2.4055092,-7.235342,0.00027845113,0.88499486,0.114719205,7.458777e-06,L,H
M22_Hindi_H_0022.npy,-3.2676609,-2.4476998,10.523726,-5.6900444,1.0244128e-06,2.3258397e-06,0.99999654,9.087551e-08,M,H
M22_Hindi_H_0031.npy,-0.5116921,-7.7276506,10.250613,-3.1014585,2.1182652e-05,1.5564293e-08,0.99997723,1.5894946e-06,M,H
M22_Hindi_H_0015.npy,-1.8499236,-4.0982757,11.196568,-6.7932463,2.1576432e-06,2.27789e-07,0.9999976,1.5385856e-08,M,H
M22_Hindi_H_0030.npy,-1.6640401,-4.8086076,12.530855,-8.14082,6.8428216e-07,2.9482676e-08,0.9999993,1.0529443e-09,M,H
M22_Hindi_H_0050.npy,-4.6169934,-3.1303623,12.286459,-6.168928,4.5595716e-08,2.0163198e-07,0.99999976,9.658887e-09,M,H
M22_Hindi_H_0026.npy,-4.1827016,-5.381546,15.26707,-6.524208,3.5733159e-09,1.077506e-09,1.0,3.4369074e-10,M,H
M22_Hindi_H_0046.npy,-4.451045,-1.889992,10.275698,-5.5077186,4.0202625e-07,5.206018e-06,0.9999943,1.3974837e-07,M,H
M22_Hindi_H_0059.npy,-2.2107868,0.98934394,1.1991743,-1.2545853,0.017122818,0.42012098,0.5182061,0.044550054,M,H
M22_Hindi_H_0044.npy,-3.485369,-0.4319827,10.776482,-9.50145,6.399572e-07,1.3558746e-05,0.9999858,1.5609903e-09,M,H
M22_Hindi_H_0001.npy,-3.472714,-3.8701475,10.280682,-4.186451,1.0640828e-06,7.1510846e-07,0.99999774,5.211985e-07,M,H
M22_Hindi_H_0057.npy,-2.1377826,-3.785461,6.547365,-1.5884125,0.0001689948,3.2530872e-05,0.99950576,0.00029272653,M,H
M22_Hindi_H_0045.npy,-4.651224,-0.010306522,10.106464,-8.625879,3.897621e-07,4.039472e-05,0.99995923,7.3219844e-09,M,H
M22_Hindi_H_0038.npy,-2.37777,-2.0957763,14.441625,-13.26874,4.959404e-08,6.575032e-08,0.9999999,9.237218e-13,M,H
M03_English_L_0026.npy,1.1411989,1.5507183,8.720955,-17.215296,0.00051003316,0.00076815765,0.9987218,5.4384357e-12,M,L
M03_English_L_0016.npy,6.419923,9.538282,4.2027225,-32.87437,0.042161763,0.95324624,0.00459199,3.627645e-19,L,L
M03_English_L_0008.npy,-1.2150769,9.718241,7.2885165,-25.46513,1.6408176e-05,0.91905093,0.08093265,4.823864e-16,L,L
M03_English_L_0041.npy,1.5651813,1.6731573,12.786127,-23.015038,1.3390385e-05,1.491717e-05,0.99997175,2.8296994e-16,M,L
M03_English_L_0025.npy,-4.234259,6.352438,11.126589,-20.327877,2.1145419e-07,0.008374525,0.99162525,2.1669388e-14,M,L
M09_English_L_0007.npy,-8.29258,3.904764,-1.7162528,2.8593407,3.7219236e-06,0.7379154,0.002671961,0.25940898,L,L
M03_English_L_0038.npy,-0.3327132,0.27164596,12.945188,-17.77666,1.7119021e-06,3.1329146e-06,0.99999523,4.5464148e-14,M,L
M09_English_L_0001.npy,-3.0534198,0.9967252,0.22446294,0.38897854,0.008606799,0.49408013,0.22824861,0.26906446,L,L
M03_English_L_0055.npy,-0.69514114,4.1204205,2.5811703,-11.085771,0.0066271652,0.81789905,0.17547363,2.0357987e-07,L,L
M03_English_L_0013.npy,-4.2515764,2.940818,7.688854,-9.401999,6.4652518e-06,0.008594144,0.9913993,3.747872e-08,M,L
M03_English_L_0044.npy,-5.1591353,2.174256,8.9707985,-9.404499,7.2939383e-07,0.0011163846,0.99888295,1.0452599e-08,M,L
M03_English_L_0014.npy,2.7641857,8.492547,5.2795424,-26.233618,0.0031168577,0.9583245,0.0385587,7.9456683e-16,L,L
M03_English_L_0001.npy,-1.8931015,2.6319954,4.942027,-9.302141,0.0009772747,0.09020724,0.90881485,5.9198635e-07,M,L
M03_English_L_0012.npy,9.252113,3.4462345,7.483222,-32.05589,0.8521286,0.0025647446,0.14530662,9.787406e-19,N,L
M03_English_L_0053.npy,4.341703,2.0064814,0.61056,-12.234158,0.89225596,0.0863606,0.021383297,5.6452677e-08,N,L
M03_English_L_0018.npy,0.7705063,4.7161636,13.5254,-27.008389,2.887711e-06,0.0001493245,0.99984777,2.4907624e-18,M,L
M03_English_L_0046.npy,0.5334577,6.648391,-0.4231699,-13.306768,0.0022028862,0.99695075,0.0008463186,2.1491098e-09,L,L
M09_English_L_0006.npy,-5.3305297,2.2485406,-2.962866,4.37041,5.4640568e-05,0.1069211,0.0005831474,0.8924411,H,L
M03_English_L_0051.npy,-2.8093357,6.463335,1.4931602,-10.865233,9.33008e-05,0.9930133,0.006893434,2.959742e-08,L,L
M03_English_L_0058.npy,8.825252,6.7053003,3.569516,-30.91009,0.8886875,0.1066758,0.004636734,4.919377e-18,N,L
M03_English_L_0010.npy,-7.5011415,0.40194237,14.577228,-10.058895,2.5792046e-10,6.9783295e-07,0.9999993,1.9983296e-11,M,L
M03_English_L_0039.npy,-0.24385314,3.311323,5.8166265,-12.917826,0.0021525053,0.07532472,0.9225227,6.7407506e-09,M,L
M03_English_L_0011.npy,0.064007714,2.5705636,10.419458,-19.290434,3.1805463e-05,0.00039001828,0.9995782,1.2501855e-13,M,L
M03_English_L_0069.npy,-1.2140353,5.9943466,3.5153599,-13.9165125,0.00068262574,0.9220257,0.07729168,2.077625e-09,L,L
M03_English_L_0004.npy,2.4709313,3.8574116,6.7000675,-19.32893,0.013576135,0.054314654,0.9321092,4.6261194e-12,M,L
M03_English_L_0007.npy,1.6391987,5.6961603,3.3159485,-17.093977,0.015589297,0.90103686,0.083373815,1.1405419e-10,L,L
M03_English_L_0057.npy,-3.4369407,11.451931,-1.2570305,-16.105255,3.4185626e-07,0.99999666,3.0238953e-06,1.0766256e-12,L,L
M03_English_L_0042.npy,-4.787263,7.2440534,6.838173,-16.896461,3.573447e-06,0.60009754,0.3998989,1.968474e-11,L,L
M03_English_L_0061.npy,-4.869955,5.82814,3.7484465,-9.817132,2.0078305e-05,0.88889575,0.111084,1.4262507e-07,L,L
M03_English_L_0060.npy,-5.3260207,6.8647776,1.9431789,-9.442423,5.040204e-06,0.9927602,0.0072347126,8.217065e-08,L,L
M03_English_L_0054.npy,2.8834136,0.8300727,1.5309459,-9.385034,0.72102654,0.0925117,0.18645841,3.3871343e-06,N,L
M09_English_L_0004.npy,-6.5749245,5.5450716,-0.99486595,-1.8146768,5.438103e-06,0.99791795,0.0014415712,0.00063503365,L,L
M03_English_L_0047.npy,-5.4684725,8.951134,1.6228669,-12.3546715,5.4620955e-07,0.9993432,0.00065627927,5.5811156e-10,L,L
M03_English_L_0066.npy,4.8384223,0.93024164,3.674185,-15.92202,0.7506168,0.015070128,0.23431304,7.232236e-10,N,L
M03_English_L_0050.npy,1.2363405,1.726277,2.8331592,-10.056286,0.13210867,0.21562946,0.65226024,1.6466676e-06,M,L
M09_English_L_0002.npy,-7.686081,6.789938,-0.4781502,-3.3346486,5.162077e-07,0.9992625,0.0006969297,4.0052324e-05,L,L
M03_English_L_0037.npy,3.0651026,2.5046537,5.2627215,-16.830551,0.09456709,0.053993333,0.85143954,2.1635513e-10,M,L
M03_English_L_0043.npy,9.657096,-2.3394105,1.0135446,-18.496384,0.99981755,6.1645883e-06,0.00017622775,5.92952e-13,N,L
M03_English_L_0028.npy,-1.074336,4.8360844,9.533165,-19.59195,2.450567e-05,0.0090391915,0.99093634,2.2241767e-13,M,L
M03_English_L_0049.npy,-4.3411913,10.971882,-0.9858101,-14.260041,2.2367318e-07,0.9999933,6.4096953e-06,1.1013175e-11,L,L
M03_English_L_0024.npy,-3.440998,11.416185,-1.248497,-16.32716,3.5286266e-07,0.99999654,3.1607988e-06,8.937514e-13,L,L
M03_English_L_0003.npy,13.468134,2.7574394,7.0854063,-38.12415,0.9982901,2.226698e-05,0.0016876151,3.917527e-23,N,L
M03_English_L_0048.npy,-4.929059,4.7182884,5.1562057,-9.884235,2.5336598e-05,0.39222732,0.6077471,1.7854272e-07,M,L
M03_English_L_0006.npy,-3.287081,-1.8317066,6.2875834,-1.299594,6.940595e-05,0.00029747983,0.9991266,0.0005064672,M,L
M03_English_L_0030.npy,-0.85751253,-0.66157436,12.377663,-13.916812,1.7866306e-06,2.1733497e-06,0.99999607,3.8058584e-12,M,L
M03_English_L_0002.npy,6.7417665,7.1258,6.640252,-31.090569,0.29658955,0.43545127,0.26795924,1.1009843e-17,L,L
M03_English_L_0068.npy,-1.9254763,4.7565556,9.26724,-18.162033,1.3624235e-05,0.010871302,0.989115,1.2102232e-12,M,L
M03_English_L_0009.npy,2.9369326,-0.91199976,9.079554,-15.855215,0.0021445756,4.5684756e-05,0.9978098,1.4791605e-11,M,L
M09_English_L_0003.npy,-11.414932,3.2895906,7.436331,-3.8400662,6.4000014e-09,0.01556945,0.98441803,1.247104e-05,M,L
M03_English_L_0023.npy,-1.4980316,4.787526,5.039882,-13.499088,0.0008139296,0.4368878,0.56229824,4.9956723e-09,M,L
M03_English_L_0059.npy,-4.761868,7.7306194,5.2906957,-15.944252,3.4536945e-06,0.91981834,0.08017825,4.8065787e-11,L,L
M03_English_L_0019.npy,-1.4466748,4.3255634,8.027515,-16.261824,7.4953656e-05,0.0240793,0.97584575,2.7583874e-11,M,L
M03_English_L_0022.npy,-0.1363173,7.82899,7.555626,-23.119736,0.00019720205,0.5678066,0.4319962,2.0574972e-14,L,L
M03_English_L_0015.npy,10.181786,5.101343,4.954198,-32.29815,0.98854905,0.0061459653,0.005305004,3.5171996e-19,N,L
M03_English_L_0063.npy,-1.6523094,0.42389834,7.270162,-7.776041,0.00013319873,0.0010621499,0.99880433,2.9174083e-07,M,L
M03_English_L_0034.npy,1.6855106,6.5623035,7.6061172,-23.014183,0.0019807986,0.259899,0.73812026,3.714494e-14,M,L
M03_English_L_0021.npy,-0.8937207,7.8771057,5.0346475,-19.688293,0.00014662677,0.94478893,0.055064395,1.0088673e-12,L,L
M03_English_L_0005.npy,-1.1822686,7.604927,4.290398,-18.226494,0.00014729863,0.9647818,0.035070945,5.834257e-12,L,L
M03_English_L_0036.npy,-2.2105088,1.1731892,13.099259,-16.041492,2.2441353e-07,6.6156204e-06,0.9999932,2.2096817e-13,M,L
M03_English_L_0056.npy,-1.1635985,7.6612453,8.018299,-23.58612,6.05264e-05,0.41164806,0.5882914,1.1065409e-14,M,L
M03_English_L_0035.npy,7.357572,0.97367734,2.822559,-18.577993,0.98773694,0.0016678269,0.010595223,5.382303e-12,N,L
M03_English_L_0067.npy,-2.4733658,6.707544,4.2896576,-14.597932,9.455155e-05,0.9180943,0.081811175,5.1290505e-10,L,L
M03_English_L_0031.npy,2.3220367,1.0228449,9.064056,-18.194502,0.0011784907,0.000321436,0.9985001,1.4491277e-12,M,L
M03_English_L_0070.npy,-3.631879,2.5176413,0.9425023,-1.84358,0.0017469082,0.8184136,0.16939425,0.010445243,L,L
M03_English_L_0064.npy,-3.7107272,4.970607,4.944024,-10.65712,8.598276e-05,0.5066017,0.49331227,8.272395e-08,L,L
M03_English_L_0020.npy,-3.6858895,-0.30859393,12.422687,-11.157364,1.0095622e-07,2.9571536e-06,0.9999969,5.7452966e-11,M,L
M03_English_L_0040.npy,6.3032727,1.3083844,2.9554,-18.837563,0.9597559,0.006499925,0.033744123,1.1578038e-11,N,L
M03_English_L_0045.npy,-4.008744,4.19508,3.6796942,-7.8678756,0.00017126578,0.62595874,0.37386647,3.611358e-06,L,L
M09_English_L_0005.npy,-7.2044816,6.895535,0.23757024,-4.663107,7.5141344e-07,0.99870765,0.0012820975,9.540787e-06,L,L
M03_English_L_0032.npy,4.6001763,5.016482,6.447252,-25.563635,0.11289744,0.17119195,0.7159106,8.968238e-15,M,L
M03_English_L_0065.npy,2.507041,1.8232068,4.3354774,-14.3593445,0.12938578,0.06529819,0.8053161,6.1222103e-09,M,L
M03_English_L_0033.npy,-1.3049188,-2.8315647,17.775227,-17.817705,5.1712834e-09,1.1235297e-09,1.0,3.4848598e-16,M,L
M09_English_L_0009.npy,-1.4582756,-0.2941633,-0.97765034,1.9964272,0.026688697,0.085485995,0.0431579,0.8446675,H,L
M03_English_L_0052.npy,-3.9711123,0.07039602,12.624718,-12.67487,6.201853e-08,3.5296036e-06,0.9999963,1.0292651e-11,M,L
M03_English_L_0027.npy,-0.20780139,5.248375,8.986526,-20.314346,9.924233e-05,0.023242585,0.97665817,1.8388032e-13,M,L
M03_English_L_0029.npy,0.73823875,-1.8544617,12.355072,-16.628475,9.0129915e-06,6.7433183e-07,0.9999902,2.585837e-13,M,L
M09_English_L_0008.npy,-9.918831,4.607969,0.9977202,0.578139,4.6994623e-07,0.9571,0.025884887,0.017014703,L,L
M03_English_L_0017.npy,-3.08876,7.2283535,4.5155406,-14.944757,3.1004245e-05,0.9377494,0.062219594,2.2000222e-10,L,L
M03_English_L_0062.npy,-5.623939,3.9815512,4.9771976,-8.40074,1.8172685e-05,0.26979303,0.73018765,1.1310196e-06,M,L
