filename,score_N,score_L,score_M,score_H,prob_N,prob_L,prob_M,prob_H,predict class,actual class
M17_English_M_0098.npy,-8.612325,1.1551567,3.4288077,-1.6885651,5.3173767e-06,0.09282404,0.90176755,0.005403159,M,M
F04_Hindi_M_0109.npy,-4.420102,1.5315993,6.1924615,-10.942684,2.4373787e-05,0.009369457,0.99060625,3.5826307e-08,M,M
M30_Hindi_M_0061.npy,-8.880816,-0.14267781,6.737109,-4.0066032,1.6472718e-07,0.0010272843,0.99895096,2.1558035e-05,M,M
M30_English_M_0025.npy,-3.092783,0.85832876,8.350547,-15.432243,1.071466e-05,0.0005570887,0.99943215,4.6883317e-11,M,M
M17_English_M_0084.npy,-2.0074015,1.7955534,2.2935648,-6.6675763,0.008360228,0.37481797,0.6167427,7.91279e-05,M,M
M04_English_M_0050.npy,-6.5257387,4.4456778,-1.5411361,-1.736329,1.7107373e-05,0.995426,0.002500165,0.0020568257,L,M
M30_Hindi_M_0078.npy,-9.007791,3.4989617,4.1834464,-7.30333,1.2409846e-06,0.3352584,0.6647335,6.8234503e-06,M,M
M30_Hindi_M_0079.npy,-3.9486415,-0.8236585,6.303807,-6.7127204,3.5241435e-05,0.0008020776,0.9991604,2.2214128e-06,M,M
M30_Hindi_M_0093.npy,-8.577486,4.619046,0.008260131,-2.5308883,1.837314e-06,0.98938316,0.009838426,0.00077658205,L,M
F04_Hindi_M_0088.npy,-3.4811387,1.9224688,4.9952,-9.525181,0.00019908199,0.04423734,0.95556307,4.7221306e-07,M,M
M17_English_M_0090.npy,-4.7899747,-2.4478693,4.5556474,0.48273674,8.580053e-05,0.0008925928,0.9822953,0.01672628,M,M
M17_English_M_0033.npy,-4.290432,1.731839,2.9140549,-5.3751173,0.0005684058,0.23447552,0.7647639,0.00019212578,M,M
M30_English_M_0019.npy,-6.861912,-0.8217812,6.231269,-3.4028428,2.0573075e-06,0.00086396193,0.9990687,6.539641e-05,M,M
F04_English_M_0007.npy,2.0279355,1.3016372,4.2319646,-20.377764,0.094830364,0.045869082,0.85930055,1.7630964e-11,M,M
F04_Hindi_M_0057.npy,-9.669855,-2.30339,10.564732,-5.9931297,1.6301572e-09,2.578959e-06,0.9999974,6.4418565e-08,M,M
M30_Hindi_M_0050.npy,-6.4787283,2.1817412,1.9739362,-3.0799544,9.534059e-05,0.5501381,0.44691318,0.0028532923,L,M
M30_English_M_0067.npy,-8.828159,1.6547251,8.962365,-12.31985,1.8766476e-08,0.0006699481,0.99933004,5.7142646e-10,M,M
M30_Hindi_M_0086.npy,-7.73295,1.1477001,6.406158,-7.3134875,7.197943e-07,0.0051763775,0.9948218,1.0949112e-06,M,M
F04_Hindi_M_0080.npy,1.75357,3.7390168,2.377459,-19.59287,0.09853699,0.717576,0.18388696,5.2839375e-11,L,M
M30_Hindi_M_0022.npy,-9.4467325,-2.117737,6.4942183,0.8770577,1.1892651e-07,0.00018122606,0.9961976,0.003621125,M,M
M30_English_M_0017.npy,-5.864881,-1.7237272,7.9064803,-6.049352,1.0450676e-06,6.5709e-05,0.9999323,8.6901963e-07,M,M
M04_English_M_0030.npy,-2.039711,4.6985197,-0.4630599,-8.726963,0.0011766008,0.9931288,0.005693247,1.466873e-06,L,M
M30_Hindi_M_0049.npy,-5.8835254,0.16391727,7.135332,-7.6722984,2.2160186e-06,0.0009374422,0.99906,3.7044126e-07,M,M
M30_Hindi_M_0094.npy,-7.587424,-0.20033696,4.002353,-1.0192589,9.064848e-06,0.014639681,0.97889644,0.006454733,M,M
M30_Hindi_M_0092.npy,-8.1059885,-2.2031195,9.674425,-6.3744135,1.8969724e-08,6.9445637e-06,0.99999297,1.0717031e-07,M,M
M17_English_M_0028.npy,-3.759668,2.5755732,3.4441743,-8.310675,0.00052364165,0.2953891,0.7040817,5.5278624e-06,M,M
M30_Hindi_M_0012.npy,-4.0265784,2.8755598,5.2022347,-12.010397,8.9430694e-05,0.088929765,0.91098076,3.0490074e-08,M,M
M30_English_M_0003.npy,-2.1820378,2.270263,6.158781,-16.950329,0.00023373538,0.020060139,0.9797062,9.014403e-11,M,M
M30_English_M_0013.npy,-2.5456183,0.5940494,0.63777816,-1.0375597,0.01895997,0.43790302,0.45747682,0.0856602,M,M
F04_Hindi_M_0043.npy,-1.8117409,2.2563345,4.99051,-13.545437,0.0010424106,0.060923032,0.9380345,8.359105e-09,M,M
F04_Hindi_M_0106.npy,-6.3685064,-3.4115539,9.982052,-6.9178414,7.9257724e-08,1.5248603e-06,0.99999833,4.575822e-08,M,M
M30_English_M_0031.npy,-5.6228633,-1.5740919,7.5645475,-5.6274953,1.8738385e-06,0.000107421445,0.9998888,1.8651772e-06,M,M
F04_Hindi_M_0074.npy,-5.1522746,-3.5323555,9.075377,-6.3445373,6.6222805e-07,3.3460265e-06,0.9999957,2.0100852e-07,M,M
F04_Hindi_M_0098.npy,-3.8028228,0.6451158,7.4253545,-11.854202,1.3279013e-05,0.0011346996,0.9988519,4.2315182e-09,M,M
M17_English_M_0016.npy,-1.5872649,-0.8320518,3.9891624,-5.314291,0.0037414166,0.007961979,0.98820657,9.003456e-05,M,M
F04_Hindi_M_0053.npy,-4.05104,-0.21954969,8.305295,-11.372182,4.3015402e-06,0.00019843523,0.9997973,2.845066e-09,M,M
M17_English_M_0025.npy,-1.7146354,0.8598413,4.433768,-9.410021,0.0020742824,0.02722381,0.9707009,9.4363634e-07,M,M
F04_Hindi_M_0105.npy,-5.512755,-0.9197369,9.346769,-10.626598,3.5202663e-07,3.477745e-05,0.99996483,2.11671e-09,M,M
M04_English_M_0056.npy,1.0850495,1.7239883,-0.77168804,-6.8903804,0.327762,0.6209351,0.05119031,0.00011268692,L,M
F04_Hindi_M_0079.npy,-5.3232956,0.007889717,7.699872,-9.7927065,2.2075521e-06,0.00045626314,0.9995415,2.528544e-08,M,M
M30_Hindi_M_0036.npy,-7.2999625,2.9271092,4.319962,-7.7962914,7.1975396e-06,0.19895042,0.801038,4.3815867e-06,M,M
F04_Hindi_M_0064.npy,-19.110872,-1.7285252,18.687777,-12.89865,3.8393294e-17,1.3592921e-09,1.0,1.9150919e-14,M,M
M30_English_M_0007.npy,-5.710681,2.1909425,2.950745,-5.1318164,0.000117921496,0.31858453,0.6810872,0.00021037343,M,M
F04_Hindi_M_0100.npy,3.3525393,-0.008550913,1.1029171,-13.631795,0.87708795,0.03043268,0.09247931,3.6884188e-08,N,M
M30_Hindi_M_0060.npy,-6.611475,1.743115,4.1441655,-5.7026157,1.9551531e-05,0.08308697,0.91684496,4.8516937e-05,M,M
M04_English_M_0012.npy,-0.7900248,4.3928022,1.1254568,-12.254941,0.005377037,0.9581118,0.036511198,5.6414816e-08,L,M
M30_English_M_0071.npy,-7.129906,2.6751194,-0.4908538,1.1557673,4.3751046e-05,0.79296994,0.033441987,0.17354436,L,M
M30_Hindi_M_0028.npy,-14.999021,2.007618,3.9915261,0.8250896,4.7945115e-09,0.11658263,0.84768444,0.0357329,M,M
M30_Hindi_M_0043.npy,-9.582793,-2.857895,14.515476,-13.110425,3.4217962e-11,2.8499734e-08,1.0,1.005134e-12,M,M
F04_Hindi_M_0014.npy,1.0635921,1.4241924,7.788785,-24.970243,0.0011967921,0.0017164277,0.9970867,5.9110855e-15,M,M
M30_Hindi_M_0059.npy,-7.5300517,2.4635916,3.4514508,-5.261742,1.2395512e-05,0.27129927,0.72856855,0.00011977849,M,M
M04_English_M_0021.npy,-0.31286842,4.963839,2.3441677,-17.604147,0.0047398214,0.9276988,0.06756133,1.46641e-10,L,M
F04_Hindi_M_0082.npy,-3.8899777,-1.7587118,9.258818,-12.497016,1.9477934e-06,1.6411177e-05,0.99998164,3.5608522e-10,M,M
M30_Hindi_M_0027.npy,-7.374445,-0.1457453,8.635956,-8.481108,1.1135368e-07,0.00015349314,0.99984634,3.682027e-08,M,M
M17_Hindi_M_0003.npy,-4.7205033,-1.7278032,8.536554,-8.905736,1.7479026e-06,3.48522e-05,0.9999633,2.660071e-08,M,M
M30_English_M_0016.npy,-3.7854123,2.0752006,5.807984,-11.476453,6.6579945e-05,0.02336551,0.9765679,3.042053e-08,M,M
M30_English_M_0040.npy,-3.206785,0.24080417,5.617581,-8.432353,0.0001464063,0.00460075,0.995252,7.872707e-07,M,M
F04_Hindi_M_0039.npy,-9.7037945,0.75795096,7.0962358,-6.062061,5.0474508e-08,0.0017642091,0.9982338,1.9260017e-06,M,M
M30_Hindi_M_0021.npy,-7.369974,-0.3944135,7.2526164,-5.8178535,4.4594466e-07,0.00047723105,0.9995202,2.1055164e-06,M,M
F04_Hindi_M_0097.npy,-4.536823,-0.2396777,7.393193,-9.883273,6.5863824e-06,0.00048403107,0.99950933,3.1384328e-08,M,M
M17_English_M_0037.npy,-4.5136375,2.1568494,1.0631927,-3.2838643,0.0009456866,0.7459383,0.24988136,0.0032346768,L,M
M04_English_M_0002.npy,-1.7329985,2.347868,2.2609868,-8.058867,0.00873597,0.51714087,0.4741075,1.5632235e-05,L,M
F04_Hindi_M_0050.npy,-5.366043,-1.015029,8.912201,-10.283011,6.2952927e-07,4.882445e-05,0.9999505,4.608964e-09,M,M
M30_English_M_0001.npy,-1.9937373,0.965666,3.1417208,-6.6075087,0.0052565592,0.101380415,0.89331084,5.21154e-05,M,M
M17_English_M_0036.npy,-3.7383134,1.2237376,5.114384,-8.461442,0.00014011248,0.020020189,0.9798384,1.2452249e-06,M,M
M30_English_M_0064.npy,-4.716802,-0.066705495,7.7658334,-10.195678,3.790412e-06,0.0003964584,0.99959975,1.582125e-08,M,M
F04_Hindi_M_0010.npy,-9.884429,-1.6175041,10.608824,-7.1975565,1.2586117e-09,4.899718e-06,0.9999951,1.8483524e-08,M,M
F04_Hindi_M_0045.npy,-4.198809,-1.3909883,10.035928,-13.459079,6.5754745e-07,1.0898038e-05,0.99998844,6.2552304e-11,M,M
M17_English_M_0078.npy,3.8952782,3.870828,-0.21022308,-19.70925,0.5019254,0.48980197,0.0082726125,2.813991e-11,N,M
M04_English_M_0037.npy,-0.745546,4.2291937,0.60950446,-10.593036,0.0066850223,0.9673971,0.025917538,3.535024e-07,L,M
M30_Hindi_M_0035.npy,-8.240906,0.75962764,3.6978798,-1.175841,6.158795e-06,0.04993186,0.942854,0.0072079943,M,M
F04_Hindi_M_0001.npy,-6.9873486,-1.7364388,7.992666,-4.8064575,3.1205778e-07,5.9521815e-05,0.9999373,2.7630197e-06,M,M
M17_English_M_0057.npy,-4.0880094,2.6172798,0.9507879,-4.5455494,0.0010281391,0.8396955,0.15862572,0.0006506457,L,M
M04_English_M_0010.npy,1.9476336,4.136109,-0.3386643,-14.315909,0.09976814,0.89009124,0.010140635,8.6263015e-09,L,M
M30_English_M_0014.npy,-2.2896492,0.40535817,3.964375,-6.7583656,0.001865954,0.027626626,0.970486,2.1387616e-05,M,M
M30_English_M_0050.npy,-4.2756653,2.5424557,3.7368245,-8.883894,0.0002542138,0.23241879,0.76732445,2.5343747e-06,M,M
M17_Hindi_M_0007.npy,-6.279237,-2.0893583,8.395981,-5.988404,4.232738e-07,2.7942322e-05,0.99997103,5.661464e-07,M,M
F04_Hindi_M_0026.npy,-5.7472253,-8.98956,11.03397,0.06734051,5.152432e-08,2.0131878e-09,0.9999827,1.7268158e-05,M,M
M17_English_M_0046.npy,-2.0538547,1.611372,1.178317,-4.180599,0.015262787,0.59624064,0.38667685,0.0018197026,L,M
M17_English_M_0006.npy,-4.56766,2.426303,1.3349217,-4.139214,0.00068561314,0.74734056,0.25092143,0.0010523272,L,M
M04_English_M_0026.npy,-5.689003,2.2209969,0.70461273,-1.4878551,0.00029497064,0.80361515,0.17639685,0.019693106,L,M
M30_Hindi_M_0031.npy,-10.724167,-0.020524532,11.673941,-11.636124,1.8733627e-10,8.339778e-06,0.99999166,7.525998e-11,M,M
M30_Hindi_M_0100.npy,-8.365739,2.8055978,1.0076329,-1.4250773,1.1923319e-05,0.8473196,0.14034632,0.012322203,L,M
M30_English_M_0002.npy,-2.0017514,2.1840167,5.7926674,-16.592052,0.00040100052,0.026363371,0.97323567,1.8478116e-10,M,M
M30_English_M_0029.npy,-7.223269,-1.9286985,10.8805065,-9.776659,1.3728694e-08,2.7354688e-06,0.99999726,1.0683311e-09,M,M
M04_English_M_0015.npy,-1.0107001,8.4444,3.7012467,-26.720198,7.760715e-05,0.9912872,0.008635236,5.3016274e-16,L,M
M30_English_M_0021.npy,-3.1510875,2.0087132,6.3321233,-13.709075,7.511778e-05,0.013080237,0.98684454,1.9519413e-09,M,M
F04_Hindi_M_0003.npy,-9.220767,-4.829226,12.211849,-5.728496,4.919632e-10,3.9733358e-08,1.0,1.6166158e-08,M,M
M17_English_M_0076.npy,-3.632397,-2.1436887,5.1044574,-2.153368,0.00016030537,0.00071037223,0.99842584,0.0007035295,M,M
F04_English_M_0020.npy,-0.8183065,-2.9346666,4.1336603,-4.2684884,0.0070123724,0.00084477576,0.99192035,0.0002225716,M,M
M17_English_M_0056.npy,-4.470132,2.3106012,3.8507953,-8.133484,0.00020037247,0.17647079,0.8233236,5.1388274e-06,M,M
M30_English_M_0066.npy,-8.992367,3.2480025,6.433204,-10.672612,1.9193506e-07,0.039726418,0.9602733,3.576296e-08,M,M
M17_English_M_0058.npy,-1.9498011,1.8794487,2.208004,-6.6168537,0.009011573,0.41478455,0.5761192,8.4708176e-05,M,M
M30_English_M_0051.npy,-12.386261,0.06296107,11.044989,-9.391183,6.6669954e-11,1.7004288e-05,0.99998295,1.3325259e-09,M,M
M30_Hindi_M_0083.npy,-12.199331,0.72046894,6.7785554,-3.3984766,5.714493e-09,0.0023333263,0.99762875,3.794372e-05,M,M
F04_Hindi_M_0034.npy,-8.649802,-3.9225721,12.244076,-7.7233806,8.431476e-10,9.526065e-08,0.9999999,2.1293334e-09,M,M
F04_Hindi_M_0065.npy,-17.26886,-3.750194,18.18598,-9.514158,4.0009024e-16,2.9733124e-10,1.0,9.332175e-13,M,M
M32_Marathi_M_0009.npy,-3.658813,6.7481422,-2.4106436,-8.737698,3.0217436e-05,0.9998642,0.00010527637,1.8815955e-07,L,M
M04_English_M_0004.npy,-3.5911396,7.1345677,0.77945626,-15.193255,2.1934162e-05,0.99824333,0.0017347884,2.0062536e-10,L,M
M30_Hindi_M_0030.npy,-11.458162,0.9779114,12.047253,-13.944158,6.190436e-11,1.5582575e-05,0.9999844,5.153088e-12,M,M
F04_Hindi_M_0025.npy,-3.0944128,2.614714,6.355454,-16.528036,7.686936e-05,0.02318439,0.9767388,1.12617325e-10,M,M
M30_English_M_0073.npy,0.44796556,-1.1668438,3.1012154,-7.218018,0.064937145,0.012917853,0.9221147,3.0422789e-05,M,M
F04_English_M_0002.npy,-11.222969,-4.457923,13.307808,-5.9872413,2.2203371e-11,1.9250443e-08,1.0,4.1712513e-09,M,M
M04_English_M_0011.npy,0.33218926,6.037692,-0.16944635,-17.889439,0.0033099195,0.99468577,0.002004287,4.0389143e-11,L,M
F04_Hindi_M_0095.npy,-10.958855,-2.745282,11.248539,-4.8493786,2.2669976e-10,8.366817e-07,0.99999905,1.0203821e-07,M,M
M30_Hindi_M_0014.npy,-7.120727,0.85164243,3.3677611,-1.9835459,2.566024e-05,0.0744075,0.92119855,0.004368277,M,M
M17_English_M_0022.npy,-3.6323378,3.0791137,0.24118137,-4.712532,0.0011478243,0.9432391,0.055223435,0.0003897202,L,M
M17_English_M_0070.npy,-3.4507225,0.23375234,4.3724008,-5.7947617,0.00039391578,0.015687376,0.98388094,3.7792026e-05,M,M
M30_Hindi_M_0075.npy,-15.311357,0.7776846,5.910235,0.33307853,6.0171923e-10,0.0058448846,0.9904081,0.0037470188,M,M
M30_Hindi_M_0002.npy,-9.993585,2.515326,4.341824,-5.115886,5.1210395e-07,0.1386466,0.8612857,6.725365e-05,M,M
M17_English_M_0065.npy,-2.1295092,5.8766794,-0.71187675,-11.517192,0.0003328241,0.99829346,0.0013736769,2.787378e-08,L,M
M04_English_M_0033.npy,-3.9936016,4.6700096,0.42283905,-7.9624057,0.00017029332,0.9857261,0.01410047,3.2178648e-06,L,M
M30_Hindi_M_0017.npy,-6.1985893,-3.8347921,9.290446,-5.0924363,1.8758415e-07,1.994253e-06,0.99999726,5.670118e-07,M,M
M30_English_M_0036.npy,-3.8649268,-0.32377842,7.584242,-10.247806,1.0654296e-05,0.00036764276,0.99962175,1.8008448e-08,M,M
F04_English_M_0006.npy,-0.86675584,-0.86301714,5.681475,-10.936725,0.0014285467,0.0014338979,0.99713755,6.047312e-08,M,M
M30_Hindi_M_0084.npy,-6.6773233,3.7107494,5.214708,-11.831574,5.600086e-06,0.18183486,0.8181596,3.2339393e-08,M,M
M30_Hindi_M_0034.npy,-6.9679275,3.6363306,6.1234994,-12.735035,1.9044876e-06,0.07676247,0.92323565,5.9587535e-09,M,M
M04_English_M_0014.npy,1.9668821,2.4719267,1.2797412,-15.265562,0.3164485,0.524374,0.15917745,1.0383602e-08,L,M
M32_Marathi_M_0004.npy,3.2055361,4.485631,-0.7482966,-20.68105,0.21663018,0.7792146,0.0041551925,9.1602455e-12,L,M
M17_English_M_0007.npy,-0.7395563,-3.2527988,3.548347,-3.025912,0.013514193,0.0010947195,0.98401755,0.0013735313,M,M
F04_Hindi_M_0019.npy,-9.804648,-3.803667,14.69364,-11.689912,2.29366e-11,9.262361e-09,1.0,3.4815185e-12,M,M
M30_Hindi_M_0071.npy,-12.715231,0.5435695,2.6997218,4.406993,3.0470527e-08,0.01746238,0.15083721,0.8317004,H,M
M30_Hindi_M_0044.npy,-6.8528724,3.5021498,2.0229363,-6.0849586,2.5923986e-05,0.8143871,0.18553106,5.5873068e-05,L,M
F04_English_M_0018.npy,2.018463,-1.5472593,0.9173287,-8.06423,0.7348553,0.020779178,0.24433479,3.0714527e-05,N,M
M30_Hindi_M_0010.npy,-6.8006597,-0.54770404,6.2953143,-4.2477965,2.0512348e-06,0.0010657108,0.9989059,2.63457e-05,M,M
M17_English_M_0093.npy,-6.4058523,1.6237535,4.3285265,-5.6478534,2.0416106e-05,0.06268829,0.93724775,4.3568027e-05,M,M
M30_Hindi_M_0067.npy,-11.730746,2.2782104,5.029087,-4.1722865,4.9472735e-08,0.06003147,0.93987375,9.4833886e-05,M,M
F04_Hindi_M_0002.npy,-11.203999,-2.7424636,15.706301,-13.535216,2.0559166e-12,9.723067e-09,1.0,1.997887e-13,M,M
F04_Hindi_M_0114.npy,-9.775662,-2.2822795,10.510988,-5.9081073,1.5474545e-09,2.7794124e-06,0.99999714,7.400754e-08,M,M
M17_Hindi_M_0001.npy,-2.0199792,1.1684742,4.5425305,-10.470403,0.001363703,0.033071008,0.9655649,2.9157295e-07,M,M
F04_Hindi_M_0038.npy,-4.9256606,-4.475125,9.99214,-7.569013,3.3210924e-07,5.211306e-07,0.99999905,2.3620416e-08,M,M
M30_English_M_0037.npy,-5.273637,0.4465203,5.9324784,-6.8631396,1.3534507e-05,0.004127389,0.99585634,2.761407e-06,M,M
M04_English_M_0043.npy,-7.72556,5.6021743,0.7598554,-7.030438,1.6159354e-06,0.99216825,0.007826956,3.2382588e-06,L,M
M17_English_M_0086.npy,-3.744157,0.2558227,1.2867339,0.2994385,0.0037636796,0.2054858,0.5761039,0.21464655,M,M
M30_Hindi_M_0074.npy,-10.20556,3.9878511,5.1878843,-8.951951,1.5862553e-07,0.23146914,0.76853013,5.556591e-07,M,M
M04_English_M_0044.npy,-6.1493196,2.1859064,6.594258,-11.19331,2.8858744e-06,0.012028745,0.9879683,1.8608047e-08,M,M
M17_English_M_0054.npy,-0.77514035,0.2713718,1.982968,-5.3253803,0.05094698,0.14508179,0.803433,0.000538238,M,M
M17_English_M_0040.npy,-3.0320594,1.2387189,2.7258177,-5.219788,0.0025682845,0.18383099,0.8133126,0.00028808773,M,M
F04_Hindi_M_0089.npy,-4.571872,-3.6019514,6.8616824,-2.7340512,1.0824894e-05,2.8553217e-05,0.9998926,6.8011e-05,M,M
M17_English_M_0060.npy,0.53589636,3.560068,-0.29739225,-9.890952,0.045430593,0.9348231,0.019744942,1.3459396e-06,L,M
F04_Hindi_M_0046.npy,-13.864907,-2.5998182,13.456873,-6.6112046,1.362389e-12,1.0633298e-07,0.9999999,1.9255058e-09,M,M
M04_English_M_0046.npy,-4.5638356,1.2069259,4.6271496,-6.6677723,9.871465e-05,0.031665858,0.9682234,1.2040744e-05,M,M
M17_English_M_0114.npy,-5.6679087,-0.9952827,4.1867995,-0.3159741,5.163473e-05,0.0055237934,0.98352885,0.010895754,M,M
M04_English_M_0007.npy,1.3236634,2.0663292,0.69153005,-12.008252,0.27525547,0.5784578,0.14628638,4.464355e-07,L,M
M17_English_M_0100.npy,-3.5741093,0.6862932,2.9944487,-3.591969,0.0012736218,0.090221405,0.90725386,0.0012510768,M,M
F04_Hindi_M_0075.npy,-4.849077,-1.5210996,8.965257,-10.048801,1.0011485e-06,2.7913906e-05,0.99997115,5.5244285e-09,M,M
M30_English_M_0033.npy,-3.8903222,-1.0816841,5.826383,-5.350161,6.020358e-05,0.0009986156,0.9989272,1.3983709e-05,M,M
M30_English_M_0027.npy,-8.603141,3.0617356,5.4608765,-8.545001,7.1504064e-07,0.08323811,0.9167604,7.5784527e-07,M,M
M17_English_M_0059.npy,-6.919588,1.3981482,1.4785024,-0.046493392,0.00010524773,0.43108177,0.46715075,0.10166227,M,M
F04_English_M_0019.npy,2.9188125,2.4731927,1.4759136,-19.035353,0.53285897,0.3412574,0.12588364,1.5561083e-10,N,M
M30_Hindi_M_0080.npy,-9.488679,0.9287507,7.7861547,-7.9907174,3.1418e-08,0.0010505352,0.99894935,1.405189e-07,M,M
M04_English_M_0016.npy,-3.687321,6.221725,0.6467074,-12.329913,4.9532577e-05,0.99617356,0.0037769016,8.738988e-09,L,M
M30_Hindi_M_0016.npy,-7.4350824,2.0751982,3.066689,-3.9995248,2.0036168e-05,0.27044395,0.7289139,0.0006220978,M,M
F04_Hindi_M_0029.npy,-11.940493,-6.932044,16.307081,-7.035057,5.398021e-13,8.0793525e-11,1.0,7.2885e-11,M,M
M04_English_M_0029.npy,-5.161394,3.9517767,0.0779134,-4.732018,0.00010793198,0.9793769,0.02034944,0.00016581568,L,M
F04_Hindi_M_0083.npy,-8.302721,0.35445258,6.352925,-4.899187,4.3057761e-07,0.002476361,0.9975102,1.2947546e-05,M,M
M30_Hindi_M_0003.npy,-10.698028,0.22015521,5.527208,-1.2890576,8.929956e-08,0.0049266955,0.9939839,0.0010892131,M,M
M17_Hindi_M_0009.npy,-5.282861,0.33696982,7.5209446,-10.409102,2.748192e-06,0.0007580693,0.9992392,1.6321097e-08,M,M
F04_Hindi_M_0096.npy,-1.6690935,-3.1610398,6.1656876,-5.8928466,0.00039553488,8.896947e-05,0.9995097,5.7920456e-06,M,M
M30_English_M_0034.npy,-10.4184475,-2.0940628,9.31922,-3.079238,2.6793752e-09,1.1047598e-05,0.99998486,4.1248845e-06,M,M
M32_Marathi_M_0007.npy,5.9367504,4.145346,-0.54248273,-27.25088,0.85597324,0.1427129,0.0013139079,3.3056416e-15,N,M
M30_Hindi_M_0058.npy,-9.173898,0.89626175,2.0152907,2.447332,4.8213456e-06,0.11391548,0.34879553,0.5372841,H,M
M04_English_M_0019.npy,-3.9176342,9.317669,-0.7662364,-18.932304,1.7863315e-06,0.9999565,4.1744257e-05,5.3848495e-13,L,M
M30_Hindi_M_0019.npy,-7.7117877,0.9492273,11.25975,-14.657154,5.764359e-09,3.3279925e-05,0.99996674,5.551585e-12,M,M
M17_English_M_0047.npy,-3.1968129,0.27634022,4.5203366,-6.0577383,0.0004386268,0.014140553,0.9853957,2.509637e-05,M,M
M30_Hindi_M_0032.npy,-4.1550627,0.16560933,7.4059377,-10.224894,9.5237e-06,0.00071655575,0.99927396,2.2014662e-08,M,M
M04_English_M_0025.npy,-3.4920022,0.0046794107,6.0426564,-8.714513,7.212466e-05,0.0023805273,0.99754685,3.890236e-07,M,M
F04_Hindi_M_0047.npy,-7.550376,-0.6978093,12.2699795,-15.346483,2.4667686e-09,2.3343175e-06,0.9999976,1.0146624e-12,M,M
M17_English_M_0045.npy,-4.3421946,1.100735,7.4777083,-12.22289,7.3441342e-06,0.0016973631,0.99829525,2.7758635e-09,M,M
M30_English_M_0052.npy,-8.483098,2.6292527,4.0972066,-5.1833997,2.7948838e-06,0.1872391,0.81268233,7.575385e-05,M,M
F04_Hindi_M_0006.npy,-9.987472,-2.5799732,10.049978,-4.060003,1.9853852e-09,3.2725027e-06,0.99999595,7.449225e-07,M,M
M04_English_M_0008.npy,4.7266603,2.66079,-0.17074221,-20.375593,0.881699,0.1117183,0.0065827225,1.1054788e-11,N,M
F04_Hindi_M_0048.npy,-4.7312646,-1.5926404,9.593563,-11.886519,6.0089747e-07,1.3863966e-05,0.9999856,4.6915033e-10,M,M
F04_Hindi_M_0067.npy,-1.7762384,-2.3001413,8.218693,-12.183197,4.562732e-05,2.7020713e-05,0.9999273,1.3789238e-09,M,M
M30_English_M_0045.npy,-9.715091,-3.0290885,9.786967,-3.3101737,3.3912653e-09,2.7167887e-06,0.99999523,2.051076e-06,M,M
M17_English_M_0077.npy,-3.0205789,2.646894,0.4149207,-4.712748,0.0031100952,0.89975834,0.09655889,0.00057262986,L,M
M30_Hindi_M_0001.npy,-5.5700197,2.1836953,5.1784215,-9.266326,2.0454643e-05,0.047663696,0.9523154,5.075823e-07,M,M
M30_Hindi_M_0057.npy,-8.570717,-2.300602,9.953066,-5.7669177,9.020305e-09,4.7675753e-06,0.9999951,1.489003e-07,M,M
M30_Hindi_M_0064.npy,-9.858928,1.5822418,4.9950366,-4.2091928,3.4267634e-07,0.031894863,0.9680074,9.7394106e-05,M,M
F04_Hindi_M_0101.npy,-5.8052335,-4.3985147,10.576172,-7.301679,7.685039e-08,3.1374444e-07,0.9999995,1.7208679e-08,M,M
F04_Hindi_M_0027.npy,-13.992652,-1.3438525,11.038797,-5.147941,1.3457928e-11,4.1906496e-06,0.9999957,9.3365564e-08,M,M
M04_English_M_0001.npy,-4.830703,3.1289837,0.29960954,-3.5901043,0.00032930463,0.94285667,0.055675488,0.0011386304,L,M
M17_English_M_0071.npy,-5.088018,-1.3645582,4.0054283,-0.046197515,0.00010996313,0.0045532905,0.9783198,0.017016966,M,M
M17_English_M_0019.npy,-4.291552,-2.226478,5.0102215,-1.5535356,9.105997e-05,0.00071808783,0.99778336,0.0014074495,M,M
F04_English_M_0014.npy,-0.8070709,-4.375938,3.4219875,-1.7154776,0.0142686125,0.00040220027,0.9795766,0.00575262,M,M
M17_English_M_0109.npy,-3.1012611,1.7943695,4.118868,-8.6947775,0.0006660569,0.08905466,0.91027683,2.4790083e-06,M,M
M17_English_M_0002.npy,2.5717475,-8.517118,4.5295143,-1.5912639,0.123471014,1.8868252e-06,0.8746058,0.0019212869,M,M
M17_English_M_0105.npy,-3.4923112,2.3931026,3.8110595,-8.962005,0.0005416961,0.19487603,0.80458,2.281908e-06,M,M
M04_English_M_0022.npy,-4.5407786,4.334752,-1.9009862,-2.6362402,0.00013934434,0.99697244,0.0019522546,0.00093587907,L,M
M17_English_M_0068.npy,-4.7471113,0.53098375,3.603796,-3.4687793,0.00022549913,0.04419696,0.9547679,0.0008096872,M,M
F04_Hindi_M_0051.npy,-6.837377,-5.865665,11.252538,-5.314775,1.3920344e-08,3.6784023e-08,0.9999999,6.381278e-08,M,M
M32_Marathi_M_0002.npy,-2.4477923,4.930596,-0.65166724,-9.978339,0.0006218772,0.99563015,0.0037475897,3.3360274e-07,L,M
M30_Hindi_M_0053.npy,-9.520763,0.8428468,6.963325,-6.128384,6.919854e-08,0.0021925822,0.9978053,2.0577318e-06,M,M
M04_English_M_0009.npy,3.6974974,1.0035641,0.6169859,-16.13342,0.8980287,0.060719736,0.041251626,2.191958e-09,N,M
M30_Hindi_M_0006.npy,-7.975056,-0.38799098,10.797356,-11.732236,7.034599e-09,1.3875853e-05,0.9999862,1.6425444e-10,M,M
M17_English_M_0017.npy,-1.9449284,-0.29360417,3.0376205,-3.3561385,0.0065658437,0.034233514,0.9575996,0.0016010681,M,M
M17_English_M_0053.npy,-2.0822287,-0.44754842,3.1732516,-3.8746133,0.0050528557,0.025910126,0.9681953,0.00084161636,M,M
M30_Hindi_M_0039.npy,-9.863307,0.980661,3.0187488,0.11862458,2.1456924e-06,0.10991139,0.8436707,0.046415724,M,M
M30_Hindi_M_0072.npy,-6.6075335,-3.644658,9.082797,-3.62542,1.5338165e-07,2.9684782e-06,0.9999939,3.026137e-06,M,M
M04_English_M_0036.npy,-5.403661,6.5509634,-0.6848546,-9.063545,6.4247633e-06,0.9992737,0.00071979477,1.653444e-07,L,M
M04_English_M_0042.npy,-5.1090965,-1.6334548,9.534083,-10.342008,4.3706035e-07,1.41251685e-05,0.99998534,2.333012e-09,M,M
M30_English_M_0044.npy,-7.2205906,-0.53689533,4.7743955,-0.7439991,6.1202977e-06,0.004891751,0.9911254,0.003976677,M,M
M04_English_M_0017.npy,-5.531276,7.244981,-1.1162757,-9.9931135,2.8264383e-06,0.9997634,0.00023369513,3.2620303e-08,L,M
F04_English_M_0011.npy,-5.6832776,-1.7385674,9.362532,-9.175479,2.9220092e-07,1.5095492e-05,0.9999846,8.89279e-09,M,M
M30_Hindi_M_0023.npy,-10.02089,-2.3337264,12.042094,-7.993686,2.6191918e-10,5.7103193e-07,0.9999994,1.9887083e-09,M,M
M17_English_M_0061.npy,0.9805233,2.642471,1.2948648,-12.833189,0.1309085,0.68983084,0.17926049,1.3114409e-07,L,M
M30_English_M_0055.npy,-3.8949907,2.0659723,4.3761535,-9.180961,0.0002326443,0.09026215,0.909504,1.1776735e-06,M,M
M30_Hindi_M_0055.npy,-4.6929092,-0.158263,6.4453363,-8.431987,1.4525353e-05,0.0013536252,0.99863154,3.4535515e-07,M,M
M30_Hindi_M_0013.npy,-9.777762,0.7729474,4.0191655,-1.5828143,9.771181e-07,0.037330367,0.95912886,0.0035397133,M,M
F04_Hindi_M_0072.npy,-8.542736,3.6025052,3.8287902,-7.931354,2.3574614e-06,0.44366592,0.5563273,4.3447485e-06,M,M
M30_Hindi_M_0011.npy,-4.696314,-1.7049105,7.131764,-6.429539,7.2956577e-06,0.00014528277,0.9998461,1.2892409e-06,M,M
F04_Hindi_M_0099.npy,-3.0630035,0.4315748,8.470476,-16.32065,9.7933e-06,0.00032255604,0.99966764,1.7108278e-11,M,M
M04_English_M_0003.npy,1.5909666,3.493494,2.4065657,-18.712635,0.10036791,0.6727475,0.22688465,1.5270482e-10,L,M
M30_Hindi_M_0018.npy,-9.062489,5.1319313,2.2792988,-7.9452434,6.4726385e-07,0.9454521,0.05454525,1.9783108e-06,L,M
M04_English_M_0045.npy,-6.467101,4.7190447,-0.56854784,-3.9536088,1.37927e-05,0.9947883,0.005027574,0.000170312,L,M
F04_English_M_0016.npy,2.4506123,-1.4850941,4.5970864,-15.691117,0.10444765,0.0020400605,0.8935123,1.3805286e-09,M,M
M17_English_M_0026.npy,-2.6311815,1.529449,5.4167676,-12.472106,0.00031323556,0.020082131,0.9796046,1.6672914e-08,M,M
M32_Marathi_M_0003.npy,-5.729645,11.164127,-3.4107404,-16.028038,4.6039204e-08,0.9999995,4.6796714e-07,1.5509307e-12,L,M
M30_English_M_0070.npy,-5.609928,-0.61785203,6.4691534,-5.475744,5.6722242e-06,0.0008351884,0.99915266,6.4867795e-06,M,M
M17_English_M_0075.npy,-3.1551907,-0.528328,4.741012,-5.8952208,0.00037010235,0.0051186327,0.99448735,2.3896937e-05,M,M
M30_Hindi_M_0045.npy,-6.5463157,0.32343957,4.1990404,-2.7253997,2.1086671e-05,0.0203004,0.978716,0.00096252153,M,M
F04_English_M_0010.npy,-6.087335,-4.743987,9.2529,-3.2403886,2.1768005e-07,8.3411715e-07,0.99999523,3.7517289e-06,M,M
F04_Hindi_M_0077.npy,-8.173653,-2.3132734,10.224012,-7.424093,1.023279e-08,3.5902478e-06,0.9999964,2.1653273e-08,M,M
M17_English_M_0013.npy,-4.6836424,1.9129539,3.6612835,-6.398921,0.0002023248,0.14822261,0.85153866,3.6400983e-05,M,M
F04_Hindi_M_0040.npy,-2.4155476,-3.7372599,7.797831,-8.716465,3.667462e-05,9.780324e-06,0.9999534,6.728408e-08,M,M
M17_English_M_0083.npy,-3.713536,3.1762257,1.1833564,-6.0001144,0.00089514104,0.8791785,0.11983535,9.0958485e-05,L,M
F04_Hindi_M_0032.npy,-8.170502,-3.825051,9.617515,-2.5065796,1.8826054e-08,1.451994e-06,0.9999931,5.4271254e-06,M,M
M30_English_M_0057.npy,-7.244219,2.6674309,2.2724347,-3.658293,2.959887e-05,0.596829,0.40207332,0.0010681273,L,M
F04_Hindi_M_0091.npy,-4.3594885,-0.46782973,7.705532,-9.545048,5.7557672e-06,0.00028198704,0.9997123,3.221391e-08,M,M
F04_Hindi_M_0113.npy,-3.799052,-0.80742604,7.2869844,-9.405893,1.5319909e-05,0.00030514257,0.99967945,5.626465e-08,M,M
F04_Hindi_M_0060.npy,-6.2013445,-0.6125942,10.926624,-13.399347,3.6426197e-08,9.740397e-06,0.9999902,2.7249623e-11,M,M
F04_Hindi_M_0049.npy,-5.029904,-3.92685,7.509954,-2.2411811,3.580778e-06,1.0790155e-05,0.9999274,5.822432e-05,M,M
M32_Marathi_M_0006.npy,0.30680913,6.560916,-2.3747144,-17.112522,0.0019186008,0.99795,0.00013134502,5.2223365e-11,L,M
M30_English_M_0006.npy,-7.9917603,2.8127646,0.8514718,-1.1030735,1.7497016e-05,0.861608,0.12120794,0.017166542,L,M
M17_English_M_0085.npy,-4.65683,2.7769694,0.9355488,-3.8352554,0.00050919823,0.8616777,0.13665517,0.0011579563,L,M
F04_Hindi_M_0022.npy,-10.982917,-2.8204408,13.758009,-9.943965,1.7995041e-11,6.310604e-08,0.9999999,5.0858536e-11,M,M
M30_English_M_0010.npy,-3.6380641,1.5252805,8.964188,-17.787313,3.362442e-06,0.0005875799,0.9994091,2.408319e-12,M,M
M17_English_M_0020.npy,-4.745134,0.27715084,3.2503457,-2.7305067,0.0003197167,0.048519455,0.9487636,0.0023972148,M,M
M04_English_M_0038.npy,-6.0295,3.8078847,-1.1320496,-1.2449327,5.27001e-05,0.9865827,0.007059067,0.006305548,L,M
M30_Hindi_M_0073.npy,-7.234839,4.53403,0.6911615,-5.0783143,7.5788575e-06,0.97894615,0.020980813,6.548932e-05,L,M
M04_English_M_0040.npy,-7.841376,4.6764717,2.4557915,-7.8965645,3.3022945e-06,0.90208554,0.09790808,3.1249815e-06,L,M
M17_English_M_0042.npy,-3.9179583,3.214634,0.71202385,-5.8081527,0.00073758187,0.9235399,0.07561115,0.00011140611,L,M
F04_Hindi_M_0092.npy,-4.236409,-2.10681,9.917598,-13.12002,7.128366e-07,5.9960175e-06,0.9999933,9.882966e-11,M,M
F04_Hindi_M_0066.npy,-7.356666,-0.72761875,8.087891,-6.2968736,1.960872e-07,0.00014839112,0.99985075,5.658635e-07,M,M
M04_English_M_0041.npy,-6.1288834,7.492549,0.7495986,-13.116049,1.2127597e-06,0.99882096,0.0011777728,1.12018e-09,L,M
M17_English_M_0044.npy,-1.6734539,0.114911884,2.158461,-3.4301517,0.018760629,0.1121824,0.86581856,0.0032383464,M,M
M17_English_M_0055.npy,-2.4759068,-0.43567064,4.4537835,-5.8504043,0.0009700222,0.0074618226,0.9915348,3.3209024e-05,M,M
M17_English_M_0067.npy,-3.8187802,1.3454427,2.3238196,-3.931646,0.0015574953,0.2724083,0.72464293,0.0013912652,M,M
M17_English_M_0066.npy,-3.1090431,3.871408,-1.142222,-4.549736,0.0009226896,0.99226356,0.0065953103,0.00021845926,L,M
M04_English_M_0023.npy,-2.2693095,4.2412987,-0.44709015,-7.5148296,0.0014718308,0.9894163,0.009104114,7.758136e-06,L,M
M30_Hindi_M_0101.npy,-4.62401,6.4087877,-0.13779032,-10.56629,1.6139385e-05,0.99855095,0.0014329386,4.2382567e-08,L,M
M17_English_M_0092.npy,-5.399419,2.175908,0.4608056,-0.874704,0.00041778595,0.81447273,0.14656053,0.038548954,L,M
F04_Hindi_M_0087.npy,-2.1199648,3.957864,8.025091,-23.299555,3.8607108e-05,0.016835833,0.9831256,2.4461783e-14,M,M
M30_Hindi_M_0042.npy,-7.606657,-1.72263,9.254068,-6.869778,4.7585274e-08,1.7095163e-05,0.99998283,9.94249e-08,M,M
M17_English_M_0104.npy,-4.269308,3.9607959,-0.044652104,-5.556708,0.0002616532,0.98178184,0.017884266,7.2213035e-05,L,M
M17_English_M_0096.npy,-7.6858854,0.12173888,6.0738406,-4.5907464,1.0546022e-06,0.002593562,0.9973821,2.329648e-05,M,M
M30_Hindi_M_0088.npy,-9.995096,-0.6838973,5.53653,-0.47379288,1.7896818e-07,0.0019796016,0.9955777,0.0024424463,M,M
F04_Hindi_M_0068.npy,-7.381697,2.2370307,7.570933,-12.697191,3.1920126e-07,0.004802031,0.9951976,1.5688271e-09,M,M
M17_English_M_0043.npy,-3.9291,-1.1886528,4.373203,-2.2220266,0.0002465995,0.0038207944,0.9945732,0.001359456,M,M
M30_Hindi_M_0085.npy,-4.4746485,-0.25158337,5.5025353,-5.3195486,4.6297846e-05,0.0031594739,0.99677426,1.9889563e-05,M,M
M32_Marathi_M_0011.npy,-5.236925,7.567142,-0.83317864,-11.571745,2.7489402e-06,0.9997725,0.000224744,4.87515e-09,L,M
F04_Hindi_M_0090.npy,1.0274435,0.33592317,3.843895,-15.557853,0.05489005,0.027489714,0.91762024,3.440255e-09,M,M
M17_English_M_0018.npy,-3.7384932,1.6652579,-0.2791552,-0.056212883,0.0033924596,0.7539353,0.10786639,0.13480586,L,M
F04_Hindi_M_0020.npy,-17.985424,0.58357185,16.086956,-14.589341,1.5942383e-15,1.8491218e-07,0.99999976,4.7583207e-14,M,M
M17_English_M_0052.npy,-3.1321008,1.011524,3.4837852,-5.8691974,0.0012331039,0.077723615,0.9209634,7.9853446e-05,M,M
F04_English_M_0021.npy,-6.0270033,0.2251353,4.199862,-2.5738146,3.5476744e-05,0.01841676,0.98042667,0.0011211006,M,M
M17_English_M_0074.npy,-2.6092274,2.0883489,2.7844844,-7.4633994,0.003023821,0.3316558,0.6652968,2.3573064e-05,M,M
F04_Hindi_M_0086.npy,4.3384595,0.81925625,1.5597318,-19.5965,0.9159686,0.027133765,0.05689768,3.690284e-11,N,M
F04_Hindi_M_0070.npy,-2.9451795,1.4508741,7.3801904,-15.915297,3.2702494e-05,0.0026531543,0.99731416,7.616067e-11,M,M
M30_Hindi_M_0070.npy,-2.0420365,-0.29635814,5.7148986,-10.8948965,0.0004265377,0.0024439704,0.9971295,6.098309e-08,M,M
M04_English_M_0054.npy,-3.7794788,8.003547,-0.38178933,-15.428395,7.631231e-06,0.99976426,0.0002281353,6.660924e-11,L,M
M30_Hindi_M_0068.npy,-7.4156547,0.7355544,2.705575,-0.33662567,3.3874538e-05,0.11746225,0.8423011,0.04020281,M,M
M30_English_M_0018.npy,-7.529703,4.250458,0.5722047,-3.5856166,7.463345e-06,0.97497255,0.024634702,0.00038532622,L,M
M32_Marathi_M_0012.npy,-0.064780734,0.3114097,0.11825168,-2.4462922,0.26666746,0.38846105,0.32022852,0.024642954,L,M
F04_Hindi_M_0004.npy,-3.6116672,1.4140308,8.901613,-16.110134,3.6754152e-06,0.00055967976,0.99943656,1.3718019e-11,M,M
M17_English_M_0021.npy,-0.2715486,1.506413,4.358958,-13.757084,0.009133773,0.054051675,0.9368146,1.2704482e-08,M,M
F04_Hindi_M_0103.npy,-2.9631174,-0.56799585,3.8215675,-3.6983104,0.0011152617,0.012233898,0.9861162,0.0005346709,M,M
F04_Hindi_M_0108.npy,-3.1620457,1.096448,8.677399,-17.225407,7.210578e-06,0.0005098123,0.99948287,5.627687e-12,M,M
F04_Hindi_M_0102.npy,-5.8355246,-1.9328463,3.4426818,3.0228884,5.6223813e-05,0.0027850415,0.60171926,0.39543942,M,M
M04_English_M_0035.npy,-4.125438,6.0218873,1.0681177,-11.799398,3.8904665e-05,0.9929541,0.0070070354,1.8081868e-08,L,M
M17_English_M_0069.npy,-3.7937958,2.1446748,-0.22542787,-1.4726812,0.0023474172,0.89050305,0.08323633,0.023913203,L,M
M30_Hindi_M_0041.npy,-12.27495,0.35171887,8.238375,-5.0291867,1.2331399e-09,0.00037558223,0.9996227,1.7290503e-06,M,M
M30_English_M_0023.npy,-5.5621176,-0.120308906,7.251332,-8.005998,2.7221693e-06,0.00062843855,0.9993686,2.3634776e-07,M,M
F04_Hindi_M_0052.npy,-3.0062232,-0.18917778,4.2720833,-5.721592,0.00068197644,0.01140766,0.98786527,4.5133573e-05,M,M
M17_Hindi_M_0008.npy,-0.12154425,-1.6979942,7.4043593,-14.400398,0.0005385911,0.000111330846,0.99935,3.3886877e-10,M,M
M17_English_M_0030.npy,-3.6218727,-0.8417364,4.1650643,-2.9757452,0.00041186897,0.0066398284,0.9921624,0.0007859024,M,M
M30_Hindi_M_0004.npy,-13.962586,-1.0310569,10.281597,-4.405956,2.9571935e-11,1.2217183e-05,0.99998736,4.1809128e-07,M,M
M17_English_M_0038.npy,-4.7486334,2.3880548,3.1669855,-7.150859,0.0002501194,0.3144646,0.6852626,2.2639882e-05,M,M
M04_English_M_0024.npy,-4.455415,7.510807,-1.1653243,-11.925773,6.3541734e-06,0.99982315,0.00017057966,3.620124e-09,L,M
F04_Hindi_M_0024.npy,-9.168795,-3.6110601,12.835151,-8.706508,2.7784866e-10,7.2027994e-08,0.9999999,4.4114012e-10,M,M
F04_Hindi_M_0084.npy,-3.4867191,-0.023126155,8.135964,-12.641612,8.957865e-06,0.00028603798,0.999705,9.468585e-10,M,M
M30_English_M_0069.npy,-4.0612316,1.0863789,3.8563504,-5.6768565,0.00034266006,0.05894438,0.94064486,6.8109315e-05,M,M
F04_Hindi_M_0018.npy,-9.446721,-2.2974281,11.831083,-8.708491,5.743363e-10,7.312488e-07,0.9999993,1.201645e-09,M,M
M17_English_M_0101.npy,-3.1797945,0.9289624,2.454193,-3.9695723,0.0029231182,0.17793313,0.8178168,0.0013269369,M,M
M30_English_M_0012.npy,0.51773804,1.695976,0.23084646,-7.258134,0.20001371,0.6497735,0.15012889,8.395399e-05,L,M
M04_English_M_0055.npy,2.4820924,3.2502024,2.1434913,-20.202757,0.25850114,0.5572479,0.184251,3.635446e-11,L,M
M17_English_M_0001.npy,6.2814846,-7.5773907,-0.4927647,-3.1244192,0.9987754,9.563895e-07,0.001141429,8.2136416e-05,N,M
M04_English_M_0052.npy,-1.3640563,3.475192,2.3169417,-11.306278,0.005985859,0.7564591,0.23755477,2.8792175e-07,L,M
M17_English_M_0063.npy,-2.4653928,5.6635313,-0.56643903,-10.563371,0.00029421895,0.9977406,0.0019650601,8.948776e-08,L,M
M30_English_M_0061.npy,-1.611369,-0.07528594,4.692352,-10.2511835,0.0018107786,0.0084135225,0.9897753,3.2036266e-07,M,M
M17_English_M_0031.npy,-4.0520687,0.13348529,8.046115,-12.029628,5.5675514e-06,0.00036595462,0.9996284,1.910092e-09,M,M
M30_English_M_0030.npy,-7.8433423,-4.7897425,10.751278,-4.628095,8.403479e-09,1.7808219e-07,0.99999964,2.0932582e-07,M,M
M30_Hindi_M_0015.npy,-6.4619102,-2.6186252,10.613546,-9.357984,3.8390404e-08,1.792008e-06,0.9999982,2.1206723e-09,M,M
F04_Hindi_M_0033.npy,2.1078317,-3.8769865,5.0852256,-11.792382,0.048451744,0.00012193718,0.9514263,4.4516746e-08,M,M
F04_Hindi_M_0056.npy,-9.120307,-3.1255786,10.650207,-5.6146445,2.592833e-09,1.0405236e-06,0.9999989,8.635046e-08,M,M
M30_English_M_0058.npy,-4.4699097,-1.1261225,4.828174,-4.3359194,9.1344606e-05,0.002587447,0.9972168,0.00010444185,M,M
F04_Hindi_M_0081.npy,-3.5729573,-1.4919028,9.693945,-14.104038,1.730816e-06,1.386887e-05,0.9999844,4.6201962e-11,M,M
M04_English_M_0032.npy,-3.027599,0.329035,3.1817641,-3.908147,0.0018957658,0.05439416,0.9429242,0.0007859001,M,M
M17_English_M_0091.npy,-5.8727117,1.9881968,1.2361215,-1.9181474,0.00025841338,0.6702922,0.3159672,0.013482186,L,M
F04_Hindi_M_0111.npy,-2.9261832,2.1482928,3.3110795,-7.942325,0.0014873171,0.23780473,0.76069814,9.860998e-06,M,M
F04_Hindi_M_0059.npy,-12.779901,3.2730408,5.4524226,-6.022452,1.0845763e-08,0.10161639,0.89837426,9.33217e-06,M,M
F04_Hindi_M_0078.npy,2.1456597,1.2853315,1.6602665,-14.618669,0.490562,0.20751911,0.3019189,2.5706251e-08,N,M
M30_English_M_0024.npy,-4.431219,0.19084236,8.130519,-11.881022,3.5022751e-06,0.0003561935,0.99964035,2.036769e-09,M,M
F04_Hindi_M_0063.npy,-8.715091,-3.1459856,12.2631645,-8.590687,7.749238e-10,2.0318471e-07,0.99999976,8.7758123e-10,M,M
M30_Hindi_M_0054.npy,-7.8464713,-0.8559466,7.552337,-4.9100847,2.0525032e-07,0.00022296155,0.99977297,3.8684816e-06,M,M
M17_English_M_0049.npy,-2.1431932,1.224775,3.522853,-7.909105,0.0031356546,0.09099514,0.9058594,9.822564e-06,M,M
F04_Hindi_M_0031.npy,0.73283,-5.727229,10.5949955,-17.234219,5.2106665e-05,8.1531546e-08,0.9999478,8.2016875e-13,M,M
F04_Hindi_M_0093.npy,-3.5894392,-1.709556,2.8730297,0.2511734,0.0014393717,0.009431828,0.92212033,0.0670085,M,M
M30_Hindi_M_0076.npy,-7.543453,4.7038684,2.0846334,-7.0491667,4.472064e-06,0.9320783,0.0679099,7.3311876e-06,L,M
M17_English_M_0108.npy,-4.8842607,-0.09152582,3.1619067,-1.4381262,0.0003053606,0.036835898,0.95327693,0.009581869,M,M
F04_Hindi_M_0015.npy,-1.7815553,-0.7351633,9.890163,-18.445879,8.531447e-06,2.4292087e-05,0.9999671,4.940818e-13,M,M
M30_Hindi_M_0098.npy,-8.084947,0.9891042,7.1555505,-7.9637647,2.4000778e-07,0.0020942849,0.99790525,2.7092818e-07,M,M
M17_Hindi_M_0006.npy,-7.093582,-2.920556,9.237431,-4.8539305,8.082183e-08,5.2462724e-06,0.9999939,7.589218e-07,M,M
M30_English_M_0046.npy,-11.0953045,-1.1319895,10.710647,-7.2846894,3.3868275e-10,7.191267e-06,0.99999285,1.530106e-08,M,M
M04_English_M_0027.npy,-6.27915,4.106632,0.6190697,-5.113771,2.9948676e-05,0.9702096,0.029664453,9.604951e-05,L,M
M30_English_M_0063.npy,-20.509876,1.0888109,12.390338,-7.493867,5.147694e-15,1.2353893e-05,0.9999876,2.3141642e-09,M,M
M30_Hindi_M_0095.npy,-4.6499615,1.5176862,4.782863,-7.7721434,7.7101744e-05,0.036782384,0.9631371,3.3971776e-06,M,M
M30_Hindi_M_0038.npy,-11.226195,3.0016327,2.0958261,-1.7286414,4.6857397e-07,0.7076938,0.286061,0.0062447255,L,M
M17_English_M_0003.npy,-4.5974035,-0.06928876,4.0428805,-3.1122653,0.00017382439,0.016093327,0.9829654,0.00076753466,M,M
F04_Hindi_M_0037.npy,-3.9625208,-8.403387,10.314586,-2.692425,6.302753e-07,7.4282562e-09,0.99999714,2.2445324e-06,M,M
M04_English_M_0005.npy,-1.1322284,3.1864758,2.7898388,-11.98522,0.007899143,0.5931566,0.39894417,1.5282191e-07,L,M
F04_Hindi_M_0012.npy,-7.4752645,-0.42746976,11.734496,-13.852792,4.5426014e-09,5.22544e-06,0.99999475,7.719333e-12,M,M
M17_English_M_0048.npy,-3.2527158,2.6689715,1.1205153,-5.779229,0.002205461,0.82272637,0.1748918,0.00017629852,L,M
M30_English_M_0026.npy,-10.967467,0.46031985,3.368404,2.0732844,4.4736967e-07,0.04108575,0.7527593,0.20615453,M,M
M04_English_M_0020.npy,-3.367029,4.757705,0.50708413,-8.880104,0.0002918759,0.985656,0.014050903,1.1773345e-06,L,M
M30_Hindi_M_0020.npy,-8.31262,-6.027997,11.052925,-2.4954255,3.8873176e-09,3.8181206e-08,0.9999987,1.306248e-06,M,M
F04_Hindi_M_0023.npy,-7.237293,-1.1869822,11.3950615,-12.686868,8.0922575e-09,3.4330992e-06,0.99999654,3.478163e-11,M,M
F04_Hindi_M_0076.npy,-5.595869,-2.0392537,10.225531,-10.715781,1.3453996e-07,4.7148724e-06,0.9999951,8.040853e-10,M,M
M17_English_M_0010.npy,-3.4498198,3.771953,-0.8299103,-4.600821,0.0007225616,0.9891249,0.009924011,0.00022856068,L,M
M17_English_M_0009.npy,0.6218205,3.5961795,-0.15141428,-10.136467,0.047531653,0.9305306,0.021936702,1.0109225e-06,L,M
M30_Hindi_M_0025.npy,-6.8967237,2.7404168,9.646528,-16.883932,6.530141e-08,0.0010006425,0.9989993,3.002843e-12,M,M
F04_English_M_0001.npy,-0.101080276,-0.58386165,2.5899844,-6.382529,0.061101153,0.03770336,0.9010812,0.00011430125,M,M
F04_Hindi_M_0069.npy,-7.712676,3.254641,8.147496,-14.740832,1.2846051e-07,0.0074441466,0.9925558,1.1388857e-10,M,M
M17_English_M_0024.npy,-3.936578,-1.9306154,6.789656,-5.367027,2.1956997e-05,0.00016321169,0.9998097,5.2521486e-06,M,M
M17_English_M_0041.npy,-3.6552827,5.5744743,-0.94472694,-8.600973,9.7922944e-05,0.99842876,0.0014725294,6.9662406e-07,L,M
F04_Hindi_M_0017.npy,-14.319805,-1.6990032,14.458772,-9.840252,3.1741192e-13,9.6109666e-08,0.9999999,2.7994228e-11,M,M
F04_Hindi_M_0062.npy,-5.0295296,-1.2007966,7.595984,-7.4761786,3.2865642e-06,0.00015119572,0.99984515,2.845612e-07,M,M
F04_Hindi_M_0073.npy,-9.12104,-3.2736015,10.37652,-4.437049,3.4065628e-09,1.1798501e-06,0.99999845,3.685938e-07,M,M
M30_English_M_0072.npy,-3.7551806,-0.10946897,6.253467,-8.009894,4.4929482e-05,0.00172125,0.9982331,6.378712e-07,M,M
M17_Hindi_M_0010.npy,-2.9569695,-0.34428313,3.660132,-3.327299,0.0013104428,0.01786872,0.979916,0.0009048698,M,M
M30_English_M_0068.npy,-4.2087145,2.3732152,5.612657,-11.634274,5.2229625e-05,0.037706174,0.96224165,3.1119825e-08,M,M
M17_English_M_0039.npy,-5.3346977,1.3780262,1.5813355,-1.779822,0.00053558865,0.44068706,0.5400406,0.018736754,M,M
M17_English_M_0107.npy,-0.7959828,3.1521516,1.7976198,-10.058,0.015101966,0.78286433,0.20203231,1.4341367e-06,L,M
F04_Hindi_M_0007.npy,-11.998832,-3.1323037,10.017014,-1.1350788,2.7455688e-10,1.9467814e-06,0.99998367,1.4345012e-05,M,M
M30_English_M_0020.npy,-8.8228445,4.745509,5.8729205,-12.559198,3.1323114e-07,0.24463907,0.75536066,7.467696e-09,M,M
M30_English_M_0004.npy,-0.20820555,0.75692934,5.579145,-17.311499,0.0030323896,0.007960455,0.98900723,1.13218934e-10,M,M
M30_English_M_0043.npy,-7.9383183,-1.2486491,9.689381,-7.67928,2.2099371e-08,1.7769127e-05,0.99998224,2.8633808e-08,M,M
M17_English_M_0027.npy,-2.6173658,-1.0286999,6.2103457,-8.751801,0.00014648672,0.0007173762,0.9991358,3.1742908e-07,M,M
M17_English_M_0004.npy,-2.5644038,4.8926578,0.78997827,-10.958858,0.0005676401,0.9831819,0.016250357,1.2835372e-07,L,M
M32_Marathi_M_0008.npy,0.06256848,3.5994945,-2.0011895,-9.902023,0.028178418,0.9682424,0.0035779795,1.3254069e-06,L,M
M30_Hindi_M_0090.npy,-6.2576923,2.19146,5.912088,-9.364782,5.0621657e-06,0.023645952,0.97634876,2.264354e-07,M,M
M17_English_M_0113.npy,-0.64942664,2.5317302,1.0465906,-7.9786496,0.03275742,0.78862137,0.17859966,2.1491593e-05,L,M
F04_Hindi_M_0035.npy,-9.430542,-4.0353603,16.61598,-16.557869,4.876847e-12,1.0745751e-09,1.0,3.915431e-15,M,M
M17_Hindi_M_0002.npy,-5.888085,-3.1094093,10.877895,-10.016299,5.2315112e-08,8.421518e-07,0.99999917,8.428801e-10,M,M
F04_Hindi_M_0013.npy,-5.902803,-1.6125164,13.222145,-19.006676,4.9447033e-09,3.609011e-07,0.99999964,1.0073974e-14,M,M
M30_English_M_0049.npy,-3.7533715,1.6367652,6.025082,-12.238464,5.5961038e-05,0.0122685265,0.98767555,1.1557318e-08,M,M
F04_Hindi_M_0061.npy,-10.894807,-3.9438493,9.121596,0.7908932,2.0271271e-09,2.1166225e-06,0.999757,0.00024094403,M,M
F04_Hindi_M_0042.npy,-7.1943154,0.06674811,10.325563,-12.631694,2.4614911e-08,3.5045938e-05,0.99996495,1.0709644e-10,M,M
M30_English_M_0060.npy,-5.0150895,-1.4273934,9.254765,-10.554243,6.3484987e-07,2.2950266e-05,0.9999764,2.494865e-09,M,M
M30_English_M_0038.npy,-5.466327,-0.49169925,6.3454614,-6.170241,7.4085765e-06,0.0010719838,0.998917,3.6646202e-06,M,M
F04_Hindi_M_0016.npy,-5.9518127,0.058158845,11.454317,-17.02194,2.7580935e-08,1.1238453e-05,0.9999888,4.2945107e-13,M,M
M17_English_M_0081.npy,-5.199124,1.9629166,3.6506095,-6.298271,0.00012101554,0.1560543,0.8437844,4.0316914e-05,M,M
M17_English_M_0032.npy,2.6119163,1.7455177,0.3790726,-13.494689,0.65458465,0.27522868,0.07018659,6.621493e-08,N,M
M30_English_M_0054.npy,-2.2157032,1.0011873,4.147536,-9.445824,0.0016499645,0.04116731,0.9571816,1.1952906e-06,M,M
F04_Hindi_M_0041.npy,-6.0503407,-1.3742976,6.914256,-5.5608153,2.3411826e-06,0.00025131315,0.99974245,3.8197386e-06,M,M
M30_English_M_0042.npy,-7.49949,1.0772915,3.030799,-1.6687738,2.3212157e-05,0.12318683,0.86888385,0.007906118,M,M
M30_Hindi_M_0008.npy,-11.2669525,1.9417739,8.562661,-10.184502,2.4407898e-09,0.0013304759,0.9986695,7.204981e-09,M,M
M32_Marathi_M_0005.npy,5.5464005,3.2134342,-0.46873605,-24.089191,0.9095465,0.08823289,0.002220671,1.2253242e-13,N,M
M30_Hindi_M_0009.npy,-5.4777303,1.1473064,9.200476,-14.364669,4.2188884e-07,0.00031799093,0.9996816,5.829749e-11,M,M
M30_English_M_0011.npy,-12.69094,0.48711106,10.348163,-8.737184,9.867843e-11,5.2164738e-05,0.9999478,5.1441873e-09,M,M
M30_Hindi_M_0047.npy,-6.7377343,-2.8700838,8.371372,-4.1406446,2.7427814e-07,1.3118684e-05,0.99998295,3.682078e-06,M,M
M30_Hindi_M_0048.npy,-10.94947,0.51478595,6.0487657,-2.5653973,4.130183e-08,0.003933982,0.9958852,0.00018076989,M,M
M17_English_M_0089.npy,-4.613573,1.1608369,3.4482932,-4.761574,0.00028612127,0.092118055,0.90734905,0.0002467597,M,M
M17_English_M_0088.npy,-4.719904,3.333695,1.8907375,-6.894567,0.00025712463,0.8086806,0.1910331,2.9221284e-05,L,M
M17_English_M_0073.npy,-3.0164828,-0.1229147,3.932457,-4.4803443,0.0009422111,0.017014094,0.9818257,0.00021797216,M,M
M30_Hindi_M_0066.npy,-12.753948,1.0323822,6.5860505,-3.777016,3.9723997e-09,0.0038581588,0.9961104,3.145464e-05,M,M
M30_Hindi_M_0099.npy,-6.3158674,0.6953299,3.164044,-2.088508,7.006456e-05,0.07770034,0.91742766,0.004801948,M,M
F04_Hindi_M_0071.npy,-6.932427,-5.2098904,11.625672,-5.77984,8.716048e-09,4.879862e-08,0.9999999,2.7598292e-08,M,M
M17_English_M_0103.npy,2.7079802,1.8263623,1.2889897,-16.509298,0.60383904,0.25005722,0.14610378,2.7224731e-09,N,M
M30_Hindi_M_0024.npy,-10.335294,0.94190377,7.2559023,-6.1278543,2.2879908e-08,0.0018075022,0.99819094,1.5371702e-06,M,M
M17_English_M_0005.npy,-3.3193831,0.706096,4.7588105,-7.4768,0.00030483826,0.017073123,0.9826173,4.7700846e-06,M,M
M17_English_M_0079.npy,-2.87383,0.6558862,0.42810905,-0.29749188,0.013257598,0.45227346,0.36014614,0.17432283,L,M
M30_English_M_0065.npy,-11.137954,-0.52049834,8.4761095,-4.708671,3.0315583e-09,0.00012381357,0.99987423,1.8787463e-06,M,M
M04_English_M_0018.npy,-1.6469011,8.233592,2.2429643,-24.093193,5.103274e-05,0.9974533,0.0024957207,9.110616e-15,L,M
M17_English_M_0035.npy,-5.887268,2.650796,3.954959,-7.9977393,4.180928e-05,0.21345523,0.7864979,5.0664867e-06,M,M
M30_Hindi_M_0082.npy,-10.304183,-0.51187164,8.591346,-5.2402616,6.2190972e-09,0.00011129465,0.9998877,9.839212e-07,M,M
M04_English_M_0049.npy,-3.6058478,4.644375,0.73404133,-9.469207,0.00025600448,0.98010796,0.019635303,7.274838e-07,L,M
F04_Hindi_M_0011.npy,-7.2813473,-0.68989617,8.647835,-7.4747787,1.20783e-07,8.803118e-05,0.9999118,9.9540415e-08,M,M
M30_English_M_0041.npy,-12.875472,3.527083,3.9484005,-4.3694367,2.9806667e-08,0.3961431,0.6037095,0.0001473796,M,M
M30_Hindi_M_0103.npy,-9.073532,2.156714,3.5959306,-3.1261108,2.5403256e-06,0.19147985,0.8075453,0.0009723475,M,M
F04_Hindi_M_0005.npy,-8.479909,-2.4051046,8.974029,-4.0606713,2.6293316e-08,1.1431398e-05,0.9999864,2.1832107e-06,M,M
M17_English_M_0008.npy,-2.7410111,3.3620882,0.37879324,-6.308536,0.002123539,0.94973546,0.04808107,5.993826e-05,L,M
M17_English_M_0102.npy,2.490597,1.1037879,1.8703064,-15.403839,0.55939066,0.1397757,0.3008336,9.468048e-09,N,M
F04_English_M_0013.npy,1.1361237,0.21714017,8.261461,-24.448633,0.00080355717,0.0003205585,0.9988759,6.2186775e-15,M,M
F04_English_M_0017.npy,-0.5716419,-1.4342959,3.8661628,-7.1745477,0.011626226,0.004906737,0.98345125,1.5770054e-05,M,M
M17_English_M_0112.npy,3.3206086,3.5146985,-0.47880578,-17.38774,0.44710937,0.5428826,0.010008041,4.5382959e-10,L,M
M30_English_M_0008.npy,-8.824263,4.5890856,3.199669,-8.113586,1.1967851e-06,0.80049616,0.19950016,2.435897e-06,L,M
M30_Hindi_M_0007.npy,-7.0493727,0.97485036,8.856197,-10.8974695,1.2363306e-07,0.00037758116,0.9996222,2.6358933e-09,M,M
F04_English_M_0008.npy,-3.6827834,-5.257292,6.2843633,-2.519912,4.6906527e-05,9.714788e-06,0.99979323,0.00015005896,M,M
M17_English_M_0106.npy,-3.7784634,4.310631,0.611912,-7.4843826,0.00029936273,0.9755435,0.0241498,7.357621e-06,L,M
M04_English_M_0048.npy,-6.519508,2.055421,3.282843,-4.880099,4.277248e-05,0.22657332,0.77316356,0.00022036911,M,M
F04_English_M_0012.npy,-6.055764,-3.539095,7.8753715,-3.0826724,8.907834e-07,1.10343635e-05,0.9999707,1.7416833e-05,M,M
M17_English_M_0034.npy,-3.4549568,2.4079127,6.4707875,-13.819804,4.8070335e-05,0.016907867,0.9830441,1.5152377e-09,M,M
F04_English_M_0015.npy,-4.2892632,-2.54294,7.912581,-6.679806,5.021015e-06,2.8787917e-05,0.9999658,4.5982426e-07,M,M
M17_English_M_0080.npy,-0.91882443,0.34572276,3.0802531,-7.1515093,0.016922977,0.059932522,0.9231112,3.3239638e-05,M,M
M17_English_M_0012.npy,-4.136608,0.4530017,2.1461043,-1.5676973,0.0015438148,0.15199783,0.8263091,0.020149255,M,M
F04_Hindi_M_0094.npy,-7.8193617,-0.18757632,9.778146,-10.817235,2.2776092e-08,4.698092e-05,0.99995303,1.136369e-09,M,M
F04_English_M_0003.npy,1.137656,-3.2321715,3.0414534,-5.394137,0.12944245,0.0016378901,0.86873114,0.0001885189,M,M
M17_English_M_0111.npy,-1.1688089,0.54123455,2.8428822,-6.778139,0.016188283,0.08950828,0.89424413,5.9306138e-05,M,M
M30_Hindi_M_0040.npy,-8.454223,1.4368064,8.816917,-11.495054,3.1547724e-08,0.0006231432,0.99937683,1.5078289e-09,M,M
M30_Hindi_M_0029.npy,-6.8865004,-4.3930306,6.316918,2.2817028,1.8121984e-06,2.1933407e-05,0.982602,0.017374242,M,M
M17_English_M_0099.npy,-0.66155535,4.107254,3.3011856,-16.316877,0.0058349785,0.6872375,0.3069275,9.26871e-10,L,M
F04_Hindi_M_0115.npy,-5.262084,-1.1339746,8.4615,-9.298146,1.0962084e-06,6.803125e-05,0.99993086,1.9366588e-08,M,M
M30_English_M_0056.npy,-12.974328,-0.54186803,6.6227922,-0.15418087,3.0778589e-09,0.0007719647,0.99809045,0.0011375429,M,M
F04_Hindi_M_0054.npy,-4.067055,0.3092694,9.753668,-16.491499,9.947219e-07,7.912522e-05,0.9999199,3.99792e-12,M,M
M17_English_M_0015.npy,0.43348652,-1.2892791,1.8276445,-4.446792,0.19165368,0.034223903,0.7726668,0.0014555902,M,M
M30_Hindi_M_0102.npy,-10.80804,-4.7364855,15.270478,-10.170915,4.7232786e-12,2.0468502e-09,1.0,8.931892e-12,M,M
M30_English_M_0032.npy,-4.797373,2.2307882,4.855308,-9.15136,5.9907394e-05,0.06757284,0.93236655,7.7013704e-07,M,M
M30_Hindi_M_0087.npy,-4.839243,-0.48446658,8.033942,-9.496122,2.5654222e-06,0.0001997166,0.99979764,2.4361396e-08,M,M
M30_English_M_0035.npy,-3.0520587,0.017142743,4.5048347,-6.84348,0.00051641214,0.011115622,0.9883563,1.1652075e-05,M,M
M17_Hindi_M_0004.npy,-2.4112074,-0.23388699,3.5636535,-5.012501,0.0024794806,0.021875557,0.97546107,0.00018392183,M,M
M17_English_M_0097.npy,-4.866145,2.6032825,2.0169444,-5.3566775,0.0003661862,0.64214516,0.35726446,0.00022421595,L,M
M04_English_M_0053.npy,2.795657,0.7577407,1.2700771,-15.145512,0.74195266,0.0966764,0.16137093,1.1984668e-08,N,M
M17_English_M_0087.npy,-5.702712,-1.2831695,4.815762,-0.95720756,2.6887667e-05,0.002233245,0.9946461,0.003093853,M,M
M30_English_M_0028.npy,-4.0385413,1.3303282,7.276669,-13.526168,1.2154214e-05,0.0026085395,0.9973793,9.210916e-10,M,M
M30_Hindi_M_0091.npy,-5.469898,-0.562862,8.934847,-10.4186535,5.547098e-07,7.501782e-05,0.9999244,3.9341304e-09,M,M
M17_English_M_0051.npy,-6.399074,1.7956734,0.1590954,1.4053342,0.00014750907,0.53425986,0.103991,0.36160165,L,M
F04_Hindi_M_0110.npy,-5.040839,-1.2385559,5.753178,-4.15686,2.0501613e-05,0.00091854174,0.9990113,4.962444e-05,M,M
M32_Marathi_M_0010.npy,0.4504587,6.9249744,-0.44555867,-22.416447,0.0015389032,0.99783295,0.00062816835,1.8040167e-13,L,M
F04_Hindi_M_0036.npy,-9.998946,-1.7407966,13.000755,-10.909326,1.026493e-10,3.961184e-07,0.99999964,4.1303235e-11,M,M
M17_English_M_0095.npy,-5.806673,1.5703366,2.6043415,-3.0168073,0.00016360186,0.2615669,0.73560625,0.0026632468,M,M
F04_Hindi_M_0044.npy,-5.2071843,-3.2805333,8.051975,-5.623761,1.7442708e-06,1.1976993e-05,0.9999851,1.1499968e-06,M,M
F04_Hindi_M_0009.npy,-6.725964,-0.31912425,9.397795,-10.528636,9.9429336e-08,6.0251732e-05,0.9999397,2.2183766e-09,M,M
F04_Hindi_M_0112.npy,-5.4858484,4.532049,9.915233,-23.188364,2.0389434e-07,0.0045721745,0.9954276,4.181198e-15,M,M
M30_Hindi_M_0063.npy,-9.6950865,-1.8921161,9.433285,-4.659902,4.9277413e-09,1.2062438e-05,0.9999871,7.5753184e-07,M,M
M17_English_M_0023.npy,-1.6868719,1.7861007,4.292539,-11.139623,0.0023340485,0.075232044,0.9224337,1.8316084e-07,M,M
F04_Hindi_M_0055.npy,-9.301843,-6.020733,8.8792095,2.3769026,1.268872e-08,3.3758732e-07,0.9985019,0.0014977277,M,M
M30_Hindi_M_0037.npy,-9.989479,2.272337,3.3039541,-2.5256288,1.2399304e-06,0.2622022,0.7356343,0.0021622514,M,M
M17_English_M_0050.npy,-5.036791,1.8609173,2.4392958,-3.7825503,0.00036234153,0.35871926,0.6396483,0.0012700706,M,M
M30_Hindi_M_0069.npy,-9.92212,1.3189976,3.8057647,-1.8325082,1.0044552e-06,0.07653952,0.9201846,0.0032749465,M,M
M04_English_M_0034.npy,-1.6202525,5.1114845,1.8987429,-14.68626,0.0011450121,0.96021026,0.038644742,2.4227857e-09,L,M
M30_English_M_0059.npy,0.26479965,3.3324254,4.188439,-19.092121,0.013684567,0.29409254,0.6922229,5.3657124e-11,M,M
M04_English_M_0013.npy,-4.472035,6.34954,-1.8055917,-8.263678,1.9957954e-05,0.99969244,0.00028716895,4.502216e-07,L,M
F04_Hindi_M_0058.npy,-13.166476,-3.6323838,10.784243,-0.6529139,3.965797e-11,5.4819367e-07,0.9999887,1.0787009e-05,M,M
M30_English_M_0009.npy,-1.6514654,2.5788012,4.5081086,-14.088183,0.0018417495,0.12659368,0.8715646,7.311936e-09,M,M
M30_Hindi_M_0046.npy,-9.644567,3.8692741,5.634645,-10.131186,1.9756962e-07,0.1461189,0.8538807,1.2144616e-07,M,M
M04_English_M_0047.npy,-6.676428,5.044923,1.3522787,-8.158661,7.921251e-06,0.97568977,0.02430059,1.7991534e-06,L,M
F04_Hindi_M_0028.npy,-8.082568,-6.68186,11.843418,-2.9628737,2.2194917e-09,9.006868e-09,0.99999964,3.7128646e-07,M,M
M30_Hindi_M_0077.npy,-7.430078,2.8942761,2.72711,-4.7679667,1.7775672e-05,0.5415469,0.4581806,0.00025466326,L,M
M30_Hindi_M_0056.npy,-7.6977406,-2.9057803,10.398579,-6.514527,1.383145e-08,1.6672066e-06,0.99999833,4.5157627e-08,M,M
F04_Hindi_M_0085.npy,-4.1534314,-0.21073297,11.481534,-19.1018,1.6211264e-07,8.358129e-06,0.99999154,5.2218253e-14,M,M
F04_Hindi_M_0030.npy,-5.1354184,-2.4832954,10.748182,-11.680459,1.2642684e-07,1.7932524e-06,0.9999981,1.8170362e-10,M,M
M17_Hindi_M_0005.npy,-0.72211057,-1.6025534,6.6168065,-12.262893,0.0006491569,0.0002691399,0.9990816,6.313229e-09,M,M
M30_Hindi_M_0033.npy,-3.2961404,-0.6060954,8.45776,-13.396352,7.85764e-06,0.00011576147,0.9998764,3.2272057e-10,M,M
M30_Hindi_M_0065.npy,-12.195058,1.7437763,7.087002,-5.9914885,4.2056802e-09,0.0047576725,0.9952402,2.079753e-06,M,M
F04_Hindi_M_0104.npy,-4.216491,-2.6277504,10.861607,-14.490017,2.8292047e-07,1.3856259e-06,0.99999833,9.770776e-12,M,M
M30_Hindi_M_0081.npy,-5.6802297,-2.4077187,11.693926,-11.729742,2.8477379e-08,7.511615e-07,0.9999993,6.717845e-11,M,M
M17_English_M_0064.npy,-0.7664296,2.7589178,0.31359124,-6.8904033,0.026376523,0.89589363,0.07767203,5.7757683e-05,L,M
M30_Hindi_M_0062.npy,-10.046508,-2.0869756,7.5630064,-0.5792583,2.2497323e-08,6.440381e-05,0.99964476,0.0002908742,M,M
F04_Hindi_M_0008.npy,-8.798837,-2.2604969,8.935845,-4.1095786,1.9857225e-08,1.3724083e-05,0.99998415,2.1599199e-06,M,M
M30_Hindi_M_0097.npy,-8.461736,-2.2987533,5.0741553,2.395299,1.2369429e-06,0.0005873524,0.93521667,0.064194776,M,M
M04_English_M_0031.npy,-6.788396,2.0179296,2.93113,-4.584243,4.2871045e-05,0.28622186,0.7133467,0.00038852214,M,M
F04_Hindi_M_0107.npy,-7.8546863,-1.1884961,9.384489,-7.6441665,3.259192e-08,2.5597641e-05,0.99997437,4.0228844e-08,M,M
M17_English_M_0011.npy,-4.6189823,1.3125103,1.3339788,-1.4622108,0.0012720992,0.4792205,0.4896199,0.029887486,M,M
M17_English_M_0094.npy,-0.64712673,-0.24012712,1.5074184,-3.6274235,0.08946906,0.13440968,0.7715782,0.0045430386,M,M
M17_English_M_0110.npy,-4.3122005,-1.8608439,6.8051887,-5.699287,1.4848961e-05,0.00017230856,0.9998091,3.7093032e-06,M,M
M30_English_M_0047.npy,-4.311045,-0.512482,6.2061424,-6.3511467,2.7033733e-05,0.001206704,0.9987627,3.5148028e-06,M,M
M30_English_M_0015.npy,0.28496903,4.519559,2.9420705,-18.861431,0.011864046,0.819015,0.16912092,5.741923e-11,L,M
M30_Hindi_M_0089.npy,-11.162129,-1.1684477,7.1758494,-1.0664753,1.0856746e-08,0.00023762937,0.9994992,0.00026313963,M,M
M04_English_M_0006.npy,4.516327,2.4008875,-0.14136344,-19.376354,0.884902,0.10670174,0.00839626,3.7190806e-11,N,M
M30_Hindi_M_0051.npy,-3.0214522,2.7222185,3.3784165,-9.868193,0.0010929252,0.34122044,0.65768546,1.1616871e-06,M,M
M30_Hindi_M_0026.npy,-13.801318,2.397007,7.171453,-6.5015693,7.7266216e-10,0.0083720675,0.99162674,1.143484e-06,M,M
M30_English_M_0053.npy,-10.807048,-1.6894205,8.923811,-3.1771815,2.6976417e-09,2.4587758e-05,0.99996984,5.5538326e-06,M,M
M17_English_M_0014.npy,-3.9373305,-1.1698866,4.3567185,-2.1306913,0.00024857034,0.003956717,0.99428093,0.0015137807,M,M
M17_English_M_0029.npy,-5.094172,5.127756,0.04481685,-7.728968,3.6138605e-05,0.9937981,0.0061631924,2.5923518e-06,L,M
F04_English_M_0004.npy,-6.83249,-1.0230794,8.8466625,-7.9316006,1.5509868e-07,5.171342e-05,0.99994814,5.16738e-08,M,M
M04_English_M_0039.npy,-2.3407753,5.437089,0.836048,-12.605884,0.0004145693,0.98964804,0.009937432,1.4438343e-08,L,M
M30_Hindi_M_0005.npy,-7.2212143,8.571097,2.9157448,-17.463802,1.3802865e-07,0.9965133,0.0034865402,4.916651e-12,L,M
F04_English_M_0005.npy,-1.8287326,-3.69655,7.991652,-9.329366,5.4329255e-05,8.391723e-06,0.9999372,3.002964e-08,M,M
M30_Hindi_M_0096.npy,1.2402358,3.007489,0.6580373,-13.764001,0.13489056,0.78975034,0.07535915,4.108887e-08,L,M
F04_Hindi_M_0116.npy,-0.5522427,1.5250344,3.3680477,-11.490274,0.016835637,0.1343939,0.8487701,2.9915944e-07,M,M
M17_English_M_0115.npy,-4.3223352,-2.588144,5.8360677,-2.2506697,3.8727172e-05,0.00021936421,0.99943453,0.00030741768,M,M
M30_English_M_0022.npy,-6.621046,0.75990003,7.1703906,-8.832565,1.0226827e-06,0.0016415167,0.99835724,1.1201865e-07,M,M
M32_Marathi_M_0001.npy,-2.7654564,6.3108816,-2.0028157,-11.284271,0.0001142985,0.9996407,0.00024504785,2.2822633e-08,L,M
M04_English_M_0051.npy,-3.0943081,8.684481,-0.57597005,-17.567093,7.664653e-06,0.99989724,9.510271e-05,3.972298e-12,L,M
M30_English_M_0039.npy,3.3846958,-0.64981943,2.14353,-15.810692,0.7652624,0.013540748,0.22119685,3.5266292e-09,N,M
M17_English_M_0072.npy,-4.6581755,-1.015291,2.734974,1.240558,0.0004929526,0.018831711,0.8009569,0.1797184,M,M
M17_English_M_0062.npy,0.17753583,2.5672665,1.3234764,-10.13867,0.06641876,0.7246656,0.20891349,2.197959e-06,L,M
F04_Hindi_M_0021.npy,-10.373619,-2.9348261,10.629091,-3.8488514,7.562024e-10,1.2860708e-06,0.9999982,5.15595e-07,M,M
M30_English_M_0048.npy,-5.365714,1.4579964,4.044658,-5.5381455,7.612875e-05,0.069991976,0.9298678,6.407113e-05,M,M
M30_Hindi_M_0052.npy,-10.093428,2.2165575,3.2995667,-2.5539083,1.1374262e-06,0.25239554,0.74546385,0.0021394133,M,M
M30_English_M_0005.npy,0.8506588,4.418475,2.6202965,-20.131386,0.02363628,0.83764887,0.13871485,1.8247041e-11,L,M
M17_English_M_0082.npy,-1.1719733,2.2178366,1.8957106,-7.583138,0.019173974,0.56870615,0.4120884,3.150494e-05,L,M
F04_English_M_0009.npy,-5.526282,-2.733698,8.366014,-5.9306874,9.260732e-07,1.5116433e-05,0.9999833,6.180366e-07,M,M
M04_English_M_0028.npy,-0.70572364,3.1524446,0.9682876,-8.689057,0.018617695,0.8820781,0.09929783,6.3505013e-06,L,M
M30_English_M_0062.npy,-9.756658,-1.4887462,9.409636,-5.042286,4.744342e-09,1.8487766e-05,0.9999809,5.2917824e-07,M,M
CM35_English_N_0074.npy,24.65439,-4.606466,-8.575844,-47.507313,1.0,1.959618e-13,3.7007822e-15,4.576882e-32,N,N
CF04_English_N_0066.npy,38.29313,-9.208531,-12.567766,-67.617165,1.0,2.3458024e-21,8.1544514e-23,0.0,N,N
CF18_English_N_0035.npy,22.433842,-9.898288,-3.5035577,-34.931313,1.0,9.085193e-15,5.439147e-12,1.2207593e-25,N,N
CF20_Gujarati_N_0043.npy,26.07803,-12.338601,-2.4776726,-42.52345,1.0,2.0695202e-17,3.966579e-13,1.6097425e-30,N,N
CF04_Hindi_N_0141.npy,10.930854,-1.6148891,-3.1847067,-22.880703,0.9999957,3.5600096e-06,7.4077803e-07,2.069308e-15,N,N
CF09_English_N_0004.npy,23.45532,-3.5288167,-7.357762,-47.550938,1.0,1.9095823e-12,4.150005e-14,1.4533655e-31,N,N
CF14_Gujarati_N_0045.npy,19.469337,-7.580938,-5.323698,-30.485947,1.0,1.7873701e-12,1.7081322e-11,2.0169529e-22,N,N
CM35_English_N_0040.npy,9.985734,0.11993548,-2.2811089,-27.711695,0.9999434,5.1917454e-05,4.7049307e-06,4.248051e-17,N,N
CF02_Gujarati_N_0068.npy,20.263845,-5.449372,-5.82997,-37.2039,1.0,6.805998e-12,4.651577e-12,1.101733e-25,N,N
CF14_Gujarati_N_0052.npy,21.31833,-10.543682,-5.5362477,-29.274252,1.0,1.4537965e-14,2.173727e-12,1.066401e-22,N,N
CF09_Hindi_N_0120.npy,7.1367073,-1.35939,0.46213394,-21.257828,0.9985353,0.00020396475,0.0012607618,4.653433e-13,N,N
CM24_Gujarati_N_0060.npy,5.990497,-0.59912735,-1.1455323,-15.831701,0.99783415,0.001371579,0.00079418236,3.3250472e-10,N,N
CM16_Hindi_N_0058.npy,19.840605,-7.242899,-6.3464055,-32.12248,1.0,1.7289553e-12,4.2376606e-12,2.708448e-23,N,N
CM03_English_N_0077.npy,12.823003,-2.1726432,-4.084753,-26.323256,0.99999964,3.0723717e-07,4.5399844e-08,9.976896e-18,N,N
CF20_Gujarati_N_0029.npy,21.950087,-15.490549,0.5620395,-33.035164,1.0,5.492101e-17,5.143864e-10,1.3188892e-24,N,N
CF04_English_N_0014.npy,33.15318,-5.9055777,-11.376926,-65.02292,1.0,1.08892264e-17,4.5795294e-20,2.3e-43,N,N
CF04_Hindi_N_0094.npy,27.794178,-8.486202,-7.5857806,-48.06945,1.0,1.7523911e-16,4.3120023e-16,1.129388e-33,N,N
CM05_English_N_0086.npy,5.8041277,2.0636964,0.69541097,-25.016356,0.971074,0.023057045,0.005869008,4.0002405e-14,N,N
CM05_English_N_0078.npy,18.22322,-0.4054909,-3.4162498,-48.342197,1.0,8.121819e-09,4.0003423e-10,1.23312705e-29,N,N
CF18_English_N_0014.npy,35.015186,-13.1341,-7.352229,-58.442665,1.0,1.2275283e-21,3.9816662e-19,2.5809e-41,N,N
CM16_Hindi_N_0007.npy,14.116768,-1.327735,-4.9421926,-29.237482,0.99999976,1.9612709e-07,5.282004e-09,1.484189e-19,N,N
CF04_Hindi_N_0059.npy,10.261473,-7.9808497,0.073946,-17.24951,0.99996233,1.1952079e-08,3.763544e-05,1.1274979e-12,N,N
CM27_Gujarati_N_0029.npy,7.0225487,-3.123291,0.00034961104,-16.102999,0.99906987,3.920249e-05,0.00089103245,9.042703e-11,N,N
CF18_English_N_0003.npy,17.213032,-5.936304,-4.9872203,-28.563879,1.0,8.8383495e-11,2.2832465e-10,1.3162581e-20,N,N
CF20_Gujarati_N_0059.npy,13.713267,-4.3516235,3.450457,-37.681934,0.9999651,1.42725645e-08,3.490625e-05,4.778944e-23,N,N
CM24_Gujarati_N_0070.npy,0.70503014,-3.4131722,0.42173392,1.5171994,0.24861029,0.0040458185,0.18727727,0.5600666,H,N
CF14_Hindi_N_0055.npy,14.950492,-8.6151495,-1.6649526,-22.42379,0.9999999,5.8287035e-11,6.081409e-08,5.868879e-17,N,N
CM05_Hindi_N_0016.npy,12.034497,-0.5155199,-3.8170648,-28.527565,0.9999963,3.5448275e-06,1.305426e-07,2.4216924e-18,N,N
CF09_English_N_0056.npy,28.385738,-11.356738,-6.915748,-45.191895,1.0,5.4961855e-18,4.664005e-16,1.11080646e-32,N,N
CF20_Gujarati_N_0037.npy,16.802706,-13.464004,8.333685,-39.074364,0.99979013,7.165466e-14,0.00020982625,5.4051374e-25,N,N
CM30_Gujarati_N_0043.npy,3.618698,10.838736,-0.71780145,-40.44527,0.0007312329,0.9992592,9.566169e-06,5.3372574e-23,L,N
CF09_Hindi_N_0130.npy,40.865147,-6.12463,-13.027392,-82.563614,1.0,3.9138063e-21,3.9333926e-24,0.0,N,N
CM38_English_N_0066.npy,24.597052,-3.4492888,-6.335584,-56.681927,1.0,6.601291e-13,3.6823643e-14,5.023299e-36,N,N
CF09_English_N_0019.npy,28.03625,-8.501399,-10.569515,-43.506187,1.0,1.3548817e-16,1.712887e-17,8.501888e-32,N,N
CM27_Gujarati_N_0020.npy,3.2371924,-0.29067805,-1.6270908,-6.73803,0.96419805,0.02831598,0.007441062,4.4872693e-05,N,N
CM27_Gujarati_N_0047.npy,11.996186,-4.400569,-4.6806827,-17.535002,0.9999999,7.567974e-08,5.7191045e-08,1.495435e-13,N,N
CM05_Hindi_N_0086.npy,10.883458,2.260499,-0.72618246,-36.241547,0.9998111,0.00017989305,9.076435e-06,3.418132e-21,N,N
CM38_English_N_0077.npy,28.820618,-5.4420047,-8.424546,-58.998795,1.0,1.3180502e-15,6.677767e-17,7.252936e-39,N,N
CM05_Hindi_N_0014.npy,11.623187,-1.0173931,-3.6034627,-26.817009,0.99999654,3.2379064e-06,2.4386435e-07,2.0213106e-17,N,N
CF02_Gujarati_N_0046.npy,28.691002,-3.0419188,-8.605473,-62.303223,1.0,1.6541208e-14,6.343763e-17,3.03186e-40,N,N
CM05_Hindi_N_0050.npy,13.829587,-0.9323333,-3.2707467,-33.886795,0.99999964,3.88132e-07,3.7447176e-08,1.892513e-21,N,N
CF14_Hindi_N_0019.npy,13.683549,-1.5932193,-2.1286345,-32.38231,0.99999964,2.3194441e-07,1.3578628e-07,9.859443e-21,N,N
CF09_English_N_0039.npy,26.743784,-2.7915816,-5.045972,-62.81479,1.0,1.4892016e-13,1.5627304e-14,1.27411e-39,N,N
CM24_Gujarati_N_0058.npy,12.585881,-3.8425713,-1.9075521,-25.633902,0.9999994,7.331855e-08,5.0767034e-07,2.5197564e-17,N,N
CF04_English_N_0080.npy,35.100586,-7.4216094,-7.7208786,-73.99765,1.0,3.4107182e-19,2.5285658e-19,0.0,N,N
CF09_Hindi_N_0008.npy,20.503494,-3.4306693,-5.511131,-43.29956,1.0,4.0320382e-11,5.0349096e-12,1.9529241e-28,N,N
CF04_English_N_0044.npy,19.156454,-0.9219757,-6.0440307,-44.46469,1.0,1.9056738e-09,1.1364971e-11,2.3425392e-28,N,N
CM05_Hindi_N_0039.npy,18.010548,-5.1744647,-6.0182204,-30.47318,1.0,8.5285834e-11,3.6680766e-11,8.785877e-22,N,N
CF04_Hindi_N_0014.npy,20.95977,-9.153994,-3.8203793,-36.126755,1.0,8.351386e-14,1.7302857e-11,1.6130106e-25,N,N
CM16_Hindi_N_0004.npy,14.101159,-2.2967758,-4.678098,-27.254812,0.9999999,7.5590584e-08,6.986704e-09,1.0947865e-18,N,N
CF04_Hindi_N_0064.npy,9.834149,-4.679206,-3.08284,-12.719216,0.999997,4.976553e-07,2.4559615e-06,1.6039708e-10,N,N
CF02_English_N_0021.npy,24.73742,-3.466495,-8.396595,-50.821743,1.0,5.638915e-13,4.074558e-15,1.53135e-33,N,N
CF14_Hindi_N_0050.npy,19.526983,-12.985763,-5.9288545,-17.61677,1.0,7.583929e-15,8.803804e-12,7.390486e-17,N,N
CF14_English_N_0042.npy,10.126651,-7.941755,2.5113544,-19.091932,0.9995074,1.4215999e-08,0.00049261184,2.043229e-13,N,N
CM24_Gujarati_N_0042.npy,18.209631,1.1233382,-4.364341,-50.593285,1.0,3.797673e-08,1.5712637e-10,1.3160506e-30,N,N
CF09_Hindi_N_0106.npy,14.363372,-0.56169873,-4.1256995,-33.958015,0.99999964,3.2970382e-07,9.338957e-09,1.0334454e-21,N,N
CF04_English_N_0065.npy,24.514107,-4.6788955,-7.573786,-49.78534,1.0,2.0972007e-13,1.1598616e-14,5.3971012e-33,N,N
CF20_Gujarati_N_0023.npy,18.212452,-9.656455,2.2760458,-36.192383,0.9999999,7.882918e-13,1.1992417e-07,2.3565705e-24,N,N
CM30_Gujarati_N_0064.npy,9.599992,-0.27705124,-1.8344605,-26.481634,0.9999378,5.1336687e-05,1.0815673e-05,2.1375759e-16,N,N
CF14_Hindi_N_0109.npy,25.45359,-11.96262,-8.27701,-33.260185,1.0,5.6279e-17,2.243816e-15,3.1690656e-26,N,N
CM05_English_N_0084.npy,15.217579,3.319489,-2.36244,-49.43478,0.9999932,6.8033382e-06,2.3178846e-08,8.3528424e-29,N,N
CM30_English_N_0030.npy,11.333744,6.746909,-0.5354756,-49.432945,0.9899108,0.010082285,6.932014e-06,4.026783e-27,N,N
CF04_Hindi_N_0011.npy,17.334705,0.4838285,-3.897756,-45.996155,1.0,4.8057014e-08,6.0097854e-10,3.1315325e-28,N,N
CM05_English_N_0028.npy,10.110776,-0.6877716,-1.5190057,-25.574598,0.9999707,2.0428552e-05,8.896869e-06,3.1770623e-16,N,N
CM38_English_N_0110.npy,25.98282,-2.5061393,-7.9106593,-60.41397,1.0,4.2403507e-13,1.9065551e-15,3.008507e-38,N,N
CF04_Hindi_N_0042.npy,30.74421,-2.970337,-10.5858555,-64.28686,1.0,2.2801248e-15,1.1235225e-18,5.352e-42,N,N
CM38_English_N_0063.npy,18.350704,3.1876273,-2.5761719,-59.001907,0.99999976,2.59872e-07,8.1578005e-10,2.5479207e-34,N,N
CM38_English_N_0105.npy,19.65943,-1.6296926,-4.677157,-49.445374,1.0,5.678739e-10,2.696218e-11,9.731158e-31,N,N
CM27_Gujarati_N_0067.npy,6.4140563,-0.16134599,-0.06437387,-19.393253,0.99707806,0.0013901711,0.0015317315,6.1767037e-12,N,N
CM05_Hindi_N_0109.npy,17.910831,-3.214847,-5.849548,-35.45026,1.0,6.687044e-10,4.7973143e-11,6.692253e-24,N,N
CF14_Gujarati_N_0008.npy,15.970241,-5.4112535,-5.389146,-24.793396,1.0,5.1776766e-10,5.2934196e-10,1.9795985e-18,N,N
CF09_Hindi_N_0063.npy,9.605572,-6.562372,3.7338443,-24.040075,0.9971898,9.487002e-08,0.0028100822,2.435902e-15,N,N
CM30_Gujarati_N_0042.npy,-1.4242839,13.93274,-2.4653153,-34.002045,2.140568e-07,0.99999976,7.558135e-08,1.5212049e-21,L,N
CF09_Hindi_N_0142.npy,26.577942,-5.4855475,-3.3905334,-60.758472,1.0,1.1885134e-14,9.657318e-14,1.1756521e-38,N,N
CM27_Gujarati_N_0055.npy,13.912204,-1.7053189,-5.0762076,-29.299007,0.9999999,1.6496652e-07,5.6681047e-09,1.7124147e-19,N,N
CM35_English_N_0035.npy,15.615874,-0.19242957,-4.0220895,-38.815025,0.9999999,1.3631411e-07,2.9603322e-09,2.2959382e-24,N,N
CM16_Hindi_N_0017.npy,16.389942,-2.6867537,-5.692073,-30.497974,1.0,5.1891473e-09,2.5698177e-10,4.333478e-21,N,N
CM27_Gujarati_N_0045.npy,11.207282,-2.1346302,-3.6952553,-21.422953,0.9999981,1.6057587e-06,3.3721696e-07,6.743241e-15,N,N
CM30_English_N_0054.npy,13.866538,0.94603676,-4.871328,-36.2884,0.9999975,2.4473513e-06,7.281944e-09,1.6519093e-22,N,N
CM24_Gujarati_N_0007.npy,7.760433,1.4239259,-0.5304547,-26.338732,0.99798274,0.0017669037,0.0002502858,1.5489702e-15,N,N
CF20_Gujarati_N_0072.npy,4.6427855,-0.1685758,-0.37179804,-13.882768,0.985438,0.008018288,0.006543699,8.873276e-09,N,N
CM27_Gujarati_N_0050.npy,7.7404547,-1.6495937,-2.8760538,-15.050708,0.9998919,8.3542414e-05,2.450541e-05,1.264378e-10,N,N
CF04_Hindi_N_0121.npy,13.201138,-3.835288,-3.6248264,-23.468248,1.0,3.9918476e-08,4.926934e-08,1.1876465e-16,N,N
CM05_Hindi_N_0028.npy,14.873823,-1.4791322,-1.708459,-37.79564,0.99999976,7.906819e-08,6.2864565e-08,1.3364178e-23,N,N
CF02_English_N_0070.npy,23.044203,-3.4401956,-6.8562093,-49.03395,1.0,3.1475465e-12,1.03375174e-13,4.975707e-32,N,N
CF14_Gujarati_N_0037.npy,20.747875,-4.7629576,-8.140243,-33.851017,1.0,8.332699e-12,2.844785e-13,1.9408966e-24,N,N
CF04_Hindi_N_0037.npy,33.98965,-11.55783,-12.901573,-48.993767,1.0,1.6556942e-20,4.319169e-21,9.136111e-37,N,N
CM05_English_N_0035.npy,0.5823817,5.5052,2.1985612,-19.194983,0.006972379,0.95792997,0.03509771,1.7954818e-11,L,N
CM30_English_N_0023.npy,-0.1886223,17.618687,-4.5692153,-45.802006,1.8466489e-08,1.0,2.3116198e-10,2.8624851e-28,L,N
CF18_English_N_0053.npy,22.901173,-8.000415,-5.8050795,-36.702354,1.0,3.798487e-14,3.412186e-13,1.3017186e-26,N,N
CF04_Hindi_N_0046.npy,24.42326,-7.504763,-6.972179,-44.33127,1.0,1.3609308e-14,2.31811e-14,1.3812944e-30,N,N
CF02_Gujarati_N_0001.npy,22.293062,-2.0263124,-5.478182,-50.705254,1.0,2.7430268e-11,8.6916444e-13,1.9826e-32,N,N
CF18_English_N_0025.npy,21.51074,-11.051582,-2.8375354,-34.81621,1.0,7.21709e-15,2.6648822e-11,3.4475963e-25,N,N
CF04_Hindi_N_0082.npy,28.979172,-2.5893393,-7.712565,-67.114136,1.0,1.9497074e-14,1.1613967e-16,1.85e-42,N,N
CM38_English_N_0021.npy,21.68082,-2.4654055,-5.1638274,-51.18505,1.0,3.2615778e-11,2.1954185e-12,2.2633538e-32,N,N
CF14_Hindi_N_0043.npy,8.825357,-5.6288996,-2.6346073,-8.45023,0.9999889,5.27948e-07,1.0543765e-05,3.142701e-08,N,N
CF14_Gujarati_N_0019.npy,12.157465,-12.574271,-2.1156592,-5.3381023,0.9999994,1.816116e-11,6.327912e-07,2.5221528e-08,N,N
CF09_English_N_0018.npy,28.850876,-14.225385,-7.321245,-41.530693,1.0,1.9598288e-19,1.9527572e-16,2.7143947e-31,N,N
CF14_Hindi_N_0039.npy,18.054333,-8.310573,-4.2548537,-27.310118,1.0,3.5470446e-12,2.047591e-10,1.988247e-20,N,N
CF04_English_N_0006.npy,18.774647,-1.142858,-5.124655,-43.40812,1.0,2.2383981e-09,4.1750842e-11,9.871153e-28,N,N
CF09_Hindi_N_0083.npy,19.882622,-4.122053,-3.1193986,-41.327915,1.0,3.7575273e-11,1.02411725e-10,2.609766e-27,N,N
CF09_English_N_0050.npy,30.293802,-4.581553,-8.913219,-66.33764,1.0,7.142099e-16,9.388711e-18,1.08e-42,N,N
CM03_English_N_0102.npy,8.29733,-1.3180072,-3.5811057,-15.171403,0.9999263,6.669297e-05,6.937918e-06,6.421357e-11,N,N
CF14_English_N_0036.npy,20.699345,-3.1631424,-5.9293227,-43.737545,1.0,4.3316486e-11,2.7246864e-12,1.0361303e-28,N,N
CM38_English_N_0044.npy,19.03915,-1.5041919,-3.2856026,-47.687073,1.0,1.1971255e-09,2.0159653e-10,1.0499483e-29,N,N
CM24_Gujarati_N_0069.npy,9.404937,0.71715444,0.75301296,-30.795519,0.9996567,0.00016857569,0.0001747302,3.4754833e-18,N,N
CF02_Gujarati_N_0050.npy,16.633617,-4.922458,-5.6024466,-28.450174,1.0,4.3482562e-10,2.202925e-10,2.6324322e-20,N,N
CF18_English_N_0017.npy,19.776367,-9.099771,-1.728957,-34.184177,1.0,2.879076e-13,4.574638e-10,3.674796e-24,N,N
CF09_English_N_0035.npy,17.914524,-4.34832,-6.257235,-30.061165,1.0,2.1447154e-10,3.179352e-11,1.4602359e-21,N,N
CF14_Hindi_N_0103.npy,9.851471,-7.9035497,-2.672494,-7.351639,0.9999963,1.9457683e-08,3.6383924e-06,3.3789576e-08,N,N
CF04_English_N_0035.npy,30.052557,-3.9892864,-9.547428,-63.907097,1.0,1.6436724e-15,6.3379067e-18,1.5626e-41,N,N
CM38_English_N_0060.npy,23.803423,-4.255539,-8.681985,-43.143883,1.0,6.5185005e-13,7.794104e-15,8.416962e-30,N,N
CF04_Hindi_N_0086.npy,25.319199,-3.3014684,-8.246799,-52.054604,1.0,3.7170847e-13,2.645284e-15,2.4945067e-34,N,N
CM30_Gujarati_N_0059.npy,4.128994,0.9360456,1.707895,-20.365005,0.885054,0.036332052,0.07861399,2.0387358e-11,N,N
CM05_Hindi_N_0003.npy,12.869247,-1.0875688,-1.7489008,-32.854538,0.9999987,8.682232e-07,4.481449e-07,1.3880713e-20,N,N
CM35_English_N_0006.npy,15.874852,0.3082609,-4.883733,-39.841423,0.9999999,1.7358624e-07,9.652972e-10,6.349353e-25,N,N
CM05_English_N_0043.npy,10.318395,0.9858746,-1.4581702,-31.356728,0.9999039,8.849039e-05,7.681769e-06,7.9557854e-19,N,N
CF04_Hindi_N_0006.npy,30.738605,-7.5736732,-9.506849,-56.278637,1.0,2.2971469e-17,3.3237006e-18,1.6176769e-38,N,N
CF04_Hindi_N_0101.npy,22.188995,-4.558346,-7.6874175,-40.66635,1.0,2.4197881e-12,1.05886e-13,5.0381345e-28,N,N
CF09_English_N_0005.npy,28.826134,-6.9008183,-6.723919,-55.33807,1.0,3.047769e-16,3.6375446e-16,2.8051267e-37,N,N
CM16_Hindi_N_0071.npy,23.102188,-7.294466,-5.976813,-40.66095,1.0,6.293625e-14,2.3504473e-13,2.0324558e-28,N,N
CM35_English_N_0089.npy,28.160255,-5.520823,-9.958306,-51.158592,1.0,2.3577234e-15,2.788171e-17,3.5666637e-35,N,N
CM05_English_N_0014.npy,15.84022,-5.0143976,-5.915648,-23.969591,1.0,8.769089e-10,3.5607886e-10,5.1382938e-18,N,N
CM30_Gujarati_N_0053.npy,10.46719,3.0179632,-1.5820355,-35.786896,0.99941266,0.00058154983,5.8456526e-06,8.163017e-21,N,N
CF18_English_N_0013.npy,17.135696,-5.853076,-2.0366774,-32.190395,1.0,1.03777355e-10,4.715671e-09,3.7839949e-22,N,N
CF04_Hindi_N_0050.npy,16.183487,-2.9898796,-5.280646,-31.117708,1.0,4.7109956e-09,4.767007e-10,2.8665058e-21,N,N
CM38_English_N_0111.npy,14.270996,0.67746204,-4.900368,-36.99968,0.9999988,1.2485401e-06,4.7204343e-09,5.4128745e-23,N,N
CF09_Hindi_N_0146.npy,15.332561,-1.2639935,-3.6657133,-35.761654,0.9999999,6.1973815e-08,5.6124754e-09,6.457497e-23,N,N
CF04_Hindi_N_0092.npy,33.911983,-9.740579,-8.34107,-63.55442,1.0,1.1013707e-19,4.4640885e-19,4.68e-43,N,N
CF09_Hindi_N_0088.npy,18.768188,-8.174071,-3.9010649,-32.81028,1.0,1.9912455e-12,1.4284594e-10,3.978834e-23,N,N
CF02_Gujarati_N_0043.npy,28.823677,-8.835339,-10.03207,-46.47454,1.0,4.4146606e-17,1.3340233e-17,1.9879228e-33,N,N
CM03_English_N_0068.npy,11.2219095,-5.42194,-2.9240751,-16.627169,0.9999993,5.911098e-08,7.1858244e-07,8.0407816e-13,N,N
CM05_Hindi_N_0090.npy,27.973892,-7.9791813,-10.21474,-45.25394,1.0,2.430969e-16,2.5994856e-17,1.5760063e-32,N,N
CM16_Hindi_N_0009.npy,14.447838,-7.1690297,-3.736329,-17.902693,1.0,4.0917955e-10,1.2668263e-08,8.919536e-15,N,N
CF14_Hindi_N_0075.npy,19.97791,-3.3531444,-5.7695646,-40.97126,1.0,7.3697465e-11,6.576788e-12,3.3893166e-27,N,N
CM27_Gujarati_N_0056.npy,10.672478,-0.77407354,-4.020247,-23.990324,0.9999889,1.0686146e-05,4.1593566e-07,8.83346e-16,N,N
CM16_Hindi_N_0041.npy,19.526215,-6.513339,-4.1235776,-34.142555,1.0,4.9109458e-12,5.3582864e-11,4.9198225e-24,N,N
CM03_English_N_0010.npy,8.381011,2.795444,-0.69985294,-30.130386,0.9961494,0.003737176,0.00011338494,1.8751528e-17,N,N
CF04_Hindi_N_0002.npy,24.087248,-5.380913,-7.4877877,-47.641026,1.0,1.5927238e-13,1.9370307e-14,7.0600455e-32,N,N
CF14_Hindi_N_0010.npy,24.071022,-7.124339,-7.860695,-40.112648,1.0,2.831564e-14,1.3559121e-14,1.3347081e-28,N,N
CF18_English_N_0005.npy,14.855107,-6.5267982,-3.6133242,-20.513422,1.0,5.175554e-10,9.533714e-09,4.3615661e-16,N,N
CM35_English_N_0054.npy,23.537281,-10.152681,-8.314862,-32.05075,1.0,2.3368692e-15,1.4682173e-14,7.2181276e-25,N,N
CM38_English_N_0087.npy,25.561598,-6.7430487,-7.135543,-48.775337,1.0,9.338362e-15,6.306852e-15,5.198505e-33,N,N
CM30_Gujarati_N_0069.npy,14.637487,0.54584926,-3.1202083,-41.015663,0.9999993,7.5871526e-07,1.9405741e-08,6.763051e-25,N,N
CF09_Hindi_N_0044.npy,21.780369,-3.0391011,-6.7976623,-45.998085,1.0,1.6635712e-11,3.8789894e-13,3.665978e-30,N,N
CF04_Hindi_N_0068.npy,12.228767,-5.9645195,-0.6526123,-22.189852,0.9999975,1.2553211e-08,2.5449933e-06,1.1276734e-15,N,N
CF02_English_N_0066.npy,16.07284,-2.2507672,-5.381575,-33.29479,1.0,1.1019422e-08,4.813558e-10,3.6300342e-22,N,N
CM38_English_N_0022.npy,10.44082,2.20089,-3.340909,-29.70665,0.99973506,0.00026383303,1.0340849e-06,3.6648895e-18,N,N
CF04_Hindi_N_0055.npy,9.689269,-5.023801,1.467515,-20.841516,0.999731,4.074535e-07,0.00026867096,5.5021434e-14,N,N
CM24_Gujarati_N_0015.npy,12.221837,0.9698877,-1.2657285,-35.775597,0.9999856,1.2981779e-05,1.3880921e-06,1.428807e-21,N,N
CM05_English_N_0068.npy,16.431396,0.73279566,-3.9006171,-43.767933,0.9999999,1.5211928e-07,1.4788305e-09,7.174033e-27,N,N
CF02_Gujarati_N_0023.npy,20.775906,-2.3869383,-6.2292695,-45.661945,1.0,8.719766e-11,1.869828e-12,1.4009026e-29,N,N
CF02_Gujarati_N_0010.npy,27.777302,-4.3001785,-8.849403,-55.804974,1.0,1.1719992e-14,1.2394359e-16,5.0197143e-37,N,N
CM05_English_N_0006.npy,14.340405,0.20199654,-4.474109,-34.81827,0.9999993,7.2404714e-07,6.744659e-09,4.473608e-22,N,N
CF02_Gujarati_N_0007.npy,21.696793,-4.741556,-8.10411,-37.88595,1.0,3.295877e-12,1.1419107e-13,1.3290596e-26,N,N
CF14_Hindi_N_0045.npy,15.481801,-7.0073004,-2.9624405,-23.277758,1.0,1.7104382e-10,9.767155e-09,1.4687136e-17,N,N
CM03_English_N_0043.npy,4.0324826,5.625842,1.0889924,-26.470123,0.16742197,0.823758,0.008820043,9.477605e-15,L,N
CF09_Hindi_N_0173.npy,18.025013,-2.5160081,-6.6328034,-33.5881,1.0,1.1999075e-09,1.9554495e-11,3.8433474e-23,N,N
CF04_English_N_0009.npy,33.51584,-4.9712873,-8.214734,-72.82135,1.0,1.9286517e-17,7.5273653e-19,0.0,N,N
CF14_Hindi_N_0020.npy,20.832722,-6.692754,-6.646045,-33.222282,1.0,1.1113179e-12,1.1644557e-12,3.343567e-24,N,N
CF18_English_N_0018.npy,15.93172,-9.416282,-4.0302014,-18.412243,1.0,9.806248e-12,2.1411524e-09,1.2150835e-15,N,N
CM27_Gujarati_N_0063.npy,13.3179245,-3.6241345,-4.464844,-23.763199,1.0,4.3868972e-08,1.8925261e-08,7.868152e-17,N,N
CM38_English_N_0127.npy,19.984148,-3.3978577,-6.576066,-42.488647,1.0,7.003642e-11,2.9177307e-12,7.3860203e-28,N,N
CF09_Hindi_N_0117.npy,30.54651,-7.258354,-7.3015275,-61.86191,1.0,3.8155456e-17,3.654316e-17,7.3711e-41,N,N
CM35_English_N_0075.npy,25.72593,-3.9540653,-9.671757,-47.550888,1.0,1.2886712e-13,4.2362373e-16,1.5006609e-32,N,N
CF02_English_N_0093.npy,13.531198,0.39164826,-4.085129,-33.8156,0.9999981,1.9659183e-06,2.235251e-08,2.7387102e-21,N,N
CF09_Hindi_N_0042.npy,27.973967,-8.00124,-6.227739,-55.575882,1.0,2.3777554e-16,1.4008378e-15,5.185146e-37,N,N
CF14_Hindi_N_0080.npy,17.212252,-8.911445,-5.1304975,-21.240519,1.0,4.5146417e-12,1.9800109e-10,1.9960623e-17,N,N
CF09_Hindi_N_0093.npy,15.755897,-7.3245497,-3.9993467,-22.896406,1.0,9.468683e-11,2.6327331e-09,1.6350034e-17,N,N
CM35_English_N_0104.npy,39.02235,-8.351257,-11.896993,-77.67756,1.0,2.666267e-21,7.691495e-23,0.0,N,N
CF04_English_N_0026.npy,20.411272,-11.463502,-3.4300647,-29.257605,1.0,1.435361e-14,4.4242412e-11,2.6858452e-22,N,N
CM03_English_N_0007.npy,4.8017216,2.0546093,1.611736,-23.425882,0.9047438,0.0580056,0.037250534,4.9823356e-13,N,N
CF04_Hindi_N_0144.npy,20.058441,-3.7578564,-7.376717,-37.120388,1.0,4.5364216e-11,1.2163607e-12,1.4707879e-25,N,N
CM30_English_N_0016.npy,13.605044,2.1993113,-1.892732,-43.72319,0.9999887,1.1131357e-05,1.8595013e-07,1.2666561e-25,N,N
CM24_Gujarati_N_0008.npy,14.381631,2.696563,-2.9478674,-42.016125,0.99999154,8.418519e-06,2.9777679e-08,3.211905e-25,N,N
CM38_English_N_0101.npy,24.219704,-0.32262233,-6.1375694,-62.19171,1.0,2.194842e-11,6.5464195e-14,2.9648264e-38,N,N
CM03_English_N_0092.npy,9.421729,-0.41253284,-3.8194623,-20.289177,0.9999447,5.3580934e-05,1.7758219e-06,1.2493755e-13,N,N
CF18_English_N_0027.npy,19.319778,-5.24356,-4.918186,-37.19215,1.0,2.1492023e-11,2.9756763e-11,2.8653735e-25,N,N
CF04_Hindi_N_0047.npy,21.645048,-4.157728,-7.617189,-39.532093,1.0,6.222955e-12,1.9569139e-13,2.698398e-27,N,N
CM03_English_N_0048.npy,10.224675,1.136697,-1.3194174,-31.475359,0.99987733,0.000113002454,9.691951e-06,7.759819e-19,N,N
CM27_Gujarati_N_0061.npy,22.333897,-4.213971,-6.551953,-44.207893,1.0,2.9539828e-12,2.8512492e-13,1.262601e-29,N,N
CF09_Hindi_N_0010.npy,29.05195,-10.065501,-9.395149,-44.234055,1.0,1.02685e-17,2.0074171e-17,1.4869392e-32,N,N
CF09_Hindi_N_0111.npy,19.46684,-2.852344,-5.3152285,-43.103577,1.0,2.0272205e-10,1.7269656e-11,6.699034e-28,N,N
CM30_English_N_0044.npy,2.713423,16.19384,-1.5656506,-50.642635,1.3980689e-06,0.99999857,1.9370928e-08,9.403479e-30,L,N
CM35_English_N_0106.npy,12.477555,-0.58732253,-1.9472597,-32.302128,0.99999726,2.1183348e-06,5.4372737e-07,3.5680423e-20,N,N
CM03_English_N_0038.npy,6.172934,2.797097,1.4255931,-27.842663,0.9588976,0.032784216,0.0083181765,1.6180264e-15,N,N
CF14_Hindi_N_0134.npy,15.76128,-1.1395445,-3.4062319,-36.74982,1.0,4.5715634e-08,4.7386624e-09,1.5657366e-23,N,N
CM05_English_N_0070.npy,13.129579,0.7808227,-3.6260343,-35.490128,0.9999957,4.335125e-06,5.2860067e-08,7.6688185e-22,N,N
CM03_English_N_0099.npy,10.466378,-3.332809,-3.7865634,-16.314447,0.99999833,1.0164562e-06,6.4569224e-07,2.3400982e-12,N,N
CF14_Hindi_N_0087.npy,10.454156,-1.4277642,-1.5046765,-23.841444,0.99998665,6.9142006e-06,6.4023457e-06,1.2752754e-15,N,N
CF02_English_N_0010.npy,16.602468,-0.9472509,-3.4657073,-43.699917,1.0,2.389208e-08,1.9253148e-09,6.47154e-27,N,N
CF04_Hindi_N_0107.npy,28.17961,-9.016291,-8.0759735,-50.022957,1.0,7.0149714e-17,1.7963859e-16,1.0890711e-34,N,N
CF02_Gujarati_N_0055.npy,6.261248,-2.144425,-2.7182221,-8.982354,0.99965024,0.00022351705,0.0001259255,2.3968204e-07,N,N
CM27_Gujarati_N_0058.npy,17.963146,-2.8676186,-7.1498675,-32.9162,1.0,8.9807745e-10,1.240385e-11,8.0053674e-23,N,N
CM27_Gujarati_N_0034.npy,10.295106,-2.077165,-4.0090504,-18.568476,0.9999951,4.2343718e-06,6.134536e-07,2.915434e-13,N,N
CM27_Gujarati_N_0024.npy,12.263778,-1.0169511,-4.2546344,-26.424658,0.9999982,1.7070719e-06,6.701071e-08,1.5769778e-17,N,N
CM05_English_N_0076.npy,10.874492,3.7391188,-1.7355436,-37.743145,0.9992009,0.00079579215,3.3356787e-06,7.6785827e-22,N,N
CF04_English_N_0001.npy,37.712437,-21.404514,-8.081322,-46.729576,1.0,2.1175537e-26,1.2942657e-20,2.1247025e-37,N,N
CF04_Hindi_N_0102.npy,16.900024,-4.4107723,-3.6338277,-33.13369,1.0,5.5569765e-10,1.2085415e-09,1.8648075e-22,N,N
CM35_English_N_0051.npy,8.018604,3.1185315,-2.0721343,-27.057411,0.99256814,0.0073907007,4.115365e-05,5.800165e-16,N,N
CM05_Hindi_N_0110.npy,20.127129,-1.8117027,-4.6411405,-49.947445,1.0,2.965423e-10,1.7509657e-11,3.689785e-31,N,N
CF02_Gujarati_N_0031.npy,16.67572,-1.4202654,-5.1880345,-36.96497,1.0,1.38360905e-08,3.1966285e-10,5.059929e-24,N,N
CM03_English_N_0013.npy,4.6578937,4.844192,-0.69535804,-23.370375,0.45258814,0.5452699,0.002141981,3.0421504e-13,L,N
CF18_English_N_0036.npy,20.536865,-9.876514,-4.513576,-29.729979,1.0,6.189236e-14,1.3204787e-11,1.4770197e-22,N,N
CM05_Hindi_N_0107.npy,13.766089,2.355346,-2.9561567,-42.558025,0.9999889,1.1075725e-05,5.4653242e-08,3.4573434e-25,N,N
CM35_English_N_0027.npy,19.286097,-3.8160925,-5.5806575,-41.124508,1.0,9.265038e-11,1.5867398e-11,5.8077377e-27,N,N
CF04_Hindi_N_0076.npy,33.46921,-8.584819,-6.858126,-67.82167,1.0,5.447111e-19,3.0623802e-18,1e-44,N,N
CF20_Gujarati_N_0025.npy,12.089703,-6.9653106,3.3561378,-29.028643,0.99983895,5.3020375e-09,0.00016106131,1.3882217e-18,N,N
CM35_English_N_0033.npy,23.557865,-2.193756,-2.394093,-60.81994,1.0,6.5495734e-12,5.360533e-12,2.2656025e-37,N,N
CF04_Hindi_N_0016.npy,24.666164,-4.451164,-6.5441136,-53.816544,1.0,2.2620638e-13,2.7896432e-14,8.229839e-35,N,N
CF09_Hindi_N_0154.npy,8.604122,-5.0949373,-1.386798,-14.120395,0.99995315,1.1234498e-06,4.581189e-05,1.3515962e-10,N,N
CM30_English_N_0037.npy,8.104319,8.493673,-2.889955,-44.551376,0.40386993,0.59612334,6.784048e-06,5.472212e-24,L,N
CF14_Hindi_N_0061.npy,16.936144,-6.493479,-5.2613854,-27.543299,1.0,6.677966e-11,2.2894739e-10,4.8175202e-20,N,N
CF04_Hindi_N_0110.npy,26.441744,-3.024578,-8.359852,-56.954365,1.0,1.5956549e-13,7.6887933e-16,6.0468526e-37,N,N
CF04_Hindi_N_0022.npy,31.260078,-7.509099,-11.033623,-56.743973,1.0,1.4546568e-17,4.2862646e-19,6.030124e-39,N,N
CM05_English_N_0030.npy,16.028658,0.1779575,-4.11404,-41.630398,0.9999999,1.3065566e-07,1.7870522e-09,9.09891e-26,N,N
CF14_Hindi_N_0014.npy,22.333885,-7.8081036,-7.8793416,-33.39215,1.0,8.118964e-14,7.560709e-14,6.2876745e-25,N,N
CM05_Hindi_N_0083.npy,13.829914,3.8795853,-3.5864758,-43.384323,0.9999523,4.770967e-05,2.7298416e-08,1.4195536e-25,N,N
CM30_Gujarati_N_0046.npy,15.470632,2.4554458,-3.8462658,-44.95395,0.99999774,2.2262577e-06,4.081094e-09,5.727136e-27,N,N
CM05_Hindi_N_0013.npy,21.43565,-3.2092617,-5.416707,-47.599033,1.0,1.9808483e-11,2.1785625e-12,1.0438017e-30,N,N
CM05_English_N_0044.npy,18.148014,-0.4022198,-3.381981,-47.04992,1.0,8.7848795e-09,4.4631554e-10,4.8405613e-29,N,N
CM30_Gujarati_N_0020.npy,10.248555,8.655522,-2.5163722,-49.210022,0.8310404,0.16895722,2.37621e-06,1.25051995e-26,N,N
CF14_Hindi_N_0016.npy,21.35387,-9.371877,-3.6112976,-34.49323,1.0,4.528746e-14,1.4380212e-11,5.570741e-25,N,N
CM35_English_N_0125.npy,27.216795,-4.9194922,-8.248082,-55.112114,1.0,1.1050644e-14,3.9609481e-16,1.7579574e-36,N,N
CM35_English_N_0048.npy,18.84573,-2.3675587,-5.0892406,-42.657997,1.0,6.12612e-10,4.0287863e-11,1.9465734e-27,N,N
CM03_English_N_0060.npy,12.693335,-4.6260586,-2.5965867,-25.036062,0.99999976,3.008036e-08,2.2891363e-07,4.1146323e-17,N,N
CF04_Hindi_N_0137.npy,13.427182,-2.5638611,-4.28879,-25.8049,0.9999999,1.1354766e-07,2.0232552e-08,9.156364e-18,N,N
CM24_Gujarati_N_0057.npy,3.061831,0.53534144,-0.39540112,-11.209727,0.89972013,0.07192287,0.028356371,5.7022754e-07,N,N
CF18_English_N_0028.npy,22.617094,-3.0296104,-5.2215304,-51.239147,1.0,7.2740806e-12,8.125289e-13,8.407034e-33,N,N
CF04_English_N_0114.npy,23.872017,-6.7787676,-5.4834485,-45.24412,1.0,4.8812815e-14,1.7827216e-13,9.621529e-31,N,N
CF09_Hindi_N_0171.npy,20.41998,-6.9977527,-1.6348895,-41.559822,1.0,1.2377421e-12,2.6405367e-10,1.2092452e-27,N,N
CM35_English_N_0121.npy,34.331623,-5.520418,-12.122646,-66.04214,1.0,4.925809e-18,6.686012e-21,2.5e-44,N,N
CF14_English_N_0041.npy,10.986935,-4.0281744,1.956066,-29.480257,0.99987996,3.01279e-07,0.00011964416,2.6623737e-18,N,N
CM05_English_N_0096.npy,26.019423,-3.5662203,-7.648192,-55.86921,1.0,1.416179e-13,2.389687e-15,2.7303497e-36,N,N
CF04_Hindi_N_0038.npy,36.74909,-7.8504887,-12.026946,-69.59048,1.0,4.272175e-20,6.558991e-22,0.0,N,N
CF09_Hindi_N_0092.npy,18.115408,-9.43126,-4.536509,-23.642614,1.0,1.088012e-12,1.4534418e-10,7.3235444e-19,N,N
CF02_Gujarati_N_0006.npy,16.631641,-1.2279592,-5.968363,-34.92317,1.0,1.7525654e-08,1.5308861e-10,4.0740904e-23,N,N
CM03_English_N_0024.npy,11.864329,0.1730015,-3.9809623,-29.479198,0.99999154,8.365984e-06,1.3136324e-07,1.1084852e-18,N,N
CF04_Hindi_N_0129.npy,7.791083,-4.757269,1.423097,-19.252012,0.99828374,3.5446574e-06,0.001712667,1.7971619e-12,N,N
CF09_English_N_0021.npy,25.980822,-5.9240737,-5.723971,-54.61889,1.0,1.3927713e-14,1.7013112e-14,9.9081216e-36,N,N
CF04_English_N_0052.npy,38.271774,-13.58504,-9.640649,-69.628136,1.0,3.012113e-23,1.5556054e-21,0.0,N,N
CF04_Hindi_N_0070.npy,11.924059,-4.1982985,-2.0161738,-24.49259,0.99999905,9.9574734e-08,8.8274084e-07,1.5291494e-16,N,N
CM05_Hindi_N_0009.npy,15.236091,1.994946,-3.4914427,-43.79579,0.9999982,1.7760017e-06,7.357577e-09,2.3055688e-26,N,N
CM03_English_N_0031.npy,13.726815,-1.3902678,-4.141145,-30.39786,0.99999976,2.7210365e-07,1.737975e-08,6.86905e-20,N,N
CF02_English_N_0030.npy,22.215542,-5.938566,-7.5294824,-39.351875,1.0,5.926881e-13,1.2075367e-13,1.8264612e-27,N,N
CF02_English_N_0008.npy,8.365874,-4.836006,-2.38031,-10.510072,0.9999765,1.8470812e-06,2.1526886e-05,6.3426477e-09,N,N
CF18_English_N_0048.npy,25.409473,-9.693375,-6.3230987,-40.902515,1.0,5.6888803e-16,1.6546985e-14,1.5887998e-29,N,N
CM38_English_N_0133.npy,37.357876,-6.7586427,-10.596582,-80.658615,1.0,6.925304e-20,1.4915664e-21,0.0,N,N
CM27_Gujarati_N_0019.npy,11.712449,-0.7327636,-3.817029,-27.523668,0.9999958,3.936508e-06,1.8014887e-07,9.119448e-18,N,N
CF02_English_N_0100.npy,27.510326,-6.6009545,-7.2074914,-55.128395,1.0,1.5334101e-15,8.360701e-16,1.2896176e-36,N,N
CF14_Hindi_N_0136.npy,18.80524,-4.6025524,-5.1025233,-37.83973,1.0,6.825346e-11,4.1399e-11,2.5084308e-25,N,N
CF09_Hindi_N_0075.npy,15.485439,-6.823161,-0.35897863,-28.124144,0.9999999,2.0487902e-10,1.3147914e-07,1.1497398e-19,N,N
CM38_English_N_0001.npy,24.136086,-4.083815,-5.7646337,-49.69992,1.0,5.5494904e-13,1.0334343e-13,8.578867e-33,N,N
CF09_Hindi_N_0113.npy,23.677006,-4.4363112,-8.470134,-44.60198,1.0,6.1736407e-13,1.09313625e-14,2.2223578e-30,N,N
CF20_Gujarati_N_0044.npy,30.611858,-9.868147,-6.844499,-52.919323,1.0,2.6288021e-18,5.4064383e-17,5.2828575e-37,N,N
CF09_Hindi_N_0131.npy,45.82531,-10.53206,-14.185178,-82.89454,1.0,3.3443048e-25,8.665165e-27,0.0,N,N
CF04_English_N_0110.npy,21.260376,-4.1192937,-6.4808693,-43.90059,1.0,9.500571e-12,8.956334e-13,5.0228765e-29,N,N
CM24_Gujarati_N_0023.npy,12.501049,-5.093917,-1.4795059,-26.332933,0.99999917,2.2835083e-08,8.4785574e-07,1.3633724e-17,N,N
CF14_Hindi_N_0062.npy,17.846912,-8.794726,-5.403099,-24.01224,1.0,2.6895701e-12,7.991868e-11,6.619124e-19,N,N
CF20_Gujarati_N_0064.npy,22.681385,-7.3293324,-1.7261034,-47.118874,1.0,9.2578695e-14,2.5116707e-11,4.854351e-31,N,N
CF14_Hindi_N_0093.npy,19.444632,-9.599442,-6.217214,-23.92182,1.0,2.433993e-13,7.1647627e-12,1.4661876e-19,N,N
CF18_English_N_0052.npy,24.917448,-10.220419,-6.618439,-36.59575,1.0,5.49311e-16,2.014366e-14,1.9282226e-27,N,N
CM16_Hindi_N_0051.npy,24.476303,-5.511304,-10.709454,-35.908707,1.0,9.4743224e-14,5.236246e-16,5.958315e-27,N,N
CM35_English_N_0094.npy,38.082104,-10.069426,-9.178736,-75.77021,1.0,1.2247779e-21,2.98454e-21,0.0,N,N
CF04_Hindi_N_0114.npy,30.342506,-12.989626,-9.053446,-44.032898,1.0,1.5173818e-19,7.772418e-18,5.0023298e-33,N,N
CM30_Gujarati_N_0013.npy,19.473053,-3.2206895,-5.8928785,-39.82051,1.0,1.3939036e-10,9.631979e-12,1.7747304e-26,N,N
CF02_Gujarati_N_0003.npy,19.418879,-4.3580995,-5.2417397,-39.26011,1.0,4.718347e-11,1.9499784e-11,3.2812577e-26,N,N
CF04_English_N_0039.npy,33.57037,-8.608144,-10.308764,-61.97837,1.0,4.8095533e-19,8.7807936e-20,3.19e-42,N,N
CF04_Hindi_N_0028.npy,29.368174,-7.8840356,-9.28592,-51.23841,1.0,6.630882e-17,1.6320745e-17,9.840245e-36,N,N
CM05_Hindi_N_0022.npy,7.9850225,1.5009279,-1.5745642,-24.538744,0.99840444,0.0015251058,7.040943e-05,7.488841e-15,N,N
CF04_Hindi_N_0051.npy,25.564589,-12.6080675,-7.485456,-35.738956,1.0,2.6413485e-17,4.43147e-15,2.3779873e-27,N,N
CM05_Hindi_N_0032.npy,11.68989,0.89594,-2.371511,-32.32015,0.99997866,2.0522855e-05,7.819909e-07,7.7032345e-20,N,N
CM35_English_N_0091.npy,26.123892,-3.0685377,-8.671005,-54.000114,1.0,2.0984051e-13,7.740471e-16,1.5943562e-35,N,N
CM35_English_N_0122.npy,24.824162,-6.582037,-8.235644,-45.29548,1.0,2.2933022e-14,4.3884214e-15,3.5271625e-31,N,N
CM30_Gujarati_N_0052.npy,12.499803,1.5582964,-2.522347,-37.131676,0.9999819,1.7707462e-05,2.9919565e-07,2.7881452e-22,N,N
CM05_Hindi_N_0087.npy,9.662404,-0.7580002,-3.2971778,-21.899565,0.9999678,2.9816856e-05,2.3534844e-06,1.9624415e-14,N,N
CF04_English_N_0016.npy,22.460836,-8.286088,-8.967862,-30.28841,1.0,4.4338394e-14,2.2422768e-14,1.2339402e-23,N,N
CF04_Hindi_N_0103.npy,14.804671,-7.2747335,-1.3465909,-25.600935,0.9999999,2.5765365e-10,9.673772e-08,2.8318386e-18,N,N
CM03_English_N_0049.npy,9.277001,2.3180695,-1.3827364,-30.001062,0.9990274,0.00094918674,2.3448345e-05,8.7363615e-18,N,N
CF04_English_N_0073.npy,23.217339,-7.5549273,-7.5070753,-38.825012,1.0,4.3228933e-14,4.5347793e-14,1.1359244e-27,N,N
CF14_Hindi_N_0041.npy,14.155135,-5.510083,-3.289084,-24.168192,1.0,2.8807408e-09,2.6550438e-08,2.2719091e-17,N,N
CF02_English_N_0090.npy,15.0303545,-1.6063123,-5.0961566,-30.703054,1.0,5.953704e-08,1.816216e-09,1.3747776e-20,N,N
CF02_English_N_0081.npy,22.741386,-7.382783,-9.178097,-30.816694,1.0,8.2649436e-14,1.372602e-14,5.4956658e-24,N,N
CF04_English_N_0099.npy,34.308426,-6.648128,-11.249068,-64.45922,1.0,1.6322792e-18,1.6391973e-20,1.28e-43,N,N
CM16_Hindi_N_0027.npy,16.44359,-4.173356,-3.1024175,-31.33056,1.0,1.1121762e-09,3.2454652e-09,1.7862816e-21,N,N
CF14_Gujarati_N_0007.npy,15.708361,-8.577268,-4.305592,-19.968557,1.0,2.837169e-11,2.0325956e-09,3.204139e-16,N,N
CM35_English_N_0057.npy,24.011131,-6.438727,-6.713439,-43.79446,1.0,5.967533e-14,4.5340705e-14,3.5678567e-30,N,N
CM16_Hindi_N_0063.npy,18.102062,-10.938182,-3.802796,-24.011026,1.0,2.4433282e-13,3.0679e-10,5.1347247e-19,N,N
CM05_English_N_0072.npy,12.892875,-0.84762794,-3.8097415,-30.57445,0.9999989,1.0778917e-06,5.573727e-08,1.3255036e-19,N,N
CF04_Hindi_N_0075.npy,18.095608,-9.5369,0.62231505,-33.564873,1.0,9.985149e-13,2.5789632e-08,3.6655435e-23,N,N
CF02_Gujarati_N_0035.npy,15.77444,-5.4725037,-5.046235,-27.49613,1.0,5.9233757e-10,9.071848e-10,1.6137295e-19,N,N
CM38_English_N_0097.npy,16.558739,0.08159587,-4.0310206,-42.939808,0.9999999,6.983417e-08,1.142828e-09,1.4458042e-26,N,N
CM05_English_N_0069.npy,14.894997,1.571707,-4.9276423,-40.35565,0.99999833,1.6359425e-06,2.4611404e-09,1.0114572e-24,N,N
CM05_English_N_0026.npy,8.807934,2.1355014,-0.7634641,-29.791195,0.99866676,0.0012636302,6.9600974e-05,1.7219953e-17,N,N
CM35_English_N_0112.npy,30.774218,-7.835467,-9.417174,-55.563095,1.0,1.7061897e-17,3.508332e-18,3.1928782e-38,N,N
CM35_English_N_0073.npy,21.833889,-5.9499693,-5.383953,-43.053425,1.0,8.5826864e-13,1.5116156e-12,6.6038567e-29,N,N
CM03_English_N_0098.npy,7.8502855,0.68723005,-1.3954773,-23.16269,0.9991295,0.00077400956,9.643574e-05,3.3951452e-14,N,N
CF09_Hindi_N_0076.npy,17.342838,-4.1266923,-6.287604,-30.155107,1.0,4.7413445e-10,5.4629797e-11,2.3545256e-21,N,N
CM35_English_N_0063.npy,20.859085,-4.168471,-6.6645975,-40.01775,1.0,1.351048e-11,1.1133122e-12,3.643565e-27,N,N
CM35_English_N_0049.npy,23.506836,-3.5704446,-5.6913247,-52.302105,1.0,1.7397493e-12,2.0864125e-13,1.1928715e-33,N,N
CM16_Hindi_N_0061.npy,23.005835,-7.281394,-7.4564157,-39.330753,1.0,7.021408e-14,5.894039e-14,8.463786e-28,N,N
CM38_English_N_0056.npy,13.186135,1.1665564,-3.3155599,-36.064133,0.9999938,6.025048e-06,6.8139975e-08,4.082048e-22,N,N
CF09_Hindi_N_0040.npy,22.910725,-3.0709128,-8.4185505,-45.875732,1.0,5.2037693e-12,2.4766732e-14,1.3378978e-30,N,N
CF04_Hindi_N_0040.npy,32.41014,-8.194273,-10.988132,-57.900135,1.0,2.3212731e-18,1.4202647e-19,6.00824e-40,N,N
CM05_English_N_0017.npy,15.734639,0.83174413,-5.2341504,-39.78277,0.99999964,3.3709694e-07,7.82294e-10,7.74634e-25,N,N
CF04_English_N_0103.npy,18.57747,-4.039984,-6.6152625,-32.856285,1.0,1.5044034e-10,1.14534085e-11,4.598376e-23,N,N
CF14_English_N_0014.npy,18.198162,-0.20291331,-6.243212,-40.64613,1.0,1.0197988e-08,2.4279861e-11,2.7813066e-26,N,N
CM38_English_N_0116.npy,21.286314,3.4774332,-4.581682,-63.36402,1.0,1.8437488e-08,5.830046e-12,1.7251453e-37,N,N
CM38_English_N_0095.npy,28.891901,-8.653198,-7.699207,-56.9457,1.0,4.947336e-17,1.284353e-16,5.2626403e-38,N,N
CF04_Hindi_N_0052.npy,18.226387,1.86974,-4.013745,-48.44102,0.9999999,7.877678e-08,2.193985e-10,1.1135614e-29,N,N
CM16_Hindi_N_0064.npy,27.549204,-11.081666,-9.783391,-36.380615,1.0,1.6704211e-17,6.1187066e-17,1.7204148e-28,N,N
CF14_Gujarati_N_0057.npy,15.291754,-2.3731024,-2.5490627,-36.36909,1.0,2.129367e-08,1.785796e-08,3.6642157e-23,N,N
CF02_English_N_0013.npy,16.237202,-4.2964373,-6.2928987,-26.131083,1.0,1.2087996e-09,1.6417309e-10,3.9782047e-19,N,N
CM27_Gujarati_N_0008.npy,19.58421,-7.5595593,-5.6367726,-30.185373,1.0,1.6278381e-12,1.11344016e-11,2.4285332e-22,N,N
CM16_Hindi_N_0073.npy,18.18479,-3.826021,-4.428432,-38.299675,1.0,2.759474e-10,1.5107841e-10,2.945153e-25,N,N
CF09_Hindi_N_0004.npy,25.07212,-5.529266,-6.6849103,-51.200356,1.0,5.128454e-14,1.6147187e-14,7.5038554e-34,N,N
CM38_English_N_0008.npy,24.940182,-5.4360433,-7.834891,-49.25824,1.0,6.423523e-14,5.833997e-15,5.970811e-33,N,N
CM05_Hindi_N_0026.npy,21.729786,-4.945265,-6.1206126,-41.154976,1.0,2.6011936e-12,8.030182e-13,4.8920956e-28,N,N
CF04_Hindi_N_0124.npy,15.690678,-1.9106026,-4.568848,-31.706326,1.0,2.2691392e-08,1.5900102e-09,2.6046122e-21,N,N
CF02_English_N_0040.npy,15.752706,-1.7363062,-5.0696244,-34.901115,1.0,2.5387427e-08,9.0568414e-10,1.0030567e-22,N,N
CF02_English_N_0011.npy,22.214989,-3.2560363,-7.3140416,-45.238266,1.0,8.6711e-12,1.4986675e-13,5.0748555e-30,N,N
CF04_Hindi_N_0093.npy,30.620186,-8.201829,-10.161676,-51.5353,1.0,1.3797919e-17,1.9438515e-18,2.0908616e-36,N,N
CM16_Hindi_N_0008.npy,10.362115,-1.104928,-3.3101144,-22.206285,0.9999883,1.0469393e-05,1.1540402e-06,7.173283e-15,N,N
CM05_English_N_0021.npy,7.302838,2.1755414,-1.1129848,-24.663015,0.99388367,0.005896292,0.00021998349,1.3023932e-14,N,N
CM05_English_N_0065.npy,16.423868,-0.9150074,-5.68171,-36.963943,1.0,2.9500022e-08,2.5099767e-10,6.5158163e-24,N,N
CM16_Hindi_N_0057.npy,14.561399,-8.44985,-3.0481105,-18.106379,1.0,1.0147085e-10,2.2505404e-08,6.494777e-15,N,N
CF02_Gujarati_N_0022.npy,25.496954,-7.1124015,-7.593483,-46.45937,1.0,6.8855185e-15,4.256033e-15,5.620391e-32,N,N
CM27_Gujarati_N_0031.npy,13.8955965,-5.605485,-4.7963004,-19.690767,1.0,3.3945948e-09,7.62452e-09,2.591953e-15,N,N
CM16_Hindi_N_0043.npy,15.970159,-10.90895,-3.325345,-16.893585,1.0,2.1210531e-12,4.1693586e-09,5.338974e-15,N,N
CF02_English_N_0092.npy,12.85283,-2.2218385,-4.0718894,-26.504976,0.99999976,2.838928e-07,4.463627e-08,8.074607e-18,N,N
CF14_Gujarati_N_0059.npy,17.449963,-5.665941,-3.2375412,-31.707644,1.0,9.138828e-11,1.0364092e-09,4.478392e-22,N,N
CM05_Hindi_N_0047.npy,26.374752,-3.3771024,-6.061616,-59.52861,1.0,1.199317e-13,8.185869e-15,4.927676e-38,N,N
CM24_Gujarati_N_0051.npy,16.8473,1.2242002,-1.9368029,-49.47562,0.9999999,1.6404921e-07,6.952924e-09,1.571524e-29,N,N
CM05_Hindi_N_0043.npy,20.000383,-2.8278956,-4.1812773,-45.41856,1.0,1.2184401e-10,3.1480284e-11,3.8807266e-29,N,N
CF09_Hindi_N_0159.npy,18.58871,-6.3212895,-4.4413266,-31.071405,1.0,1.5195834e-11,9.958227e-11,2.7094724e-22,N,N
CF02_English_N_0057.npy,15.345139,-5.337082,-5.0607715,-24.7315,1.0,1.0418993e-09,1.3734905e-09,3.934935e-18,N,N
CM05_Hindi_N_0049.npy,22.338245,-2.7727294,-4.733001,-52.025867,1.0,1.2429167e-11,1.7502769e-12,5.0591334e-33,N,N
CM35_English_N_0004.npy,22.111492,-3.9631853,-3.3137054,-52.736923,1.0,4.7414577e-12,9.077724e-12,3.1170554e-33,N,N
CF14_Gujarati_N_0031.npy,12.445155,-1.6688666,-3.358035,-27.241926,0.99999917,7.4192167e-07,1.3701286e-07,5.809244e-18,N,N
CF09_Hindi_N_0118.npy,20.716064,-4.1414704,-5.9549956,-42.61489,1.0,1.6014374e-11,2.6115935e-12,3.1312337e-28,N,N
CF14_English_N_0032.npy,16.172318,-4.7411118,-3.4004936,-32.022594,1.0,8.26824e-10,3.1596294e-09,1.1727777e-21,N,N
CF04_Hindi_N_0057.npy,11.620441,-1.8182507,-0.3608164,-28.646791,0.99999225,1.4576284e-06,6.260408e-06,3.2520614e-18,N,N
CF02_English_N_0028.npy,23.946032,-4.584623,-7.750244,-47.80436,1.0,4.067186e-13,1.7158621e-14,6.9056085e-32,N,N
CM38_English_N_0124.npy,19.766773,-3.084814,-4.6349483,-47.639385,1.0,1.1903695e-10,2.5261945e-11,5.31958e-30,N,N
CM05_English_N_0063.npy,9.474527,2.2641191,-1.5862857,-32.023064,0.999246,0.0007382984,1.5704438e-05,9.495076e-19,N,N
CF02_English_N_0050.npy,12.079085,-6.3770905,-4.3652043,-13.915858,0.9999999,9.651265e-09,7.216647e-08,5.1349875e-12,N,N
CF04_Hindi_N_0118.npy,25.996737,-9.771209,-4.441385,-45.671947,1.0,2.925359e-16,6.03798e-14,7.4935085e-32,N,N
CM35_English_N_0019.npy,27.417889,-6.6499267,-8.019239,-52.46839,1.0,1.601535e-15,4.0724119e-16,2.0222324e-35,N,N
CF09_English_N_0008.npy,20.763016,-4.632389,-7.18537,-35.09561,1.0,9.352244e-12,7.2806567e-13,5.50689e-25,N,N
CF04_English_N_0054.npy,30.201584,-5.098401,-9.470263,-60.01198,1.0,4.6710204e-16,5.898436e-18,6.61832e-40,N,N
CF14_Gujarati_N_0060.npy,14.074138,-4.0931396,-4.404395,-25.018621,1.0,1.2884017e-08,9.437896e-09,1.05252116e-17,N,N
CF04_Hindi_N_0100.npy,24.968718,-9.702064,-5.924939,-40.59747,1.0,8.7633764e-16,3.828732e-14,3.349405e-29,N,N
CF04_Hindi_N_0090.npy,31.087082,-3.3247619,-10.530771,-62.764793,1.0,1.1353421e-15,8.4255226e-19,1.7404e-41,N,N
CM24_Gujarati_N_0049.npy,15.721131,2.4173312,-0.9980805,-48.950676,0.99999833,1.6681386e-06,5.4819864e-08,8.1920134e-29,N,N
CM30_English_N_0043.npy,6.1820455,11.733486,-2.3386497,-47.2176,0.0038668467,0.9961324,7.706658e-07,2.4899171e-26,L,N
CF04_Hindi_N_0139.npy,7.855671,-4.333622,0.6881741,-16.043638,0.9992242,5.080662e-06,0.0007706527,4.1718132e-11,N,N
CF04_Hindi_N_0126.npy,10.882073,1.0693216,-0.60364807,-31.07084,0.99993503,5.4745422e-05,1.0275106e-05,6.0263204e-19,N,N
CF09_English_N_0041.npy,29.886583,-9.569097,-8.61766,-53.80528,1.0,7.321761e-18,1.8959208e-17,4.4986815e-37,N,N
CF09_English_N_0036.npy,24.240463,-12.789668,-0.7344073,-41.576694,1.0,8.279763e-17,1.4241361e-11,2.605993e-29,N,N
CF04_Hindi_N_0060.npy,16.299566,2.2253532,-3.4729247,-44.74148,0.9999993,7.7205215e-07,2.587711e-09,3.0917914e-27,N,N
CF09_Hindi_N_0152.npy,16.210255,-4.787101,3.2152085,-42.02443,0.99999774,7.6026146e-10,2.2715483e-06,5.1167842e-26,N,N
CM16_Hindi_N_0060.npy,21.085041,-7.42396,-5.674949,-36.620514,1.0,4.156218e-13,2.3893717e-12,8.685521e-26,N,N
CM24_Gujarati_N_0059.npy,9.813845,-4.0443854,-3.2911444,-15.552445,0.999997,9.581768e-07,2.0350462e-06,9.628497e-12,N,N
CM05_Hindi_N_0027.npy,15.558112,-2.5574224,-3.1799088,-35.909016,1.0,1.3568243e-08,7.2808235e-09,4.4474387e-23,N,N
CF02_Gujarati_N_0067.npy,16.78588,-2.4966533,-4.9246984,-36.180946,1.0,4.223795e-09,3.7257714e-10,9.926569e-24,N,N
CF14_Gujarati_N_0006.npy,16.58327,-5.3873796,-3.3680153,-30.036398,1.0,2.872553e-10,2.1640498e-09,5.6667737e-21,N,N
CM16_Hindi_N_0072.npy,16.10431,-4.4888153,-6.453092,-23.16295,1.0,1.1389896e-09,1.5975149e-10,8.8398865e-18,N,N
CM35_English_N_0105.npy,17.611439,-3.0008252,-4.949058,-36.815025,1.0,1.1173962e-09,1.5925773e-10,2.3061469e-24,N,N
CM05_Hindi_N_0042.npy,11.454609,1.7368157,-1.9110498,-35.116585,0.99993825,6.0198974e-05,1.567983e-06,5.9478604e-21,N,N
CM30_Gujarati_N_0027.npy,9.4809475,8.1146965,-1.5590099,-45.382065,0.79676354,0.20322362,1.27860685e-05,1.1874768e-24,N,N
CM30_English_N_0007.npy,15.195083,-1.1340702,-2.812549,-40.147923,0.9999999,8.0972754e-08,1.5114194e-08,9.222269e-25,N,N
CF02_English_N_0056.npy,10.23893,-2.0541933,-3.6213303,-20.97869,0.9999945,4.583129e-06,9.562318e-07,2.7692231e-14,N,N
CM03_English_N_0087.npy,10.894839,-1.6930175,-3.2477088,-23.610708,0.9999958,3.4131995e-06,7.21054e-07,1.0337838e-15,N,N
CM38_English_N_0079.npy,27.564571,-4.2761087,-6.6483927,-61.824287,1.0,1.4851445e-14,1.3851568e-15,1.50978e-39,N,N
CF14_Gujarati_N_0058.npy,9.37419,-5.575697,-2.273497,-10.805918,0.99999094,3.2161958e-07,8.739155e-06,1.7214202e-09,N,N
CM30_Gujarati_N_0037.npy,8.22556,9.227132,-1.7180682,-48.925926,0.26862907,0.73135805,1.2902983e-05,4.060488e-26,L,N
CM16_Hindi_N_0074.npy,22.82996,-14.83376,-4.5435996,-25.701624,1.0,4.393945e-17,1.2936416e-12,8.3752956e-22,N,N
CF14_Gujarati_N_0049.npy,19.353798,-8.405542,-4.7176385,-29.524582,1.0,8.795726e-13,3.5148613e-11,5.9209224e-22,N,N
CM27_Gujarati_N_0026.npy,11.791366,-1.9299176,-3.4550467,-25.974586,0.9999987,1.0988084e-06,2.3909294e-07,3.966929e-17,N,N
CM27_Gujarati_N_0001.npy,8.401849,0.1497533,-2.090654,-22.33972,0.9997116,0.00026063653,2.7735685e-05,4.4563647e-14,N,N
CF09_English_N_0045.npy,21.301233,-8.302114,-4.9083543,-36.628887,1.0,1.3913278e-13,4.1430574e-12,6.938531e-26,N,N
CF02_Gujarati_N_0004.npy,19.01976,-0.9765125,-6.0323253,-43.46075,1.0,2.0688498e-09,1.3183094e-11,7.329241e-28,N,N
CF20_Gujarati_N_0001.npy,17.522827,-10.633384,0.044014454,-26.61971,1.0,5.914426e-13,2.5647669e-08,6.747431e-20,N,N
CM35_English_N_0015.npy,25.31499,-3.5650845,-7.4277225,-52.03021,1.0,2.867764e-13,6.0258966e-15,2.5668864e-34,N,N
CF04_English_N_0082.npy,51.77911,-21.203156,-12.9379635,-84.635796,1.0,2.0146664e-32,7.8294806e-29,0.0,N,N
CM05_English_N_0050.npy,18.744474,-2.6502934,-3.305884,-44.6582,1.0,5.1094057e-10,2.652475e-10,2.9145367e-28,N,N
CF04_Hindi_N_0116.npy,35.166058,-17.962133,-4.8285065,-53.392605,1.0,8.447354e-24,4.271511e-18,3.463072e-39,N,N
CF09_Hindi_N_0166.npy,21.429516,-8.92636,-2.8953662,-36.017143,1.0,6.5555654e-14,2.7279585e-11,1.1252084e-25,N,N
CF14_English_N_0021.npy,15.575643,-4.931109,-3.6885772,-27.145124,1.0,1.2417403e-09,4.301856e-09,2.7964446e-19,N,N
CF02_Gujarati_N_0051.npy,17.126312,-3.2688568,-4.9606185,-36.25357,1.0,1.3883243e-09,2.5572175e-10,6.5676717e-24,N,N
CM38_English_N_0098.npy,20.750603,0.13527104,-2.8477607,-57.409306,1.0,1.1139745e-09,5.641061e-11,1.1365314e-34,N,N
CF14_Gujarati_N_0054.npy,26.45459,-7.965464,-7.709771,-44.0965,1.0,1.1260558e-15,1.4541425e-15,2.2911443e-31,N,N
CF04_English_N_0083.npy,27.055803,-4.3888316,-8.807117,-54.62741,1.0,2.2068275e-14,2.6603e-16,3.3529854e-36,N,N
CM16_Hindi_N_0065.npy,30.736141,-14.920079,-6.3539586,-47.338387,1.0,1.4851004e-20,7.7978435e-17,1.2378416e-34,N,N
CM05_English_N_0079.npy,16.24846,1.3592315,-4.352658,-44.403122,0.99999964,3.417354e-07,1.1299206e-09,4.5640773e-27,N,N
CM30_Gujarati_N_0057.npy,10.371545,-0.85730153,-3.8707151,-21.474737,0.9999862,1.3285194e-05,6.5261804e-07,1.476825e-14,N,N
CM30_Gujarati_N_0072.npy,13.832542,-1.2817228,-3.2690945,-33.909645,0.99999976,2.7287126e-07,3.739843e-08,1.844299e-21,N,N
CF04_Hindi_N_0004.npy,30.2296,-3.1103783,-8.597534,-67.44042,1.0,3.3161196e-15,1.3727464e-17,3.83e-43,N,N
CF14_English_N_0010.npy,13.35122,-2.5062208,-3.7736025,-28.23807,0.9999999,1.2977793e-07,3.65413e-08,8.66963e-19,N,N
CF04_Hindi_N_0043.npy,31.580599,-6.6648974,-7.0663304,-62.126717,1.0,2.4557978e-17,1.6438087e-17,2.0111e-41,N,N
CF04_English_N_0084.npy,28.731853,-6.186925,-7.2468233,-58.010086,1.0,6.838607e-16,2.369516e-16,2.1303583e-38,N,N
CF02_Gujarati_N_0025.npy,23.001707,-4.213355,-6.237642,-48.4348,1.0,1.5158251e-12,2.0022207e-13,9.451891e-32,N,N
CM05_English_N_0087.npy,11.058485,6.000922,-3.0653386,-41.11844,0.9936785,0.0063208323,7.300413e-07,2.1731766e-23,N,N
CM03_English_N_0058.npy,6.7050905,-2.938963,-2.6263084,-8.785005,0.99984646,6.4799875e-05,8.858461e-05,1.8735724e-07,N,N
CM27_Gujarati_N_0012.npy,7.2867646,-1.969648,-2.4942513,-14.778584,0.999848,9.548279e-05,5.6505793e-05,2.612614e-10,N,N
CM16_Hindi_N_0024.npy,19.613495,-4.084528,-4.916654,-37.882824,1.0,5.105984e-11,2.2217308e-11,1.0706955e-25,N,N
CM38_English_N_0057.npy,12.609023,0.02083537,-1.0519842,-35.790096,0.99999535,3.4120653e-06,1.167073e-06,9.561523e-22,N,N
CM38_English_N_0018.npy,20.321264,-0.61653095,-3.576788,-51.8312,1.0,8.0692075e-10,4.1803037e-11,4.6193645e-32,N,N
CM35_English_N_0026.npy,19.788795,-4.71564,-7.1295104,-35.798157,1.0,2.2795989e-11,2.0395205e-12,7.2259245e-25,N,N
CF20_Gujarati_N_0035.npy,20.326982,-13.252693,-2.4809365,-24.471703,1.0,2.609354e-15,1.243503e-10,3.5008952e-20,N,N
CF02_English_N_0063.npy,19.564234,-0.31657317,-5.5990176,-48.705887,1.0,2.3220676e-09,1.1796103e-11,2.2421473e-30,N,N
CM30_Gujarati_N_0060.npy,10.520806,-1.599452,-0.94932884,-25.00665,0.999984,5.4479333e-06,1.0437028e-05,3.720609e-16,N,N
CF09_Hindi_N_0125.npy,26.36563,-5.783591,-7.905131,-51.933018,1.0,1.09086595e-14,1.3073692e-15,9.893057e-35,N,N
CF04_English_N_0068.npy,26.947514,-3.980432,-9.92109,-50.572685,1.0,3.699676e-14,9.7312644e-17,2.154784e-34,N,N
CF09_English_N_0023.npy,18.247925,-7.4431973,-3.4652863,-31.552027,1.0,6.9580487e-12,3.7159703e-10,2.3558991e-22,N,N
CF09_English_N_0001.npy,29.404926,-6.798592,-9.488979,-53.66758,1.0,1.8923956e-16,1.28407804e-17,8.357327e-37,N,N
CM05_English_N_0051.npy,24.346062,-6.0489945,-7.9693437,-43.674488,1.0,6.3036924e-14,9.238408e-15,2.8777226e-30,N,N
CM27_Gujarati_N_0005.npy,8.41787,-2.508366,-3.1819391,-14.517879,0.9999728,1.7979786e-05,9.167592e-06,1.094256e-10,N,N
CM38_English_N_0100.npy,21.116564,1.3356786,-4.313206,-59.84034,1.0,2.5660818e-09,9.036317e-12,6.9320934e-36,N,N
CM05_Hindi_N_0099.npy,20.815147,-1.7671959,-6.444475,-48.558323,1.0,1.558162e-10,1.4497608e-12,7.4384596e-31,N,N
CM05_Hindi_N_0098.npy,12.996071,2.0697289,-0.9272487,-42.509636,0.99998105,1.7978016e-05,8.977819e-07,7.837357e-25,N,N
CF20_Gujarati_N_0027.npy,21.178776,-11.283931,0.9897913,-38.63748,1.0,7.973064e-15,1.7062226e-09,1.0522755e-26,N,N
CM03_English_N_0008.npy,9.33212,0.07636592,-2.1012301,-24.389847,0.99989355,9.555e-05,1.0827125e-05,2.263029e-15,N,N
CM05_English_N_0101.npy,9.466231,-3.0601864,-3.107964,-14.883132,0.99999297,3.6294668e-06,3.460135e-06,2.6619679e-11,N,N
CM30_Gujarati_N_0066.npy,17.750092,-2.4702497,-2.811252,-42.505783,1.0,1.6535511e-09,1.1757683e-09,6.7796324e-27,N,N
CM35_English_N_0032.npy,30.168768,-6.260625,-9.940065,-56.201096,1.0,1.5097857e-16,3.8102636e-18,3.090609e-38,N,N
CF04_English_N_0025.npy,28.140326,-5.695456,-7.594361,-59.37372,1.0,2.0197937e-15,3.024282e-16,9.843121e-39,N,N
CF09_Hindi_N_0074.npy,34.380505,-8.776558,-10.355564,-62.91639,1.0,1.807698e-19,3.7271098e-20,5.55e-43,N,N
CF04_English_N_0109.npy,38.165318,-10.557696,-12.82739,-66.718475,1.0,6.9161357e-22,7.1474155e-23,0.0,N,N
CF04_Hindi_N_0128.npy,18.365936,-5.7243357,-1.235957,-39.146744,1.0,3.4492784e-11,3.0690663e-09,1.0533202e-25,N,N
CF18_English_N_0008.npy,21.703297,-4.56376,-7.533755,-38.044003,1.0,3.911675e-12,2.0068277e-13,1.1273991e-26,N,N
CF09_Hindi_N_0124.npy,26.806581,-5.6389084,-7.0944076,-52.946617,1.0,8.111545e-15,1.8922883e-15,2.3100786e-35,N,N
CM38_English_N_0017.npy,22.526552,-7.268014,-6.728476,-39.267838,1.0,1.149169e-13,1.9710737e-13,1.4555876e-27,N,N
CF14_Hindi_N_0129.npy,17.019445,-6.7616305,-5.6894956,-23.914469,1.0,4.6990464e-11,1.3728796e-10,1.6696558e-18,N,N
CF18_English_N_0030.npy,31.42583,-11.144076,-7.557233,-52.425957,1.0,3.2517998e-19,1.1745485e-17,3.8338024e-37,N,N
CF04_Hindi_N_0088.npy,15.8082905,-8.499394,1.1524944,-31.103518,0.9999995,2.7752745e-11,4.3158707e-07,4.2311694e-21,N,N
CM38_English_N_0126.npy,15.106246,2.2953277,-2.0319753,-47.57972,0.99999726,2.730785e-06,3.6054846e-08,5.968009e-28,N,N
CM05_English_N_0027.npy,13.847159,-2.1513274,-4.325626,-28.70209,0.9999999,1.12705614e-07,1.2813264e-08,3.3196816e-19,N,N
CF14_Hindi_N_0007.npy,13.95254,-0.85558707,-1.5379255,-35.27729,0.9999994,3.7060536e-07,1.8731639e-07,4.1663475e-22,N,N
CF09_Hindi_N_0144.npy,26.745234,-4.422271,-7.7200255,-54.247925,1.0,2.911557e-14,1.0762868e-15,6.6852726e-36,N,N
CM24_Gujarati_N_0012.npy,10.795469,-1.596559,0.22299236,-30.48345,0.9999702,4.1514263e-06,2.5610525e-05,1.182443e-18,N,N
CM16_Hindi_N_0055.npy,17.719872,-4.403384,-5.1986566,-33.914425,1.0,2.4659924e-10,1.11329425e-10,3.76279e-23,N,N
CM03_English_N_0064.npy,8.348882,-0.76517147,-3.06038,-17.499332,0.99987876,0.000110094225,1.10909305e-05,5.9458094e-12,N,N
CF14_Hindi_N_0028.npy,18.035244,-4.274514,-4.1660895,-37.141403,1.0,2.0464236e-10,2.2807786e-10,1.0891473e-24,N,N
CF04_English_N_0106.npy,31.339813,-16.624664,-5.459316,-45.484894,1.0,1.4766993e-21,1.0431364e-16,4.3197007e-34,N,N
CF02_English_N_0018.npy,26.694656,-11.211988,-6.7313485,-44.20677,1.0,3.4462955e-17,3.0427753e-15,1.6139904e-31,N,N
CF14_Gujarati_N_0020.npy,20.782536,-6.726041,-3.6729665,-39.103283,1.0,1.1302577e-12,2.3939253e-11,9.81566e-27,N,N
CF18_English_N_0022.npy,22.548157,-5.6446037,-3.8718324,-46.156937,1.0,5.702164e-13,3.3569488e-12,1.4512995e-30,N,N
CF04_English_N_0108.npy,30.90435,-10.517512,-8.396469,-51.766773,1.0,1.0249748e-18,8.5481275e-18,1.2484915e-36,N,N
CF14_English_N_0038.npy,8.804253,-4.7397633,0.38104331,-17.408249,0.99977905,1.311634e-06,0.0002196599,4.1300873e-12,N,N
CM30_Gujarati_N_0030.npy,5.03574,7.157426,1.1589899,-34.23976,0.10677015,0.8910178,0.0022120692,9.360882e-19,L,N
CM03_English_N_0055.npy,5.942421,4.926585,-1.3726596,-26.444986,0.7338022,0.26570955,0.00048829225,6.308231e-15,N,N
CF02_English_N_0077.npy,16.2285,-2.3955643,-4.5244536,-35.704746,1.0,8.159643e-09,9.707477e-10,2.7904714e-23,N,N
CM24_Gujarati_N_0026.npy,19.132915,-2.9994252,-5.592937,-38.707565,1.0,2.4436908e-10,1.8268316e-11,7.589241e-26,N,N
CF14_Hindi_N_0004.npy,11.888076,-4.459766,-1.688371,-22.82347,0.99999857,7.947346e-08,1.270058e-06,8.4133183e-16,N,N
CF18_English_N_0046.npy,26.099434,-10.588557,-5.1038537,-40.61228,1.0,1.1657556e-16,2.8092126e-14,1.0652953e-29,N,N
CF04_English_N_0047.npy,35.616055,-11.195523,-9.184647,-65.75347,1.0,4.6772487e-21,3.4938377e-20,1e-44,N,N
CM27_Gujarati_N_0062.npy,11.948035,-2.0156705,-4.8320794,-22.039371,0.99999917,8.622618e-07,5.1580823e-08,1.7356255e-15,N,N
CM05_Hindi_N_0031.npy,18.44268,-4.70158,-6.3283124,-33.56069,1.0,8.8833225e-11,1.7462032e-11,2.6014915e-23,N,N
CF02_English_N_0083.npy,25.73163,-5.3455763,-7.632115,-49.88327,1.0,3.1866992e-14,3.2382394e-15,1.4483274e-33,N,N
CM03_English_N_0070.npy,8.025242,-0.9569281,-3.2274432,-16.385115,0.99986136,0.0001256125,1.2970615e-05,2.5041288e-11,N,N
CM03_English_N_0069.npy,8.07879,-2.4449692,-2.5502582,-15.893722,0.99994886,2.688855e-05,2.420144e-05,3.8801493e-11,N,N
CM03_English_N_0063.npy,8.807704,-0.4128138,-2.9452662,-20.218878,0.9998932,9.8976816e-05,7.86509e-06,2.476679e-13,N,N
CM05_English_N_0093.npy,20.76313,-1.1101527,-6.181195,-49.448772,1.0,3.166312e-10,1.9871403e-12,3.216324e-31,N,N
CF02_Gujarati_N_0047.npy,24.143074,-3.837583,-8.292854,-47.10089,1.0,7.049443e-13,8.189461e-15,1.1458798e-31,N,N
CM16_Hindi_N_0086.npy,16.042244,-4.498514,-1.7060407,-36.03931,1.0,1.2002235e-09,1.9589242e-08,2.4058487e-23,N,N
CF14_Hindi_N_0107.npy,17.570763,-7.134433,-3.3917317,-29.380737,1.0,1.8649601e-11,7.8723533e-10,4.0665176e-21,N,N
CF14_Hindi_N_0089.npy,14.545945,-5.3259487,-1.9074795,-27.844797,0.9999999,2.3428564e-09,7.1510286e-08,3.889861e-19,N,N
CF14_Hindi_N_0003.npy,13.018865,-2.2031362,-3.7713141,-27.196083,0.99999976,2.4500156e-07,5.1064386e-08,3.4266555e-18,N,N
CF09_Hindi_N_0167.npy,17.030594,-3.569269,-2.6402063,-37.060654,1.0,1.13134e-09,2.8647085e-09,3.2245541e-24,N,N
CM38_English_N_0055.npy,12.788003,0.7242927,-3.2778435,-34.47862,0.99999416,5.7649386e-06,1.0536331e-07,2.9673238e-21,N,N
CM38_English_N_0076.npy,18.943937,-8.511605,-6.0379853,-24.756102,1.0,1.1918153e-12,1.41412914e-11,1.0503022e-19,N,N
CF04_Hindi_N_0063.npy,19.96413,2.0723348,-1.4462599,-61.01677,1.0,1.6970384e-08,5.030202e-10,6.767741e-36,N,N
CF02_English_N_0043.npy,18.456907,-2.7378118,-4.4889145,-43.160683,1.0,6.240945e-10,1.08331864e-10,1.7370802e-27,N,N
CM05_Hindi_N_0038.npy,14.441854,-0.1485143,-1.9246461,-39.0455,0.9999994,4.6076906e-07,7.8004476e-08,5.898437e-24,N,N
CM35_English_N_0062.npy,37.33794,-12.55316,-10.938005,-62.325916,1.0,2.1506582e-22,1.0814896e-21,5.2e-44,N,N
CF04_English_N_0069.npy,15.544082,-0.7458387,-2.5389557,-39.079914,0.9999999,8.421263e-08,1.4016391e-08,1.8927777e-24,N,N
CM05_Hindi_N_0125.npy,22.241135,-7.1250362,-7.1363273,-36.079792,1.0,1.763738e-13,1.7439347e-13,4.6940034e-26,N,N
CF14_English_N_0002.npy,5.271792,-4.324973,-0.67518383,-5.9973607,0.9973127,6.776557e-05,0.0026067093,1.2726254e-05,N,N
CF02_English_N_0029.npy,11.188157,-0.61108047,-3.6485658,-27.193249,0.99999213,7.510225e-06,3.6015504e-07,2.1437013e-17,N,N
CF02_English_N_0035.npy,18.411894,-5.609073,-6.5266857,-30.063004,1.0,3.6968036e-11,1.4767687e-11,8.863775e-22,N,N
CM05_Hindi_N_0045.npy,17.982548,-2.4603345,-5.2058992,-39.10067,1.0,1.3236371e-09,8.4993526e-11,1.6183542e-25,N,N
CF04_English_N_0050.npy,45.16282,-12.650122,-13.168196,-83.437294,1.0,7.8011404e-26,4.6468795e-26,0.0,N,N
CM05_English_N_0040.npy,21.726578,-5.1915016,-2.688498,-48.385857,1.0,2.0399834e-12,2.4926857e-11,3.5526844e-31,N,N
CF14_Hindi_N_0082.npy,16.206944,-9.980994,-2.8517356,-20.008842,1.0,4.2337258e-12,5.283487e-09,1.8693214e-16,N,N
CF04_Hindi_N_0142.npy,16.765787,-1.3201401,-4.196193,-38.299377,1.0,1.3975948e-08,7.8763934e-10,1.2175974e-24,N,N
CM24_Gujarati_N_0053.npy,8.639806,-0.1262491,-0.7542559,-23.804012,0.9997609,0.00015590026,8.319684e-05,8.123167e-15,N,N
CF04_Hindi_N_0067.npy,14.9860935,-2.903746,-2.4310594,-36.31253,1.0,1.7003627e-08,2.72789e-08,5.2637044e-23,N,N
CF04_Hindi_N_0071.npy,18.252163,-3.822945,-6.6059766,-32.20394,1.0,2.5876326e-10,1.6004694e-11,1.2223409e-22,N,N
CF20_Gujarati_N_0052.npy,23.589361,-11.811574,2.4927697,-49.82239,1.0,4.2224915e-16,6.884407e-10,1.3112387e-32,N,N
CM03_English_N_0047.npy,8.020227,1.2615899,-2.2655597,-22.522615,0.9988065,0.0011594243,3.40738e-05,5.4311678e-14,N,N
CM38_English_N_0137.npy,27.801113,-8.443776,-7.3373723,-53.329163,1.0,1.8157038e-16,5.4897164e-16,5.8286407e-36,N,N
CF18_English_N_0009.npy,25.622107,-12.460631,-4.767834,-36.6065,1.0,2.8898647e-17,6.336021e-14,9.428862e-28,N,N
CM05_English_N_0082.npy,16.389402,-0.7876676,-5.0548306,-39.339848,1.0,3.468111e-08,4.862818e-10,6.2675107e-25,N,N
CF20_Gujarati_N_0046.npy,21.931664,-12.837544,0.47302568,-37.676697,1.0,7.941916e-16,4.793274e-10,1.2954423e-26,N,N
CM30_English_N_0022.npy,11.481809,3.083477,-0.6520544,-43.44377,0.9997695,0.00022519087,5.3731624e-06,1.3996646e-24,N,N
CF09_Hindi_N_0012.npy,21.038486,-7.4781513,-5.939373,-34.01104,1.0,4.1245975e-13,1.9216065e-12,1.2367859e-24,N,N
CF04_Hindi_N_0021.npy,29.33334,-5.5310173,-9.017258,-59.629467,1.0,7.22108e-16,2.2107884e-17,2.311767e-39,N,N
CM30_Gujarati_N_0015.npy,9.221378,8.161381,-2.9380054,-45.129627,0.74268717,0.2573089,3.890923e-06,1.8469882e-24,N,N
CM30_English_N_0041.npy,4.607207,14.032394,-2.1615114,-51.132187,8.065992e-05,0.9999193,9.269183e-08,5.004341e-29,L,N
CM38_English_N_0061.npy,25.694088,-5.742941,-8.911063,-44.50379,1.0,2.2236775e-14,9.357792e-16,3.2617436e-31,N,N
CF04_Hindi_N_0077.npy,18.747335,-2.9373178,-4.124562,-42.514137,1.0,3.8236167e-10,1.1664374e-10,2.4801596e-27,N,N
CM35_English_N_0119.npy,33.710087,-11.2729225,-10.7297325,-54.88424,1.0,2.9115704e-20,5.0122382e-20,3.34173e-39,N,N
CF04_English_N_0096.npy,32.417145,-5.3691306,-9.77018,-67.178566,1.0,3.887136e-17,4.767358e-19,5.6e-44,N,N
CF14_Gujarati_N_0067.npy,18.327896,-3.284877,-4.8849273,-37.218544,1.0,4.1085782e-10,8.294662e-11,7.5246715e-25,N,N
CF09_Hindi_N_0122.npy,26.833311,-4.6600823,-9.012245,-52.09547,1.0,2.101809e-14,2.7068979e-16,5.2682523e-35,N,N
CF04_Hindi_N_0104.npy,28.675076,-15.452201,-7.8837523,-37.846504,1.0,6.851205e-20,1.3264883e-16,1.288388e-29,N,N
CF04_English_N_0095.npy,24.277565,-7.1794834,-7.45211,-43.853546,1.0,2.1796033e-14,1.6594993e-14,2.576525e-30,N,N
CF04_Hindi_N_0138.npy,11.373641,-3.1268106,-4.288015,-18.412825,0.9999994,5.0411944e-07,1.5784441e-07,1.1585172e-13,N,N
CM38_English_N_0084.npy,23.162735,-6.7603,-7.7226305,-39.724876,1.0,1.0106277e-13,3.860616e-14,4.878175e-28,N,N
CF09_Hindi_N_0027.npy,17.955963,-3.8667285,-5.262716,-35.490314,1.0,3.330625e-10,8.2462336e-11,6.1457735e-24,N,N
CM27_Gujarati_N_0066.npy,7.9128494,2.3754215,-0.5306877,-27.613947,0.9958652,0.0039203623,0.00021439721,3.7077446e-16,N,N
CM03_English_N_0021.npy,10.746498,-1.4326923,-1.5422082,-26.253714,0.9999902,5.136183e-06,4.603399e-06,8.531141e-17,N,N
CM38_English_N_0140.npy,10.696499,-6.7234306,-0.53830314,-17.487276,0.99998677,2.7202887e-08,1.3206314e-05,5.7535557e-13,N,N
CM30_English_N_0055.npy,13.6298895,-0.06980255,-3.8662882,-34.082138,0.9999989,1.1227911e-06,2.5206127e-08,1.9007667e-21,N,N
CM38_English_N_0123.npy,19.154867,-2.37959,-5.6477656,-42.756035,1.0,4.4432796e-10,1.6918165e-11,1.2954959e-27,N,N
CF20_Gujarati_N_0069.npy,16.556458,-6.6124916,1.1436132,-37.582455,0.99999976,8.666688e-11,2.0243543e-07,3.0744617e-24,N,N
CF18_English_N_0059.npy,14.119758,-4.156925,-1.9924341,-26.772968,0.9999999,1.1548804e-08,1.0059208e-07,1.73986e-18,N,N
CF02_English_N_0067.npy,13.88816,-1.4151714,-4.774843,-29.630802,0.99999976,2.2586426e-07,7.848039e-09,1.2587935e-19,N,N
CF04_Hindi_N_0008.npy,28.135538,-2.5754461,-8.651178,-61.371414,1.0,4.5960997e-14,1.0561656e-16,1.341607e-39,N,N
CF02_English_N_0001.npy,18.837215,-3.0295014,-6.959831,-35.16868,1.0,3.1871736e-10,6.2587123e-12,3.5118695e-24,N,N
CF04_English_N_0111.npy,27.171814,-8.902347,-8.191166,-45.4378,1.0,2.1537272e-16,4.385842e-16,2.9244425e-32,N,N
CF09_Hindi_N_0062.npy,9.250947,-6.193528,-0.7023569,-13.755645,0.9999522,1.9612315e-07,4.7567915e-05,1.01939714e-10,N,N
CM03_English_N_0056.npy,6.4323406,-0.47963884,-2.2707515,-14.553935,0.99883956,0.000994629,0.0001658787,7.6784296e-10,N,N
CM05_English_N_0008.npy,18.12457,-2.8049693,-6.8720326,-33.203453,1.0,8.136095e-10,1.3935202e-11,5.111185e-23,N,N
CF02_English_N_0082.npy,28.73352,-5.2901087,-10.234348,-53.155792,1.0,1.6738866e-15,1.1925307e-17,2.728496e-36,N,N
CM30_English_N_0049.npy,21.472023,-3.8491135,-6.0918994,-45.945293,1.0,1.00732625e-11,1.0694005e-12,5.2605742e-30,N,N
CF04_Hindi_N_0049.npy,7.628511,-4.114591,0.15722519,-16.252825,0.99942315,7.939349e-06,0.0005688676,4.2483163e-11,N,N
CF14_Hindi_N_0121.npy,22.652699,-7.4090843,-6.84411,-38.368523,1.0,8.796979e-14,1.5477421e-13,3.1536999e-27,N,N
CM03_English_N_0095.npy,16.233711,-3.0798955,-5.568706,-31.153011,1.0,4.094561e-09,3.3988365e-10,2.6315273e-21,N,N
CF02_English_N_0069.npy,26.634514,-2.1301684,-6.5947824,-64.90573,1.0,3.2185257e-13,3.704243e-15,1.7562e-40,N,N
CM24_Gujarati_N_0036.npy,15.4805975,-1.3509679,-4.355086,-35.336403,1.0,4.8994107e-08,2.4292486e-09,8.5203364e-23,N,N
CM03_English_N_0042.npy,5.934313,2.7219381,-0.4375614,-22.994265,0.9597206,0.038639214,0.0016401176,2.6219432e-13,N,N
CM16_Hindi_N_0030.npy,17.902357,-3.700042,-5.3530493,-34.17926,1.0,4.1514228e-10,7.948877e-11,2.4056925e-23,N,N
CM03_English_N_0014.npy,2.1133275,3.1143274,2.3414755,-19.391218,0.20091325,0.5466852,0.25240153,9.1981964e-11,L,N
CF14_Hindi_N_0100.npy,16.185228,-8.443648,-0.91214836,-28.283754,1.0,2.0128675e-11,3.7558134e-08,4.8681754e-20,N,N
CM24_Gujarati_N_0010.npy,2.6893814,-1.9231362,6.2024975,-20.882689,0.028933022,0.0002872123,0.9707798,1.6756136e-12,M,N
CM38_English_N_0036.npy,18.04198,-3.5164163,-3.502325,-42.535065,1.0,4.3381745e-10,4.3997386e-10,4.917263e-27,N,N
CF04_Hindi_N_0120.npy,13.880895,-4.042949,-3.6770296,-24.83718,1.0,1.6435154e-08,2.3696836e-08,1.5309244e-17,N,N
CM16_Hindi_N_0044.npy,23.852528,-6.087399,-6.0914702,-44.649586,1.0,9.937e-14,9.8966164e-14,1.7779117e-30,N,N
CM30_Gujarati_N_0003.npy,14.827458,1.6903596,-1.7369221,-46.98139,0.99999785,1.9707418e-06,6.4000005e-08,1.4346861e-27,N,N
CF14_Gujarati_N_0066.npy,11.604193,-3.6357572,-2.7837133,-21.889305,0.99999917,2.406431e-07,5.641719e-07,2.844183e-15,N,N
CM05_Hindi_N_0056.npy,14.0014305,-0.8804541,-2.456686,-35.69997,0.9999995,3.4425435e-07,7.117551e-08,2.5998942e-22,N,N
CF04_Hindi_N_0105.npy,26.397797,-9.802773,-7.8258986,-43.22129,1.0,1.897984e-16,1.3703725e-15,5.818548e-31,N,N
CF09_Hindi_N_0022.npy,22.76206,-5.515524,-5.922135,-43.766575,1.0,5.238432e-13,3.48829e-13,1.2793274e-29,N,N
CM03_English_N_0033.npy,10.674937,-0.41279343,-1.6657212,-27.255621,0.99998033,1.5298589e-05,4.3703044e-06,3.364804e-17,N,N
CM03_English_N_0016.npy,9.393634,2.0226626,0.06161523,-31.792883,0.99928266,0.00062880537,8.8479785e-05,1.2960203e-18,N,N
CF04_Hindi_N_0073.npy,25.343077,-1.5996189,-6.5225835,-59.433723,1.0,1.9903796e-12,1.4485044e-14,1.5202068e-37,N,N
CM05_English_N_0080.npy,7.3639464,3.5265408,-0.22802174,-30.95484,0.9784219,0.02108444,0.0004936013,2.2329992e-17,N,N
CM30_English_N_0013.npy,14.412467,4.2495027,-1.6892915,-50.409836,0.99996126,3.8571277e-05,1.0164315e-07,7.047163e-29,N,N
CF02_Gujarati_N_0054.npy,31.244295,-9.608,-7.7771893,-57.00982,1.0,1.8116478e-18,1.1302764e-17,4.695978e-39,N,N
CF09_Hindi_N_0105.npy,19.286385,-3.7183542,-5.3297534,-39.39279,1.0,1.0213376e-10,2.03867e-11,3.2806318e-26,N,N
CF09_English_N_0033.npy,22.14713,-2.1279798,-6.737593,-47.889847,1.0,2.8671763e-11,2.8544653e-13,3.831153e-31,N,N
CM35_English_N_0009.npy,19.899708,-3.6918645,-5.220382,-41.918224,1.0,5.6795058e-11,1.2316387e-11,1.42171715e-27,N,N
CF04_Hindi_N_0081.npy,22.525171,-7.865544,-5.2446713,-40.42439,1.0,6.331117e-14,8.703838e-13,4.5851394e-28,N,N
CM03_English_N_0037.npy,10.325812,1.447753,-1.4178236,-31.126316,0.99985266,0.00013939392,7.938522e-06,9.942714e-19,N,N
CM24_Gujarati_N_0032.npy,15.96325,-3.1043646,-2.995617,-34.80581,1.0,5.236484e-09,5.8380665e-09,8.9387786e-23,N,N
CF09_Hindi_N_0047.npy,36.614292,-9.190369,-11.107135,-67.7763,1.0,1.2802317e-20,1.8829864e-21,0.0,N,N
CF09_Hindi_N_0158.npy,19.5005,-3.4714165,2.2815475,-52.669167,1.0,1.0554157e-10,3.325861e-08,4.540606e-32,N,N
CM05_English_N_0029.npy,8.501424,0.8345136,-3.298254,-22.196909,0.9995247,0.00046783936,7.5034077e-06,4.652395e-14,N,N
CF09_Hindi_N_0102.npy,25.025923,-4.901793,-5.970565,-51.477615,1.0,1.0059083e-13,3.454593e-14,5.9557257e-34,N,N
CM03_English_N_0040.npy,3.821774,0.10277411,5.7006574,-24.911116,0.13209255,0.0032043299,0.86470306,4.3887728e-14,M,N
CM05_Hindi_N_0017.npy,12.8501425,0.68829197,-3.155424,-35.884773,0.99999464,5.226042e-06,1.1190999e-07,6.8342723e-22,N,N
CM24_Gujarati_N_0027.npy,14.771092,-6.334009,-3.371521,-23.479767,1.0,6.826065e-10,1.3205764e-08,2.4426617e-17,N,N
CF04_Hindi_N_0132.npy,5.1538343,0.65069026,1.0440526,-19.675968,0.97324985,0.010777888,0.01597235,1.6024251e-11,N,N
CF09_Hindi_N_0023.npy,29.58516,-13.340209,-9.927382,-37.27291,1.0,2.2790245e-19,6.917047e-18,9.2025665e-30,N,N
CF14_English_N_0033.npy,19.618565,-5.673275,-4.392011,-39.302696,1.0,1.03727435e-11,3.7354182e-11,2.575263e-26,N,N
CF14_Hindi_N_0056.npy,19.5868,-3.7344723,-6.130489,-38.90928,1.0,7.442182e-11,6.7783396e-12,3.9398157e-26,N,N
CF14_Gujarati_N_0005.npy,16.08874,-8.573012,-1.910173,-23.492838,1.0,1.94777e-11,1.5246547e-08,6.4556413e-18,N,N
CF14_English_N_0046.npy,8.887231,1.0063474,-1.2717535,-26.850557,0.99958354,0.00037774176,3.871046e-05,3.0136614e-16,N,N
CF14_Hindi_N_0086.npy,14.6359625,-5.9577565,-1.6066953,-28.107489,0.9999999,1.1383118e-09,8.828826e-08,2.7337288e-19,N,N
CF20_Gujarati_N_0002.npy,18.280214,-1.6879878,-3.1397567,-43.30992,1.0,2.127746e-09,4.982239e-10,1.7854382e-27,N,N
CF09_Hindi_N_0009.npy,14.610465,-3.3395452,-4.051049,-29.08133,1.0,1.6010672e-08,7.859724e-09,1.0589961e-19,N,N
CF09_Hindi_N_0163.npy,33.74953,-11.248155,-8.764924,-60.585182,1.0,2.8691545e-20,3.4372195e-19,1.0738e-41,N,N
CM27_Gujarati_N_0033.npy,5.689765,-0.5649784,-2.096105,-12.613065,0.99766856,0.001916839,0.00041459673,1.1224534e-08,N,N
CF20_Gujarati_N_0042.npy,24.918938,-1.7673655,-4.2658525,-59.134,1.0,2.5720903e-12,2.114496e-13,3.1352712e-37,N,N
CF09_Hindi_N_0116.npy,23.732943,-7.918319,-2.7192535,-46.23712,1.0,1.7948635e-14,3.2505526e-12,4.0962654e-31,N,N
CF09_Hindi_N_0110.npy,28.802578,-6.549846,-9.410258,-52.59761,1.0,4.432381e-16,2.5373226e-17,4.449853e-36,N,N
CF02_Gujarati_N_0008.npy,15.560844,-1.0921187,-4.844691,-36.067165,1.0,5.8574663e-08,1.3740067e-09,3.7865197e-23,N,N
CM35_English_N_0083.npy,15.969207,-4.4357677,-4.9214673,-28.476477,1.0,1.3747774e-09,8.4585383e-10,4.9829363e-20,N,N
CM03_English_N_0036.npy,6.0199156,3.307643,2.3076277,-30.163698,0.9167522,0.0608593,0.02238854,1.7697364e-16,N,N
CM03_English_N_0020.npy,11.097081,0.0029813936,-2.596849,-28.436396,0.99998367,1.5201501e-05,1.1292624e-06,6.773633e-18,N,N
CF20_Gujarati_N_0028.npy,21.067354,-10.764987,-1.8368229,-34.848057,1.0,1.4975808e-14,1.1293861e-10,5.202891e-25,N,N
CF02_English_N_0049.npy,12.199358,-1.2315123,-3.5077991,-28.620665,0.99999845,1.4690838e-06,1.5082304e-07,1.8710646e-18,N,N
CF02_Gujarati_N_0014.npy,18.5353,-2.233661,-5.217367,-42.20148,1.0,9.553333e-10,4.8344603e-11,4.1913347e-27,N,N
CM05_English_N_0064.npy,12.295739,1.0625691,-2.9149723,-34.542927,0.9999865,1.322789e-05,2.4777992e-07,4.55219e-21,N,N
CF14_English_N_0051.npy,7.524097,-5.828093,2.4676685,-17.641087,0.99367046,1.579283e-06,0.006327955,1.1698814e-11,N,N
CF09_English_N_0016.npy,23.98302,-5.693798,-8.867942,-40.389133,1.0,1.2927703e-13,5.40764e-15,1.1054234e-28,N,N
CF09_English_N_0022.npy,30.566402,-8.90355,-11.055782,-50.75022,1.0,7.218015e-18,8.38909e-19,4.83772e-36,N,N
CF18_English_N_0055.npy,17.558401,-7.8664303,-2.5459762,-29.222939,1.0,9.081049e-12,1.8568623e-09,4.8208268e-21,N,N
CM24_Gujarati_N_0055.npy,11.832342,1.3904736,-2.5162835,-33.537193,0.9999702,2.918375e-05,5.8675704e-07,1.9780958e-20,N,N
CF14_English_N_0043.npy,14.671272,-4.754771,-4.3074226,-22.941193,1.0,3.6591152e-09,5.7234453e-09,4.6250246e-17,N,N
CF02_English_N_0073.npy,21.507704,-6.589384,-6.9441886,-36.00443,1.0,6.274654e-13,4.4004787e-13,1.053899e-25,N,N
CM24_Gujarati_N_0006.npy,10.363577,1.6351373,-1.1726025,-32.757805,0.99982834,0.00016188715,9.768465e-06,1.8730375e-19,N,N
CF02_English_N_0002.npy,11.281596,-3.412845,-4.1297293,-18.883268,0.9999994,4.152266e-07,2.0274312e-07,7.935347e-14,N,N
CF09_Hindi_N_0058.npy,33.144386,-16.329124,-10.166023,-41.17379,1.0,3.2653316e-22,1.5507011e-19,5.296953e-33,N,N
CM27_Gujarati_N_0054.npy,9.281558,-1.3698469,-3.5541992,-17.817848,0.99997365,2.3666935e-05,2.6637288e-06,1.7016317e-12,N,N
CF09_Hindi_N_0077.npy,16.182264,-3.798205,-5.6791134,-27.441835,1.0,2.101806e-09,3.2042344e-10,1.1331678e-19,N,N
CF04_English_N_0087.npy,9.72816,-6.2018595,-2.3430138,-12.201891,0.99999416,1.2069185e-07,5.7220723e-06,2.9915606e-10,N,N
CF02_English_N_0044.npy,16.493973,-4.131817,-5.3740926,-31.353168,1.0,1.1023852e-09,3.182879e-10,1.6605448e-21,N,N
CM27_Gujarati_N_0060.npy,16.93663,-2.7516823,-5.5320277,-35.726814,1.0,2.814975e-09,1.7457644e-10,1.344487e-23,N,N
CF14_Gujarati_N_0036.npy,19.790588,-8.120456,-2.6282153,-36.07207,1.0,7.557657e-13,1.8350042e-10,5.48473e-25,N,N
CF09_Hindi_N_0050.npy,31.681595,-7.9600306,-7.5035267,-62.467678,1.0,6.0794073e-18,9.59663e-18,1.2927e-41,N,N
CF04_English_N_0022.npy,31.1873,-1.361506,-7.3903613,-76.5902,1.0,7.315323e-15,1.7617136e-17,0.0,N,N
CF09_Hindi_N_0032.npy,23.002466,-10.067508,-6.558869,-35.634415,1.0,4.344034e-15,1.451027e-13,3.4223707e-26,N,N
CM38_English_N_0038.npy,17.62378,-1.0351408,-5.26308,-42.126106,1.0,7.880139e-09,1.14911386e-10,1.12448694e-26,N,N
CF09_Hindi_N_0114.npy,30.939959,-5.557288,-5.3202353,-70.41663,1.0,1.4107418e-16,1.7881269e-16,1e-44,N,N
CM05_Hindi_N_0074.npy,2.4746447,7.1794024,0.616186,-25.212196,0.008958371,0.9896449,0.0013967247,8.472024e-15,L,N
CM05_Hindi_N_0044.npy,10.7421055,1.9673033,-1.6064131,-33.39199,0.9998411,0.00015455492,4.335484e-06,6.8035786e-20,N,N
CF20_Gujarati_N_0068.npy,25.643488,-6.17953,-2.4436975,-55.9711,1.0,1.5116084e-14,6.3371004e-13,3.591168e-36,N,N
CM38_English_N_0129.npy,37.343105,-10.709207,-11.098706,-68.70506,1.0,1.3525288e-21,9.161972e-22,0.0,N,N
CM03_English_N_0107.npy,3.4731708,3.2048562,-1.54556,-14.784775,0.56456345,0.43170318,0.0037334105,6.6433565e-09,N,N
CF14_Hindi_N_0119.npy,22.41268,-9.435291,-3.5149574,-36.6823,1.0,1.4743547e-14,5.4925027e-12,2.1645967e-26,N,N
CM38_English_N_0069.npy,17.795773,-8.707361,-6.575418,-21.492476,1.0,3.0891234e-12,2.6045112e-11,8.656284e-18,N,N
CF09_Hindi_N_0143.npy,34.32055,-6.5712504,-11.303611,-66.29474,1.0,1.7414737e-18,1.5334822e-20,2e-44,N,N
CM38_English_N_0032.npy,17.208052,3.5897837,-1.9186761,-57.769318,0.9999988,1.2180379e-06,4.9359077e-09,2.739939e-33,N,N
CF02_English_N_0051.npy,12.005206,-1.158746,-3.1830864,-29.029146,0.99999785,1.918525e-06,2.5340051e-07,1.5101035e-18,N,N
CF09_Hindi_N_0101.npy,33.343708,-2.8088226,-9.030827,-75.941086,1.0,1.991386e-16,3.9534244e-19,0.0,N,N
CF04_Hindi_N_0089.npy,23.03297,-3.1637793,-3.3007288,-55.324135,1.0,4.1965823e-12,3.6594868e-12,9.331323e-35,N,N
CF14_Hindi_N_0120.npy,18.9955,-5.393577,-4.0157332,-37.50689,1.0,2.5583381e-11,1.0147241e-10,2.8928417e-25,N,N
CM30_Gujarati_N_0049.npy,15.072879,1.2424221,-2.7948842,-43.967678,0.99999905,9.85164e-07,1.7383151e-08,2.2856573e-26,N,N
CM30_Gujarati_N_0058.npy,2.982097,2.2919116,0.378155,-16.593742,0.63473344,0.31830812,0.046958454,1.9994573e-09,N,N
CM05_English_N_0061.npy,19.795872,-5.54626,-6.704181,-35.264046,1.0,9.863968e-12,3.0986535e-12,1.2240007e-24,N,N
CF14_Hindi_N_0012.npy,17.13406,-9.211532,-5.728724,-20.400255,1.0,3.6162176e-12,1.1771162e-10,5.0009586e-17,N,N
CF14_Hindi_N_0097.npy,17.15663,-1.6888821,-4.544499,-39.40573,1.0,6.5387984e-09,3.761143e-10,2.7244448e-25,N,N
CM16_Hindi_N_0083.npy,16.661026,-6.38978,0.38805342,-35.48983,0.9999999,9.7535355e-11,8.56521e-08,2.2447654e-23,N,N
CF18_English_N_0024.npy,18.213577,-7.93328,-1.4969012,-34.129074,1.0,4.411271e-12,2.7532665e-09,1.8529997e-23,N,N
CF14_Hindi_N_0113.npy,21.608433,-8.147544,-4.656449,-36.854885,1.0,1.1943816e-13,3.9201893e-12,4.071024e-26,N,N
CF18_English_N_0038.npy,21.92113,-2.3903327,-6.5901837,-45.97895,1.0,2.7648148e-11,4.146621e-13,3.2461673e-30,N,N
CF02_Gujarati_N_0009.npy,18.083895,-7.5778904,-6.911154,-24.389534,1.0,7.1652003e-12,1.3956881e-11,3.5811712e-19,N,N
CM38_English_N_0108.npy,24.879168,-3.2217941,-7.4780335,-55.8331,1.0,6.250394e-13,8.860257e-15,8.8533716e-36,N,N
CF09_English_N_0054.npy,28.164993,-9.179869,-7.8888497,-47.970337,1.0,6.044101e-17,2.1979322e-16,8.60689e-34,N,N
CF18_English_N_0034.npy,22.04103,-5.432488,-5.382621,-44.725266,1.0,1.170584e-12,1.2304359e-12,1.008709e-29,N,N
CM05_English_N_0090.npy,8.269431,0.11003873,-1.5810038,-24.20616,0.99966145,0.0002859393,5.270639e-05,7.868347e-15,N,N
CF04_English_N_0005.npy,34.259075,-9.705955,-10.797758,-56.764153,1.0,8.058047e-20,2.7043741e-20,2.94521e-40,N,N
CF04_English_N_0077.npy,15.824419,1.2855742,-4.51157,-40.084755,0.9999995,4.8513164e-07,1.4729635e-09,5.235461e-25,N,N
CF09_English_N_0047.npy,28.830128,-6.884805,-7.6058884,-54.960205,1.0,3.0846245e-16,1.4998205e-16,4.076829e-37,N,N
CF14_Hindi_N_0008.npy,21.690044,-3.428492,-5.836057,-46.07921,1.0,1.23355475e-11,1.1106207e-12,3.6998645e-30,N,N
CM30_Gujarati_N_0065.npy,7.719376,1.7868664,-2.2728658,-23.680311,0.9973097,0.0026446849,4.563043e-05,2.3020743e-14,N,N
CM30_English_N_0035.npy,9.902955,11.773534,-3.538251,-56.14924,0.13347474,0.86652505,1.940696e-07,2.749759e-30,L,N
CF14_Gujarati_N_0065.npy,16.681168,-3.7631276,-2.836887,-35.758614,1.0,1.3217676e-09,3.3374628e-09,1.6814827e-23,N,N
CF14_Hindi_N_0052.npy,10.566221,-3.2189245,-1.9235536,-21.118246,0.9999951,1.0308255e-06,3.7649365e-06,1.7362353e-14,N,N
CM05_Hindi_N_0046.npy,24.406471,-6.7815413,-7.5379963,-41.491127,1.0,2.85245e-14,1.3387332e-14,2.4045661e-29,N,N
CF14_Hindi_N_0011.npy,14.11269,-2.7283764,-3.566132,-30.014568,1.0,4.853084e-08,2.099836e-08,6.8513354e-20,N,N
CF02_English_N_0099.npy,26.071722,-5.164145,-7.2914395,-52.372883,1.0,2.7191648e-14,3.24013e-15,8.549522e-35,N,N
CM35_English_N_0090.npy,22.076805,0.08984038,-6.532597,-55.34837,1.0,2.8260663e-10,3.7591937e-13,2.3696026e-34,N,N
CM35_English_N_0099.npy,21.45133,-3.1421323,-6.086701,-46.519928,1.0,2.0854278e-11,1.0974512e-12,3.02313e-30,N,N
CF14_Gujarati_N_0023.npy,14.882762,-11.830313,-3.110961,-11.645187,1.0,2.5041451e-12,1.5325881e-08,3.0134055e-12,N,N
CM27_Gujarati_N_0053.npy,9.364257,-0.058534175,-2.7078319,-22.897781,0.99991345,8.085299e-05,5.71638e-06,9.743989e-15,N,N
CF14_Hindi_N_0146.npy,13.896006,-4.3294196,-1.2465384,-28.463144,0.99999976,1.2156207e-08,2.65263e-07,4.0147157e-19,N,N
CF20_Gujarati_N_0067.npy,14.422264,-17.882845,9.66015,-25.711657,0.9915249,9.254945e-15,0.0084750755,3.684378e-18,N,N
CM03_English_N_0103.npy,13.231341,-5.3096037,-4.4808464,-20.287645,1.0,8.866861e-09,2.0309264e-08,2.7726141e-15,N,N
CF09_Hindi_N_0018.npy,22.99446,-2.7828364,-5.3298182,-50.67676,1.0,6.3835547e-12,4.999452e-13,1.01157056e-32,N,N
CF14_Gujarati_N_0028.npy,19.150003,-6.097304,-4.9782596,-35.203445,1.0,1.08451095e-11,3.32069e-11,2.4808352e-24,N,N
CF14_Hindi_N_0094.npy,20.17547,-7.627816,-5.56265,-32.9149,1.0,8.4175494e-13,6.6385933e-12,8.77294e-24,N,N
CF09_Hindi_N_0048.npy,31.030062,-12.495776,-3.9308705,-56.68466,1.0,1.2501704e-19,6.556309e-16,8.05342e-39,N,N
CM03_English_N_0011.npy,8.168146,2.2470188,-2.5245776,-25.048395,0.9973023,0.002674939,2.2648304e-05,3.7416766e-15,N,N
CF04_English_N_0037.npy,22.964054,-3.9919157,-4.365317,-53.877983,1.0,1.964132e-12,1.3520888e-12,4.245468e-34,N,N
CM24_Gujarati_N_0018.npy,19.245644,-4.586934,-5.6601872,-37.47252,1.0,4.46317e-11,1.5259323e-11,2.3313904e-25,N,N
CF04_English_N_0093.npy,33.394615,-9.071467,-11.763414,-58.601387,1.0,3.6075657e-19,2.4440933e-20,1.11339e-40,N,N
CF04_Hindi_N_0029.npy,23.30077,-9.977944,-6.3673544,-35.572388,1.0,3.525644e-15,1.3040582e-13,2.7021694e-26,N,N
CM35_English_N_0085.npy,35.17642,-6.7141695,-11.498276,-70.6226,1.0,6.4143e-19,5.3633724e-21,0.0,N,N
CM30_English_N_0029.npy,4.9646125,14.072717,-4.1144443,-48.086372,0.00011075218,0.99988925,1.2628985e-08,1.010655e-27,L,N
CM38_English_N_0020.npy,24.680687,-5.674386,-7.927092,-45.961075,1.0,6.560844e-14,6.896375e-15,2.0925349e-31,N,N
CF09_Hindi_N_0172.npy,18.405807,-10.535961,2.3193107,-35.084602,0.9999999,2.6961842e-13,1.03210375e-07,5.880444e-24,N,N
CF09_Hindi_N_0084.npy,18.406645,-5.880162,-4.3689475,-33.782307,1.0,2.8338321e-11,1.2843569e-10,2.1608626e-23,N,N
CM30_Gujarati_N_0023.npy,8.2694235,5.1331315,-1.1158394,-35.61243,0.95828813,0.041631475,8.045044e-05,8.3916736e-20,N,N
CM30_Gujarati_N_0005.npy,10.199674,1.9647334,-2.9012504,-30.477562,0.9997328,0.00026515187,2.0427967e-06,2.1576717e-18,N,N
CF02_Gujarati_N_0053.npy,16.590813,-3.9854524,-4.671327,-33.799454,1.0,1.1583545e-09,5.8340455e-10,1.3055254e-22,N,N
CM30_Gujarati_N_0034.npy,2.1842258,18.947094,-5.0047946,-55.263668,5.2478153e-08,1.0,3.9612e-11,5.8976032e-33,L,N
CM05_English_N_0049.npy,29.674915,-5.3911285,-6.658419,-64.25796,1.0,5.902156e-16,1.6620065e-16,1.605e-41,N,N
CM35_English_N_0065.npy,33.45782,-6.024277,-9.476299,-68.48554,1.0,7.130876e-18,2.259168e-19,6e-45,N,N
CF09_English_N_0012.npy,29.336042,-17.882742,-6.1793885,-35.12117,1.0,3.1127378e-21,3.7656898e-16,1.015284e-28,N,N
CM30_English_N_0046.npy,1.7383891,13.593535,-1.0694166,-43.254005,7.1018594e-06,0.9999925,4.285065e-07,2.0484389e-25,L,N
CM24_Gujarati_N_0065.npy,9.273629,-1.8435284,-0.78847563,-23.531496,0.9999424,1.4854384e-05,4.2663673e-05,5.660955e-15,N,N
CM38_English_N_0030.npy,18.187756,0.2139611,-3.4871812,-49.489532,1.0,1.5634358e-08,3.8609552e-10,4.0562582e-30,N,N
CF04_Hindi_N_0127.npy,17.012615,-5.0844927,-4.639393,-31.113531,1.0,2.531328e-10,3.9505027e-10,1.2562644e-21,N,N
CM35_English_N_0128.npy,26.46307,-7.3194175,-7.933935,-50.684258,1.0,2.1303588e-15,1.1523153e-15,3.1285497e-34,N,N
CM24_Gujarati_N_0030.npy,2.8446035,3.7235363,3.698728,-25.962923,0.17368215,0.41828355,0.40803435,5.355569e-14,L,N
CF02_English_N_0104.npy,12.069497,-4.160119,-3.445331,-21.783152,0.99999964,8.944727e-08,1.8280825e-07,1.9860074e-15,N,N
CF09_Hindi_N_0091.npy,24.88947,-9.004684,-6.074199,-39.43213,1.0,1.9052683e-15,3.569846e-14,1.1627505e-28,N,N
CF09_Hindi_N_0085.npy,22.622677,-5.6585546,-6.991102,-39.722736,1.0,5.219363e-13,1.3768897e-13,8.389404e-28,N,N
CF04_English_N_0098.npy,30.513765,-11.831679,-10.807829,-42.823402,1.0,4.0701223e-19,1.1330776e-18,1.4127768e-32,N,N
CF14_Hindi_N_0064.npy,29.295689,-13.441355,-10.061786,-36.100685,1.0,2.7512945e-19,8.0772905e-18,3.9693016e-29,N,N
CM30_English_N_0005.npy,15.380065,-3.3746784,-3.4302425,-33.974632,1.0,7.160088e-09,6.7731025e-09,3.6772818e-22,N,N
CF09_Hindi_N_0073.npy,17.93245,-1.9720237,-6.0500636,-38.13388,1.0,2.267762e-09,3.8417294e-11,4.474065e-25,N,N
CF09_Hindi_N_0138.npy,30.692633,0.17411181,-9.376198,-73.55525,1.0,5.5715367e-14,3.965767e-18,0.0,N,N
CM05_Hindi_N_0069.npy,12.9155035,0.6607122,-4.430474,-32.390766,0.99999523,4.7622225e-06,2.9291085e-08,2.10734e-20,N,N
CF14_Gujarati_N_0030.npy,11.836265,-9.289962,-2.7405992,-9.002216,0.9999995,6.683381e-10,4.6703354e-07,8.9117314e-10,N,N
CM30_Gujarati_N_0063.npy,8.034369,-0.9005937,-2.9545255,-16.750742,0.99985135,0.00013168316,1.688569e-05,1.721467e-11,N,N
CF09_English_N_0027.npy,23.134323,-6.9351444,-3.3648496,-46.704502,1.0,8.729637e-14,3.1013853e-12,4.670735e-31,N,N
CF02_English_N_0075.npy,25.618395,-7.531699,-8.133446,-45.291996,1.0,4.0095673e-15,2.1966595e-15,1.5995865e-31,N,N
CF20_Gujarati_N_0048.npy,12.170907,2.3753333,-2.6942205,-34.75407,0.999944,5.5694443e-05,3.500522e-07,4.1755855e-21,N,N
CF04_Hindi_N_0054.npy,11.62403,-1.6623015,-1.5503315,-29.121092,0.9999964,1.6975328e-06,1.898655e-06,2.0165882e-18,N,N
CM30_English_N_0014.npy,12.984317,1.1641107,-2.2737827,-38.219234,0.9999924,7.354389e-06,2.3631334e-07,5.788639e-23,N,N
CF14_Hindi_N_0118.npy,10.827904,-8.694331,-1.0762457,-13.354791,0.9999932,3.3235157e-09,6.762243e-06,3.1447542e-11,N,N
CM24_Gujarati_N_0071.npy,-2.195325,0.67998046,0.2259908,0.0026569255,0.025642129,0.45465645,0.28874746,0.23095399,L,N
CM30_English_N_0058.npy,12.104321,-1.2536592,-2.3871436,-30.600958,0.999998,1.5801643e-06,5.0866987e-07,2.840097e-19,N,N
CF04_English_N_0063.npy,32.48888,-10.034664,-11.769663,-52.321938,1.0,3.4061152e-19,6.0083905e-20,1.4693599e-37,N,N
CF02_Gujarati_N_0069.npy,7.771672,-0.5979919,-2.8736677,-18.40163,0.9997445,0.00023173438,2.3805462e-05,4.295053e-12,N,N
CM05_Hindi_N_0034.npy,13.433881,-2.6692314,-4.671947,-27.236563,0.9999999,1.01509706e-07,1.3700583e-08,2.1729532e-18,N,N
CF04_Hindi_N_0012.npy,27.169006,-1.9427028,-6.9623837,-64.59513,1.0,2.2748104e-13,1.5028853e-15,1.40392e-40,N,N
CF09_English_N_0044.npy,18.245855,-2.4390872,-5.568724,-37.021423,1.0,1.0390674e-09,4.544224e-11,9.947754e-25,N,N
CF09_Hindi_N_0127.npy,17.077553,-9.029729,-0.32862842,-28.95885,1.0,4.589359e-12,2.7579825e-08,1.0154158e-20,N,N
CM05_Hindi_N_0040.npy,21.180317,-0.8853274,-6.1453786,-50.44895,1.0,2.6122338e-10,1.3570675e-12,7.7947506e-32,N,N
CM05_Hindi_N_0121.npy,23.890978,-3.1872396,-4.8843265,-58.858063,1.0,1.7381209e-12,3.1845194e-13,1.1549126e-36,N,N
CF09_Hindi_N_0133.npy,19.401295,-1.5000958,-4.055546,-46.211636,1.0,8.368385e-10,6.4986565e-11,3.196439e-29,N,N
CF14_English_N_0035.npy,15.719525,-6.9524593,-4.0291853,-23.988617,1.0,1.4245632e-10,2.6499885e-09,5.68818e-18,N,N
CM27_Gujarati_N_0022.npy,16.837265,-3.1610541,-5.821827,-32.291378,1.0,2.06462e-09,1.4430501e-10,4.610005e-22,N,N
CF02_Gujarati_N_0032.npy,12.510951,0.54842085,-3.466971,-32.586308,0.99999344,6.378761e-06,1.15046554e-07,2.597205e-20,N,N
CM05_Hindi_N_0126.npy,9.43351,-1.6572374,-3.0127816,-19.523806,0.9999808,1.5252516e-05,3.9322053e-06,2.6545405e-13,N,N
CF04_Hindi_N_0030.npy,16.509048,-10.300612,2.3157115,-33.224846,0.9999993,2.2735867e-12,6.8534933e-07,2.5167717e-22,N,N
CF09_English_N_0030.npy,20.704979,-7.868801,-6.7864604,-31.453966,1.0,3.895516e-13,1.1497923e-12,2.2266852e-23,N,N
CF04_Hindi_N_0058.npy,8.434197,-7.328872,2.529316,-14.321868,0.9972812,1.4223409e-07,0.002718693,1.3061228e-10,N,N
CM05_English_N_0091.npy,18.456263,-4.0912786,-5.7338395,-37.277657,1.0,1.613346e-10,3.1215648e-11,6.2383145e-25,N,N
CF09_Hindi_N_0132.npy,12.243932,-3.6916008,0.045028508,-27.769938,0.9999949,1.2002837e-07,5.035951e-06,4.1898137e-18,N,N
CF14_English_N_0009.npy,3.5057933,3.3507597,1.4909302,-22.273523,0.502582,0.4304044,0.067013614,3.2017858e-12,N,N
CF14_English_N_0004.npy,16.631,-10.01051,-2.7046413,-19.830647,1.0,2.689919e-12,4.005322e-09,1.4618672e-16,N,N
CM05_English_N_0020.npy,12.393086,-0.021188527,-3.3516607,-32.412273,0.9999958,4.060196e-06,1.4525844e-07,3.4775875e-20,N,N
CM05_English_N_0023.npy,5.6853776,3.1200206,0.7741586,-25.310644,0.922292,0.07091662,0.0067913025,3.1876266e-14,N,N
CM35_English_N_0120.npy,30.303814,-4.39426,-8.8833685,-63.518517,1.0,8.5274227e-16,9.576846e-18,1.7925e-41,N,N
CF04_English_N_0021.npy,33.961212,-9.83209,-9.248151,-62.44036,1.0,9.5677435e-20,1.715586e-19,1.359e-42,N,N
CM05_Hindi_N_0117.npy,13.902276,-0.9082454,-4.5492463,-30.52537,0.99999964,3.697194e-07,9.696284e-09,5.0736212e-20,N,N
CM03_English_N_0061.npy,11.161284,-3.1640692,-3.7646446,-22.553837,0.99999905,6.0058926e-07,3.2942077e-07,2.2788098e-15,N,N
CM03_English_N_0025.npy,5.8182483,5.065076,-0.41889322,-28.891758,0.67896694,0.31970546,0.001327677,5.721162e-16,N,N
CM05_English_N_0039.npy,12.667205,-0.9383803,-3.9240375,-29.27949,0.9999987,1.2335846e-06,6.230382e-08,6.064318e-19,N,N
CM24_Gujarati_N_0028.npy,12.004342,-0.1904836,1.2632987,-37.7054,0.9999733,5.056415e-06,2.1637778e-05,2.5782365e-22,N,N
CM27_Gujarati_N_0003.npy,14.557776,-1.9208508,-4.3758307,-31.922335,0.9999999,6.973062e-08,5.987408e-09,6.515453e-21,N,N
CF20_Gujarati_N_0057.npy,31.724272,-8.807746,-7.6329722,-58.565876,1.0,2.4955644e-18,8.07917e-18,6.13039e-40,N,N
CM38_English_N_0042.npy,17.937187,-0.84399635,-5.437905,-43.373444,1.0,6.9732584e-09,7.0522345e-11,2.3611924e-27,N,N
CF20_Gujarati_N_0014.npy,12.91991,-5.1946464,2.681476,-33.56157,0.99996424,1.3581014e-08,3.5767545e-05,6.5063042e-21,N,N
CM24_Gujarati_N_0048.npy,18.674225,-3.0381196,-3.9400792,-43.372784,1.0,3.7191897e-10,1.5091511e-10,1.1306458e-27,N,N
CM35_English_N_0055.npy,27.007648,-7.766146,-8.737038,-46.71331,1.0,7.9055533e-16,2.994195e-16,9.6248236e-33,N,N
CF14_Hindi_N_0015.npy,19.720467,-7.4382453,-4.907119,-34.07206,1.0,1.6036924e-12,2.0154644e-11,4.3471304e-24,N,N
CF14_Hindi_N_0135.npy,14.676561,-0.8562589,-1.369814,-36.706223,0.99999964,1.795484e-07,1.07435454e-07,4.838839e-23,N,N
CF02_English_N_0068.npy,20.115211,-0.5096417,-5.192442,-49.42327,1.0,1.1034181e-09,1.021e-11,6.306969e-31,N,N
CM03_English_N_0083.npy,8.851768,0.108355016,-1.300562,-24.200447,0.9998016,0.0001594769,3.8977425e-05,4.4209843e-15,N,N
CM05_English_N_0010.npy,17.2605,0.9751863,-3.3736043,-46.742752,0.9999999,8.460144e-08,1.0932577e-09,1.5986066e-28,N,N
CF04_English_N_0018.npy,15.891822,-3.642712,-2.9388566,-32.93409,1.0,3.2829137e-09,6.636515e-09,6.2398716e-22,N,N
CF02_Gujarati_N_0012.npy,17.775507,-2.8282,-6.390301,-36.33444,1.0,1.1270003e-09,3.1983284e-11,3.1648165e-24,N,N
CM03_English_N_0039.npy,2.4974284,3.441333,3.0139456,-22.22132,0.19061501,0.48987994,0.319505,3.507043e-12,L,N
CF18_English_N_0043.npy,21.881994,-4.4445767,-5.5372357,-43.333946,1.0,3.6856638e-12,1.2358903e-12,4.7541855e-29,N,N
CM03_English_N_0050.npy,8.213371,2.7086864,-0.7024769,-28.743101,0.9958157,0.0040506497,0.00013368278,8.8753634e-17,N,N
CF18_English_N_0011.npy,28.542688,-10.552085,-3.6478753,-50.42163,1.0,1.0504033e-17,1.0466851e-14,5.0843184e-35,N,N
CF09_Hindi_N_0109.npy,19.681993,-5.3176317,-5.404553,-37.267303,1.0,1.3893137e-11,1.2736542e-11,1.8502713e-25,N,N
CF02_English_N_0017.npy,23.488298,-5.4472837,-6.2972116,-46.926018,1.0,2.7129183e-13,1.1596233e-13,2.6269503e-31,N,N
CM16_Hindi_N_0088.npy,24.681026,-7.668145,-8.765602,-38.4296,1.0,8.9316905e-15,2.9806693e-15,3.9030427e-28,N,N
CF14_Hindi_N_0032.npy,18.74301,-8.517203,-3.425109,-30.323595,1.0,1.4489064e-12,2.3578103e-10,4.9050604e-22,N,N
CF09_Hindi_N_0164.npy,17.193634,-15.858207,-2.3170881,-10.436204,1.0,4.4235152e-15,3.3620227e-09,1.0011847e-12,N,N
CM16_Hindi_N_0047.npy,19.639866,-6.999568,-5.9040265,-32.98243,1.0,2.6955068e-12,8.061738e-12,1.4009657e-23,N,N
CF14_English_N_0025.npy,11.084481,-7.535591,0.013022542,-16.02912,0.9999845,8.1921705e-09,1.5549622e-05,1.6776667e-12,N,N
CF02_English_N_0062.npy,22.891882,-3.8162494,-7.6420283,-45.532684,1.0,2.5165512e-12,5.4864452e-14,1.9212665e-30,N,N
CF14_Gujarati_N_0048.npy,22.940535,-7.978322,-4.6976733,-39.79918,1.0,3.733454e-14,9.928385e-13,5.6557177e-28,N,N
CF09_English_N_0006.npy,20.841785,-5.6082807,-6.701874,-37.142532,1.0,3.2574852e-12,1.0912916e-12,6.5725025e-26,N,N
CF02_Gujarati_N_0002.npy,14.976024,-5.0353365,-5.07488,-24.314882,1.0,2.037871e-09,1.9588597e-09,8.633299e-18,N,N
CF04_English_N_0101.npy,25.09628,-10.208582,-7.1171174,-36.40712,1.0,4.648286e-16,1.0230551e-14,1.947212e-27,N,N
CM30_Gujarati_N_0006.npy,14.272317,-0.69763833,-4.7766676,-33.09631,0.99999964,3.1523237e-07,5.334958e-09,2.6795823e-21,N,N
CF02_English_N_0016.npy,20.94456,-3.0151744,-4.683414,-47.214294,1.0,3.9302464e-11,7.4116095e-12,2.5060334e-30,N,N
CF14_English_N_0003.npy,11.985619,-6.4291162,-1.8701534,-17.494303,0.99999905,1.0059637e-08,9.605375e-07,1.5741004e-13,N,N
CM03_English_N_0044.npy,-0.8852473,0.7546856,6.330151,-15.705049,0.0007318662,0.00377264,0.99549556,2.6808564e-10,M,N
CM35_English_N_0067.npy,29.251366,-0.62857443,-7.4203706,-73.419014,1.0,1.05513234e-13,1.1848591e-16,3e-45,N,N
CF09_Hindi_N_0168.npy,21.084011,-5.4391055,-7.2635837,-34.36712,1.0,3.0280051e-12,4.8842267e-13,8.27714e-25,N,N
CF04_Hindi_N_0135.npy,12.258667,-0.3765445,-2.4398866,-29.390741,0.9999964,3.2553346e-06,4.1352138e-07,8.1637763e-19,N,N
CM27_Gujarati_N_0048.npy,11.403768,-1.3581212,-3.7926207,-24.576565,0.9999969,2.8680115e-06,2.5135708e-07,2.3655889e-16,N,N
CF04_English_N_0033.npy,37.512398,-12.719833,-10.689565,-65.5912,1.0,1.5290413e-22,1.1645392e-21,1e-45,N,N
CF14_Hindi_N_0116.npy,23.129074,-8.6690645,-7.7448215,-34.434853,1.0,1.549688e-14,3.9051478e-14,1.0007009e-25,N,N
CM24_Gujarati_N_0031.npy,13.684315,0.5873608,-3.4759398,-35.904453,0.999998,2.0514651e-06,3.5269142e-08,2.9098514e-22,N,N
CF02_Gujarati_N_0038.npy,24.4301,-4.5264506,-7.0717406,-49.688423,1.0,2.6566225e-13,2.0841285e-14,6.467472e-33,N,N
CF02_Gujarati_N_0052.npy,29.246737,-5.054607,-8.129894,-60.912315,1.0,1.2679918e-15,5.8551047e-17,6.98912e-40,N,N
CF20_Gujarati_N_0041.npy,18.884068,-6.731061,5.3138695,-50.333275,0.9999987,7.5074235e-12,1.278019e-06,8.695368e-31,N,N
CM35_English_N_0113.npy,24.367735,-6.0837626,-6.776167,-48.563946,1.0,5.9577526e-14,2.981091e-14,2.1192116e-32,N,N
CM24_Gujarati_N_0016.npy,4.871,2.3177712,3.609828,-28.75424,0.7346719,0.057179496,0.20814858,1.8316274e-15,N,N
CF14_Hindi_N_0060.npy,21.06164,-14.292775,-5.4028893,-21.262226,1.0,4.4235637e-16,3.21071e-12,4.1588933e-19,N,N
CM38_English_N_0104.npy,32.78685,-2.8510962,-10.027455,-73.90264,1.0,3.3314724e-16,2.5467356e-19,0.0,N,N
CF04_Hindi_N_0039.npy,36.339024,-6.2984357,-11.981606,-68.72539,1.0,3.0393935e-19,1.0342306e-21,0.0,N,N
CM16_Hindi_N_0028.npy,10.508624,-6.5313897,0.77457756,-18.870785,0.99994075,3.9773163e-08,5.9228587e-05,1.7404387e-13,N,N
CM05_Hindi_N_0122.npy,19.041407,-4.2442822,-6.378029,-36.150845,1.0,7.7117694e-11,9.130182e-12,1.072282e-24,N,N
CM05_Hindi_N_0066.npy,15.293389,1.5198703,-2.5152664,-46.024124,0.9999989,1.0428839e-06,1.8441618e-08,2.3449965e-27,N,N
CF20_Gujarati_N_0063.npy,25.037918,-9.429727,-2.0756621,-48.476948,1.0,1.0737236e-15,1.6777279e-12,1.1827721e-32,N,N
CF14_Hindi_N_0092.npy,23.326298,-10.646693,-4.007799,-38.911774,1.0,1.7608285e-15,1.3457134e-12,9.340047e-28,N,N
CF09_Hindi_N_0137.npy,20.039484,-2.1245213,-1.8009318,-48.233253,1.0,2.3675262e-10,3.2721098e-10,2.2362875e-30,N,N
CM35_English_N_0093.npy,23.274569,-6.3584275,-8.603203,-39.806,1.0,1.3506832e-13,1.4310666e-14,4.0221487e-28,N,N
CF02_Gujarati_N_0011.npy,16.49789,-3.8307292,-5.901943,-29.463285,1.0,1.48386e-09,1.8701475e-10,1.094752e-20,N,N
CM05_English_N_0022.npy,1.5626237,6.1289196,1.2773296,-21.628536,0.010210444,0.9821134,0.007676139,8.654695e-13,L,N
CM30_English_N_0020.npy,0.33911103,13.359742,-2.2694607,-38.92864,2.2141694e-06,0.9999976,1.6305061e-07,1.9563394e-23,L,N
CF20_Gujarati_N_0007.npy,16.503122,-12.774432,1.9616822,-24.348774,0.9999995,1.9271692e-13,4.838744e-07,1.8123658e-18,N,N
CM38_English_N_0073.npy,18.61262,-3.62943,-5.1248636,-39.310184,1.0,2.1897793e-10,4.90842e-11,6.989483e-26,N,N
CM05_Hindi_N_0030.npy,21.321083,-1.6744251,-5.6033607,-51.908253,1.0,1.0308078e-10,2.0270406e-12,1.5736274e-32,N,N
CF20_Gujarati_N_0058.npy,16.841862,-4.5020876,-5.1499124,-30.088825,1.0,5.375774e-10,2.81251e-10,4.152041e-21,N,N
CM27_Gujarati_N_0042.npy,12.95473,-4.051008,-5.3901153,-18.9535,1.0,4.1162536e-08,1.0787856e-08,1.3881355e-14,N,N
CF14_Hindi_N_0132.npy,25.610931,-15.804006,-6.093538,-30.627007,1.0,1.0321e-18,1.7018598e-14,3.7685468e-25,N,N
CM38_English_N_0075.npy,18.697973,-3.1127186,-2.8759093,-40.792114,1.0,3.3708303e-10,4.271512e-10,1.4580837e-26,N,N
CM38_English_N_0085.npy,32.076824,-9.057783,-8.902071,-60.938583,1.0,1.3660539e-18,1.596214e-18,4.0171e-41,N,N
CF14_Gujarati_N_0046.npy,19.573376,-7.2535915,-5.879597,-30.792791,1.0,2.2345812e-12,8.829062e-12,1.3373726e-22,N,N
CF02_English_N_0024.npy,11.396552,-0.37909558,-2.4381104,-28.853178,0.9999913,7.689485e-06,9.810218e-07,3.309489e-18,N,N
CF14_English_N_0022.npy,12.564271,1.0714536,-1.855618,-36.412308,0.99998915,1.020301e-05,5.464078e-07,5.367077e-22,N,N
CF02_English_N_0103.npy,10.995969,-2.4569602,-1.5728179,-26.022867,0.9999951,1.4370281e-06,3.4789102e-06,8.3737743e-17,N,N
CF04_Hindi_N_0053.npy,12.116733,-1.5114918,-3.925466,-24.660526,0.9999987,1.2059708e-06,1.0788505e-07,1.0661994e-16,N,N
CF20_Gujarati_N_0016.npy,14.422192,-7.45982,0.97445667,-26.862207,0.99999857,3.1387926e-10,1.444516e-06,1.1760123e-18,N,N
CM16_Hindi_N_0025.npy,31.012503,-9.899964,-6.526858,-57.764442,1.0,1.7058503e-18,4.975802e-17,2.783953e-39,N,N
CF09_Hindi_N_0059.npy,15.893664,-2.2365162,-3.606894,-35.11978,1.0,1.3370964e-08,3.3963694e-09,7.000701e-23,N,N
CF02_English_N_0003.npy,13.672247,-2.9979384,-3.145218,-27.843061,1.0,5.7574557e-08,4.9689866e-08,9.33535e-19,N,N
CF04_Hindi_N_0003.npy,32.92574,-6.372778,-4.9942627,-74.40573,1.0,8.567846e-18,3.4005752e-17,0.0,N,N
CM05_Hindi_N_0010.npy,6.894228,2.2529407,-0.5570933,-25.088923,0.98987764,0.00954764,0.00057479617,1.2748989e-14,N,N
CF09_Hindi_N_0099.npy,21.022125,-10.492137,1.2274936,-41.944553,1.0,2.0583983e-14,2.531049e-09,4.5073256e-28,N,N
CF09_English_N_0031.npy,19.145409,-6.8721786,-4.636552,-32.569046,1.0,5.020018e-12,4.6948986e-11,3.4729434e-23,N,N
CF04_English_N_0076.npy,25.792269,-4.6808057,-8.446271,-49.74942,1.0,5.8305845e-14,1.3501771e-15,1.5583398e-33,N,N
CF14_English_N_0047.npy,17.141468,-1.627409,-5.0181756,-37.246464,1.0,7.059603e-09,2.3778762e-10,2.3967422e-24,N,N
CM30_Gujarati_N_0055.npy,13.688464,-1.8689125,-3.6260743,-32.51704,0.9999999,1.7519312e-07,3.0226733e-08,8.574404e-21,N,N
CM30_English_N_0019.npy,16.302515,4.9294333,-0.48993742,-60.757645,0.99998856,1.1500814e-05,5.094785e-08,3.4134517e-34,N,N
CM05_Hindi_N_0023.npy,16.201355,-2.2228432,-2.847674,-38.298927,1.0,9.964888e-09,5.3347256e-09,2.1420427e-24,N,N
CF02_Gujarati_N_0063.npy,16.9286,-4.338642,-5.913914,-29.57531,1.0,5.804355e-10,1.201219e-10,6.362217e-21,N,N
CF09_English_N_0009.npy,30.570679,-6.966259,-10.893412,-52.20567,1.0,4.9878696e-17,9.825964e-19,1.1237951e-36,N,N
CF02_English_N_0007.npy,14.520743,-0.6004732,-4.1224866,-36.193718,0.99999976,2.7098105e-07,8.004751e-09,9.440365e-23,N,N
CF04_Hindi_N_0091.npy,37.982883,-8.691663,-10.908169,-76.60178,1.0,5.36417e-21,5.846363e-22,0.0,N,N
CF14_Gujarati_N_0027.npy,17.070763,-6.7116575,-5.6111364,-25.721638,1.0,4.692732e-11,1.4105093e-10,2.6031348e-19,N,N
CM30_Gujarati_N_0011.npy,11.951133,0.515279,-2.8518505,-31.723238,0.9999888,1.0801073e-05,3.7251277e-07,1.07759933e-19,N,N
CF04_English_N_0064.npy,19.158825,-9.490712,-2.9987888,-30.24213,1.0,3.6113083e-13,2.3827068e-10,3.5110563e-22,N,N
CF04_Hindi_N_0099.npy,26.530775,-8.199918,-7.3338513,-49.8756,1.0,8.25375e-16,1.9623613e-15,6.5634806e-34,N,N
CF14_Hindi_N_0021.npy,17.320808,-5.0718074,-5.626864,-29.757866,1.0,1.8836938e-10,1.0813163e-10,3.5808944e-21,N,N
CM03_English_N_0019.npy,8.130032,1.5700729,-2.396047,-23.289389,0.9985593,0.0014139046,2.6788954e-05,2.2599198e-14,N,N
CF02_Gujarati_N_0018.npy,29.492105,-7.125297,-9.104275,-55.41383,1.0,1.2510215e-16,1.7290368e-17,1.3360417e-37,N,N
CM30_English_N_0034.npy,11.7065,8.136439,0.4168321,-56.38956,0.972605,0.027382862,1.2158946e-05,2.5953302e-30,N,N
CF04_Hindi_N_0031.npy,43.08136,-13.712684,-15.0933075,-67.93972,1.0,2.1610255e-25,5.433291e-26,0.0,N,N
CM05_Hindi_N_0077.npy,18.725286,-2.2656748,-7.157002,-36.860184,1.0,7.6514095e-10,5.7473176e-12,7.236627e-25,N,N
CF14_Gujarati_N_0025.npy,17.461052,-9.813741,-4.591931,-21.268919,1.0,1.427935e-12,2.6455224e-10,1.5128174e-17,N,N
CM24_Gujarati_N_0009.npy,18.509052,-3.0132725,-5.27558,-38.537903,1.0,4.4975168e-10,4.6823694e-11,1.6781168e-25,N,N
CM38_English_N_0015.npy,19.751738,-5.096717,-4.348282,-38.976982,1.0,1.6160462e-11,3.4158166e-11,3.122053e-26,N,N
CF09_Hindi_N_0036.npy,27.366364,-10.879281,-7.18035,-45.021416,1.0,2.4554327e-17,9.920931e-16,3.6507907e-32,N,N
CM38_English_N_0058.npy,17.16682,-2.5513225,-4.5306416,-38.747086,1.0,2.7322418e-09,3.7749567e-10,5.210737e-25,N,N
CM35_English_N_0024.npy,20.393929,-7.184171,-5.618694,-37.028954,1.0,1.0543463e-12,5.045003e-12,1.1522831e-25,N,N
CM30_English_N_0036.npy,13.83598,4.9842916,-0.44759834,-52.77172,0.99985623,0.00014311928,6.261207e-07,1.1818958e-29,N,N
CF20_Gujarati_N_0033.npy,22.488823,-1.4434519,-6.957234,-50.042526,1.0,4.0396665e-11,1.6283216e-13,3.1625344e-32,N,N
CM38_English_N_0003.npy,13.644767,-2.6862261,-4.5347996,-26.860992,0.9999999,8.082385e-08,1.2726676e-08,2.561957e-18,N,N
CF09_Hindi_N_0067.npy,12.333052,-1.8629875,3.6391816,-37.461052,0.9998317,6.8338494e-07,0.00016758182,2.3693085e-22,N,N
CF20_Gujarati_N_0040.npy,24.280252,-14.4026,-0.92928636,-35.110756,1.0,1.5858062e-17,1.1262534e-11,1.6099545e-26,N,N
CM30_English_N_0045.npy,5.029889,11.965728,-1.9285733,-48.02424,0.00097136194,0.9990277,9.2333454e-07,8.836204e-27,L,N
CM05_Hindi_N_0007.npy,7.014563,1.4936323,-0.67934954,-23.300005,0.9955621,0.00398436,0.00045357033,6.801723e-14,N,N
CF14_Gujarati_N_0047.npy,16.07945,-2.8041465,-4.528609,-32.237625,1.0,6.2944574e-09,1.1221056e-09,1.0379103e-21,N,N
CM05_English_N_0058.npy,24.101242,-5.1659074,-7.379084,-46.469383,1.0,1.9473262e-13,2.129454e-14,2.2468126e-31,N,N
CF04_Hindi_N_0036.npy,39.307735,-6.66524,-9.506916,-88.05753,1.0,1.0819069e-20,6.310536e-22,0.0,N,N
CF02_English_N_0071.npy,20.98,-5.5270543,-5.637685,-41.367996,1.0,3.0770388e-12,2.7547801e-12,8.367765e-28,N,N
CM38_English_N_0005.npy,20.900578,-5.5810013,-6.349233,-37.289913,1.0,3.1564321e-12,1.464055e-12,5.347995e-26,N,N
CM05_English_N_0052.npy,24.989458,-7.476478,-7.365487,-44.361675,1.0,7.947374e-15,8.8802545e-15,7.6064965e-31,N,N
CF20_Gujarati_N_0019.npy,29.821964,-8.207192,-9.482172,-50.21871,1.0,3.0489305e-17,8.519805e-18,1.7329035e-35,N,N
CF02_English_N_0038.npy,14.528315,-0.8167663,-3.4505234,-37.20659,0.99999976,2.1662858e-07,1.5555708e-08,3.402653e-23,N,N
CM38_English_N_0054.npy,11.07647,2.5604572,-2.533206,-33.31022,0.9997986,0.0002001958,1.228302e-06,5.2846805e-20,N,N
CF14_Gujarati_N_0013.npy,17.609867,-5.462977,-3.7433968,-33.00435,1.0,9.540945e-11,5.3259286e-10,1.04357904e-22,N,N
CM30_Gujarati_N_0039.npy,6.2760115,9.434317,0.45739162,-43.66324,0.04076034,0.95911855,0.000121127654,8.354035e-24,L,N
CM03_English_N_0106.npy,9.966742,-1.7595263,0.34309182,-25.483877,0.99992573,8.078195e-06,6.614086e-05,4.017535e-16,N,N
CF18_English_N_0051.npy,31.831259,-8.584723,-6.9669003,-60.91811,1.0,2.8026079e-18,1.4131001e-17,5.2416e-41,N,N
CF14_English_N_0012.npy,16.961699,-1.087565,-5.1821046,-38.492493,1.0,1.4497886e-08,2.4158428e-10,8.2518233e-25,N,N
CF18_English_N_0049.npy,16.071735,-4.2745504,-4.620582,-28.253984,1.0,1.4578737e-09,1.0314317e-09,5.6180246e-20,N,N
CF14_Gujarati_N_0009.npy,13.379392,-8.339541,-3.3296862,-14.736901,1.0,3.6947684e-10,5.5378308e-08,6.155298e-13,N,N
CF14_Hindi_N_0074.npy,15.742417,-3.0507839,-3.80547,-33.342735,1.0,6.889954e-09,3.2393672e-09,4.8149247e-22,N,N
CM05_Hindi_N_0103.npy,17.685791,-2.2603483,-2.8495007,-43.12762,1.0,2.1752107e-09,1.2068023e-09,3.882137e-27,N,N
CM35_English_N_0039.npy,33.475548,-1.9632325,-8.97645,-80.84866,1.0,4.065675e-16,3.6587475e-19,0.0,N,N
CF18_English_N_0056.npy,24.039873,-0.9824453,-4.7348523,-57.747414,1.0,1.3581428e-11,3.1863664e-13,3.0215758e-36,N,N
CM35_English_N_0022.npy,20.571243,-3.3936024,-3.8506718,-48.092194,1.0,3.9102072e-11,2.4756945e-11,1.5130326e-30,N,N
CM30_English_N_0038.npy,1.1885597,15.615709,-0.9441873,-49.62085,5.424606e-07,0.9999994,6.428773e-08,4.6571797e-29,L,N
CF04_English_N_0094.npy,31.747696,-12.187904,-8.736397,-51.537907,1.0,8.2987225e-20,2.6180742e-18,6.753424e-37,N,N
CM16_Hindi_N_0003.npy,16.24308,-6.8990884,-5.166809,-23.02453,1.0,8.901929e-11,5.032726e-10,8.836784e-18,N,N
CF14_Gujarati_N_0010.npy,12.889228,-7.4958444,-3.8549333,-14.903824,1.0,1.4024113e-09,5.3469115e-08,8.5041436e-13,N,N
CF14_Hindi_N_0102.npy,16.139748,-10.815007,-4.1855826,-16.149565,1.0,1.9665235e-12,1.4887475e-09,9.482634e-15,N,N
CF14_English_N_0013.npy,13.390427,-5.8761683,-2.7516966,-20.380568,0.9999999,4.2916524e-09,9.762577e-08,2.1549774e-15,N,N
CF09_English_N_0026.npy,13.667602,-4.2058992,-4.071601,-21.777468,1.0,1.728372e-08,1.9767977e-08,4.040196e-16,N,N
CM38_English_N_0065.npy,32.629177,-6.509955,-11.214035,-58.83649,1.0,1.0048248e-17,9.1019594e-20,1.89219e-40,N,N
CF02_English_N_0032.npy,20.43902,-2.7695272,-5.466658,-46.827213,1.0,8.330209e-11,5.614448e-12,6.1185026e-30,N,N
CM35_English_N_0020.npy,21.09505,-2.9243083,-6.030419,-44.650803,1.0,3.7027523e-11,1.6579003e-12,2.7985968e-29,N,N
CF14_Hindi_N_0139.npy,19.540615,-2.9708433,-4.0092816,-43.45186,1.0,1.6726207e-10,5.921204e-11,4.392546e-28,N,N
CM03_English_N_0066.npy,13.103457,-3.3641284,-3.0411677,-26.804579,0.99999976,7.050468e-08,9.738196e-08,4.6575806e-18,N,N
CM05_Hindi_N_0112.npy,21.362068,-0.5133315,-6.0654063,-53.12917,1.0,3.1596156e-10,1.2257417e-12,4.4551765e-33,N,N
CM16_Hindi_N_0050.npy,16.159273,-6.8695807,-4.8266172,-24.009277,1.0,9.970011e-11,7.690313e-10,3.5893927e-18,N,N
CF14_Gujarati_N_0072.npy,5.070774,0.7718844,-1.165076,-14.620282,0.98469615,0.013375753,0.0019279993,2.7643028e-09,N,N
CF02_English_N_0004.npy,8.735219,-2.6556363,-2.76933,-16.119673,0.99997854,1.1298085e-05,1.00839e-05,1.6056389e-11,N,N
CM30_English_N_0033.npy,9.895575,5.103646,-0.61417925,-42.20913,0.99174494,0.008227953,2.7044052e-05,2.3313837e-23,N,N
CF02_Gujarati_N_0059.npy,10.451437,-0.39277938,-3.0681567,-24.294247,0.99997914,1.9516756e-05,1.3443297e-06,8.1307963e-16,N,N
CM16_Hindi_N_0081.npy,21.552834,-6.562432,-8.100474,-33.48843,1.0,6.16163e-13,1.3235233e-13,1.2470474e-24,N,N
CF04_English_N_0003.npy,17.287613,-3.8686507,-5.030038,-36.129623,1.0,6.4856204e-10,2.0303356e-10,6.326872e-24,N,N
CM30_Gujarati_N_0016.npy,12.330178,6.42507,-1.8861197,-49.30671,0.9972812,0.0027180759,6.6797134e-07,1.6992526e-27,N,N
CM38_English_N_0081.npy,29.810556,-3.8459544,-7.2398396,-66.32819,1.0,2.4163713e-15,8.113673e-17,1.768e-42,N,N
CM05_English_N_0054.npy,26.812634,-6.7228923,-8.256834,-49.67078,1.0,2.7271312e-15,5.881994e-16,6.0768076e-34,N,N
CF14_Gujarati_N_0033.npy,18.282581,-5.145794,-5.418263,-33.34433,1.0,6.6863015e-11,5.0916008e-11,3.790682e-23,N,N
CM35_English_N_0077.npy,19.596588,-9.108439,-3.3051686,-33.465866,1.0,3.4163669e-13,1.1321231e-10,9.021296e-24,N,N
CF02_Gujarati_N_0027.npy,13.528144,-3.0096502,-4.4640965,-26.245481,0.9999999,6.572449e-08,1.534861e-08,5.3276333e-18,N,N
CF04_English_N_0051.npy,20.9559,-3.6560254,-5.7191067,-46.344482,1.0,2.0472776e-11,2.6013076e-12,5.913088e-30,N,N
CF02_English_N_0079.npy,21.21048,-5.448143,-5.35584,-41.472473,1.0,2.644279e-12,2.899971e-12,5.9860377e-28,N,N
CF04_English_N_0079.npy,35.211895,-5.6064367,-11.632101,-70.16492,1.0,1.874232e-18,4.5280565e-21,0.0,N,N
CM05_Hindi_N_0033.npy,18.4179,-2.368098,-2.0756607,-47.502403,1.0,9.391956e-10,1.2582289e-09,2.3505852e-29,N,N
CF02_English_N_0033.npy,20.623985,-2.9273777,-6.7462497,-43.049026,1.0,5.912525e-11,1.2979495e-12,2.2241412e-28,N,N
CM05_Hindi_N_0075.npy,8.590624,2.963495,-0.7182299,-32.018272,0.99632406,0.0035856648,9.028522e-05,2.302406e-18,N,N
CM24_Gujarati_N_0019.npy,9.56544,-0.7971402,-0.30580312,-26.38643,0.9999168,3.15902e-05,5.1634182e-05,2.4336892e-16,N,N
CF04_Hindi_N_0078.npy,26.511715,-8.883958,-4.3232274,-50.95441,1.0,4.2447786e-16,4.06027e-14,2.2745168e-34,N,N
CM03_English_N_0018.npy,13.64866,2.0486789,-1.7935984,-42.02916,0.9999906,9.166172e-06,1.9656606e-07,6.598218e-25,N,N
CF04_Hindi_N_0041.npy,16.327404,0.29119942,-6.5840883,-37.841248,0.9999999,1.0853366e-07,1.12115504e-10,2.9843754e-24,N,N
CF04_English_N_0007.npy,21.915825,-10.295743,-5.5007615,-31.456678,1.0,1.0249301e-14,1.2391619e-12,6.616305e-24,N,N
CM16_Hindi_N_0052.npy,14.743636,-7.3346853,-3.9685006,-19.192003,1.0,2.5793295e-10,7.471745e-09,1.8278456e-15,N,N
CM24_Gujarati_N_0068.npy,5.8650665,1.162329,-0.06788865,-20.09707,0.98841476,0.008965327,0.002619929,5.2447686e-12,N,N
CF20_Gujarati_N_0061.npy,20.807184,-6.4514027,-2.0155172,-40.18537,1.0,1.451263e-12,1.2252567e-10,3.245417e-27,N,N
CM30_English_N_0024.npy,16.562576,2.5288434,-4.04097,-49.721615,0.99999917,8.0394557e-07,1.1271799e-09,1.6335768e-29,N,N
CM38_English_N_0045.npy,18.294432,1.0026975,-4.4168,-50.60473,1.0,3.0923953e-08,1.3697384e-10,1.1952919e-30,N,N
CM38_English_N_0029.npy,11.325632,0.11014697,-3.0749106,-30.833525,0.99998593,1.3463885e-05,5.5707983e-07,4.903484e-19,N,N
CM38_English_N_0024.npy,20.314915,-5.859373,-3.5161633,-42.088985,1.0,4.291916e-12,4.469866e-11,7.912806e-28,N,N
CF14_Hindi_N_0099.npy,11.975367,-6.3332224,-2.2523198,-17.01423,0.9999993,1.11861365e-08,6.6220764e-07,2.5702628e-13,N,N
CM35_English_N_0005.npy,18.631428,-1.0496461,-4.968534,-42.7919,1.0,2.8354246e-09,5.6320514e-11,2.1095383e-27,N,N
CF20_Gujarati_N_0047.npy,27.292326,-5.067674,-7.3436217,-55.72184,1.0,8.835483e-15,9.074001e-16,8.859414e-37,N,N
CM30_English_N_0018.npy,10.457259,6.8437886,-2.6000185,-42.91378,0.9737475,0.026250407,2.0784648e-06,6.452055e-24,N,N
CF02_English_N_0031.npy,15.215554,-3.9884455,-5.498654,-27.72238,1.0,4.5688675e-09,1.0090985e-09,2.2505664e-19,N,N
CM30_Gujarati_N_0036.npy,5.3782496,14.15893,-2.6808515,-53.636158,0.00015364996,0.9998462,4.8585797e-08,3.604955e-30,L,N
CM03_English_N_0080.npy,7.622605,-0.26959053,-2.6907277,-17.774366,0.99959344,0.00037349653,3.3174165e-05,9.333814e-12,N,N
CM03_English_N_0001.npy,10.383836,3.115463,-0.81561714,-34.732353,0.9992895,0.00069675053,1.3671953e-05,2.546712e-20,N,N
CM30_English_N_0010.npy,12.487554,-0.80998284,-4.2135367,-27.942287,0.99999833,1.6786199e-06,5.5822348e-08,2.7640304e-18,N,N
CM35_English_N_0108.npy,25.96381,-3.0988393,-7.068255,-57.49655,1.0,2.3891972e-13,4.5118624e-15,5.6705764e-37,N,N
CM35_English_N_0107.npy,28.621628,-2.6675072,-9.167835,-62.65497,1.0,2.5781094e-14,3.8747595e-17,2.28601e-40,N,N
CF09_Hindi_N_0115.npy,20.008762,-5.468963,-6.5967946,-35.82065,1.0,8.6131935e-12,2.7883908e-12,5.6701567e-25,N,N
CM27_Gujarati_N_0002.npy,9.413717,-3.7384315,-3.5612197,-13.750203,0.9999958,1.9412987e-06,2.3176851e-06,8.710338e-11,N,N
CF09_Hindi_N_0017.npy,28.18845,-12.262773,-8.144517,-41.385933,1.0,2.7055634e-18,1.6626215e-16,6.084541e-31,N,N
CM05_Hindi_N_0106.npy,18.263151,-1.5870903,-4.3395944,-43.85408,1.0,2.3941424e-09,1.5266959e-10,1.0539703e-27,N,N
CF14_Hindi_N_0051.npy,11.574159,0.049170703,-1.6905541,-31.53025,0.9999883,9.879982e-06,1.7346152e-06,1.9054094e-19,N,N
CF02_Gujarati_N_0005.npy,21.418411,-1.6367812,-7.2465115,-46.039043,1.0,9.710843e-11,3.556168e-13,5.053567e-30,N,N
CF20_Gujarati_N_0071.npy,11.067168,-8.67036,9.628277,-37.452637,0.8082829,2.1660276e-09,0.19171707,6.8498244e-22,N,N
CF20_Gujarati_N_0053.npy,13.876962,-0.013522179,0.541575,-41.756466,0.9999974,9.2776577e-07,1.6162711e-06,6.897769e-25,N,N
CF14_Gujarati_N_0034.npy,17.02027,-8.5868845,-4.94258,-20.83854,1.0,7.5675265e-12,2.8950495e-10,3.6151604e-17,N,N
CM05_English_N_0041.npy,32.640812,-7.456651,-9.662556,-60.25968,1.0,3.85384e-18,4.245031e-19,4.5064e-41,N,N
CF04_English_N_0012.npy,17.65709,-6.0760183,-3.1004949,-33.693428,1.0,4.9299436e-11,9.662644e-10,4.9975105e-23,N,N
CM05_Hindi_N_0058.npy,20.330666,-3.3748121,-5.633719,-43.78794,1.0,5.0680564e-11,5.2943335e-12,1.4244362e-28,N,N
CF20_Gujarati_N_0060.npy,24.675623,-6.412987,-0.21972048,-57.319527,1.0,3.1505645e-14,1.5420184e-11,2.4544817e-36,N,N
CF20_Gujarati_N_0050.npy,21.79898,-13.368495,1.5433027,-37.94933,1.0,5.332845e-16,1.5961391e-09,1.12625995e-26,N,N
CF14_Hindi_N_0065.npy,14.09444,-6.0327187,-4.4655747,-20.979269,1.0,1.8150386e-09,8.6993746e-09,5.857096e-16,N,N
CF20_Gujarati_N_0032.npy,20.125431,-6.304815,-0.50609934,-43.407288,1.0,3.3226904e-12,1.0960745e-09,2.5591213e-28,N,N
CF20_Gujarati_N_0036.npy,17.390984,-14.752462,4.2763853,-28.098774,0.999998,1.09717795e-14,2.0155867e-06,1.754076e-20,N,N
CF14_Hindi_N_0076.npy,25.097076,-10.329089,-8.232218,-37.7135,1.0,4.117289e-16,3.3517551e-15,5.2688133e-28,N,N
CF09_Hindi_N_0165.npy,18.191107,-3.6420343,-5.237795,-35.58215,1.0,3.2960001e-10,6.682782e-11,4.43172e-24,N,N
CF09_Hindi_N_0148.npy,10.968956,-3.2228408,-3.1950135,-21.611982,0.99999857,6.864046e-07,7.057742e-07,7.083971e-15,N,N
CM38_English_N_0114.npy,21.541592,-0.58430296,-3.747737,-58.166046,1.0,2.459496e-10,1.0398813e-11,2.4177482e-35,N,N
CF14_Hindi_N_0124.npy,13.3613,-8.188372,-3.5214205,-14.033545,1.0,4.3761955e-10,4.655083e-08,1.2663984e-12,N,N
CM03_English_N_0072.npy,16.552181,-4.058855,-6.2536206,-28.22467,1.0,1.1187696e-09,1.2461385e-10,3.5781655e-20,N,N
CM30_Gujarati_N_0001.npy,14.737736,3.0033758,-2.2903767,-48.122368,0.999992,8.013622e-06,4.025143e-08,5.014186e-28,N,N
CF04_Hindi_N_0024.npy,26.322973,-6.295229,-6.945481,-55.095345,1.0,6.824876e-15,3.5619955e-15,4.3699157e-36,N,N
CM30_Gujarati_N_0062.npy,8.207692,2.4540787,-0.4762628,-30.219221,0.99667054,0.003160742,0.0001687166,2.0415256e-17,N,N
CM03_English_N_0004.npy,4.828526,1.9185247,1.4773232,-21.925978,0.9178372,0.04999979,0.032163013,2.2051217e-12,N,N
CM05_English_N_0059.npy,28.152155,-4.04565,-10.94755,-55.3652,1.0,1.0391342e-14,1.0452351e-17,5.3563972e-37,N,N
CF14_Hindi_N_0006.npy,17.883347,-5.124366,-1.8464941,-39.202663,1.0,1.01830315e-10,2.7004667e-09,1.6138415e-25,N,N
CM16_Hindi_N_0085.npy,11.862586,-9.120515,0.11141038,-15.731872,0.99999213,7.7117274e-10,7.879992e-06,1.037232e-12,N,N
CF20_Gujarati_N_0010.npy,15.516895,-6.064652,1.4313558,-36.008022,0.9999993,4.2388984e-10,7.633566e-07,4.1977087e-23,N,N
CF09_Hindi_N_0002.npy,34.504543,-6.02134,-8.81789,-75.45335,1.0,2.5109194e-18,1.5321673e-19,0.0,N,N
CM35_English_N_0088.npy,16.545483,-4.982683,-5.609843,-28.800161,1.0,4.4713264e-10,2.3881666e-10,2.0259926e-20,N,N
CM03_English_N_0086.npy,13.449977,-3.1090138,-5.7202964,-21.052858,0.9999999,6.434603e-08,4.7255924e-09,1.0365956e-15,N,N
CF14_Hindi_N_0126.npy,16.967598,-11.5598345,-2.8841147,-18.331194,1.0,4.080317e-13,2.39062e-09,4.6766007e-16,N,N
CM27_Gujarati_N_0021.npy,3.8307836,0.09043494,-1.9524394,-8.524399,0.973872,0.023125393,0.0029983337,4.1948283e-06,N,N
CM03_English_N_0097.npy,8.442674,0.4707875,-2.281042,-22.73898,0.9996331,0.000344901,2.200848e-05,2.869599e-14,N,N
CM38_English_N_0132.npy,45.756813,-6.9253654,-13.931627,-96.151634,1.0,1.319534e-23,1.1957505e-26,0.0,N,N
CM16_Hindi_N_0035.npy,22.868437,-6.000502,-6.0508,-43.7706,1.0,2.8998752e-13,2.757623e-13,1.1456012e-29,N,N
CF09_English_N_0002.npy,32.43411,-12.375455,-8.030226,-55.254482,1.0,3.4630136e-20,2.670322e-18,8.266635e-39,N,N
CM30_English_N_0052.npy,11.735175,1.6029725,-3.086781,-34.53009,0.9999598,3.977618e-05,3.65501e-07,8.0766755e-21,N,N
CM03_English_N_0041.npy,9.694395,1.0550802,-1.1117048,-28.895212,0.99980277,0.00017697326,2.0271447e-05,1.740447e-17,N,N
CM05_Hindi_N_0062.npy,17.650417,-4.1896877,-4.2314982,-36.08645,1.0,3.2731273e-10,3.1390962e-10,4.5959533e-24,N,N
CF02_English_N_0025.npy,14.634551,-4.2763443,-6.060583,-21.393122,1.0,6.1249437e-09,1.028532e-09,2.2562173e-16,N,N
CF09_Hindi_N_0046.npy,19.158957,-2.81673,-6.795187,-36.81803,1.0,2.8581196e-10,5.348829e-12,4.8921776e-25,N,N
CF04_Hindi_N_0109.npy,28.379925,-11.022168,-9.389872,-41.12527,1.0,7.724829e-18,3.9517098e-17,6.520443e-31,N,N
CF14_Gujarati_N_0053.npy,18.068535,-8.644867,-3.9499598,-26.174057,1.0,2.5033237e-12,2.7383545e-10,6.105012e-20,N,N
CM35_English_N_0109.npy,27.662577,0.60913604,-6.674584,-71.35231,1.0,1.7817232e-12,1.2233761e-15,1e-43,N,N
CM27_Gujarati_N_0037.npy,19.351028,-5.8594804,-6.0680795,-33.847958,1.0,1.1251627e-11,9.133178e-12,7.869986e-24,N,N
CM16_Hindi_N_0033.npy,20.091316,-8.680705,-3.3484492,-33.660225,1.0,3.19499e-13,6.610571e-11,4.5289996e-24,N,N
CF02_English_N_0085.npy,18.018108,-3.4151742,-5.4825234,-35.784256,1.0,4.9163584e-10,6.220217e-11,4.304573e-24,N,N
CM05_English_N_0024.npy,11.426561,-2.3081264,-3.0718088,-24.469145,0.99999845,1.0841769e-06,5.0516957e-07,2.574496e-16,N,N
CF14_Hindi_N_0023.npy,18.145176,-3.3768678,-4.31171,-37.456684,1.0,4.4987866e-10,1.7664373e-10,7.119e-25,N,N
CM38_English_N_0103.npy,26.108328,-6.3374634,-8.37711,-49.871044,1.0,8.10907e-15,1.0547892e-15,1.0059556e-33,N,N
CF02_English_N_0101.npy,15.455387,-3.547287,-4.8524537,-29.361017,1.0,5.5878338e-09,1.5150152e-09,3.439395e-20,N,N
CM38_English_N_0115.npy,22.152878,-0.64441496,-6.5520496,-52.548607,1.0,1.2567868e-10,3.4167122e-13,3.610417e-33,N,N
CM27_Gujarati_N_0009.npy,10.2322855,-3.2155118,-4.0080504,-16.206345,0.999998,1.4444241e-06,6.53883e-07,3.2949463e-12,N,N
CM16_Hindi_N_0015.npy,22.060757,-8.58273,-7.1301847,-31.117865,1.0,4.917033e-14,2.1015294e-13,8.031914e-24,N,N
CM35_English_N_0028.npy,28.817255,-7.207168,-10.130244,-48.523735,1.0,2.2635621e-16,1.2170724e-17,2.5777193e-34,N,N
CF09_Hindi_N_0071.npy,20.259144,-6.7464714,-1.5908703,-40.19506,1.0,1.8690043e-12,3.2408548e-10,5.5599714e-27,N,N
CF14_Hindi_N_0026.npy,20.45126,-2.756166,-7.174546,-40.455208,1.0,8.339556e-11,1.0052299e-12,3.537181e-27,N,N
CM16_Hindi_N_0013.npy,21.241505,-3.3685873,-5.4010983,-44.550476,1.0,2.0510335e-11,2.6869806e-12,2.672437e-29,N,N
CM16_Hindi_N_0010.npy,20.838926,-6.001547,-6.0279617,-35.24633,1.0,2.2046041e-12,2.147132e-12,4.390174e-25,N,N
CF09_Hindi_N_0045.npy,24.715044,-7.772201,-6.8388367,-43.067062,1.0,7.779816e-15,1.9784438e-14,3.652633e-30,N,N
CF09_English_N_0028.npy,29.808216,-9.415513,-8.989603,-50.89817,1.0,9.23318e-18,1.41358e-17,8.905535e-36,N,N
CF04_Hindi_N_0019.npy,35.050404,-7.8230968,-11.316776,-64.38365,1.0,2.4003533e-19,7.294401e-21,6.6e-44,N,N
CF20_Gujarati_N_0055.npy,10.07176,-4.6016054,-0.5340838,-21.248444,0.9999747,4.2406e-07,2.4770212e-05,2.499179e-14,N,N
CF14_Gujarati_N_0002.npy,22.709476,-8.908904,-6.1114583,-36.45046,1.0,1.854861e-14,3.0424768e-13,2.028461e-26,N,N
CM35_English_N_0056.npy,26.082542,-4.5915213,-7.532245,-56.82296,1.0,4.7689527e-14,2.5193182e-15,9.87638e-37,N,N
CM03_English_N_0028.npy,13.7268715,0.5945162,-1.6543028,-41.027786,0.99999774,1.9801103e-06,2.0894886e-07,1.6609376e-24,N,N
CF04_Hindi_N_0005.npy,26.345285,-5.768552,-8.013083,-53.280647,1.0,1.1301531e-14,1.1977066e-15,2.6236e-35,N,N
CF02_Gujarati_N_0016.npy,17.99524,-3.6283422,-5.576946,-36.578033,1.0,4.0644157e-10,5.7906843e-11,1.9912638e-24,N,N
CM05_English_N_0060.npy,16.894726,-3.5823503,-3.659091,-39.670433,1.0,1.2791429e-09,1.1846509e-09,2.7168372e-25,N,N
CF14_Gujarati_N_0012.npy,15.599788,-9.64485,-3.6736846,-17.561369,1.0,1.0874109e-11,4.2622363e-09,3.965455e-15,N,N
CM35_English_N_0014.npy,21.885908,-2.154716,-5.5105624,-50.43956,1.0,3.6248445e-11,1.2643398e-12,3.8855055e-32,N,N
CF18_English_N_0020.npy,19.431705,-7.676408,-0.97158587,-37.336452,1.0,1.6869274e-12,1.3770921e-09,2.2176973e-25,N,N
CF04_English_N_0060.npy,23.558392,-6.180844,-7.873632,-44.471367,1.0,1.2145471e-13,2.234835e-14,2.851366e-30,N,N
CM05_Hindi_N_0111.npy,27.36433,-3.883935,-6.5066724,-62.595974,1.0,2.6856614e-14,1.9498925e-15,8.52582e-40,N,N
CM38_English_N_0019.npy,13.800369,0.025284737,-2.7833729,-35.932068,0.9999988,1.0412531e-06,6.277284e-08,2.5204406e-22,N,N
CF04_English_N_0015.npy,28.646854,-3.1814747,-10.021383,-59.458508,1.0,1.5036e-14,1.6091576e-17,5.449134e-39,N,N
CF02_Gujarati_N_0017.npy,18.163963,-5.5866346,-6.094824,-30.754622,1.0,4.844466e-11,2.914356e-11,5.687583e-22,N,N
CF02_English_N_0042.npy,16.585857,-4.8359003,-4.4610543,-32.154602,1.0,4.9733523e-10,7.2350675e-10,6.7965327e-22,N,N
CM38_English_N_0034.npy,18.763912,-3.5941434,-5.367496,-40.096764,1.0,1.9499347e-10,3.310262e-11,2.7361086e-26,N,N
CF04_Hindi_N_0143.npy,22.163002,-2.6891394,-5.591472,-50.289085,1.0,1.6100957e-11,8.838627e-13,3.4234045e-32,N,N
CF09_Hindi_N_0052.npy,35.316837,-9.769549,-9.234783,-70.337006,1.0,2.6256126e-20,4.482054e-20,0.0,N,N
CM30_Gujarati_N_0044.npy,13.044073,9.083133,-0.40893877,-60.509064,0.98130935,0.018689228,1.4100589e-06,1.11707845e-32,N,N
CF04_English_N_0038.npy,38.007748,-9.697911,-13.529411,-63.56747,1.0,1.9129164e-21,4.1466388e-23,7e-45,N,N
CM35_English_N_0092.npy,34.00068,-3.953824,-9.981137,-73.21176,1.0,3.2852557e-17,7.923924e-20,0.0,N,N
CF04_English_N_0090.npy,39.398617,-8.083918,-11.966749,-74.59918,1.0,2.391093e-21,4.9238612e-23,0.0,N,N
CM38_English_N_0096.npy,29.96985,-6.6211233,-7.662963,-59.926956,1.0,1.2845245e-16,4.531867e-17,9.08477e-40,N,N
CM05_Hindi_N_0124.npy,16.424932,-2.136297,-6.4390335,-32.669044,1.0,8.6888114e-09,1.175725e-10,4.7726095e-22,N,N
CF02_Gujarati_N_0041.npy,20.41223,-4.9382367,-6.243075,-39.593925,1.0,9.782112e-12,2.6530692e-12,8.7027636e-27,N,N
CF09_Hindi_N_0020.npy,27.153393,-6.4457517,-8.720142,-47.497234,1.0,2.5590407e-15,2.6322168e-16,3.7987837e-33,N,N
CM24_Gujarati_N_0052.npy,24.321087,-3.259366,-3.9253707,-55.62787,1.0,1.0518696e-12,5.4040474e-13,1.8993637e-35,N,N
CF02_Gujarati_N_0065.npy,9.397164,-1.9057384,-3.6377244,-16.811626,0.9999856,1.2336889e-05,2.1827968e-06,4.146302e-12,N,N
CF14_Gujarati_N_0035.npy,16.824387,-10.620169,-1.1950377,-22.47486,1.0,1.2049835e-12,1.4937001e-08,8.5615725e-18,N,N
CF02_Gujarati_N_0061.npy,21.178978,-5.0044093,-5.047999,-43.327164,1.0,4.2530367e-12,4.0716354e-12,9.6680443e-29,N,N
CM30_Gujarati_N_0029.npy,6.6112223,13.62043,-2.3498755,-57.73269,0.00090270845,0.9990972,1.1582231e-07,1.0264598e-31,L,N
CF02_English_N_0059.npy,13.283521,-3.064866,-3.163529,-26.770163,0.99999976,7.9430215e-08,7.196756e-08,4.026298e-18,N,N
CM05_English_N_0034.npy,2.1590867,5.647112,0.23137319,-21.034334,0.02952749,0.9661768,0.004295673,2.4971913e-12,L,N
CF04_English_N_0059.npy,36.368557,-5.745334,-6.496496,-79.87885,1.0,5.1306136e-19,2.420721e-19,0.0,N,N
CF02_English_N_0074.npy,20.24753,-2.2933848,-5.900294,-44.049232,1.0,1.6240716e-10,4.4070156e-12,1.1919875e-28,N,N
CM03_English_N_0051.npy,9.003479,1.5921233,-0.22065955,-29.89657,0.9992975,0.0006039261,9.85604e-05,1.2753193e-17,N,N
CF04_English_N_0008.npy,35.18777,-8.335248,-10.344042,-69.198875,1.0,1.2536996e-19,1.6818382e-20,0.0,N,N
CM05_Hindi_N_0097.npy,12.259419,0.92314595,-2.9183908,-34.65944,0.99998784,1.1932015e-05,2.5606798e-07,4.2013978e-21,N,N
CM27_Gujarati_N_0011.npy,11.356243,-1.8931081,-4.124189,-22.358576,0.999998,1.7614847e-06,1.8920504e-07,2.279494e-15,N,N
CF04_English_N_0002.npy,29.707148,-8.379148,-10.549668,-49.905914,1.0,2.8795974e-17,3.2861437e-18,2.657586e-35,N,N
CF04_Hindi_N_0096.npy,29.080797,-10.894193,-9.872686,-41.582863,1.0,4.3559418e-18,1.20980955e-17,2.047214e-31,N,N
CM30_English_N_0028.npy,6.4665422,7.248938,0.08763063,-42.69817,0.31363672,0.68583107,0.0005322319,1.3946436e-22,L,N
CF09_Hindi_N_0149.npy,32.862144,-13.121049,-10.1412735,-48.354248,1.0,1.07091075e-20,2.1079139e-19,5.347723e-36,N,N
CF02_Gujarati_N_0040.npy,14.510245,-0.3216484,-5.26011,-32.160408,0.99999964,3.619013e-07,2.5932456e-09,5.3850807e-21,N,N
CM24_Gujarati_N_0054.npy,12.377368,-1.2995918,-2.9163413,-28.65696,0.99999857,1.1486062e-06,2.2804788e-07,1.5101391e-18,N,N
CF04_English_N_0115.npy,14.618051,-3.9889455,-3.325222,-28.298056,1.0,8.300114e-09,1.6118928e-08,2.3002313e-19,N,N
CF04_English_N_0040.npy,19.873035,-0.3665314,-6.337155,-46.44546,1.0,1.6220634e-09,4.1405607e-12,1.5784937e-29,N,N
CF14_Hindi_N_0024.npy,21.250916,-9.488936,-5.450382,-32.18451,1.0,4.465309e-14,2.5338082e-12,6.2128358e-24,N,N
CF04_Hindi_N_0119.npy,25.066925,-6.7536225,-6.6941004,-47.57851,1.0,1.5153467e-14,1.6082825e-14,2.8215644e-32,N,N
CM30_Gujarati_N_0010.npy,16.761171,-4.36476,-6.7368035,-26.02249,1.0,6.6853606e-10,6.2367646e-11,2.6259844e-19,N,N
CF09_Hindi_N_0081.npy,14.817559,-5.5109262,-1.0042697,-30.49182,0.9999999,1.4840579e-09,1.3448289e-07,2.1008082e-20,N,N
CF14_Hindi_N_0112.npy,21.134111,-8.661519,-4.349072,-34.825035,1.0,1.1479466e-13,8.56632e-12,4.9802633e-25,N,N
CM05_English_N_0013.npy,6.27287,2.366259,-1.5254077,-21.016298,0.97989357,0.019704223,0.0004021887,1.3792509e-12,N,N
CM03_English_N_0029.npy,6.9842997,2.5729055,0.36680716,-26.316133,0.9867041,0.011976856,0.0013190048,3.4040204e-15,N,N
CM16_Hindi_N_0023.npy,15.271422,-6.0523076,-4.9775586,-21.996958,1.0,5.485567e-10,1.6068639e-09,6.52452e-17,N,N
CF09_Hindi_N_0096.npy,34.05599,-8.718841,-11.978273,-56.045723,1.0,2.6492773e-19,1.0175912e-20,7.40155e-40,N,N
CF09_Hindi_N_0003.npy,21.97271,-3.2271929,-2.0189443,-52.366295,1.0,1.1371605e-11,3.8067757e-11,5.187768e-33,N,N
CF02_English_N_0061.npy,12.7537565,-0.18890575,-4.6465063,-30.308798,0.9999976,2.3937137e-06,2.7743473e-08,1.9868709e-19,N,N
CF04_English_N_0107.npy,33.470024,-8.528418,-9.955326,-62.63738,1.0,5.758478e-19,1.3823245e-19,1.824e-42,N,N
CF14_English_N_0030.npy,11.384521,-0.8370097,-3.2463527,-26.337423,0.99999464,4.9232813e-06,4.4247665e-07,4.145396e-17,N,N
CM38_English_N_0059.npy,23.417156,-5.6106815,-5.087666,-50.882225,1.0,2.4738322e-13,4.173623e-13,5.397472e-33,N,N
CF18_English_N_0029.npy,25.135698,-2.6935802,-7.2949715,-53.513348,1.0,8.2015834e-13,8.232623e-15,6.9687116e-35,N,N
CM24_Gujarati_N_0033.npy,6.8897715,-4.2338,2.4056563,-18.64029,0.98882467,1.459532e-05,0.011160736,8.082677e-12,N,N
CF02_Gujarati_N_0042.npy,23.972347,-4.6633964,-8.040734,-47.628784,1.0,3.6614605e-13,1.249959e-14,8.0171877e-32,N,N
CF09_English_N_0003.npy,16.421062,-4.974267,-2.966435,-31.618248,1.0,5.106542e-10,3.802919e-09,1.3702271e-21,N,N
CF02_English_N_0034.npy,13.421982,0.891396,-3.0760074,-37.888474,0.9999963,3.6143808e-06,6.8393135e-08,5.2017655e-23,N,N
CF02_Gujarati_N_0070.npy,4.378603,0.9866244,0.42385453,-16.022223,0.94984305,0.031954665,0.018202307,1.3112512e-09,N,N
CM03_English_N_0022.npy,5.945167,2.9065266,-1.2551845,-21.817518,0.95361036,0.045677904,0.00071170164,8.359681e-13,N,N
CM05_English_N_0045.npy,13.028832,0.16357991,-2.0543418,-35.605938,0.99999714,2.5863694e-06,2.8148784e-07,7.55417e-22,N,N
CM03_English_N_0053.npy,5.154256,3.0781703,0.55324185,-23.328703,0.8806989,0.110457435,0.008843669,3.7569484e-13,N,N
CM05_English_N_0038.npy,7.846207,1.5638821,-1.163294,-25.297796,0.99801266,0.0018653361,0.000121999845,4.026036e-15,N,N
CM27_Gujarati_N_0017.npy,10.716878,1.3796325,-1.772215,-33.033478,0.9999081,8.807358e-05,3.7671766e-06,9.98671e-20,N,N
CM05_Hindi_N_0084.npy,9.5077095,6.1048336,-2.1047945,-38.472393,0.96778584,0.032205425,8.76058e-06,1.4069721e-21,N,N
CM35_English_N_0058.npy,38.613483,-7.110053,-12.588657,-76.11335,1.0,1.3884172e-20,5.796859e-23,0.0,N,N
CF14_English_N_0006.npy,12.613797,-6.2821646,-2.4683428,-17.930433,0.99999976,6.217102e-09,2.8177973e-07,5.4301114e-14,N,N
CM16_Hindi_N_0016.npy,24.171013,-4.994355,-5.205555,-51.987648,1.0,2.1559665e-13,1.7454954e-13,8.408409e-34,N,N
CM35_English_N_0100.npy,19.063726,-1.0284643,-5.110501,-45.427246,1.0,1.8796322e-09,3.1715144e-11,9.815799e-29,N,N
CM30_Gujarati_N_0035.npy,3.8517094,10.970603,2.5079842,-47.07573,0.00080883637,0.9989801,0.00021100279,6.1709865e-26,L,N
CM27_Gujarati_N_0035.npy,8.79221,-1.6030254,-3.3592663,-17.756208,0.9999641,3.057674e-05,5.2803834e-06,2.952249e-12,N,N
CM05_Hindi_N_0002.npy,6.3749046,0.842056,-1.2467196,-19.055359,0.9955753,0.0039372086,0.0004875789,8.9918906e-12,N,N
CM38_English_N_0083.npy,19.258781,-7.083306,-4.4515805,-36.573895,1.0,3.628917e-12,5.0433702e-11,5.6516717e-25,N,N
CF09_Hindi_N_0005.npy,14.408291,-7.1430883,2.1066084,-31.349596,0.99999547,4.3687035e-10,4.544072e-06,1.341527e-20,N,N
CM05_Hindi_N_0092.npy,15.676776,1.247026,-4.842297,-41.474834,0.9999994,5.4105163e-07,1.2265333e-09,1.5113684e-25,N,N
CM38_English_N_0041.npy,20.986134,-2.6901834,-5.7584653,-46.42653,1.0,5.2180243e-11,2.4264343e-12,5.2851133e-30,N,N
CF20_Gujarati_N_0045.npy,40.06475,-8.244061,-7.5652065,-83.134224,1.0,1.0465256e-21,2.0633437e-21,0.0,N,N
CF18_English_N_0041.npy,14.772083,-1.4052825,-3.6415353,-34.361797,0.9999999,9.424516e-08,1.0070877e-08,4.585923e-22,N,N
CF04_English_N_0028.npy,12.871276,-1.7737877,-4.3037405,-28.049837,0.9999995,4.362441e-07,3.475241e-08,1.6911675e-18,N,N
CF02_English_N_0019.npy,18.365223,-4.507706,-6.2096887,-33.23481,1.0,1.1652344e-10,2.1244754e-11,3.893951e-23,N,N
CM24_Gujarati_N_0043.npy,14.167263,-1.9056578,-3.7558541,-33.563885,0.9999999,1.0462096e-07,1.6447098e-08,1.8647725e-21,N,N
CF09_Hindi_N_0011.npy,16.027103,-8.532284,-3.160604,-22.943142,1.0,2.1577129e-11,4.643916e-09,1.18970004e-17,N,N
CM16_Hindi_N_0068.npy,17.052942,-3.4329505,-5.199205,-32.0418,1.0,1.2679134e-09,2.1677793e-10,4.7689694e-22,N,N
CF18_English_N_0026.npy,18.149437,-8.571595,-4.9379945,-23.536818,1.0,2.4842977e-12,9.402777e-11,7.8684444e-19,N,N
CF04_English_N_0072.npy,32.818665,-15.169202,-9.735114,-48.53286,1.0,1.4425632e-21,3.3046719e-19,4.671775e-36,N,N
CM35_English_N_0082.npy,22.419498,-7.363069,-6.390933,-39.898014,1.0,1.1630412e-13,3.0745968e-13,8.62677e-28,N,N
CM35_English_N_0098.npy,34.751316,-7.976847,-10.606526,-66.94314,1.0,2.7758364e-19,2.0014268e-20,7e-45,N,N
CM30_English_N_0031.npy,5.2549663,13.731809,-3.253449,-50.131218,0.00020819172,0.9997918,4.2005457e-08,1.8388652e-28,L,N
CF04_Hindi_N_0009.npy,28.617838,-8.028724,-7.0558715,-55.497772,1.0,1.2150689e-16,3.214435e-16,2.944798e-37,N,N
CM30_English_N_0011.npy,8.98767,1.0036056,-0.9032128,-29.981066,0.9996087,0.00034071796,5.0614424e-05,1.1910323e-17,N,N
CM30_Gujarati_N_0007.npy,16.593433,-1.2489035,-2.8008122,-42.54552,1.0,1.7830832e-08,3.7773424e-09,2.0714695e-26,N,N
CM35_English_N_0001.npy,38.052013,-3.8317127,-10.5034485,-85.358864,1.0,6.4584463e-19,8.1776936e-22,0.0,N,N
CF14_Hindi_N_0111.npy,15.664567,-8.250739,-5.4986463,-17.206516,1.0,4.1087956e-11,6.4406996e-10,5.299932e-15,N,N
CM38_English_N_0023.npy,11.215671,-0.47763565,-4.058129,-25.40375,0.9999914,8.349452e-06,2.3263188e-07,1.2484887e-16,N,N
CM27_Gujarati_N_0014.npy,9.693351,-2.9289827,-3.99292,-15.401389,0.99999547,3.297526e-06,1.137958e-06,1.2632549e-11,N,N
CF04_English_N_0019.npy,34.89272,-5.0708437,-9.520418,-76.20731,1.0,4.4060106e-18,5.1477647e-20,0.0,N,N
CM38_English_N_0090.npy,29.364912,-7.8560796,-10.237963,-51.181602,1.0,6.8411344e-17,6.3196065e-18,1.04494244e-35,N,N
CF09_Hindi_N_0038.npy,20.197906,-7.950952,-3.9229836,-35.715805,1.0,5.9580737e-13,3.3452664e-11,5.2117506e-25,N,N
CM35_English_N_0068.npy,23.780159,-4.648448,-7.9047465,-46.903564,1.0,4.5041458e-13,1.7354822e-14,2.006545e-31,N,N
CM05_English_N_0007.npy,17.96825,-2.9146802,-4.973016,-40.845535,1.0,8.5242935e-10,1.0882663e-10,2.8674607e-26,N,N
CM38_English_N_0051.npy,17.76254,-1.8324375,-4.4031525,-40.85584,1.0,3.0903597e-09,2.3635333e-10,3.4862783e-26,N,N
CM35_English_N_0043.npy,22.160677,-3.8745122,-6.3256345,-46.669445,1.0,4.9324334e-12,4.2515993e-13,1.2807284e-30,N,N
CM30_Gujarati_N_0070.npy,15.197703,0.3355951,-2.3428802,-42.677883,0.99999964,3.5113027e-07,2.4111309e-08,7.327428e-26,N,N
CF04_Hindi_N_0032.npy,39.168858,-11.886212,-11.973579,-67.82454,1.0,6.7152984e-23,6.1534943e-23,0.0,N,N
CM05_Hindi_N_0108.npy,11.164418,1.1693616,-1.329456,-34.349262,0.99995065,4.5622684e-05,3.7493655e-06,1.712532e-20,N,N
CM38_English_N_0014.npy,22.02296,-6.3635783,-7.5231223,-35.956535,1.0,4.69767e-13,1.4733265e-13,6.60427e-26,N,N
CF09_Hindi_N_0080.npy,26.945229,-4.204225,-8.83996,-52.877666,1.0,2.9645855e-14,2.875351e-16,2.154561e-35,N,N
CM38_English_N_0047.npy,9.82331,3.4532437,-1.1730181,-35.240307,0.9982741,0.0017090911,1.6734206e-05,2.6814475e-20,N,N
CF09_Hindi_N_0155.npy,18.686644,-13.666344,3.0242295,-32.30302,0.9999999,8.897649e-15,1.5772471e-07,7.169206e-23,N,N
CF18_English_N_0039.npy,19.991901,-2.8671947,-5.052546,-43.360596,1.0,1.181464e-10,1.32841845e-11,3.0645034e-28,N,N
CF02_Gujarati_N_0039.npy,20.562925,-5.6025157,-5.7204456,-40.241306,1.0,4.3300524e-12,3.8483717e-12,3.917947e-27,N,N
CM30_Gujarati_N_0009.npy,11.877281,-0.33305362,-2.7730632,-31.829248,0.9999945,4.9787072e-06,4.33944e-07,1.0435033e-19,N,N
CF14_Hindi_N_0038.npy,26.083996,-9.009699,-9.545565,-37.81137,1.0,5.741181e-16,3.3595233e-16,1.7807166e-28,N,N
CF04_Hindi_N_0108.npy,44.4136,-14.165402,-13.077478,-76.78651,1.0,3.6262897e-26,1.0763181e-25,0.0,N,N
CF14_English_N_0045.npy,14.317882,-0.26573876,-4.798734,-32.731888,0.9999995,4.63889e-07,4.9860804e-09,3.6859055e-21,N,N
CF09_English_N_0010.npy,27.082455,-8.214083,-7.6432347,-48.65407,1.0,4.6871383e-16,8.2951625e-16,1.28246195e-33,N,N
CF18_English_N_0057.npy,18.266533,-15.277524,0.006546378,-21.96045,1.0,2.7039685e-15,1.1743254e-08,3.3856624e-18,N,N
CF02_Gujarati_N_0048.npy,28.55545,-5.335528,-9.197042,-55.351036,1.0,1.9113248e-15,4.020683e-17,3.6297433e-37,N,N
CM05_English_N_0011.npy,25.95404,-3.1115723,-5.2497287,-62.03376,1.0,2.3821263e-13,2.8078573e-14,6.128918e-39,N,N
CF04_English_N_0043.npy,26.787867,-4.21906,-8.257828,-56.90364,1.0,3.418712e-14,6.0235033e-16,4.5002954e-37,N,N
CM05_Hindi_N_0114.npy,18.508251,-1.2631698,-2.6267495,-47.119534,1.0,2.5904832e-09,6.625002e-10,3.1493086e-29,N,N
CM03_English_N_0078.npy,17.215471,0.3426623,-3.91193,-45.54281,1.0,4.7014563e-08,6.675537e-10,5.5517025e-28,N,N
CM05_English_N_0067.npy,13.05213,2.2528634,-0.6674352,-43.292213,0.99997854,2.0414027e-05,1.100675e-06,3.3880713e-25,N,N
CM30_English_N_0012.npy,21.836666,-4.1631966,-6.2149086,-44.539146,1.0,5.1097906e-12,6.566832e-13,1.4905705e-29,N,N
CM24_Gujarati_N_0022.npy,15.190513,-9.406324,1.264227,-29.18966,0.99999905,2.0784013e-11,8.951392e-07,5.3202916e-20,N,N
CM05_Hindi_N_0054.npy,14.095971,-1.580116,-3.3780699,-33.02055,0.9999999,1.5558284e-07,2.5770355e-08,3.4479053e-21,N,N
CF09_Hindi_N_0049.npy,29.160286,-8.586933,-8.010477,-52.509247,1.0,4.0419512e-17,7.193555e-17,3.3991675e-36,N,N
CF02_English_N_0026.npy,11.388415,-0.3882225,-3.68534,-27.782427,0.99999213,7.681883e-06,2.841501e-07,9.734561e-18,N,N
CF02_English_N_0094.npy,18.828968,-1.7621515,-5.303025,-44.73164,1.0,1.1412751e-09,3.3083307e-11,2.4887353e-28,N,N
CF04_Hindi_N_0001.npy,13.460521,-4.2880993,-2.1145945,-26.341066,0.9999999,1.9582703e-08,1.7211288e-07,5.1807273e-18,N,N
CF14_Hindi_N_0123.npy,18.206007,-6.882099,-6.3515353,-26.566633,1.0,1.2716686e-11,2.1616963e-11,3.593266e-20,N,N
CF18_English_N_0032.npy,24.962954,-6.54107,-5.6284146,-48.356792,1.0,2.0795818e-14,5.180096e-14,1.4375999e-32,N,N
CF02_English_N_0006.npy,11.956874,-1.5024793,-4.5881925,-24.10837,0.99999845,1.4278297e-06,6.524813e-08,2.1730186e-16,N,N
CM05_Hindi_N_0093.npy,13.20161,1.6642714,-1.9715184,-41.012264,0.99999,9.758731e-06,2.572704e-07,2.8523903e-24,N,N
CF20_Gujarati_N_0066.npy,25.86289,-4.829149,-2.4788342,-56.839764,1.0,4.683997e-14,4.9129857e-13,1.2097471e-36,N,N
CF14_Hindi_N_0035.npy,20.08125,-11.2119665,-5.90027,-24.179686,1.0,2.5676078e-14,5.2043847e-12,5.9940596e-20,N,N
CF14_Hindi_N_0128.npy,18.38992,-3.4905398,-3.2556863,-41.189552,1.0,3.143674e-10,3.9758788e-10,1.3334117e-26,N,N
CM05_Hindi_N_0053.npy,18.689463,-3.1308656,-5.76399,-39.690895,1.0,3.3385053e-10,2.3988344e-11,4.42317e-26,N,N
CM03_English_N_0076.npy,12.11233,-2.451796,-3.6880622,-24.522844,0.9999994,4.7302026e-07,1.373968e-07,1.228983e-16,N,N
CF14_Hindi_N_0030.npy,21.380703,-14.2705765,-5.9244742,-18.702154,1.0,3.287351e-16,1.3851985e-12,3.910544e-18,N,N
CM38_English_N_0027.npy,20.678764,-4.2397137,-6.9132285,-37.67303,1.0,1.5067544e-11,1.0397994e-12,4.5513194e-26,N,N
CM30_English_N_0027.npy,7.9108524,6.0262938,-0.5838672,-37.80655,0.8679797,0.13184272,0.00017754144,1.2125376e-20,N,N
CF04_English_N_0027.npy,32.493656,-8.92013,-11.036263,-59.16356,1.0,1.0332858e-18,1.245078e-19,1.56235e-40,N,N
CM30_Gujarati_N_0038.npy,3.1864388,11.866517,-3.0655928,-38.61524,0.00016990879,0.99982977,3.2733553e-07,1.1911836e-22,L,N
CF14_Hindi_N_0079.npy,13.291322,-7.0099297,-2.0869331,-19.799456,0.99999976,1.5250317e-09,2.0956013e-07,4.2545876e-15,N,N
CM38_English_N_0109.npy,26.552559,-2.9341226,-5.7507553,-64.60026,1.0,1.5634975e-13,9.3508024e-15,2.58723e-40,N,N
CM30_English_N_0047.npy,-5.0158615,20.68341,-1.324782,-51.27556,6.90157e-12,1.0,2.76671e-10,5.605531e-32,L,N
CM35_English_N_0115.npy,19.504696,-5.743857,-7.1781106,-30.486235,1.0,1.0831611e-11,2.5810985e-12,1.9463258e-22,N,N
CM05_English_N_0046.npy,14.886164,-1.7963967,-3.6539783,-33.61793,1.0,5.686647e-08,8.873983e-09,8.608715e-22,N,N
CF02_English_N_0091.npy,12.665089,-1.5111127,-2.3858514,-31.187849,0.99999905,6.971942e-07,2.9070972e-07,9.013876e-20,N,N
CM05_Hindi_N_0015.npy,11.374866,0.25658914,-1.865842,-31.086939,0.99998343,1.4838384e-05,1.7767513e-06,3.6229795e-19,N,N
CF02_English_N_0052.npy,11.589391,-4.0042286,-3.4784908,-20.893589,0.99999964,1.6895731e-07,2.8582616e-07,7.813065e-15,N,N
CM03_English_N_0027.npy,9.445096,1.1006637,-1.4696352,-28.502634,0.9997441,0.00023765542,1.8183662e-05,3.3067293e-17,N,N
CM38_English_N_0117.npy,27.539541,-5.093577,-7.817199,-58.374443,1.0,6.723835e-15,4.413299e-16,4.87562e-38,N,N
CF09_Hindi_N_0072.npy,17.512346,-10.844269,-3.3876224,-20.34963,1.0,4.84037e-13,8.3802837e-10,3.603732e-17,N,N
CM27_Gujarati_N_0064.npy,13.958547,-5.4300747,-3.6005864,-24.874113,1.0,3.798642e-09,2.3668198e-08,1.3651795e-17,N,N
CM24_Gujarati_N_0017.npy,9.017722,1.8062179,-1.3003341,-28.938223,0.99922955,0.00073747773,3.3005814e-05,3.2779943e-17,N,N
CF09_English_N_0017.npy,20.85897,-2.5974472,-6.100752,-43.85365,1.0,6.501409e-11,1.9567768e-12,7.8644434e-29,N,N
CM16_Hindi_N_0070.npy,17.365067,-5.6362786,-6.7800064,-26.169462,1.0,1.02480906e-10,3.2653377e-11,1.2393488e-19,N,N
CF02_Gujarati_N_0057.npy,11.385114,-3.9719381,-4.7052455,-15.1556225,0.99999964,2.1405086e-07,1.02812486e-07,2.9751175e-12,N,N
CM24_Gujarati_N_0056.npy,6.387145,-3.6747746,2.7559214,-19.087332,0.974159,4.1571282e-05,0.025799392,8.417935e-12,N,N
CM35_English_N_0071.npy,22.67865,-0.9556814,-7.62766,-53.609665,1.0,5.4417748e-11,6.888701e-14,7.3859414e-34,N,N
CM24_Gujarati_N_0050.npy,19.86372,-2.6236296,-3.5731053,-48.166527,1.0,1.7134356e-10,6.6300423e-11,2.849974e-30,N,N
CM16_Hindi_N_0059.npy,11.863363,-4.194784,-2.349666,-23.121986,0.99999917,1.0617807e-07,6.719844e-07,6.398152e-16,N,N
CF04_Hindi_N_0061.npy,16.087729,-0.31095937,-1.6828798,-41.275208,0.9999999,7.5533656e-08,1.9156785e-08,1.2234678e-25,N,N
CM38_English_N_0046.npy,13.747098,2.2839897,-3.0819588,-40.39426,0.9999895,1.0510682e-05,4.9116725e-08,3.0669218e-24,N,N
CF09_Hindi_N_0061.npy,13.6405525,-6.9930606,-4.0191116,-15.2927065,1.0,1.0937938e-09,2.1404512e-08,2.7192284e-13,N,N
CM03_English_N_0026.npy,1.7599705,4.385668,2.0362778,-20.64823,0.06198685,0.8562988,0.081714325,1.149587e-11,L,N
CF18_English_N_0002.npy,16.250788,-3.0813653,-4.4117866,-32.572884,1.0,4.019319e-09,1.0625706e-09,6.2538833e-22,N,N
CM38_English_N_0091.npy,27.185902,-3.1259546,-7.865648,-61.040276,1.0,6.850598e-14,5.9883355e-16,4.828991e-39,N,N
CM05_English_N_0005.npy,22.093212,-9.583751,-6.3577123,-35.375263,1.0,1.7493206e-14,4.4047445e-13,1.1009265e-25,N,N
CM27_Gujarati_N_0025.npy,16.396797,-4.0616617,-5.0743413,-31.125456,1.0,1.3031806e-09,4.7337273e-10,2.2979835e-21,N,N
CM05_Hindi_N_0113.npy,14.997512,-0.8598352,-3.153995,-38.02648,0.9999999,1.2979007e-07,1.3088831e-08,9.375011e-24,N,N
CF14_English_N_0037.npy,12.812625,-1.1474013,-1.3415328,-32.10786,0.99999845,8.6544037e-07,7.1273286e-07,3.0994164e-20,N,N
CF14_Hindi_N_0044.npy,12.821836,-4.223094,-1.8944421,-25.419373,0.99999964,3.9580478e-08,4.0625758e-07,2.4663402e-17,N,N
CM35_English_N_0010.npy,19.461657,-3.8288343,-5.004702,-40.99782,1.0,7.674821e-11,2.368076e-11,5.5307157e-27,N,N
CF02_Gujarati_N_0064.npy,14.8081045,-2.1969993,-4.3996167,-33.068027,1.0,4.118861e-08,4.551897e-09,1.6130939e-21,N,N
CM30_English_N_0026.npy,7.77993,9.493384,-1.879244,-46.960037,0.15271473,0.8472755,9.7488855e-06,2.574037e-25,L,N
CM35_English_N_0069.npy,33.074314,-5.7268004,-10.67185,-65.064064,1.0,1.4089341e-17,1.00295875e-19,2.4e-43,N,N
CF04_English_N_0029.npy,22.32356,-3.4670038,-7.168531,-46.689598,1.0,6.299408e-12,1.5550599e-13,1.0665105e-30,N,N
CF04_Hindi_N_0140.npy,11.090678,-0.16836408,-0.8807531,-29.099566,0.9999808,1.2889959e-05,6.322152e-06,3.512295e-18,N,N
CF14_English_N_0050.npy,7.091363,-2.7125082,0.18918413,-15.332197,0.9989403,5.5178818e-05,0.0010045264,1.8243605e-10,N,N
CF14_Hindi_N_0147.npy,9.569693,-1.8635958,-1.7918942,-20.244577,0.99997747,1.0828694e-05,1.1633647e-05,1.1267232e-13,N,N
CM35_English_N_0118.npy,29.705338,-2.1583319,-10.144461,-66.54608,1.0,1.451389e-14,4.9368703e-18,1.579e-42,N,N
CF02_English_N_0098.npy,33.383286,-6.1081157,-10.868622,-63.83735,1.0,7.064837e-18,6.048405e-20,6e-43,N,N
CM30_Gujarati_N_0047.npy,12.938229,2.720545,-2.7475157,-40.806465,0.9999634,3.651745e-05,1.5408202e-07,4.559951e-24,N,N
CF14_Hindi_N_0108.npy,22.59948,-8.428003,-5.5153985,-38.106655,1.0,3.3491557e-14,6.1640157e-13,4.32176e-27,N,N
CF02_Gujarati_N_0021.npy,9.160814,1.9099817,-0.9474182,-29.01278,0.99925023,0.0007090514,4.0712206e-05,2.6369026e-17,N,N
CF09_Hindi_N_0068.npy,9.160505,-1.661299,0.7166444,-26.954807,0.999765,1.9954834e-05,0.00021516699,2.0664162e-16,N,N
CF18_English_N_0042.npy,18.996601,-8.816831,-5.4375324,-25.343054,1.0,8.3325995e-13,2.4456295e-11,5.540301e-20,N,N
CF18_English_N_0016.npy,22.93399,-6.305481,-1.6876615,-47.112553,1.0,2.001976e-13,2.0274593e-11,3.7946742e-31,N,N
CF02_English_N_0046.npy,18.24409,-1.4178491,-3.2302556,-47.156654,1.0,2.890207e-09,4.7185744e-10,3.952017e-29,N,N
CF14_Gujarati_N_0018.npy,17.912432,-9.414389,-2.6533084,-25.613176,1.0,1.3555412e-12,1.1706104e-09,1.2504566e-19,N,N
CF14_Hindi_N_0138.npy,16.939745,-3.298528,-5.0329785,-33.51309,1.0,1.6241625e-09,2.8666036e-10,1.2263435e-22,N,N
CM30_Gujarati_N_0050.npy,13.797177,-0.07926038,-4.26306,-34.17509,0.99999905,9.4089046e-07,1.4339631e-08,1.4652397e-21,N,N
CM16_Hindi_N_0062.npy,16.59587,-5.664977,-4.4356995,-27.46306,1.0,2.1490068e-10,7.346929e-10,7.335844e-20,N,N
CF02_Gujarati_N_0036.npy,20.00574,-5.6684904,-4.7306952,-38.146942,1.0,7.0765924e-12,1.807602e-11,5.554081e-26,N,N
CM38_English_N_0072.npy,24.021679,-4.7122235,-6.427739,-50.14309,1.0,3.3191353e-13,5.9701627e-14,6.175215e-33,N,N
CM05_English_N_0073.npy,3.1939423,8.1436405,-2.1161556,-26.38526,0.007035448,0.99292976,3.4765275e-05,1.0027847e-15,L,N
CM03_English_N_0006.npy,8.791516,0.5377764,-2.5762706,-23.185808,0.99972826,0.00026021246,1.1558862e-05,1.295108e-14,N,N
CM16_Hindi_N_0076.npy,20.047516,-2.9322336,-6.2917542,-40.78195,1.0,1.0471805e-10,3.639155e-12,3.8203028e-27,N,N
CM05_English_N_0001.npy,24.416988,-5.029615,-6.8190656,-49.948597,1.0,1.6274306e-13,2.7186566e-14,5.0516895e-33,N,N
CM35_English_N_0013.npy,23.001825,-8.867471,-8.240071,-33.734737,1.0,1.4432452e-14,2.7028147e-14,2.2888802e-25,N,N
CM27_Gujarati_N_0010.npy,8.3888645,-1.6859823,-3.2994013,-15.747507,0.9999496,4.21238e-05,8.391291e-06,3.293708e-11,N,N
CM38_English_N_0031.npy,18.80297,-0.2908869,-5.2614837,-45.982513,1.0,5.1008495e-09,3.539484e-11,7.311756e-29,N,N
CM05_English_N_0097.npy,12.350494,0.8079547,-3.5353732,-34.09655,0.9999902,9.7081065e-06,1.2613944e-07,6.7344275e-21,N,N
CF20_Gujarati_N_0018.npy,19.861498,-8.596411,-0.08896661,-40.43009,1.0,4.374086e-13,2.1658255e-09,6.541782e-27,N,N
CM30_Gujarati_N_0032.npy,11.842967,2.368826,-0.8679882,-41.942738,0.99992025,7.680653e-05,3.0176407e-06,4.3765332e-24,N,N
CM03_English_N_0054.npy,4.230923,4.611125,-0.49757767,-22.422485,0.40462574,0.5917974,0.0035767758,1.0755358e-12,L,N
CF04_English_N_0058.npy,23.912949,-6.79737,-6.032463,-45.393257,1.0,4.5991514e-14,9.88264e-14,7.956046e-31,N,N
CM38_English_N_0113.npy,26.404543,-3.1358962,-6.779673,-62.150185,1.0,1.4816653e-13,3.875059e-15,3.476734e-39,N,N
CM05_Hindi_N_0024.npy,15.850149,-3.121708,-5.841482,-30.312252,1.0,5.762715e-09,3.7970316e-10,8.952096e-21,N,N
CF04_English_N_0013.npy,35.284084,-8.277462,-11.9664345,-65.66596,1.0,1.2063152e-19,3.0155077e-21,1.4e-44,N,N
CF14_Hindi_N_0037.npy,19.785017,-5.6372576,-5.350158,-37.292065,1.0,9.1042885e-12,1.21319855e-11,1.6283181e-25,N,N
CM05_Hindi_N_0079.npy,10.52531,2.3003654,-2.3952699,-33.317944,0.9997297,0.0002678149,2.4465046e-06,9.099118e-20,N,N
CM27_Gujarati_N_0027.npy,11.000283,-2.1781895,-4.5347815,-20.211843,0.99999785,1.8908678e-06,1.7914563e-07,2.7844809e-14,N,N
CM35_English_N_0031.npy,23.9876,-6.2195735,-8.488121,-41.39845,1.0,7.606605e-14,7.869961e-15,4.010518e-29,N,N
CM30_English_N_0053.npy,22.05067,-2.832705,-7.0253572,-48.048325,1.0,1.5605852e-11,2.3574472e-13,3.600738e-31,N,N
CM35_English_N_0072.npy,23.019686,-4.3044267,-6.312479,-48.291763,1.0,1.3592175e-12,1.8247474e-13,1.0711049e-31,N,N
CF14_English_N_0029.npy,13.076763,-5.187341,-0.31594026,-27.910257,0.99999845,1.1694977e-08,1.5262382e-06,1.5832944e-18,N,N
CM05_Hindi_N_0072.npy,7.3456664,4.4934735,-1.0550628,-29.649809,0.94523114,0.054556485,0.00021239666,8.1022765e-17,N,N
CF20_Gujarati_N_0038.npy,21.89767,-12.362117,-0.765272,-35.812706,1.0,1.3217913e-15,1.4375036e-10,8.643743e-26,N,N
CM27_Gujarati_N_0013.npy,9.783014,-4.3188596,-3.953827,-12.421088,0.9999982,7.5098876e-07,1.0818446e-06,2.2744713e-10,N,N
CM05_Hindi_N_0071.npy,12.1939745,2.7833252,-0.7111591,-42.775097,0.9999156,8.184088e-05,2.4850503e-06,1.3402919e-24,N,N
CM38_English_N_0125.npy,20.149471,-3.9961188,-5.7476826,-42.951004,1.0,3.26365e-11,5.6625104e-12,3.9428637e-28,N,N
CM03_English_N_0085.npy,18.830742,-6.8605046,-6.557404,-28.745638,1.0,6.957186e-12,9.420383e-12,2.1769158e-21,N,N
CF14_Hindi_N_0148.npy,16.336672,-4.9786315,-4.8694673,-29.656189,1.0,5.531987e-10,6.1700833e-10,1.0606086e-20,N,N
CM16_Hindi_N_0040.npy,13.649098,-4.4786024,-2.1488209,-26.093573,0.9999999,1.3404158e-08,1.3773706e-07,5.495115e-18,N,N
CM27_Gujarati_N_0023.npy,8.33631,-0.41769937,-3.104219,-18.471228,0.99983144,0.00015780055,1.0749005e-05,2.2780402e-12,N,N
CF04_English_N_0023.npy,41.696682,-8.350685,-15.490484,-76.43083,1.0,1.8395206e-22,1.4585795e-25,0.0,N,N
CM03_English_N_0059.npy,7.102864,-0.8370157,-2.1729226,-16.510286,0.9995503,0.0003560892,9.362284e-05,5.5557677e-11,N,N
CM05_Hindi_N_0081.npy,8.254796,2.155932,-1.3296251,-27.84735,0.99769115,0.0022402324,6.86333e-05,2.089456e-16,N,N
CF18_English_N_0033.npy,27.222,-6.2149386,-5.1225123,-56.29061,1.0,3.0096902e-15,8.973389e-15,5.381876e-37,N,N
CM16_Hindi_N_0089.npy,12.586703,-3.1286137,-4.0924654,-21.694368,0.9999999,1.495976e-07,5.705964e-08,1.2939578e-15,N,N
CM03_English_N_0030.npy,5.146434,1.239759,0.88048804,-20.563322,0.9669816,0.019443342,0.013575051,6.604098e-12,N,N
CM38_English_N_0106.npy,26.605297,-4.163449,-5.970656,-62.914497,1.0,4.338141e-14,7.11939e-15,1.32449e-39,N,N
CF02_English_N_0053.npy,15.130869,-5.258505,-5.4504724,-21.547945,1.0,1.3963924e-09,1.1524903e-09,1.1765043e-16,N,N
CM30_Gujarati_N_0054.npy,16.892048,-1.6284769,-5.3762865,-39.19519,1.0,9.049784e-09,2.1329746e-10,4.3814907e-25,N,N
CF14_Hindi_N_0098.npy,18.933292,-7.7525806,-4.7184215,-30.792048,1.0,2.5731945e-12,5.347995e-11,2.5383906e-22,N,N
CF09_Hindi_N_0153.npy,18.244495,-2.489027,1.987193,-51.179848,0.9999999,9.897958e-10,8.700473e-08,7.0695077e-31,N,N
CM05_Hindi_N_0059.npy,20.59762,-3.663365,-4.824904,-45.610947,1.0,2.9079593e-11,9.102031e-12,1.7619179e-29,N,N
CM05_English_N_0003.npy,26.5703,-1.536449,-8.633424,-58.725708,1.0,6.214328e-13,5.1430056e-16,9.045146e-38,N,N
CF09_English_N_0046.npy,36.9145,-20.921436,-5.8675246,-50.352966,1.0,7.6238e-26,2.6302855e-19,1.2595596e-38,N,N
CM38_English_N_0099.npy,23.121384,-2.9935179,-6.7622714,-51.963608,1.0,4.554513e-12,1.05121925e-13,2.460382e-33,N,N
CM35_English_N_0029.npy,25.001373,-4.5153184,-10.305053,-42.616932,1.0,1.5172736e-13,4.6410216e-16,4.3027374e-30,N,N
CM05_Hindi_N_0051.npy,23.398548,-0.9218398,-7.0010104,-54.51571,1.0,2.7402448e-11,6.275369e-14,1.4530029e-34,N,N
CM16_Hindi_N_0053.npy,26.404034,-18.14064,-3.5131564,-30.496828,1.0,4.513297e-20,1.0165512e-13,1.942088e-25,N,N
CF04_Hindi_N_0066.npy,14.807578,-1.7030051,-3.5616593,-33.18937,0.9999999,6.753742e-08,1.052789e-08,1.4295198e-21,N,N
CF09_Hindi_N_0053.npy,18.836288,-4.538074,-2.2539177,-40.439217,1.0,7.057375e-11,6.92851e-10,1.8070711e-26,N,N
CF04_Hindi_N_0113.npy,37.52625,-6.0611663,-9.3869,-80.85569,1.0,1.1755112e-19,4.22551e-21,0.0,N,N
CF02_English_N_0023.npy,17.68805,-2.50445,-6.5966754,-34.24694,1.0,1.7002353e-09,2.8397354e-11,2.7856108e-23,N,N
CM30_English_N_0048.npy,14.747074,1.3293662,-2.9300318,-42.8454,0.99999857,1.4885487e-06,2.1034404e-08,9.725342e-26,N,N
CF04_English_N_0049.npy,31.98684,-7.1367483,-8.722451,-63.395233,1.0,1.0205667e-17,2.0901632e-18,3.768e-42,N,N
CM35_English_N_0038.npy,27.418976,-7.0040402,-8.786476,-51.614285,1.0,1.1227273e-15,1.8887391e-16,4.745582e-35,N,N
CM38_English_N_0092.npy,19.856733,-2.0437806,-4.986129,-47.690987,1.0,3.081253e-10,1.6251089e-11,4.6173964e-30,N,N
CF02_Gujarati_N_0030.npy,12.922564,-2.1553197,-4.2403846,-27.229988,0.99999976,2.829819e-07,3.517435e-08,3.64728e-18,N,N
CF18_English_N_0031.npy,20.370754,-3.579741,-6.3696856,-38.709015,1.0,3.9667266e-11,2.4365442e-12,2.1977702e-26,N,N
CM38_English_N_0128.npy,24.844925,-6.7314296,-8.284843,-41.005043,1.0,1.9344757e-14,4.091894e-15,2.5218676e-29,N,N
CM38_English_N_0043.npy,24.627628,-3.0090723,-7.0154834,-55.52958,1.0,9.943375e-13,1.8095516e-14,1.5422879e-35,N,N
CF04_Hindi_N_0125.npy,12.438849,-5.6684723,-1.5192946,-21.650011,0.99999917,1.36801015e-08,8.670709e-07,1.5681805e-15,N,N
CM35_English_N_0012.npy,31.592709,-4.418966,-8.450949,-70.54947,1.0,2.2926045e-16,4.0668806e-18,4e-45,N,N
CM30_Gujarati_N_0022.npy,11.482861,2.5263548,-1.1558492,-40.58765,0.9998679,0.00012887883,3.24355e-06,2.4322437e-23,N,N
CF20_Gujarati_N_0013.npy,19.073141,-10.0755005,-0.6163591,-32.653988,1.0,2.1923296e-13,2.8116318e-09,3.4292105e-23,N,N
CM30_Gujarati_N_0017.npy,10.138942,8.931254,0.14016473,-52.941216,0.76986253,0.23010245,3.4994468e-05,3.0977659e-28,N,N
CM24_Gujarati_N_0034.npy,16.338444,-2.4828389,-3.9592228,-39.18176,1.0,6.6991626e-09,1.5305073e-09,7.7247133e-25,N,N
CF02_English_N_0076.npy,20.785969,-3.559763,-6.7542753,-42.129597,1.0,2.6716714e-11,1.0950238e-12,4.7436983e-28,N,N
CF20_Gujarati_N_0034.npy,26.37268,-4.7792563,-7.6568546,-51.67945,1.0,2.9572322e-14,1.664031e-15,1.2658724e-34,N,N
CM05_Hindi_N_0057.npy,14.596915,-0.7894147,-4.1082754,-34.523727,0.99999976,2.078748e-07,7.523828e-09,4.6470294e-22,N,N
CF14_Hindi_N_0083.npy,23.114925,-11.0943575,-9.037257,-24.835428,1.0,1.3902651e-15,1.0876374e-14,1.4977013e-21,N,N
CF20_Gujarati_N_0030.npy,13.792665,-13.138978,9.038935,-32.901527,0.99145424,1.9953034e-12,0.008545826,5.2148665e-21,N,N
CF09_Hindi_N_0087.npy,20.564436,-5.3663764,-5.0270963,-40.40924,1.0,5.475088e-12,7.686683e-12,3.3072562e-27,N,N
CM16_Hindi_N_0039.npy,16.452316,-5.259064,-4.634637,-28.468882,1.0,3.722781e-10,6.9510914e-10,3.097223e-20,N,N
CF14_Gujarati_N_0051.npy,20.785866,-5.5206146,-6.4499645,-36.56768,1.0,3.7604577e-12,1.4846674e-12,1.2350125e-25,N,N
CM05_Hindi_N_0025.npy,15.435072,-1.7525213,-4.7765985,-34.136246,1.0,3.4318084e-08,1.667951e-09,2.961075e-22,N,N
CM35_English_N_0123.npy,14.668488,-1.0117409,-2.8506742,-36.70652,0.9999999,1.5493993e-07,2.463343e-08,4.8766056e-23,N,N
CF18_English_N_0045.npy,22.265495,-6.541915,-6.0839086,-39.274017,1.0,3.0839e-13,4.875403e-13,1.8781455e-27,N,N
CM05_English_N_0047.npy,14.626062,-1.6264353,-3.594974,-34.2397,0.9999999,8.742377e-08,1.2209676e-08,5.9961113e-22,N,N
CF20_Gujarati_N_0009.npy,14.8627825,-8.247178,0.01228857,-25.484411,0.99999964,9.193301e-11,3.5523203e-07,3.002174e-18,N,N
CF02_Gujarati_N_0066.npy,22.857582,-5.5321755,-6.345806,-44.802067,1.0,4.682579e-13,2.0755331e-13,4.1284422e-30,N,N
CM35_English_N_0045.npy,16.940552,-2.7682152,-5.068875,-37.06637,1.0,2.757981e-09,2.7632976e-10,3.5082676e-24,N,N
CM05_English_N_0025.npy,6.034265,1.546268,0.6116974,-22.963194,0.98458254,0.011069801,0.0043477127,2.5108198e-13,N,N
CM35_English_N_0037.npy,24.92643,-3.0242147,-6.5386834,-57.538452,1.0,7.264219e-13,2.1620972e-14,1.5344644e-36,N,N
CM16_Hindi_N_0011.npy,24.244717,-7.945203,-6.6994185,-39.816185,1.0,1.0473601e-14,3.640262e-14,1.5090566e-28,N,N
CF02_English_N_0086.npy,18.208733,-5.516867,-6.305156,-31.320293,1.0,4.9671028e-11,2.2581518e-11,3.0889955e-22,N,N
CF04_English_N_0088.npy,31.898083,-8.343579,-7.6379666,-61.133083,1.0,3.3363273e-18,6.75635e-18,3.9543e-41,N,N
CM30_English_N_0057.npy,12.631312,0.25020453,-3.7711916,-31.984808,0.9999957,4.1971175e-06,7.5245616e-08,4.202074e-20,N,N
CF20_Gujarati_N_0039.npy,38.64603,-7.6124945,-9.474409,-77.575195,1.0,8.131628e-21,1.2634541e-21,0.0,N,N
CM35_English_N_0052.npy,22.799011,-3.2025874,-5.0857596,-52.659096,1.0,5.1009297e-12,7.758856e-13,1.6941836e-33,N,N
CF14_Hindi_N_0141.npy,17.76325,-5.1145334,-6.507582,-29.90322,1.0,1.15958965e-10,2.8794633e-11,1.9893688e-21,N,N
CF14_English_N_0052.npy,3.5343144,-2.369011,1.0684546,-9.033878,0.9193968,0.002510276,0.07808968,3.2004157e-06,N,N
CF04_Hindi_N_0115.npy,20.868753,-6.5206165,-5.439715,-36.240543,1.0,1.2733499e-12,3.752992e-12,1.5766915e-25,N,N
CM03_English_N_0088.npy,10.875785,-2.0735824,-3.3724675,-22.152292,0.999997,2.3777152e-06,6.4872575e-07,4.529888e-15,N,N
CM03_English_N_0035.npy,11.311406,-0.10445455,-2.5549617,-29.10823,0.9999881,1.1019181e-05,9.504035e-07,2.7923512e-18,N,N
CF02_English_N_0020.npy,23.132483,-3.592103,-8.104931,-45.12857,1.0,2.4754808e-12,2.714962e-14,2.262562e-30,N,N
CM35_English_N_0126.npy,31.605804,-9.082501,-9.444311,-55.834663,1.0,2.1344879e-18,1.4864849e-18,1.0594667e-38,N,N
CF09_Hindi_N_0157.npy,17.659374,-5.3734255,7.673454,-54.880074,0.999954,9.930305e-11,4.604157e-05,3.1368934e-32,N,N
CF04_Hindi_N_0112.npy,40.77592,-17.876448,-11.580198,-57.08839,1.0,3.3697744e-26,1.8282147e-23,3.15e-43,N,N
CF09_Hindi_N_0121.npy,21.83181,-6.530365,-0.8762094,-48.621433,1.0,4.8135324e-13,1.374145e-10,2.5266412e-31,N,N
CF14_Gujarati_N_0043.npy,23.705042,-5.084656,-7.7231526,-45.288692,1.0,3.1390136e-13,2.2434105e-14,1.0874293e-30,N,N
CM35_English_N_0060.npy,20.010883,-3.7780542,-7.0481887,-37.11236,1.0,4.662256e-11,1.771716e-12,1.5548606e-25,N,N
CF14_Hindi_N_0013.npy,18.564205,-5.9308925,-3.9966645,-34.275055,1.0,2.3009865e-11,1.5919852e-10,1.127719e-23,N,N
CF02_Gujarati_N_0028.npy,19.748718,-3.2406087,-7.5765023,-37.033512,1.0,1.0371997e-10,1.357712e-12,2.1867074e-25,N,N
CF02_Gujarati_N_0019.npy,26.01863,-6.107727,-7.3668933,-49.67019,1.0,1.11609195e-14,3.1684913e-15,1.3451267e-33,N,N
CF09_Hindi_N_0094.npy,30.33381,-3.366086,-9.400558,-62.727158,1.0,2.3137709e-15,5.540941e-18,3.8383e-41,N,N
CM05_English_N_0042.npy,12.859368,-1.5062633,-3.9060783,-28.30596,0.9999994,5.768799e-07,5.2343072e-08,1.3247213e-18,N,N
CF09_Hindi_N_0160.npy,16.295145,-2.4288967,-2.0560813,-38.10943,1.0,7.383331e-09,1.0719227e-08,2.3571911e-24,N,N
CF09_Hindi_N_0039.npy,14.101033,-5.544814,-3.5816503,-23.222021,1.0,2.9370877e-09,2.0917412e-08,6.1773617e-17,N,N
CM38_English_N_0107.npy,18.152096,-0.13482192,-4.674685,-45.482727,1.0,1.1431209e-08,1.2202682e-10,2.3107214e-28,N,N
CF09_Hindi_N_0098.npy,33.160667,-5.323241,-9.697493,-67.68859,1.0,1.9348638e-17,2.437456e-19,1.5e-44,N,N
CM38_English_N_0004.npy,19.659533,-3.6409273,-7.3760686,-35.75904,1.0,7.598685e-11,1.8137935e-12,8.551065e-25,N,N
CM38_English_N_0112.npy,31.568157,0.1995897,-8.467399,-80.17849,1.0,2.3812437e-14,4.0999505e-18,0.0,N,N
CF14_English_N_0024.npy,14.588824,-1.3380282,-4.294684,-32.43112,0.9999999,1.2107539e-07,6.2950085e-09,3.797488e-21,N,N
CF14_Hindi_N_0025.npy,12.798263,-5.8085513,-1.8274019,-20.737135,0.9999995,8.3016305e-09,4.447893e-07,2.7274834e-15,N,N
CF14_Hindi_N_0072.npy,13.073409,-4.540166,-4.7126613,-19.787222,1.0,2.2414115e-08,1.8862881e-08,5.3556195e-15,N,N
CM16_Hindi_N_0042.npy,22.40474,-2.5799866,-8.216991,-43.544632,1.0,1.4101697e-11,5.0251758e-14,2.2832422e-29,N,N
CF04_English_N_0032.npy,32.4351,-7.496328,-11.983402,-55.34328,1.0,4.549897e-18,5.1202286e-20,7.55672e-39,N,N
CM27_Gujarati_N_0028.npy,12.913061,-1.031579,-3.612012,-31.230803,0.99999905,8.7885917e-07,6.6565796e-08,6.738499e-20,N,N
CF18_English_N_0015.npy,20.123371,-13.192006,-0.89355457,-26.619587,1.0,3.3987241e-15,7.4552997e-10,5.009464e-21,N,N
CM30_Gujarati_N_0048.npy,14.432376,-2.056834,-4.320989,-31.486149,0.9999999,6.899649e-08,7.1699677e-09,1.14245105e-20,N,N
CF09_Hindi_N_0134.npy,29.179379,-2.635675,-9.346725,-62.466618,1.0,1.5236935e-14,1.854922e-17,1.57998e-40,N,N
CF04_English_N_0092.npy,55.208385,-14.559159,-16.93826,-100.02956,1.0,5.0157864e-31,4.6463336e-32,0.0,N,N
CF20_Gujarati_N_0021.npy,17.779644,-2.7249022,-0.7623695,-44.717525,1.0,1.2444812e-09,8.857395e-09,7.2081563e-28,N,N
CM30_Gujarati_N_0041.npy,11.573958,4.8844423,-0.4116503,-46.666508,0.9987515,0.0012423316,6.2254903e-06,5.080939e-26,N,N
CF02_English_N_0054.npy,18.165642,-4.6442394,-6.252752,-32.82592,1.0,1.2410649e-10,2.4844267e-11,7.1556e-23,N,N
CF20_Gujarati_N_0026.npy,29.479877,-11.427438,-4.9570346,-50.035866,1.0,1.7146643e-18,1.1072327e-15,2.9292054e-35,N,N
CF14_Gujarati_N_0050.npy,17.487421,-5.3307385,-4.473724,-30.271112,1.0,1.2308338e-10,2.8999847e-10,1.8143977e-21,N,N
CM35_English_N_0061.npy,19.88328,-0.77952105,-5.712835,-46.31668,1.0,1.0623294e-09,7.651533e-12,1.7771464e-29,N,N
CM05_English_N_0094.npy,12.9688835,-0.59985524,-3.8719845,-33.173714,0.9999987,1.279885e-06,4.8540404e-08,9.131121e-21,N,N
CF09_Hindi_N_0126.npy,31.30981,-9.288674,-8.763058,-56.822845,1.0,2.3350835e-18,3.9497936e-18,5.302396e-39,N,N
CM35_English_N_0076.npy,17.948402,-2.5402536,-7.719397,-31.16342,1.0,1.2644165e-09,7.122239e-12,4.688197e-22,N,N
CM16_Hindi_N_0075.npy,23.665745,-5.7769685,-5.7741847,-46.00354,1.0,1.6337753e-13,1.6383281e-13,5.5337013e-31,N,N
CF18_English_N_0012.npy,15.570307,-1.8559713,-3.3101583,-35.105225,1.0,2.7031115e-08,6.3142016e-09,9.815156e-23,N,N
CF02_English_N_0087.npy,17.276154,-5.443115,-5.2365623,-30.724073,1.0,1.3587731e-10,1.6705196e-10,1.424838e-21,N,N
CF04_Hindi_N_0044.npy,25.485756,-2.642325,-6.2552505,-58.34774,1.0,6.0831694e-13,1.6408009e-14,3.9045884e-37,N,N
CF14_Hindi_N_0070.npy,19.427605,-7.246749,-5.050487,-32.74365,1.0,2.6030053e-12,2.3404514e-11,2.1994425e-23,N,N
CF02_Gujarati_N_0020.npy,5.4524,1.0657196,-0.9466892,-17.461672,0.9860911,0.012268906,0.0016399396,1.1027118e-10,N,N
CF02_English_N_0072.npy,27.3242,-11.228377,-8.269183,-40.741676,1.0,1.806459e-17,3.4832914e-16,2.7502191e-30,N,N
CF18_English_N_0044.npy,26.701147,-4.8137465,-4.193341,-58.13967,1.0,2.057103e-14,3.8255565e-14,1.4259355e-37,N,N
CM05_English_N_0088.npy,9.4116,5.668807,-1.2894822,-39.452988,0.97683877,0.02313921,2.199895e-05,5.8641203e-22,N,N
CF09_Hindi_N_0021.npy,19.349682,-4.113407,-4.7000084,-40.63226,1.0,6.458177e-11,3.5921315e-11,8.9160796e-27,N,N
CF20_Gujarati_N_0054.npy,13.977448,-0.82822996,-0.2548197,-37.593838,0.9999989,3.7151395e-07,6.5917993e-07,4.0075125e-23,N,N
CF14_Hindi_N_0053.npy,18.329607,-10.699777,-6.4130344,-15.714892,1.0,2.4700085e-13,1.7964177e-11,1.6393141e-15,N,N
CM24_Gujarati_N_0063.npy,5.2230167,0.3746049,-0.14745924,-16.814785,0.98766136,0.007744074,0.0045945193,2.652848e-10,N,N
CM05_Hindi_N_0035.npy,18.707859,0.37937877,-4.1674075,-50.124794,1.0,1.0965852e-08,1.16251286e-10,1.2774883e-30,N,N
CF09_Hindi_N_0028.npy,23.376652,-7.8310547,-6.8297606,-39.982414,1.0,2.796825e-14,7.612396e-14,3.0444388e-28,N,N
CF09_Hindi_N_0089.npy,25.671488,-13.682307,-4.6339536,-39.286076,1.0,8.107078e-18,6.894682e-14,6.155847e-29,N,N
CF09_Hindi_N_0095.npy,22.651442,-2.9100513,-6.879397,-46.796635,1.0,7.921085e-12,1.49596e-13,6.903742e-31,N,N
CM05_Hindi_N_0052.npy,14.546876,-1.3347905,-4.0255184,-33.212334,0.9999999,1.2667181e-07,8.592334e-09,1.8131726e-21,N,N
CM38_English_N_0122.npy,19.103922,0.19006154,-2.3828115,-54.401794,1.0,6.1068164e-09,4.6604803e-10,1.1936413e-32,N,N
CM30_Gujarati_N_0024.npy,9.424106,2.834963,-2.4158006,-31.081161,0.99861956,0.00137332,7.201018e-06,2.5596798e-18,N,N
CM16_Hindi_N_0077.npy,21.223835,-6.6521716,-6.8063273,-37.007633,1.0,7.827155e-13,6.7089563e-13,5.1332766e-26,N,N
CF09_Hindi_N_0136.npy,31.533031,-4.226552,-11.059179,-63.240654,1.0,2.9499227e-16,3.180085e-19,6.924e-42,N,N
CM16_Hindi_N_0049.npy,19.93403,-9.460368,-6.076081,-25.358477,1.0,1.7146492e-13,5.057692e-12,2.136555e-20,N,N
CF09_Hindi_N_0112.npy,16.97364,-5.195583,-2.4438004,-34.50047,1.0,2.3552033e-10,3.6907342e-09,4.4164996e-23,N,N
CM30_English_N_0017.npy,14.0774555,3.9902468,-1.518238,-49.89258,0.9999583,4.1606654e-05,1.6860025e-07,1.6525328e-28,N,N
CM38_English_N_0067.npy,21.573433,-3.8879352,-4.620523,-49.24325,1.0,8.755242e-12,4.208325e-12,1.756735e-31,N,N
CF09_Hindi_N_0057.npy,15.335621,-3.0795095,-2.913519,-33.327526,1.0,1.0055656e-08,1.1871327e-08,7.3428354e-22,N,N
CF14_Gujarati_N_0004.npy,22.514877,-7.915798,-7.3733044,-35.075832,1.0,6.083108e-14,1.046472e-13,9.7425487e-26,N,N
CF14_Hindi_N_0022.npy,6.0079794,-2.5301642,2.9499583,-20.162222,0.9549489,0.00018703018,0.044864047,4.1153474e-12,N,N
CM24_Gujarati_N_0046.npy,10.550177,-2.684702,-1.500954,-25.174597,0.9999924,1.7871539e-06,5.837909e-06,3.0543918e-16,N,N
CF04_Hindi_N_0074.npy,19.51941,-13.781215,-2.8747244,-21.624395,1.0,3.4492317e-15,1.880836e-10,1.3535424e-18,N,N
CF04_English_N_0045.npy,27.11221,-7.465153,-8.63563,-49.314,1.0,9.621493e-16,2.9847638e-16,6.434568e-34,N,N
CF04_Hindi_N_0013.npy,29.736628,-2.7793846,-7.259447,-71.53788,1.0,7.559177e-15,8.5666087e-17,1e-44,N,N
CF14_Gujarati_N_0055.npy,11.251983,-2.2126486,-3.2600946,-21.803488,0.9999981,1.4203134e-06,4.9829214e-07,4.4074885e-15,N,N
CF09_English_N_0014.npy,23.550768,-5.899189,-6.7130647,-45.77054,1.0,1.6219827e-13,7.187613e-14,7.836824e-31,N,N
CF14_Hindi_N_0117.npy,17.978857,-2.2462664,-3.005334,-43.05421,1.0,1.6456599e-09,7.7033785e-10,3.116566e-27,N,N
CM27_Gujarati_N_0051.npy,10.529753,0.0021440675,-3.7903624,-25.178652,0.9999726,2.6785865e-05,6.037278e-07,3.1047384e-16,N,N
CF14_Hindi_N_0084.npy,18.417908,-10.035544,-4.489818,-22.703398,1.0,4.3936184e-13,1.1253844e-10,1.3843411e-18,N,N
CM03_English_N_0045.npy,6.233893,3.4481106,-1.229113,-24.171488,0.94139385,0.05806594,0.00054029253,5.873304e-14,N,N
CM05_English_N_0074.npy,6.4170284,5.54517,-4.131697,-26.984888,0.70511925,0.29486227,1.8493089e-05,2.1978324e-15,N,N
CM27_Gujarati_N_0065.npy,12.420088,-3.1014383,-4.1409016,-22.494637,0.99999964,1.8158778e-07,6.4217524e-08,6.8663646e-16,N,N
CM03_English_N_0084.npy,11.460255,-1.6294909,-3.9295163,-23.766409,0.99999774,2.0663067e-06,2.0716033e-07,5.026367e-16,N,N
CF20_Gujarati_N_0017.npy,15.107566,-8.455443,2.7946148,-34.57413,0.99999547,5.844039e-11,4.493154e-06,2.651617e-22,N,N
CF04_Hindi_N_0131.npy,14.101653,-2.06568,-1.4445968,-35.143448,0.99999976,9.519544e-08,1.7715342e-07,4.103211e-22,N,N
CM35_English_N_0023.npy,17.399574,-2.733341,-4.238479,-40.08188,1.0,1.8046206e-09,4.006015e-10,1.0867313e-25,N,N
CF20_Gujarati_N_0031.npy,12.542801,-12.886851,5.6757145,-24.582512,0.99895954,9.027965e-12,0.0010404236,7.520201e-17,N,N
CM05_English_N_0083.npy,17.450975,2.6242857,-1.6397439,-55.936455,0.99999964,3.637896e-07,5.116887e-09,1.3435217e-32,N,N
CM05_English_N_0057.npy,21.922255,-4.3745227,-6.488622,-45.00244,1.0,3.797122e-12,4.5847196e-13,8.609402e-30,N,N
CM24_Gujarati_N_0041.npy,9.89204,0.70046777,-1.1547952,-28.61534,0.9998821,0.00010188253,1.5935635e-05,1.8897623e-17,N,N
CM16_Hindi_N_0002.npy,17.222042,-7.022541,-3.4861956,-28.194674,1.0,2.956047e-11,1.0151426e-09,1.8869925e-20,N,N
CF14_Gujarati_N_0021.npy,22.261072,-14.311238,-4.465336,-24.185793,1.0,1.3087207e-16,2.4709757e-12,6.7357006e-21,N,N
CM35_English_N_0111.npy,15.432421,2.2307441,-4.196563,-44.67062,0.9999982,1.8474982e-06,2.9870357e-09,7.899134e-27,N,N
CF09_Hindi_N_0079.npy,12.240787,-4.58012,-3.516902,-17.983648,0.9999999,4.9519084e-08,1.433913e-07,7.476444e-14,N,N
CF09_English_N_0052.npy,25.449898,-7.510347,-3.9775443,-48.278767,1.0,4.8478398e-15,1.6589147e-13,9.550942e-33,N,N
CF14_Gujarati_N_0003.npy,14.70606,-7.0410433,-4.4903502,-20.01831,1.0,3.5921333e-10,4.603674e-09,8.306087e-16,N,N
CM35_English_N_0124.npy,25.641277,-4.9022655,-10.747101,-43.35183,1.0,5.433853e-14,1.572998e-16,1.0881182e-30,N,N
CF02_Gujarati_N_0045.npy,23.452072,-3.9337049,-6.8572235,-49.28824,1.0,1.2779338e-12,6.868156e-14,2.5661644e-32,N,N
CF09_English_N_0042.npy,24.414799,-9.031049,-7.625998,-38.275,1.0,2.983001e-15,1.2157889e-14,5.9451893e-28,N,N
CM30_English_N_0021.npy,3.7958238,11.3045845,-0.48127997,-42.17382,0.0005479557,0.9994444,7.6071606e-06,5.9481576e-24,L,N
CM35_English_N_0066.npy,18.29412,-1.6796191,-5.705006,-41.936043,1.0,2.1159974e-09,3.7784338e-11,6.956204e-27,N,N
CF09_Hindi_N_0026.npy,9.486747,0.16421816,-2.8938823,-22.629791,0.9999064,8.937921e-05,4.1987564e-06,1.12699944e-14,N,N
CF02_English_N_0048.npy,18.422424,-3.4088736,-5.9197516,-37.08181,1.0,3.3020783e-10,2.6811869e-11,7.849054e-25,N,N
CF14_Hindi_N_0133.npy,14.984139,-4.636853,-2.7080612,-29.238207,1.0,3.011003e-09,2.071931e-08,6.229865e-20,N,N
CF04_Hindi_N_0098.npy,28.637491,-2.5139575,-4.3030457,-70.36305,1.0,2.9586766e-14,4.9443223e-15,1.01e-43,N,N
CM27_Gujarati_N_0046.npy,11.863078,-4.126647,-4.469565,-17.82392,0.99999976,1.13697396e-07,8.06906e-08,1.2796794e-13,N,N
CM03_English_N_0100.npy,16.135014,-3.3825152,-3.6052313,-34.47024,1.0,3.3392202e-09,2.6725153e-09,1.0529723e-22,N,N
CM35_English_N_0007.npy,23.747765,-2.5514417,-6.8384423,-52.624825,1.0,3.7879136e-12,5.206901e-14,6.7890024e-34,N,N
CM05_Hindi_N_0064.npy,19.58274,-4.623713,-5.4483476,-38.49182,1.0,3.0709373e-11,1.3462839e-11,6.005348e-26,N,N
CF09_Hindi_N_0100.npy,19.812105,-1.4458389,-2.5460935,-49.884285,1.0,5.8585775e-10,1.9496556e-10,5.3857126e-31,N,N
CF09_Hindi_N_0033.npy,23.887276,-4.0616837,-7.6637607,-47.044567,1.0,7.2764776e-13,1.9840783e-14,1.5656467e-31,N,N
CF14_Hindi_N_0115.npy,16.203367,-5.2461,-3.526402,-29.46956,1.0,4.837433e-10,2.7006624e-09,1.460493e-20,N,N
CF20_Gujarati_N_0015.npy,15.40111,-6.208393,1.3040646,-34.2266,0.9999993,4.122037e-10,7.5462447e-07,2.7987222e-22,N,N
CF14_Hindi_N_0077.npy,15.346106,-5.5316706,-2.340417,-28.882912,1.0,8.568338e-10,2.0837254e-08,6.188438e-20,N,N
CF14_English_N_0020.npy,17.596035,-6.4719405,-4.782949,-31.280867,1.0,3.5270436e-11,1.9095478e-10,5.929692e-22,N,N
CF18_English_N_0047.npy,17.391273,-6.2008686,-0.77714765,-35.373665,1.0,5.6762678e-11,1.2869306e-08,1.2147263e-23,N,N
CM38_English_N_0048.npy,19.415485,-0.5570689,-4.6739717,-50.998604,1.0,2.118505e-09,3.4520886e-11,2.6275315e-31,N,N
CF02_English_N_0047.npy,16.11231,-4.274602,-4.9188304,-30.000965,1.0,1.3998325e-09,7.3500683e-10,9.4028544e-21,N,N
CM03_English_N_0015.npy,6.869195,1.8219428,0.09732634,-25.104616,0.9924844,0.0063786665,0.0011369424,1.290249e-14,N,N
CF09_Hindi_N_0006.npy,26.24465,-2.4106846,-5.9898353,-62.187775,1.0,3.590429e-13,1.0017072e-14,3.929028e-39,N,N
CF04_English_N_0097.npy,27.490074,-6.286513,-7.963569,-54.13115,1.0,2.1429597e-15,4.0056974e-16,3.56741e-36,N,N
CF04_English_N_0024.npy,36.907864,-8.383075,-11.335234,-70.63749,1.0,2.1399072e-20,1.117609e-21,0.0,N,N
CM05_English_N_0075.npy,4.827478,3.6972775,-0.19783735,-22.534567,0.7521409,0.24291785,0.004941201,9.842693e-13,N,N
CM05_Hindi_N_0076.npy,10.364795,1.8595676,-1.3628329,-34.352695,0.99978954,0.00020236499,8.066118e-06,3.7961987e-20,N,N
CM35_English_N_0103.npy,26.904331,-2.4672236,-8.449688,-60.83606,1.0,1.7542666e-13,4.425319e-16,7.849357e-39,N,N
CM35_English_N_0053.npy,31.795403,-8.519485,-9.887205,-57.551674,1.0,3.1007492e-18,7.897192e-19,1.574192e-39,N,N
CF14_Hindi_N_0130.npy,18.236795,-4.138137,-6.2886195,-32.838478,1.0,1.9173031e-10,2.2322737e-11,6.580992e-23,N,N
CM35_English_N_0047.npy,26.99396,-2.3585348,-9.627308,-56.350056,1.0,1.7880273e-13,1.2461917e-16,6.3702033e-37,N,N
CM38_English_N_0016.npy,18.62627,0.0934982,-3.9647183,-47.664795,1.0,8.939626e-09,1.544751e-10,1.6223996e-29,N,N
CM05_Hindi_N_0082.npy,9.589084,2.976929,-0.17841327,-36.619015,0.99860066,0.0013420524,5.7203393e-05,8.540224e-21,N,N
CF02_English_N_0080.npy,20.812614,-5.10394,-5.5390253,-40.5682,1.0,5.553718e-12,3.5944188e-12,2.2011586e-27,N,N
CM24_Gujarati_N_0001.npy,23.45427,-8.10056,-5.032973,-41.755157,1.0,1.9765693e-14,4.2476442e-13,4.7852624e-29,N,N
CF04_Hindi_N_0045.npy,31.819164,-7.0470905,-9.16395,-60.893314,1.0,1.3200767e-17,1.5894937e-18,5.4386e-41,N,N
CM38_English_N_0002.npy,22.021719,-4.1737003,-7.045299,-43.75054,1.0,4.2021733e-12,2.37878e-13,2.725645e-29,N,N
CM03_English_N_0046.npy,14.544089,2.2438302,-3.771607,-41.230553,0.99999547,4.550547e-06,1.1106878e-08,5.9893323e-25,N,N
CF20_Gujarati_N_0020.npy,24.507908,-10.537854,-4.7359757,-40.239235,1.0,6.02309e-16,1.9931635e-13,7.597514e-29,N,N
CM35_English_N_0041.npy,10.098,-0.400286,-2.7264295,-24.09815,0.9999697,2.7582872e-05,2.6940663e-06,1.4085973e-15,N,N
CF14_Gujarati_N_0061.npy,16.133993,-4.6704044,-4.720529,-28.500494,1.0,9.2207214e-10,8.769925e-10,4.1256134e-20,N,N
CM16_Hindi_N_0014.npy,19.925732,-3.6943014,-5.3003607,-39.165016,1.0,5.520137e-11,1.1077631e-11,2.1737736e-26,N,N
CF02_English_N_0014.npy,19.785622,-4.3059855,-7.5851502,-34.56652,1.0,3.444676e-11,1.297254e-12,2.4840739e-24,N,N
CF04_English_N_0091.npy,31.423183,-4.723263,-9.531366,-65.08501,1.0,2.0035393e-16,1.6355514e-18,1.222e-42,N,N
CF04_Hindi_N_0123.npy,23.109442,-7.3865848,-7.326981,-36.718544,1.0,5.698279e-14,6.04825e-14,1.0400042e-26,N,N
CM35_English_N_0117.npy,32.790127,-14.457833,-10.778939,-47.102642,1.0,3.023236e-21,1.1972792e-19,2.0091453e-35,N,N
CM30_English_N_0015.npy,21.78569,-1.6608357,-4.938696,-53.613846,1.0,6.566037e-11,2.4759765e-12,1.796377e-33,N,N
CM27_Gujarati_N_0032.npy,10.059418,0.25723788,-2.1801934,-27.672667,0.9999398,5.53275e-05,4.8347997e-06,4.1033353e-17,N,N
CF09_Hindi_N_0014.npy,19.10104,-5.256969,-6.1089373,-34.820515,1.0,2.6390702e-11,1.1257616e-11,3.820906e-24,N,N
CM38_English_N_0120.npy,22.385683,-0.9048944,-6.1720996,-56.096207,1.0,7.674162e-11,3.9583338e-13,8.236623e-35,N,N
CF14_Gujarati_N_0011.npy,18.200895,-4.2081714,-4.7181334,-36.09378,1.0,1.852959e-10,1.1127359e-10,2.6310012e-24,N,N
CM16_Hindi_N_0034.npy,21.226486,-4.4698157,-5.9544044,-42.082993,1.0,6.922097e-12,1.5685162e-12,3.19921e-28,N,N
CM27_Gujarati_N_0068.npy,10.746295,-5.0663247,-3.0344539,-15.481391,0.9999988,1.3572686e-07,1.0353722e-06,4.0687427e-12,N,N
CM38_English_N_0138.npy,24.332848,-7.402478,-7.059687,-42.326767,1.0,1.6501505e-14,2.3248535e-14,1.1222696e-29,N,N
CF20_Gujarati_N_0022.npy,25.687313,-6.2352,-1.5239016,-56.965294,1.0,1.36845084e-14,1.521668e-12,1.2718343e-36,N,N
CM05_Hindi_N_0127.npy,12.908395,-1.6523395,-3.4511046,-29.68117,0.9999994,4.7462805e-07,7.8552425e-08,3.188501e-19,N,N
CF04_Hindi_N_0111.npy,31.623007,-11.657801,-4.7944746,-57.62523,1.0,1.5972913e-19,1.5278798e-16,1.737732e-39,N,N
CF09_Hindi_N_0086.npy,18.867119,-2.9104118,-4.1141543,-42.4932,1.0,3.484485e-10,1.0455858e-10,2.2467398e-27,N,N
CF09_Hindi_N_0015.npy,6.0637636,-6.239477,3.1471643,-14.469062,0.9486568,4.3040723e-06,0.051338855,1.1476681e-09,N,N
CM05_Hindi_N_0041.npy,19.739082,-3.1206262,-5.1757445,-43.56561,1.0,1.1807409e-10,1.5122651e-11,3.2145627e-28,N,N
CM38_English_N_0062.npy,30.756718,-3.2157269,-7.6902966,-73.15648,1.0,1.761796e-15,2.0075854e-17,1e-45,N,N
CM05_English_N_0071.npy,21.762802,-0.08176902,-6.066403,-54.82106,1.0,3.258539e-10,8.202194e-13,5.496057e-34,N,N
CF14_Gujarati_N_0044.npy,24.582708,-9.047189,-8.134839,-36.71396,1.0,2.4815374e-15,6.179442e-15,2.3943899e-27,N,N
CF02_Gujarati_N_0060.npy,16.787592,-1.4781263,-4.450872,-40.518806,1.0,1.1676139e-08,5.97382e-10,1.2946377e-25,N,N
CF14_Hindi_N_0131.npy,12.553722,0.85839885,-3.5294313,-32.26872,0.99999154,8.332621e-06,1.0355519e-07,3.4186722e-20,N,N
CM38_English_N_0093.npy,29.52774,-9.4784775,-7.541062,-57.2022,1.0,1.14766405e-17,7.965699e-17,2.156079e-38,N,N
CM05_English_N_0016.npy,6.970817,3.2592711,-1.3656836,-25.497076,0.9759151,0.023851084,0.0002338385,7.7407995e-15,N,N
CF14_Hindi_N_0140.npy,20.176239,-7.623604,-6.1257606,-29.179064,1.0,8.4465947e-13,3.7773435e-12,3.6750662e-22,N,N
CF18_English_N_0040.npy,6.066701,-3.2613397,3.2652636,-19.096334,0.9426744,8.380018e-05,0.057241753,1.1122282e-11,N,N
CF04_Hindi_N_0010.npy,16.213104,-1.6571128,-4.180696,-38.066933,1.0,1.734058e-08,1.3902243e-09,2.6698047e-24,N,N
CM30_English_N_0004.npy,14.254114,0.8810777,-3.2098913,-39.74386,0.99999845,1.5565513e-06,2.6030262e-08,3.5397995e-24,N,N
CM24_Gujarati_N_0013.npy,25.28011,-7.664924,-5.261599,-49.940216,1.0,4.922135e-15,5.4438326e-14,2.1489651e-33,N,N
CF09_English_N_0051.npy,34.913254,-11.46782,-11.1494255,-56.34388,1.0,7.1937596e-21,9.890826e-21,2.33093e-40,N,N
CM35_English_N_0011.npy,24.652895,-5.5769024,-7.3191547,-48.8233,1.0,7.4364526e-14,1.3023126e-14,1.2294006e-32,N,N
CM35_English_N_0030.npy,18.26875,-3.149657,-5.258416,-39.173637,1.0,4.990047e-10,6.057345e-11,1.1300261e-25,N,N
CF14_Gujarati_N_0042.npy,23.306835,-11.757061,-6.6796036,-28.89606,1.0,5.914845e-16,9.485389e-14,2.1309353e-23,N,N
CF14_Hindi_N_0110.npy,19.473616,-7.1095777,-5.718413,-31.091646,1.0,2.8514517e-12,1.1461494e-11,1.0959376e-22,N,N
CF09_English_N_0043.npy,21.635513,-10.333453,-6.8617997,-28.39802,1.0,1.3063328e-14,4.2050816e-13,1.8651488e-22,N,N
CM05_English_N_0018.npy,5.9180245,2.2146115,-0.03330487,-23.08894,0.9734808,0.023985874,0.0025333662,2.459026e-13,N,N
CM24_Gujarati_N_0064.npy,6.932822,-1.2409124,-1.7603322,-16.16073,0.9995505,0.00028183628,0.00016765473,9.3412014e-11,N,N
CM16_Hindi_N_0021.npy,16.065,-3.700901,-4.7364655,-30.676378,1.0,2.6048217e-09,9.2477925e-10,5.0173815e-21,N,N
CF14_Gujarati_N_0001.npy,16.58013,-6.8560114,1.6579057,-36.454613,0.99999964,6.634569e-11,3.3064373e-07,9.274769e-24,N,N
CF02_Gujarati_N_0049.npy,22.125872,-4.8366556,-7.2511725,-41.07691,1.0,1.9512942e-12,1.7446633e-13,3.559432e-28,N,N
CF14_Hindi_N_0104.npy,21.628002,-3.198594,-4.685345,-47.857334,1.0,1.6517588e-11,3.734725e-12,6.6512287e-31,N,N
CF14_Hindi_N_0040.npy,13.726657,-12.494781,-2.2106223,-10.094969,0.9999999,4.09425e-12,1.1981956e-07,4.5123186e-11,N,N
CM24_Gujarati_N_0024.npy,9.468361,-2.856767,-0.8568976,-21.487612,0.9999628,4.4386297e-06,3.2793003e-05,3.5972923e-14,N,N
CM38_English_N_0011.npy,21.029829,-5.1208053,-6.1327767,-40.133625,1.0,4.394643e-12,1.5974615e-12,2.7355853e-27,N,N
CM05_English_N_0009.npy,15.8322935,-0.9772642,-5.4079022,-33.513344,1.0,5.0084367e-08,5.963483e-10,3.7107492e-22,N,N
CF09_English_N_0013.npy,24.700136,-12.403229,-3.9387798,-36.695568,1.0,7.6950984e-17,3.6498652e-13,2.1686206e-27,N,N
CM05_Hindi_N_0085.npy,13.293229,3.3706224,-2.7185402,-42.484314,0.9999509,4.9050726e-05,1.1121312e-07,5.9717264e-25,N,N
CM16_Hindi_N_0031.npy,27.747704,-6.08156,-10.7609825,-46.093475,1.0,2.0330042e-15,1.8875137e-17,8.534606e-33,N,N
CF04_Hindi_N_0083.npy,21.742996,-12.182168,-1.8081592,-33.57786,1.0,1.8470932e-15,5.913754e-11,9.428805e-25,N,N
CM38_English_N_0033.npy,22.56854,-1.9708519,-6.0905814,-53.581345,1.0,2.20129e-11,3.5768543e-13,8.482507e-34,N,N
CF04_English_N_0067.npy,19.512005,-6.7824035,-5.551878,-35.63317,1.0,3.8061277e-12,1.3028488e-11,1.1239691e-24,N,N
CF18_English_N_0054.npy,22.020523,-12.683235,-2.5054464,-30.180285,1.0,8.479091e-16,2.2310348e-11,2.1353946e-23,N,N
CM16_Hindi_N_0046.npy,10.103717,-9.397693,-0.84323156,-8.929185,0.99998236,3.3934213e-09,1.7611372e-05,5.421359e-09,N,N
CM35_English_N_0087.npy,31.824001,-8.064184,-10.87551,-55.754303,1.0,4.7509664e-18,2.8565206e-19,9.230475e-39,N,N
CM38_English_N_0012.npy,24.522467,-5.6577077,-8.6564865,-43.326435,1.0,7.814785e-14,3.8954973e-15,3.416624e-30,N,N
CF14_Hindi_N_0073.npy,19.807793,-6.8759656,-6.7515464,-28.91579,1.0,2.578643e-12,2.9202862e-12,6.9122057e-22,N,N
CM38_English_N_0074.npy,18.520647,-4.9342437,-6.659262,-31.397478,1.0,6.5113366e-11,1.1601245e-11,2.0933108e-22,N,N
CM30_Gujarati_N_0071.npy,10.388481,2.6358423,-2.5982776,-31.552483,0.9995683,0.00042942193,2.2894683e-06,6.0965393e-19,N,N
CM03_English_N_0002.npy,3.1048353,1.0662786,-0.099283636,-12.649456,0.8541085,0.111219056,0.034672238,1.2288848e-07,N,N
CF09_Hindi_N_0066.npy,14.912524,-2.632422,-4.7246203,-28.194326,1.0,2.400637e-08,2.9627616e-09,1.9007852e-19,N,N
CM38_English_N_0070.npy,25.56351,-5.839714,-6.049954,-53.198536,1.0,2.3001319e-14,1.864004e-14,6.2241163e-35,N,N
CF04_English_N_0036.npy,29.968496,-5.687183,-7.2168403,-65.83296,1.0,3.2729237e-16,7.0894626e-17,2.477e-42,N,N
CF09_English_N_0032.npy,18.456264,-6.2209516,-4.9472346,-32.057274,1.0,1.9178801e-11,6.854713e-11,1.1541149e-22,N,N
CF04_Hindi_N_0048.npy,17.31774,-5.3433924,-3.4300427,-29.357323,1.0,1.440108e-10,9.757822e-10,5.361388e-21,N,N
CF20_Gujarati_N_0051.npy,20.003815,-6.868074,2.0974135,-46.859188,1.0,2.136421e-12,1.6724341e-08,9.157253e-30,N,N
CF14_Hindi_N_0101.npy,18.438135,-5.1545773,-4.395374,-37.16748,1.0,5.6730315e-11,1.2120843e-10,7.092328e-25,N,N
CF09_Hindi_N_0035.npy,37.930206,-10.700574,-11.515754,-66.30699,1.0,7.5843945e-22,3.3565413e-22,0.0,N,N
CF09_Hindi_N_0001.npy,21.67115,-7.6756706,-5.7652,-35.722374,1.0,1.7981986e-13,1.2149114e-12,1.1866132e-25,N,N
CM05_English_N_0066.npy,11.379544,0.90241355,-2.1929126,-33.39479,0.99997056,2.817261e-05,1.2751002e-06,3.58708e-20,N,N
CM05_Hindi_N_0089.npy,19.438126,-1.8788886,-3.5047393,-48.996582,1.0,5.522531e-10,1.08652615e-10,1.9018844e-30,N,N
CM35_English_N_0042.npy,9.441763,0.90219015,-2.529654,-25.818827,0.9997981,0.00019553433,6.321093e-06,4.857724e-16,N,N
CM35_English_N_0018.npy,25.454777,-6.258344,-7.9146457,-47.63079,1.0,1.6871992e-14,3.2199102e-15,1.8169363e-32,N,N
CM30_English_N_0056.npy,14.005514,1.3696334,-2.9110336,-40.91809,0.9999968,3.25316e-06,4.5002356e-08,1.4027465e-24,N,N
CM35_English_N_0050.npy,17.248707,-0.4677916,-4.2446475,-42.00726,1.0,2.0221908e-08,4.6297186e-10,1.8427264e-26,N,N
CF14_Gujarati_N_0064.npy,5.287843,-0.033403426,-0.28056765,-17.482924,0.991372,0.004844496,0.0037836113,1.2794346e-10,N,N
CF14_Hindi_N_0057.npy,19.004227,-8.027749,-3.8668895,-31.476515,1.0,1.820382e-12,1.1673477e-10,1.1925915e-22,N,N
CF04_English_N_0046.npy,25.11552,-4.522198,-6.368221,-55.351067,1.0,1.3443196e-13,2.1221921e-14,1.1318971e-35,N,N
CF14_Hindi_N_0059.npy,17.22899,-7.3375635,-4.703017,-27.848751,1.0,2.1423021e-11,2.9857294e-10,2.648407e-20,N,N
CF09_Hindi_N_0123.npy,16.515047,-3.0759723,-1.8764983,-37.971172,1.0,3.1026208e-09,1.029563e-08,2.1723748e-24,N,N
CM27_Gujarati_N_0041.npy,16.78853,-2.7787042,-3.846303,-38.20778,1.0,3.1773e-09,1.0924595e-09,1.3043892e-24,N,N
CF09_Hindi_N_0024.npy,26.165245,-6.064273,-7.79102,-50.377045,1.0,1.0066948e-14,1.7905305e-15,5.7293576e-34,N,N
CF04_English_N_0030.npy,18.708559,-5.788416,-2.5564847,-37.980667,1.0,2.2966719e-11,5.817134e-10,2.3998426e-25,N,N
CM05_English_N_0053.npy,19.625961,-0.46746495,-5.951803,-47.18368,1.0,1.8773105e-09,7.793239e-12,9.659155e-30,N,N
CM16_Hindi_N_0022.npy,9.375163,-0.996764,-1.8257787,-23.238867,0.99995494,3.12975e-05,1.3660704e-05,6.8531085e-15,N,N
CM16_Hindi_N_0026.npy,18.261702,-8.6899,-5.556361,-23.885803,1.0,1.9727297e-12,4.528425e-11,4.9610137e-19,N,N
CM05_Hindi_N_0060.npy,18.959803,-3.1386583,-6.0407453,-38.00354,1.0,2.5279023e-10,1.3880344e-11,1.8244646e-25,N,N
CM05_English_N_0004.npy,19.612682,-3.6334412,-4.1936774,-44.937187,1.0,8.022995e-11,4.581726e-11,9.254427e-29,N,N
CM16_Hindi_N_0038.npy,17.030128,-6.2393456,-5.9132304,-26.151546,1.0,7.83783e-11,1.08598956e-10,1.7637494e-19,N,N
CM27_Gujarati_N_0059.npy,18.772774,-5.4308515,-6.752173,-30.773561,1.0,3.079636e-11,8.21593e-12,3.0359937e-22,N,N
CM38_English_N_0136.npy,27.725521,-6.8692913,-8.9695015,-50.788513,1.0,9.45507e-16,1.1575884e-16,7.9760253e-35,N,N
CF04_English_N_0117.npy,18.427853,-3.0094938,-4.749095,-40.917328,1.0,4.896416e-10,8.597638e-11,1.685449e-26,N,N
CM03_English_N_0034.npy,6.2455664,2.755271,0.28514618,-25.30403,0.96798795,0.029515758,0.0024962747,1.9233352e-14,N,N
CM05_English_N_0095.npy,18.356712,0.22623727,-5.108431,-47.8372,1.0,1.33670115e-08,6.444924e-11,1.7879309e-29,N,N
CF02_English_N_0089.npy,16.239727,-0.70508343,-4.9480624,-37.876198,1.0,4.3748397e-08,6.2843414e-10,3.1459546e-24,N,N
CM30_Gujarati_N_0008.npy,14.332041,2.1017694,-2.3261504,-44.57241,0.9999951,4.880435e-06,5.8268945e-08,2.6189094e-26,N,N
CM38_English_N_0102.npy,23.032726,-2.0573568,-6.8030167,-54.197548,1.0,1.2691559e-11,1.10281196e-13,2.8795176e-34,N,N
CF09_Hindi_N_0156.npy,21.117876,-3.5772176,-6.4986396,-40.36067,1.0,1.8838977e-11,1.0146107e-12,1.996212e-27,N,N
CF02_Gujarati_N_0015.npy,13.808095,-3.3194423,-4.5835357,-24.076101,1.0,3.644226e-08,1.0294767e-08,3.524538e-17,N,N
CM16_Hindi_N_0029.npy,18.909653,-5.115841,-2.3733635,-39.396023,1.0,3.6801093e-11,5.713517e-10,4.7661407e-26,N,N
CF02_English_N_0096.npy,20.85513,-3.1215606,-6.390197,-43.367836,1.0,3.8641656e-11,1.4706347e-12,1.2832824e-28,N,N
CM35_English_N_0059.npy,29.929537,-8.173543,-8.19335,-55.998417,1.0,2.8316675e-17,2.7761356e-17,4.807984e-38,N,N
CM05_English_N_0019.npy,7.390404,1.0937477,-1.8264397,-21.236414,0.99806195,0.0018388839,9.915924e-05,3.687131e-13,N,N
CM38_English_N_0118.npy,20.737915,-1.2567129,-4.913424,-51.99197,1.0,2.8044908e-10,7.240444e-12,2.5930483e-32,N,N
CM27_Gujarati_N_0007.npy,10.710689,-1.6950178,-3.7829394,-21.880545,0.99999547,4.0951345e-06,5.075696e-07,7.011415e-15,N,N
CM38_English_N_0006.npy,19.769424,-4.1241755,-4.578302,-39.967365,1.0,4.1989547e-11,2.6663465e-11,1.1393099e-26,N,N
CM03_English_N_0082.npy,15.288629,-1.6257136,-4.3269877,-35.08594,1.0,4.5101835e-08,3.0272362e-09,1.3261807e-22,N,N
CF09_Hindi_N_0128.npy,27.937553,-11.051179,-5.8657074,-48.295094,1.0,1.1679092e-17,2.0865575e-15,7.808731e-34,N,N
CF04_English_N_0100.npy,32.41395,-6.14718,-11.596146,-59.682552,1.0,1.7910752e-17,7.702958e-20,1.00692e-40,N,N
CF04_English_N_0104.npy,22.55926,-2.4416919,-3.9541469,-52.826202,1.0,1.3874732e-11,3.0575512e-12,1.8218421e-33,N,N
CM05_Hindi_N_0021.npy,12.241525,0.105829686,-4.199039,-31.274767,0.9999945,5.3645344e-06,7.243555e-08,1.2621526e-19,N,N
CF04_Hindi_N_0026.npy,32.5736,-10.187215,-9.268057,-58.07289,1.0,2.686669e-19,6.735939e-19,4.29268e-40,N,N
CM05_Hindi_N_0101.npy,16.219475,0.9789104,-4.5334783,-43.823593,0.99999976,2.4049547e-07,9.707494e-10,8.3873895e-27,N,N
CM30_Gujarati_N_0067.npy,13.755168,-1.2966728,-3.1126747,-33.193977,0.99999976,2.9044807e-07,4.724855e-08,4.0760993e-21,N,N
CF04_English_N_0089.npy,23.38195,-3.0072398,-7.2585096,-51.355434,1.0,3.4619445e-12,4.9319296e-14,3.483115e-33,N,N
CM30_English_N_0006.npy,15.853362,-0.9010406,-3.7391067,-39.51795,1.0,5.292436e-08,3.0981266e-09,8.964892e-25,N,N
CM03_English_N_0012.npy,8.511118,-1.3076388,-2.7935872,-18.127739,0.99993324,5.4417553e-05,1.2314028e-05,2.6968852e-12,N,N
CF04_English_N_0011.npy,20.702326,-4.873257,-5.6247296,-42.454193,1.0,7.810263e-12,3.6838787e-12,3.7279766e-28,N,N
CM27_Gujarati_N_0018.npy,6.8265705,-0.89536434,-0.2072674,-20.111254,0.9986772,0.00044241664,0.000880376,1.9974536e-12,N,N
CM24_Gujarati_N_0021.npy,18.694183,-3.274243,-3.0327463,-43.726696,1.0,2.8789487e-10,3.6653441e-10,7.779587e-28,N,N
CF14_Hindi_N_0027.npy,12.66228,-9.91789,3.1771846,-22.441626,0.99992406,1.5614351e-10,7.5970005e-05,5.6824407e-16,N,N
CM05_English_N_0099.npy,12.798907,1.51825,-4.5677905,-34.20926,0.99998736,1.2614427e-05,2.8690208e-08,3.842438e-21,N,N
CF14_Hindi_N_0125.npy,16.70797,-8.713195,-1.1762896,-27.378704,1.0,9.114401e-12,1.7098788e-08,7.135113e-20,N,N
CF14_English_N_0018.npy,16.513449,-3.243194,-6.4770365,-27.348478,1.0,2.62905e-09,1.0359976e-10,8.9332016e-20,N,N
CM05_Hindi_N_0120.npy,17.126854,-2.0027027,-3.1586585,-41.503414,1.0,4.9219717e-09,1.5492221e-09,3.4450705e-26,N,N
CM27_Gujarati_N_0016.npy,11.441252,-3.9016576,-4.437153,-17.214987,0.99999964,2.170997e-07,1.270856e-07,3.5871834e-13,N,N
CM24_Gujarati_N_0037.npy,15.651367,-0.10187104,-1.5957025,-44.355637,0.9999999,1.4403079e-07,3.2336462e-08,8.695396e-27,N,N
CF14_English_N_0049.npy,21.889406,-4.624156,-6.158039,-42.01868,1.0,3.057079e-12,6.5940054e-13,1.758206e-28,N,N
CM24_Gujarati_N_0039.npy,12.429563,-0.7963529,-2.8359056,-30.767637,0.999998,1.8032538e-06,2.3457966e-07,1.7365737e-19,N,N
CF04_Hindi_N_0134.npy,16.131435,-6.613352,-3.8472953,-25.378027,1.0,1.324538e-10,2.1054614e-09,9.390104e-19,N,N
CM24_Gujarati_N_0044.npy,13.0399885,-0.8072739,-4.0544243,-30.461798,0.99999905,9.68746e-07,3.7669516e-08,1.2806024e-19,N,N
CF14_Hindi_N_0145.npy,21.471874,-5.1551213,-4.5713406,-42.672695,1.0,2.7292476e-12,4.8930035e-12,1.3879297e-28,N,N
CF14_English_N_0048.npy,9.717269,1.361532,-1.4184604,-28.662367,0.99975044,0.0002349856,1.45782715e-05,2.1469799e-17,N,N
CF02_English_N_0015.npy,11.569534,-0.8230298,-3.578631,-26.973299,0.9999956,4.1493113e-06,2.6377504e-07,1.8241437e-17,N,N
CF14_Hindi_N_0071.npy,23.1013,-9.166647,-5.0928807,-39.138298,1.0,9.687458e-15,5.694078e-13,9.325805e-28,N,N
CM03_English_N_0023.npy,4.132367,2.4279027,1.7833487,-22.86292,0.7828815,0.14238247,0.074736066,1.4783968e-12,N,N
CM35_English_N_0095.npy,32.89038,-2.2812948,-9.780042,-75.20814,1.0,5.3104937e-16,2.9408396e-19,0.0,N,N
CF14_Hindi_N_0058.npy,8.804719,-8.473595,-1.465298,-7.6917076,0.9999652,3.1340726e-08,3.465559e-05,6.849805e-08,N,N
CF20_Gujarati_N_0008.npy,12.453614,-3.5646641,-2.0510378,-25.480072,0.9999994,1.1049687e-07,5.0200657e-07,3.3543587e-17,N,N
CM16_Hindi_N_0082.npy,18.10285,-2.1103613,-5.045056,-38.7501,1.0,1.6653825e-09,8.8510026e-11,2.0374036e-25,N,N
CM05_Hindi_N_0061.npy,20.394197,-3.362307,-6.0380144,-42.08735,1.0,4.8159435e-11,3.3161627e-12,7.3216678e-28,N,N
CF04_English_N_0085.npy,29.58836,-5.231405,-8.556315,-58.74051,1.0,7.5503834e-16,2.7162993e-17,4.357706e-39,N,N
CM27_Gujarati_N_0040.npy,17.652859,-7.4156466,-5.9297585,-24.765863,1.0,1.29684145e-11,5.730594e-11,3.7825284e-19,N,N
CM24_Gujarati_N_0038.npy,11.080769,1.1989641,-2.4128294,-31.603449,0.9999474,5.1093313e-05,1.3796916e-06,2.900389e-19,N,N
CF20_Gujarati_N_0056.npy,14.961485,-5.0557747,1.6514548,-36.40689,0.99999833,2.0258808e-09,1.6577793e-06,4.909037e-23,N,N
CM05_English_N_0002.npy,12.174442,-0.6953705,-3.2340837,-29.673815,0.99999714,2.5746017e-06,2.0331113e-07,6.6916125e-19,N,N
CF14_Hindi_N_0068.npy,20.808355,-9.381465,-1.4695557,-37.73833,1.0,7.7397697e-14,2.1126449e-10,3.7453988e-26,N,N
CF04_English_N_0042.npy,26.984158,-6.3583126,-7.962121,-51.82254,1.0,3.3078822e-15,6.653106e-16,5.9522936e-35,N,N
CM35_English_N_0079.npy,25.668274,-5.4187126,-7.934666,-49.484085,1.0,3.1556826e-14,2.549346e-15,2.3000918e-33,N,N
CF09_Hindi_N_0104.npy,17.738445,-2.2391698,-5.498078,-35.49032,1.0,2.1078121e-09,8.100399e-11,7.6390916e-24,N,N
CM30_Gujarati_N_0031.npy,10.883044,2.6712413,-3.3008876,-33.74595,0.9997279,0.0002713569,6.916378e-07,4.14721e-20,N,N
CM16_Hindi_N_0067.npy,22.766737,-5.9047866,-6.261461,-41.35324,1.0,3.5327698e-13,2.4729407e-13,1.4224814e-28,N,N
CF02_English_N_0088.npy,18.836872,-1.9967752,-5.6714725,-42.06119,1.0,8.9549296e-10,2.2707074e-11,3.5670318e-27,N,N
CM05_Hindi_N_0055.npy,20.154802,-4.729191,-5.7684455,-38.297577,1.0,1.559621e-11,5.5166613e-12,4.1158075e-26,N,N
CF09_Hindi_N_0090.npy,28.944817,-14.015756,-2.6068082,-46.511787,1.0,2.200194e-19,1.982913e-14,1.696732e-33,N,N
CF20_Gujarati_N_0006.npy,5.313448,-6.265961,0.7000047,-6.0651855,0.99015945,9.264711e-06,0.009820014,1.1324718e-05,N,N
CM05_English_N_0098.npy,19.242678,1.2511063,-7.366635,-48.409603,1.0,1.535889e-08,2.7779383e-12,4.158981e-30,N,N
CM03_English_N_0057.npy,8.784636,-1.530777,-3.55052,-17.36018,0.99996245,3.3117452e-05,4.394341e-06,4.4201253e-12,N,N
CF14_Hindi_N_0105.npy,18.622974,-3.4949534,-6.8055253,-34.838425,1.0,2.479169e-10,9.0478024e-12,6.05354e-24,N,N
CF14_Gujarati_N_0069.npy,14.758408,-1.3988783,-4.0749407,-34.35578,0.9999999,9.615678e-08,6.6188286e-09,4.677121e-22,N,N
CM30_Gujarati_N_0025.npy,12.751025,7.801491,-0.7405435,-54.92189,0.9929617,0.007036829,1.3728362e-06,4.045386e-30,N,N
CF02_English_N_0064.npy,24.93338,-10.211591,-7.8512483,-37.985886,1.0,5.4542304e-16,5.7785142e-15,4.726178e-28,N,N
CM35_English_N_0002.npy,19.169209,-3.8109663,-5.188971,-42.90359,1.0,1.0467351e-10,2.6386223e-11,1.1018579e-27,N,N
CM05_English_N_0031.npy,7.4197693,0.034914702,-1.4743772,-20.031624,0.9992428,0.0006201109,0.00013708581,1.1958658e-12,N,N
CF09_Hindi_N_0055.npy,19.89,-4.7839546,-4.9800153,-38.96728,1.0,1.9241456e-11,1.581576e-11,2.7454138e-26,N,N
CM05_Hindi_N_0063.npy,19.988144,-3.3408031,-5.645109,-41.525528,1.0,7.385281e-11,7.372582e-12,1.9273106e-27,N,N
CM27_Gujarati_N_0006.npy,5.7821493,-3.8674622,-2.4529858,-4.729218,0.9996433,6.4427615e-05,0.00026507658,2.7215483e-05,N,N
CF04_Hindi_N_0117.npy,26.3698,-6.2384048,-6.106686,-50.38971,1.0,6.8934552e-15,7.86396e-15,4.6107333e-34,N,N
CF04_Hindi_N_0065.npy,23.28997,-3.4528608,-8.508558,-45.05817,1.0,2.4307234e-12,1.5490821e-14,2.073853e-30,N,N
CM35_English_N_0034.npy,14.950032,0.40720293,-4.888865,-37.500313,0.9999995,4.832025e-07,2.4214526e-09,1.6638141e-23,N,N
CF14_Hindi_N_0029.npy,16.27412,-12.488443,-2.2792606,-15.26781,1.0,3.2253532e-13,8.757276e-09,2.0022273e-14,N,N
CM35_English_N_0016.npy,22.943216,-4.318118,-6.888851,-45.949234,1.0,1.4472825e-12,1.1068727e-13,1.2033441e-30,N,N
CM05_English_N_0032.npy,8.061333,0.2214317,-2.8217168,-21.16488,0.9995877,0.0003935457,1.8766046e-05,2.0278587e-13,N,N
CF02_English_N_0065.npy,21.38528,-4.9363093,-6.6779613,-39.39845,1.0,3.7040644e-12,6.4906603e-13,3.9990945e-27,N,N
CF09_Hindi_N_0034.npy,21.376541,-7.600403,-2.3194013,-40.10763,1.0,2.6029938e-13,5.11662e-11,1.9850115e-27,N,N
CF04_Hindi_N_0018.npy,39.715504,-9.810257,-12.080825,-74.45845,1.0,3.099099e-22,3.199926e-23,0.0,N,N
CF14_English_N_0031.npy,18.707266,-3.033868,-5.743281,-37.912964,1.0,3.6136424e-10,2.4058174e-11,2.5712588e-25,N,N
CM38_English_N_0039.npy,20.050978,-0.54004294,-5.9078126,-47.075325,1.0,1.1413882e-09,5.324034e-12,7.0374654e-30,N,N
CF04_English_N_0086.npy,35.249775,-7.13769,-9.382911,-72.52531,1.0,3.9026286e-19,4.1330486e-20,0.0,N,N
CF20_Gujarati_N_0011.npy,15.606976,-5.9634366,-2.735981,-27.744078,1.0,4.2863657e-10,1.0808245e-08,1.4889414e-19,N,N
CM05_Hindi_N_0105.npy,22.371054,-1.1463909,-6.233351,-53.048454,1.0,6.116509e-11,3.7780266e-13,1.7608527e-33,N,N
CF20_Gujarati_N_0004.npy,11.550141,-9.151638,-1.3226217,-12.525985,0.9999974,1.0217173e-09,2.567019e-06,3.4984057e-11,N,N
CM24_Gujarati_N_0003.npy,21.927902,-5.5880957,-6.64923,-41.132343,1.0,1.1218984e-12,3.8824757e-13,4.104718e-28,N,N
CF02_Gujarati_N_0037.npy,21.022379,-3.243691,-5.5060782,-46.098145,1.0,2.89321e-11,3.0118772e-12,7.0782816e-30,N,N
CM05_Hindi_N_0012.npy,9.313351,1.0827653,-1.6776649,-27.939016,0.9997168,0.000266305,1.6847664e-05,6.627968e-17,N,N
CF14_Gujarati_N_0062.npy,12.323047,-6.1486926,-3.2603736,-17.80552,0.9999999,9.5022346e-09,1.7068947e-07,8.228671e-14,N,N
CF14_Gujarati_N_0032.npy,11.406318,-5.800582,-0.52953017,-21.105265,0.99999344,3.3661664e-08,6.5512495e-06,7.5927085e-15,N,N
CM16_Hindi_N_0066.npy,12.755321,-4.0450363,-3.2963266,-22.920408,0.9999999,5.0547218e-08,1.0687058e-07,3.2079546e-16,N,N
CF14_Gujarati_N_0017.npy,11.938922,-7.798602,0.6724075,-21.40652,0.99998724,2.679765e-09,1.2794087e-05,3.298012e-15,N,N
CF14_Hindi_N_0106.npy,19.769125,-7.2998962,-5.9140873,-33.335693,1.0,1.7541771e-12,7.0133036e-12,8.647082e-24,N,N
CF09_Hindi_N_0007.npy,18.41174,-3.1102498,-5.4107685,-39.229317,1.0,4.4990267e-10,4.5083364e-11,9.2641896e-26,N,N
CF04_Hindi_N_0122.npy,11.787082,-4.7196245,2.2161183,-28.43118,0.99993014,6.7795085e-08,6.9719346e-05,3.4150772e-18,N,N
CM38_English_N_0086.npy,24.129185,-2.8331451,-6.4345284,-54.53346,1.0,1.9516814e-12,5.325349e-14,6.8746095e-35,N,N
CF14_Gujarati_N_0071.npy,3.373792,-3.6086593,-0.49767137,-2.0564723,0.97452796,0.0009043867,0.020297341,0.0042703203,N,N
CM30_English_N_0051.npy,20.872074,-6.251715,-7.211545,-34.675056,1.0,1.6606886e-12,6.3597435e-13,7.519478e-25,N,N
CF14_Hindi_N_0149.npy,11.604894,0.7419023,-1.541634,-35.530575,0.9999789,1.9153744e-05,1.9522101e-06,3.3831202e-21,N,N
CF09_Hindi_N_0051.npy,20.81287,-4.626818,-6.268535,-40.3404,1.0,8.947135e-12,1.7325867e-12,2.7635795e-27,N,N
CM30_English_N_0050.npy,6.3060474,7.134181,-1.4556715,-33.26235,0.30400053,0.6958701,0.0001294204,1.9885569e-18,L,N
CM38_English_N_0068.npy,9.716035,2.3006492,-1.0271122,-32.392723,0.99937695,0.00060154515,2.1579428e-05,5.1538114e-19,N,N
CM30_Gujarati_N_0014.npy,3.4113424,15.925143,-3.687677,-50.121307,3.6755625e-06,0.9999963,3.0357012e-09,2.072004e-29,L,N
CM30_English_N_0039.npy,6.6737866,13.61457,-3.611795,-51.833103,0.00096657657,0.99903345,3.29811e-08,3.7671948e-29,L,N
CF14_Hindi_N_0001.npy,19.798824,-2.3605838,-6.1701922,-41.378815,1.0,2.378434e-10,5.269862e-12,2.6970496e-27,N,N
CF09_English_N_0011.npy,31.698112,-10.210198,-7.720584,-57.588783,1.0,6.3016206e-19,7.597614e-18,1.671836e-39,N,N
CF02_English_N_0097.npy,25.11897,-5.7997084,-6.2163796,-52.1669,1.0,3.7341234e-14,2.4616734e-14,2.7237777e-34,N,N
CM05_Hindi_N_0004.npy,14.009339,-0.42692044,-3.4351325,-34.422977,0.9999994,5.37541e-07,2.6543738e-08,9.249373e-22,N,N
CM38_English_N_0037.npy,14.0318985,-1.093915,-3.9248996,-33.520836,0.99999976,2.6973828e-07,1.5902351e-08,2.2289983e-21,N,N
CF14_Gujarati_N_0026.npy,15.456506,-8.39037,-3.6909428,-20.064508,1.0,4.3998034e-11,4.834687e-09,3.744718e-16,N,N
CF09_English_N_0055.npy,33.819553,-14.606178,-10.571796,-45.977394,1.0,9.310477e-22,5.2611627e-20,2.2111814e-35,N,N
CF09_English_N_0025.npy,22.575537,-4.8150415,-2.184978,-49.964104,1.0,1.271811e-12,1.7645944e-11,3.1364158e-32,N,N
CM35_English_N_0070.npy,30.805708,-8.440739,-11.224096,-50.06525,1.0,9.025799e-18,5.580691e-19,7.554224e-36,N,N
CM30_English_N_0001.npy,11.456149,0.954343,-2.5616713,-32.957764,0.9999716,2.7485976e-05,8.1681867e-07,5.1436336e-20,N,N
CF09_Hindi_N_0169.npy,22.070198,-6.8105016,1.0677758,-53.1175,1.0,2.8659705e-13,7.5642154e-10,2.2202276e-33,N,N
CM03_English_N_0090.npy,9.446506,-0.8540837,-3.5570397,-19.284746,0.9999641,3.3612065e-05,2.2522484e-06,3.327827e-13,N,N
CM38_English_N_0007.npy,19.701801,-7.07721,-4.6846347,-34.94442,1.0,2.3443552e-12,2.5651052e-11,1.851176e-24,N,N
CF04_English_N_0062.npy,20.340471,-7.0248623,-3.6763835,-38.657337,1.0,1.3043275e-12,3.712037e-11,2.3854841e-26,N,N
CM16_Hindi_N_0069.npy,16.079767,-5.2169704,-3.1751204,-30.715378,1.0,5.635654e-10,4.342192e-09,4.754749e-21,N,N
CF09_Hindi_N_0147.npy,27.203205,-0.5207301,-2.1780028,-72.258125,1.0,9.112711e-13,1.737414e-13,6.3e-44,N,N
CF14_English_N_0034.npy,11.322764,-3.5200138,0.5531531,-28.103802,0.99997866,3.5797612e-07,2.1028483e-05,7.5378976e-18,N,N
CF04_English_N_0075.npy,19.742424,-1.5076189,-5.5369077,-48.233986,1.0,5.9050564e-10,1.0503305e-11,3.0076014e-30,N,N
CF14_Hindi_N_0088.npy,17.125866,-7.5749607,-2.8994474,-29.327875,1.0,1.8731272e-11,2.0096318e-09,6.689533e-21,N,N
CF20_Gujarati_N_0005.npy,16.313784,-4.989942,-2.04804,-33.715973,1.0,5.5964067e-10,1.0606233e-08,1.872206e-22,N,N
CM38_English_N_0071.npy,21.953194,-5.7017126,-4.380882,-44.8399,1.0,9.763969e-13,3.658105e-12,9.820402e-30,N,N
CF09_English_N_0020.npy,22.80051,-6.632641,-6.5268073,-41.07335,1.0,1.6494714e-13,1.8336125e-13,1.8194299e-28,N,N
CF14_English_N_0015.npy,8.654408,-5.1415486,0.13577628,-16.392805,0.9997993,1.0195407e-06,0.00019967236,1.32448115e-11,N,N
CF02_Gujarati_N_0013.npy,15.677806,-3.881935,-5.4025064,-29.429998,1.0,3.2012002e-09,6.9973966e-10,2.5699809e-20,N,N
CM35_English_N_0116.npy,14.298363,2.4742508,-3.0400548,-43.07296,0.9999927,7.3257197e-06,2.9513314e-08,1.2132434e-25,N,N
CF14_English_N_0008.npy,9.013903,-5.205043,-3.0179849,-7.22754,0.9999933,6.6801704e-07,5.9513427e-06,8.839501e-08,N,N
CF14_Hindi_N_0127.npy,23.218258,-10.44299,-5.9053006,-33.25078,1.0,2.4049502e-15,2.2480164e-13,2.9909506e-25,N,N
CF04_English_N_0034.npy,40.153275,-9.027028,-13.194891,-75.658,1.0,4.3779054e-22,6.7793065e-24,0.0,N,N
CM38_English_N_0119.npy,24.657223,0.43224236,-7.3356347,-62.630848,1.0,3.0145626e-11,1.275495e-14,1.233879e-38,N,N
CM03_English_N_0094.npy,9.864316,-2.7028723,-2.8970366,-19.046053,0.9999937,3.48447e-06,2.86954e-06,2.7821669e-13,N,N
CM03_English_N_0108.npy,8.860953,-2.1514373,-2.1706786,-18.180906,0.99996734,1.6495504e-05,1.618114e-05,1.8024192e-12,N,N
CF18_English_N_0019.npy,22.13582,-13.908581,1.4245397,-37.718845,1.0,2.218782e-16,1.0120571e-09,1.0126238e-26,N,N
CM16_Hindi_N_0037.npy,20.024534,-10.58578,-4.136743,-29.52858,1.0,5.0828794e-14,3.2128494e-11,3.0154717e-22,N,N
CM27_Gujarati_N_0049.npy,8.518541,-1.6601179,-2.1796784,-19.489195,0.99993944,3.7969778e-05,2.2583752e-05,6.8607e-13,N,N
CF14_Gujarati_N_0056.npy,13.83808,-5.7566032,-5.1217456,-17.817314,1.0,3.0912677e-09,5.8324687e-09,1.7874603e-14,N,N
CF14_Hindi_N_0054.npy,16.541702,-2.1367443,-5.3179817,-33.847263,1.0,7.727767e-09,3.2096661e-10,1.3072248e-22,N,N
CM24_Gujarati_N_0011.npy,6.896389,-1.0906794,-0.039033175,-21.198635,0.9986891,0.00033938343,0.00097143743,6.279374e-13,N,N
CF09_Hindi_N_0030.npy,15.724927,-0.9314304,-2.470604,-40.754616,1.0,5.8376244e-08,1.2525116e-08,2.9596932e-25,N,N
CF09_Hindi_N_0082.npy,13.947604,-5.732563,-4.2010307,-19.536686,1.0,2.8379947e-09,1.3126458e-08,2.8704972e-15,N,N
CF02_English_N_0039.npy,12.30721,-5.2717676,-2.3881965,-22.093924,0.99999964,2.3203146e-08,4.1482616e-07,1.1475642e-15,N,N
CM27_Gujarati_N_0030.npy,5.9931946,-1.0510217,-2.6237407,-10.933194,0.9989477,0.0008715224,0.0001808236,4.451495e-08,N,N
CF14_Hindi_N_0144.npy,15.614306,-0.86545306,-5.2874465,-34.044865,0.9999999,6.965166e-08,8.365351e-10,2.712037e-22,N,N
CF04_Hindi_N_0025.npy,33.11339,-12.855283,-11.009441,-47.85054,1.0,1.0865724e-20,6.8817194e-20,6.883554e-36,N,N
CF09_Hindi_N_0139.npy,21.15179,-4.711557,-6.047625,-40.98368,1.0,5.8572084e-12,1.5397282e-12,1.0349221e-27,N,N
CM05_Hindi_N_0073.npy,9.994887,2.7536182,-0.63002723,-36.745888,0.99925977,0.00071587175,2.4284927e-05,5.01669e-21,N,N
CM30_English_N_0032.npy,11.104214,6.4049006,0.34126413,-49.96131,0.99095976,0.009019246,2.0978105e-05,2.989754e-27,N,N
CM05_English_N_0077.npy,8.666059,1.8882153,-0.20762515,-30.961462,0.99872285,0.0011372737,0.00013984696,6.157878e-18,N,N
CF14_Hindi_N_0009.npy,18.271158,-8.578408,-4.3560634,-27.014605,1.0,2.1846457e-12,1.4897807e-10,2.1510134e-20,N,N
CM35_English_N_0025.npy,23.422672,-3.0353346,-8.467984,-46.19059,1.0,3.2317161e-12,1.4127467e-14,5.8525174e-31,N,N
CF09_Hindi_N_0145.npy,19.691751,-8.267935,-0.13846445,-39.636986,1.0,7.19884e-13,2.442569e-09,1.7133954e-26,N,N
CF09_Hindi_N_0135.npy,19.100506,-2.8573275,-4.582023,-42.444103,1.0,2.9096087e-10,5.185709e-11,1.868598e-27,N,N
CM05_Hindi_N_0005.npy,11.73498,-1.0474944,-2.572236,-29.067495,0.99999654,2.8095733e-06,6.115806e-07,1.9041832e-18,N,N
CF09_Hindi_N_0019.npy,18.399994,-0.20894721,-5.5752206,-43.190903,1.0,8.283982e-09,3.8698742e-11,1.7840765e-27,N,N
CF04_Hindi_N_0015.npy,21.155756,-8.93871,-6.8733053,-32.302723,1.0,8.514104e-14,6.7163565e-13,6.0712313e-24,N,N
CM16_Hindi_N_0032.npy,12.820743,-7.0946226,-0.68545556,-20.658709,0.9999987,2.243191e-09,1.3624865e-06,2.884423e-15,N,N
CM05_Hindi_N_0094.npy,10.3867235,-0.15643933,-3.5258203,-24.997272,0.9999727,2.6372452e-05,9.0750063e-07,4.294517e-16,N,N
CF09_English_N_0038.npy,20.745735,-5.643329,-6.499018,-37.266693,1.0,3.4623803e-12,1.4714793e-12,6.390319e-26,N,N
CF04_English_N_0031.npy,23.66439,-4.549869,-6.6234818,-50.855873,1.0,5.580878e-13,7.016882e-14,4.3277353e-33,N,N
CF18_English_N_0058.npy,19.910797,-6.3445415,-4.0174837,-35.102085,1.0,3.957777e-12,4.055833e-11,1.2829473e-24,N,N
CF04_Hindi_N_0035.npy,45.64072,-12.478654,-12.995174,-87.79919,1.0,5.742181e-26,3.4257403e-26,0.0,N,N
CF09_Hindi_N_0119.npy,20.172836,-1.343431,-7.273376,-40.878128,1.0,4.524844e-10,1.2029879e-12,3.06128e-27,N,N
CF04_Hindi_N_0027.npy,26.640493,-4.2641096,-8.555281,-55.643883,1.0,3.7870572e-14,5.184054e-16,1.8380134e-36,N,N
CM03_English_N_0075.npy,18.27156,-3.2755632,-5.01802,-38.529068,1.0,4.3873613e-10,7.6818066e-11,2.1468435e-25,N,N
CM30_Gujarati_N_0045.npy,9.818586,0.3433332,-2.1234999,-27.88999,0.9999167,7.67209e-05,6.51001e-06,4.2008506e-17,N,N
CM16_Hindi_N_0012.npy,9.849586,-7.6070156,-0.14216101,-13.590612,0.9999542,2.6222553e-08,4.5774075e-05,6.6074195e-11,N,N
CM35_English_N_0129.npy,15.505055,-4.73843,-2.2732477,-30.212275,1.0,1.615721e-09,1.9009953e-08,1.3970614e-20,N,N
CM05_Hindi_N_0088.npy,12.3618,0.7984156,-2.8968163,-34.465492,0.9999902,9.507831e-06,2.3619073e-07,4.6042686e-21,N,N
CF04_Hindi_N_0062.npy,15.984366,-4.1944847,-1.8920072,-34.54415,1.0,1.7235976e-09,1.7234145e-08,1.1369547e-22,N,N
CM16_Hindi_N_0045.npy,26.81938,-9.147003,-10.359151,-38.840534,1.0,2.3988193e-16,7.137874e-17,3.0497378e-29,N,N
CF02_Gujarati_N_0026.npy,21.067415,-4.384335,-5.943249,-42.337677,1.0,8.839863e-12,1.859592e-12,2.9074963e-28,N,N
CM27_Gujarati_N_0038.npy,15.603819,-3.847959,-4.490392,-30.84119,1.0,3.5661532e-09,1.8758357e-09,6.7482255e-21,N,N
CF18_English_N_0006.npy,22.833305,-22.22723,-1.0192696,-15.280606,1.0,2.6943752e-20,4.3747995e-11,2.8011664e-17,N,N
CF14_Gujarati_N_0070.npy,11.842845,-0.048042804,-2.6333594,-30.57033,0.9999927,6.8525105e-06,5.1648937e-07,3.8035538e-19,N,N
CM27_Gujarati_N_0036.npy,15.224254,-5.079323,-5.4455504,-24.154743,1.0,1.5214874e-09,1.0549172e-09,7.905304e-18,N,N
CF02_Gujarati_N_0033.npy,17.866482,0.9681105,-3.1972108,-50.657806,1.0,4.5827996e-08,7.11467e-10,1.738914e-30,N,N
CM24_Gujarati_N_0014.npy,11.867869,0.37807938,-0.027906626,-35.425716,0.99998295,1.0233877e-05,6.8190334e-06,2.8883434e-21,N,N
CF20_Gujarati_N_0049.npy,25.702166,-4.105169,-4.786064,-55.324287,1.0,1.13459e-13,5.742884e-14,6.466353e-36,N,N
CM38_English_N_0050.npy,14.562547,0.3757815,-3.09615,-40.51769,0.9999993,6.898674e-07,2.1425203e-08,1.1993826e-24,N,N
CF14_Hindi_N_0142.npy,12.357381,-3.4140725,0.9081148,-29.392767,0.9999893,1.4142948e-07,1.0657174e-05,7.381356e-19,N,N
CM30_English_N_0002.npy,15.734778,-3.768833,-3.8677068,-33.583176,1.0,3.3860201e-09,3.0672462e-09,3.81491e-22,N,N
CM38_English_N_0010.npy,17.808357,-4.4825125,-4.954995,-35.218292,1.0,2.0854408e-10,1.3001758e-10,9.350154e-24,N,N
CM05_Hindi_N_0096.npy,22.550507,-2.29744,-6.7096906,-49.329,1.0,1.6168662e-11,1.9609118e-13,6.0691684e-32,N,N
CF14_Hindi_N_0066.npy,17.407318,-6.051849,-6.253602,-26.949963,1.0,6.4835526e-11,5.2989935e-11,5.443494e-20,N,N
CM30_Gujarati_N_0040.npy,9.047744,11.872612,-2.1564837,-56.653137,0.055995006,0.9440043,7.624566e-07,1.639152e-30,L,N
CF14_English_N_0040.npy,7.845217,-0.045537025,0.41020495,-24.946093,0.99903655,0.00037382674,0.00058965303,5.7345147e-15,N,N
CF02_English_N_0095.npy,25.986311,-6.2671037,-7.1267953,-49.62789,1.0,9.8292465e-15,4.160647e-15,1.4493333e-33,N,N
CM16_Hindi_N_0006.npy,29.416145,-9.4360075,-9.403229,-47.13865,1.0,1.3388256e-17,1.38343914e-17,5.658161e-34,N,N
CF04_English_N_0112.npy,30.224606,-5.093475,-8.484944,-59.61814,1.0,4.5872493e-16,1.5440327e-17,9.58942e-40,N,N
CF14_Hindi_N_0067.npy,15.151349,-6.743786,-3.7076492,-23.368135,1.0,3.0978767e-10,6.4512156e-09,1.8672395e-17,N,N
CM35_English_N_0064.npy,27.921175,-7.1993613,-7.856542,-50.45671,1.0,5.589136e-16,2.896908e-16,9.139396e-35,N,N
CM35_English_N_0078.npy,30.32275,-8.857841,-8.86297,-59.143578,1.0,9.640182e-18,9.590848e-18,1.397235e-39,N,N
CF18_English_N_0010.npy,15.96219,-8.719041,-0.27442443,-27.291483,0.9999999,1.9101951e-11,8.8823526e-08,1.6412252e-19,N,N
CF14_English_N_0007.npy,2.0690112,-6.5117607,0.5962243,2.5492704,0.35137448,6.594596e-05,0.0805651,0.5679945,H,N
CM35_English_N_0008.npy,19.753422,-2.769718,-6.426679,-40.776722,1.0,1.653197e-10,4.2670372e-12,5.1533852e-27,N,N
CF04_English_N_0010.npy,29.833927,-5.2085686,-10.768898,-54.45668,1.0,6.0427897e-16,2.3249687e-18,2.4720427e-37,N,N
CF09_Hindi_N_0107.npy,17.69792,-1.8913708,-2.6374726,-43.335087,1.0,3.107987e-09,1.4738438e-09,3.1167561e-27,N,N
CM03_English_N_0003.npy,9.449822,0.34664437,-1.3811705,-27.922085,0.99986887,0.000111296904,1.9774372e-05,5.882072e-17,N,N
CM05_Hindi_N_0067.npy,10.329459,2.373435,-1.3789951,-33.95577,0.9996413,0.00035041836,8.221048e-06,5.8480855e-20,N,N
CM24_Gujarati_N_0004.npy,13.337904,-3.148859,-0.38216847,-33.86649,0.9999988,6.916546e-08,1.1001391e-06,3.157859e-21,N,N
CM05_Hindi_N_0065.npy,28.36531,-7.1943703,-8.968263,-50.56031,1.0,3.6026892e-16,6.1127344e-17,5.2849187e-35,N,N
CM05_Hindi_N_0078.npy,18.419636,1.2968569,-4.296358,-51.039577,1.0,3.6616026e-08,1.3632302e-10,6.827269e-31,N,N
CF20_Gujarati_N_0065.npy,20.870726,-16.24709,3.1092224,-32.52699,1.0,7.584703e-17,1.9332017e-08,6.4516086e-24,N,N
CM38_English_N_0082.npy,29.184387,-5.093916,-7.595876,-63.976974,1.0,1.2975415e-15,1.0630047e-16,3.4716e-41,N,N
CF14_Gujarati_N_0041.npy,20.134905,-6.347943,-6.25001,-32.256237,1.0,3.152431e-12,3.4767805e-12,1.765287e-23,N,N
CM35_English_N_0044.npy,24.45403,-0.161675,-5.031979,-65.45196,1.0,2.0395565e-11,1.5645504e-13,9.00169e-40,N,N
CF14_Hindi_N_0137.npy,17.803875,-6.827166,-4.981231,-28.689661,1.0,2.0085147e-11,1.2721957e-10,6.42855e-21,N,N
CF04_Hindi_N_0023.npy,33.686893,-6.684449,-10.659483,-64.45151,1.0,2.9305497e-18,5.503187e-20,2.4e-43,N,N
CM38_English_N_0134.npy,31.05893,0.28737542,-6.251207,-82.77971,1.0,4.3259697e-14,6.2576935e-17,0.0,N,N
CF04_Hindi_N_0079.npy,27.684086,-11.579793,-6.46665,-44.846138,1.0,8.869814e-18,1.4740923e-15,3.1660835e-32,N,N
CF09_Hindi_N_0056.npy,16.65475,-9.165959,-5.112741,-19.16371,1.0,6.1123537e-12,3.5196399e-10,2.7812568e-16,N,N
CF09_Hindi_N_0170.npy,18.720394,-2.6489615,-5.320831,-39.637924,1.0,5.240908e-10,3.622667e-11,4.5217276e-26,N,N
CF14_English_N_0039.npy,9.953017,-2.2494516,-1.4406328,-23.012388,0.99998367,5.0179697e-06,1.1266618e-05,4.822804e-15,N,N
CF18_English_N_0001.npy,17.873732,-3.4851778,-2.7198267,-41.170227,1.0,5.295944e-10,1.1384943e-09,2.277895e-26,N,N
CM30_English_N_0040.npy,12.003457,8.46571,0.7901498,-58.755188,0.97173023,0.028256707,1.3111978e-05,1.8090769e-31,N,N
CM38_English_N_0013.npy,30.501404,-10.323796,-10.379881,-49.345215,1.0,1.8614068e-18,1.7598789e-18,2.1040406e-35,N,N
CF14_Hindi_N_0042.npy,10.114649,-3.4517822,-1.8196166,-18.494102,0.99999213,1.282834e-06,6.5616196e-06,3.76161e-13,N,N
CF02_English_N_0078.npy,18.324003,-2.3853862,-5.764183,-38.80972,1.0,1.0139739e-09,3.4564768e-11,1.5386524e-25,N,N
CM30_English_N_0003.npy,17.500828,-3.8170037,-6.0551047,-33.946857,1.0,5.5180244e-10,5.885566e-11,4.534759e-23,N,N
CM05_Hindi_N_0091.npy,13.744487,-0.92254096,-2.469221,-33.79104,0.9999994,4.267668e-07,9.088166e-08,2.2676862e-21,N,N
CF14_English_N_0028.npy,11.49035,-5.1287518,-3.0052838,-17.707232,0.9999994,6.0591994e-08,5.0655416e-07,2.0876175e-13,N,N
CF04_Hindi_N_0033.npy,40.41241,-13.114043,-13.487843,-62.71898,1.0,5.6722586e-24,3.9031698e-24,1e-45,N,N
CM35_English_N_0097.npy,27.46987,-6.106468,-9.184842,-51.521923,1.0,2.618068e-15,1.205204e-16,4.946536e-35,N,N
CM30_Gujarati_N_0061.npy,14.462028,-0.7299858,-4.534963,-33.965553,0.99999976,2.5245976e-07,5.619684e-09,9.293265e-22,N,N
CM05_Hindi_N_0070.npy,1.9880277,8.272484,-0.07477105,-26.11976,0.0018611584,0.9979023,0.00023654912,1.1553856e-15,L,N
CM16_Hindi_N_0001.npy,24.007044,-12.843986,-5.9680486,-32.208393,1.0,9.9037964e-17,9.59363e-14,3.8542965e-25,N,N
CM05_Hindi_N_0036.npy,15.467822,-0.34637645,-4.392151,-38.095398,0.9999999,1.3551296e-07,2.3709528e-09,5.4674983e-24,N,N
CF09_English_N_0029.npy,27.644852,-7.6666446,-9.405007,-46.351486,1.0,4.6175525e-16,8.118038e-17,7.308004e-33,N,N
CF04_English_N_0113.npy,20.056297,-3.2550094,-5.3308063,-44.52004,1.0,7.516721e-11,9.430198e-12,9.0126395e-29,N,N
CF09_Hindi_N_0054.npy,11.971065,-3.478231,-2.3356323,-24.44754,0.99999917,1.9518932e-07,6.118995e-07,1.52616e-16,N,N
CF14_Hindi_N_0091.npy,15.627441,-4.42295,-4.1593513,-27.63206,1.0,1.9598612e-09,2.5509685e-09,1.6316931e-19,N,N
CM24_Gujarati_N_0029.npy,12.386161,-1.2511334,-1.094769,-31.58146,0.9999974,1.19508e-06,1.39735e-06,8.037181e-20,N,N
CM05_English_N_0081.npy,20.110611,-2.2614198,-6.8239827,-42.18355,1.0,1.9228735e-10,2.0065724e-12,8.830573e-28,N,N
CM38_English_N_0064.npy,26.977665,-3.3110495,-7.5960994,-59.455627,1.0,7.010969e-14,9.656166e-16,2.900679e-38,N,N
CF20_Gujarati_N_0062.npy,11.213092,-12.675478,1.9691442,-12.612154,0.9999033,4.219727e-11,9.668573e-05,4.4955786e-11,N,N
CM05_English_N_0062.npy,21.145836,-5.488043,-7.091614,-37.05156,1.0,2.710525e-12,5.452949e-13,5.3111965e-26,N,N
CF04_English_N_0071.npy,18.877678,-3.3173513,-4.7542377,-40.339394,1.0,2.2952017e-10,5.454931e-11,1.9158106e-26,N,N
CM03_English_N_0005.npy,10.745803,1.9259553,-2.0493226,-33.313404,0.99984944,0.0001477487,2.773844e-06,7.332697e-20,N,N
CF09_Hindi_N_0103.npy,30.827353,-7.2949367,-8.489937,-58.57158,1.0,2.777799e-17,8.408477e-18,1.49464e-39,N,N
CM16_Hindi_N_0019.npy,10.678649,-2.2143538,-3.2670598,-19.406052,0.99999666,2.5155834e-06,8.77918e-07,8.597629e-14,N,N
CM30_English_N_0059.npy,8.608456,0.92494625,-0.93858826,-26.84958,0.9994685,0.00046011186,7.13741e-05,3.9860132e-16,N,N
CF02_English_N_0022.npy,16.838423,-0.28680137,-4.74366,-42.177124,1.0,3.65266e-08,4.2366302e-10,2.3435426e-26,N,N
CF04_English_N_0041.npy,25.66209,-5.3207374,-8.533915,-48.847786,1.0,3.5021014e-14,1.4088442e-15,4.3729404e-33,N,N
CF09_Hindi_N_0129.npy,33.501274,-9.830471,-9.780679,-57.126907,1.0,1.5179665e-19,1.5954645e-19,4.37201e-40,N,N
CF09_Hindi_N_0151.npy,14.239135,-7.409523,5.2491536,-40.165592,0.9998753,3.963262e-10,0.00012463696,2.3565287e-24,N,N
CF14_Gujarati_N_0063.npy,13.374603,-4.9015856,-2.498948,-22.993885,0.9999999,1.1554532e-08,1.2770391e-07,1.6045978e-16,N,N
CF14_Gujarati_N_0068.npy,19.725594,-6.4606977,-5.5655246,-33.496723,1.0,4.2407085e-12,1.03802245e-11,7.688499e-24,N,N
CM03_English_N_0065.npy,8.135863,-1.5802068,-2.6378775,-16.345999,0.9999187,6.0301627e-05,2.0940572e-05,2.3314576e-11,N,N
CM30_Gujarati_N_0068.npy,13.853139,-2.248268,-5.1068683,-26.769014,0.9999999,1.0168294e-07,5.831411e-09,2.2804604e-18,N,N
CF09_Hindi_N_0043.npy,28.557938,-11.071191,-7.6392207,-45.63403,1.0,6.1558583e-18,1.904468e-16,6.0094743e-33,N,N
CM16_Hindi_N_0005.npy,19.712288,-3.4966598,-4.461803,-40.851673,1.0,8.326872e-11,3.171944e-11,4.9820252e-27,N,N
CM35_English_N_0101.npy,33.323128,-7.621281,-9.290072,-67.71108,1.0,1.6522257e-18,3.1140235e-19,1.3e-44,N,N
CM05_Hindi_N_0095.npy,28.33375,-5.957762,-7.8048406,-57.388943,1.0,1.2805183e-15,2.0193379e-16,5.9034636e-38,N,N
CF02_English_N_0060.npy,18.362656,-2.2200427,-5.0060377,-39.723442,1.0,1.1509262e-09,7.097494e-11,5.9364704e-26,N,N
CF02_Gujarati_N_0034.npy,21.665974,-4.253848,-7.127421,-41.03377,1.0,5.535592e-12,3.1274319e-13,5.886358e-28,N,N
CM35_English_N_0096.npy,27.218407,-5.269296,-8.986858,-54.121544,1.0,7.776256e-15,1.8890923e-16,4.726159e-36,N,N
CF14_Hindi_N_0002.npy,24.949707,-10.213445,-7.8418827,-36.89254,1.0,5.355964e-16,5.7384466e-15,1.3875651e-27,N,N
CF18_English_N_0037.npy,24.005697,-8.237771,-4.9786105,-42.882698,1.0,9.9274845e-15,2.583895e-13,8.927671e-30,N,N
CM35_English_N_0080.npy,31.892044,-7.1526732,-8.573325,-65.05042,1.0,1.104321e-17,2.6675528e-18,7.92e-43,N,N
CM38_English_N_0080.npy,27.908497,-7.158949,-7.3586864,-55.537777,1.0,5.893898e-16,4.8267823e-16,5.751005e-37,N,N
CF14_English_N_0011.npy,10.861971,-3.82578,0.36394188,-25.627241,0.999972,4.1800232e-07,2.7590011e-05,1.4220812e-16,N,N
CF02_Gujarati_N_0029.npy,22.738647,-3.6565256,-6.339783,-49.206486,1.0,3.441299e-12,2.3517882e-13,5.68365e-32,N,N
CF09_Hindi_N_0162.npy,19.54892,-2.9712772,-6.0540147,-38.867577,1.0,1.6580697e-10,7.5995365e-12,4.2661687e-26,N,N
CM16_Hindi_N_0036.npy,13.586377,-4.129076,-4.8377175,-22.457708,1.0,2.0243053e-08,9.965914e-09,2.2194848e-16,N,N
CF18_English_N_0007.npy,10.399216,-9.664942,2.285375,-16.36543,0.9997008,1.9324895e-09,0.00029927748,2.3775615e-12,N,N
CM30_Gujarati_N_0073.npy,8.251072,0.65926665,-1.8584863,-22.501127,0.99945503,0.0005042943,4.0666608e-05,4.4081146e-14,N,N
CM03_English_N_0101.npy,21.731424,-3.5886927,-6.166399,-46.75038,1.0,1.0083528e-11,7.658245e-13,1.8143893e-30,N,N
CF02_English_N_0041.npy,11.810452,-2.751885,-3.2837167,-24.16841,0.9999993,4.7386723e-07,2.7841017e-07,2.3690715e-16,N,N
CF04_English_N_0070.npy,18.73686,-6.120655,-3.196703,-35.146526,1.0,1.601468e-11,2.9810862e-10,3.969569e-24,N,N
CF04_Hindi_N_0020.npy,28.21639,-5.4159207,-8.35667,-56.844517,1.0,2.4755525e-15,1.3077425e-16,1.1442427e-37,N,N
CM05_English_N_0092.npy,20.348534,-1.6815591,-5.4989057,-46.420246,1.0,2.7067773e-10,5.951137e-12,1.0062033e-29,N,N
CF04_Hindi_N_0084.npy,16.277164,-9.750808,-0.16405678,-26.781796,0.9999999,4.9681513e-12,7.238829e-08,1.9940278e-19,N,N
CM24_Gujarati_N_0005.npy,18.28981,-7.2171016,-3.9126425,-31.835928,1.0,8.36544e-12,2.2782266e-10,1.7008567e-22,N,N
CM38_English_N_0088.npy,18.314098,-4.567913,-6.726765,-32.62987,1.0,1.1546988e-10,1.3331879e-11,7.504384e-23,N,N
CM30_Gujarati_N_0018.npy,10.54023,5.3652487,-0.2725619,-46.6185,0.99435556,0.0056243967,2.0026537e-05,1.4921787e-25,N,N
CF09_Hindi_N_0037.npy,43.18411,-9.721755,-12.378935,-86.23423,1.0,1.0550545e-23,7.400782e-25,0.0,N,N
CM30_Gujarati_N_0028.npy,0.13011664,12.979293,-1.8992649,-38.322563,2.6282842e-06,0.999997,3.4540054e-07,5.2466886e-23,L,N
CF09_Hindi_N_0150.npy,15.788098,-4.076325,-3.56142,-31.223907,1.0,2.360426e-09,3.9501282e-09,3.827769e-21,N,N
CF14_English_N_0019.npy,11.028264,-1.0759997,-0.2560718,-30.838778,0.999982,5.5357623e-06,1.2568033e-05,6.566994e-19,N,N
CM03_English_N_0096.npy,16.780752,-6.501585,-5.3901234,-27.29179,1.0,7.7376563e-11,2.3513164e-10,7.236673e-20,N,N
CF04_English_N_0055.npy,26.399956,-5.889232,-6.1767898,-54.875923,1.0,9.483828e-15,7.11377e-15,5.038883e-36,N,N
CF04_English_N_0116.npy,26.265759,-5.0660563,-4.003845,-57.3284,1.0,2.4703938e-14,7.146249e-14,4.9604006e-37,N,N
CF14_English_N_0017.npy,8.565738,-5.299239,-0.04504645,-16.459124,0.99981695,9.5156304e-07,0.00018209763,1.3544461e-11,N,N
CF09_English_N_0007.npy,27.193584,-7.887516,-10.780772,-40.504993,1.0,5.813955e-16,3.2206687e-17,3.970829e-30,N,N
CF14_Hindi_N_0085.npy,14.3778105,-2.735497,-4.594493,-27.493162,1.0,3.6964497e-08,5.760144e-09,6.5413603e-19,N,N
CM30_English_N_0008.npy,11.530972,2.4232635,-1.1708137,-38.337425,0.99988604,0.00011079577,3.0453368e-06,2.1997887e-22,N,N
CM30_Gujarati_N_0021.npy,16.37556,3.1566114,-0.63676524,-56.94995,0.9999982,1.8158605e-06,4.0892175e-08,1.4293296e-32,N,N
CM05_English_N_0036.npy,4.514374,3.6306689,1.1222316,-24.445717,0.69113964,0.2856128,0.023247547,1.8296088e-13,N,N
CF14_Hindi_N_0049.npy,17.343716,-6.3891325,-6.4557333,-23.385809,1.0,4.9312224e-11,4.613497e-11,2.0482975e-18,N,N
CF14_Hindi_N_0033.npy,11.4993105,-5.469452,-0.81782794,-22.111654,0.99999547,4.271286e-08,4.474378e-06,2.528955e-15,N,N
CM03_English_N_0017.npy,3.6260293,5.677852,2.7194028,-29.275572,0.108861804,0.8471706,0.043967586,5.596189e-16,L,N
CF14_Hindi_N_0048.npy,18.154106,-7.133712,-2.8706722,-30.628613,1.0,1.0414533e-11,7.396985e-10,6.515301e-22,N,N
CM03_English_N_0074.npy,19.735535,-4.6411066,-5.885773,-37.638763,1.0,2.5903571e-11,7.461181e-12,1.2096478e-25,N,N
CF09_English_N_0024.npy,25.811478,-13.447705,-2.769063,-41.14272,1.0,8.911563e-18,3.8692725e-13,8.359175e-30,N,N
CF09_Hindi_N_0108.npy,16.480305,1.353045,-1.7139603,-45.2105,0.99999976,2.693483e-07,1.2540962e-08,1.614449e-27,N,N
CM38_English_N_0026.npy,22.252539,-2.136592,-7.916207,-44.56657,1.0,2.5582064e-11,7.904611e-14,9.568206e-30,N,N
CF18_English_N_0050.npy,24.643303,-9.591318,-3.882165,-42.644638,1.0,1.3554823e-15,4.0883413e-13,5.987128e-30,N,N
CM16_Hindi_N_0087.npy,22.268309,-14.26093,-5.7978787,-22.870275,1.0,1.3663212e-16,6.471574e-13,2.49208e-20,N,N
CM05_English_N_0055.npy,14.731544,-3.006536,-3.6381416,-31.672163,1.0,1.9790198e-08,1.05231726e-08,7.032775e-21,N,N
CF04_Hindi_N_0034.npy,32.836586,-10.830857,-10.886993,-54.318024,1.0,1.0851025e-19,1.0258662e-19,1.4100482e-38,N,N
CF09_Hindi_N_0031.npy,27.927902,-5.3188972,-9.4237175,-51.855034,1.0,3.6399754e-15,6.0034056e-17,2.2423896e-35,N,N
CF02_Gujarati_N_0058.npy,25.605743,-5.087379,-5.3719134,-55.46302,1.0,4.6789253e-14,3.520257e-14,6.1984526e-36,N,N
CF14_Gujarati_N_0014.npy,12.668618,-8.735343,-3.3488297,-10.190881,0.9999999,5.062648e-10,1.1058863e-07,1.1809885e-10,N,N
CM16_Hindi_N_0079.npy,16.740597,-3.0782058,-4.965402,-33.674976,1.0,2.4706073e-09,3.742866e-10,1.2729015e-22,N,N
CM35_English_N_0114.npy,23.543459,-5.347165,-5.3903255,-51.410393,1.0,2.837664e-13,2.7177972e-13,2.8051536e-33,N,N
CF02_English_N_0005.npy,11.750922,-1.1419151,-3.9884305,-25.405012,0.9999974,2.5160004e-06,1.4604431e-07,7.3009945e-17,N,N
CM30_Gujarati_N_0051.npy,10.420442,4.4991713,-2.6501546,-35.93223,0.99732333,0.0026746127,2.1006224e-06,7.381184e-21,N,N
CM35_English_N_0081.npy,27.945524,-5.1576023,-6.027861,-60.651558,1.0,4.2023752e-15,1.7601368e-15,3.33254e-39,N,N
CF14_Gujarati_N_0024.npy,11.271199,-5.8722677,0.25541717,-22.159424,0.99998355,3.586574e-08,1.6439908e-05,3.0287133e-15,N,N
CF04_English_N_0061.npy,22.955524,-7.096974,-5.2119603,-42.04139,1.0,8.87904e-14,5.8481296e-13,5.918304e-29,N,N
CM16_Hindi_N_0080.npy,25.52219,-5.711749,-7.1487,-47.572212,1.0,2.7244081e-14,6.4745915e-15,1.8009546e-32,N,N
CM05_English_N_0085.npy,8.447431,4.2236753,-1.3616432,-33.289898,0.9855144,0.014431428,5.4154745e-05,7.368378e-19,N,N
CF02_English_N_0037.npy,13.631979,-0.95864064,-2.2257438,-35.18816,0.9999994,4.6065307e-07,1.2974124e-07,6.27601e-22,N,N
CF09_English_N_0049.npy,35.24951,-9.012308,-11.605369,-62.894165,1.0,5.988757e-20,4.4790263e-21,2.38e-43,N,N
CM38_English_N_0121.npy,14.140672,3.5196996,-3.2684941,-44.52713,0.99997556,2.4398325e-05,2.749695e-08,3.3180827e-26,N,N
CF09_Hindi_N_0041.npy,23.10484,-8.45007,-8.105299,-33.262146,1.0,1.976411e-14,2.7900317e-14,3.3122975e-25,N,N
CM30_Gujarati_N_0002.npy,10.739321,2.9456038,-0.26528704,-39.47947,0.99957126,0.0004121407,1.6617787e-05,1.5490705e-22,N,N
CM03_English_N_0062.npy,6.4649296,-0.67935556,-1.6744149,-15.499492,0.99891996,0.00078850973,0.0002915133,2.8873814e-10,N,N
CM16_Hindi_N_0054.npy,20.974728,-7.817424,-3.7302666,-37.383102,1.0,3.1313174e-13,1.8653372e-11,4.5239358e-26,N,N
CM24_Gujarati_N_0025.npy,3.9625762,4.0643625,0.8963661,-23.572435,0.46430764,0.5140568,0.021635542,5.1109524e-13,L,N
CM05_Hindi_N_0118.npy,18.665684,-3.9059715,-5.8929334,-35.08508,1.0,1.5749062e-10,2.1593763e-11,4.5325254e-24,N,N
CF09_Hindi_N_0140.npy,25.659554,-5.3392963,-7.529296,-51.763695,1.0,3.4464388e-14,3.8571403e-15,2.3741627e-34,N,N
CF04_English_N_0004.npy,23.98204,-4.3122344,-4.452187,-51.96318,1.0,5.1517216e-13,4.4789078e-13,1.0409015e-33,N,N
CF14_Gujarati_N_0029.npy,20.00507,-10.69217,-3.9873586,-25.466995,1.0,4.659706e-14,3.803829e-11,1.78539e-20,N,N
CF02_English_N_0055.npy,16.01837,-3.5024893,-5.118048,-30.478952,1.0,3.3281184e-09,6.61562e-10,6.4042694e-21,N,N
CF09_Hindi_N_0013.npy,14.36213,-1.3949976,-2.0729814,-34.982834,0.99999976,1.4347171e-07,7.2831874e-08,3.7132546e-22,N,N
CF14_Hindi_N_0031.npy,20.734018,-5.998385,-5.78606,-37.518585,1.0,2.4562071e-12,3.0372196e-12,5.025931e-26,N,N
CF20_Gujarati_N_0024.npy,22.75599,-6.9773893,-4.143781,-43.418427,1.0,1.22168e-13,2.0776768e-12,1.823125e-29,N,N
CF04_Hindi_N_0056.npy,16.28219,-6.5853777,-4.54999,-26.157934,1.0,1.1714965e-10,8.968074e-10,3.7024408e-19,N,N
CM16_Hindi_N_0018.npy,15.140756,-2.4376621,-4.6071777,-30.005968,1.0,2.3216126e-08,2.6520515e-09,2.4718755e-20,N,N
CF14_Hindi_N_0090.npy,15.22813,-7.6048675,-1.3808727,-24.759668,0.9999999,1.212704e-10,6.120707e-08,4.3004988e-18,N,N
CM30_English_N_0025.npy,17.73933,3.9340706,-1.6138533,-60.62339,0.99999905,1.0103026e-06,3.93567e-09,9.2790637e-35,N,N
CM24_Gujarati_N_0061.npy,6.381418,0.106838554,-1.8681964,-16.836031,0.99785966,0.0018795516,0.00026079983,8.238714e-11,N,N
CM05_English_N_0033.npy,13.030422,0.82173723,-2.361349,-35.729782,0.99999475,4.986929e-06,2.0674565e-07,6.6636174e-22,N,N
CM38_English_N_0052.npy,8.1421585,4.7868586,0.45785964,-36.529037,0.9658486,0.033707056,0.00044428377,3.8410962e-20,N,N
CF14_Gujarati_N_0039.npy,17.983997,-5.393685,-5.4635315,-31.542133,1.0,7.0339914e-11,6.559453e-11,3.0979524e-22,N,N
CM05_English_N_0100.npy,23.202255,-2.2224307,-5.011678,-57.79675,1.0,9.082365e-12,5.5826985e-13,6.646266e-36,N,N
CM05_English_N_0056.npy,25.318207,-4.5638785,-6.7513556,-53.12245,1.0,1.0528706e-13,1.1813175e-14,8.583311e-35,N,N
CF04_English_N_0053.npy,22.175377,-8.167173,-5.2365866,-39.64237,1.0,6.643514e-14,1.2449019e-12,1.4219828e-27,N,N
CF04_Hindi_N_0097.npy,16.896067,-1.6747196,-4.394321,-37.791885,1.0,8.606178e-09,5.671552e-10,1.7755178e-24,N,N
CF02_English_N_0012.npy,20.475851,-2.8325505,-7.505939,-41.04785,1.0,7.5385885e-11,7.041461e-13,1.9080714e-27,N,N
CM03_English_N_0032.npy,13.639758,-0.047151595,-3.55829,-33.790215,0.9999988,1.1372348e-06,3.3961143e-08,2.5201342e-21,N,N
CM05_Hindi_N_0119.npy,12.747831,-0.06497291,-2.0567317,-34.3029,0.9999969,2.7256401e-06,3.7192757e-07,3.682368e-21,N,N
CM05_English_N_0015.npy,4.142013,-0.29401687,0.39495385,-13.758191,0.96578246,0.011437629,0.022779917,1.625248e-08,N,N
CM27_Gujarati_N_0043.npy,7.8863897,-2.5063763,-2.9002037,-12.841802,0.99994874,3.065186e-05,2.0673771e-05,9.950356e-10,N,N
CF14_Hindi_N_0034.npy,14.193261,-4.174929,-1.5104638,-29.330181,0.9999999,1.0538919e-08,1.5134181e-07,1.2531688e-19,N,N
CF02_English_N_0084.npy,20.11956,-2.7136497,-7.343577,-40.4432,1.0,1.2124474e-10,1.1827998e-12,4.9880153e-27,N,N
CF04_Hindi_N_0087.npy,24.813343,-2.4169674,-5.0508323,-58.98761,1.0,1.4928854e-12,1.0718975e-13,4.0337616e-37,N,N
CF02_English_N_0045.npy,17.1305,-1.5164075,-6.7622437,-35.128918,1.0,7.97537e-09,4.2025522e-11,2.0138306e-23,N,N
CF14_Gujarati_N_0022.npy,18.008003,-9.821128,-1.9125832,-27.095043,1.0,8.2027885e-13,2.2315139e-09,2.5822354e-20,N,N
CM30_Gujarati_N_0033.npy,5.4938545,11.7002735,-3.7705002,-43.68238,0.0020123872,0.9979874,1.9065729e-07,8.845956e-25,L,N
CF14_English_N_0027.npy,8.316674,0.8875255,-0.5696734,-25.517761,0.9992686,0.0005932585,0.00013816259,2.0210359e-15,N,N
CF04_English_N_0078.npy,19.825043,-3.0044653,-6.563375,-38.381187,1.0,1.2169445e-10,3.4646197e-12,5.264479e-26,N,N
CM30_Gujarati_N_0012.npy,10.153054,-0.33036807,-3.4985118,-23.603006,0.9999708,2.799593e-05,1.1781151e-06,2.1873387e-15,N,N
CM35_English_N_0086.npy,13.0599375,-1.0817683,-4.4997487,-28.49309,0.9999993,7.216639e-07,2.3655092e-08,8.989776e-19,N,N
CM30_Gujarati_N_0026.npy,5.6025176,11.356007,0.21399534,-49.07793,0.003161622,0.9968239,1.4444558e-05,5.6557868e-27,L,N
CM03_English_N_0052.npy,10.162345,-0.03318551,-2.2893682,-27.490541,0.99995875,3.733527e-05,3.9108536e-06,4.4416234e-17,N,N
CF04_English_N_0102.npy,29.563557,-11.958188,-7.755247,-46.594955,1.0,9.275468e-19,6.2036925e-17,8.409692e-34,N,N
CM35_English_N_0021.npy,15.151048,-1.0849497,-3.2957997,-37.741432,0.9999999,8.887827e-08,9.741721e-09,1.069272e-23,N,N
CF14_Gujarati_N_0038.npy,10.644204,-6.68263,-1.22774,-15.971395,0.99999297,2.9857173e-08,6.983562e-06,2.7605097e-12,N,N
CM38_English_N_0025.npy,21.60472,-3.2406702,-6.4369106,-44.076138,1.0,1.621004e-11,6.632464e-13,2.986532e-29,N,N
CF14_Hindi_N_0081.npy,22.241913,-2.8136106,-8.2384,-43.004562,1.0,1.3137861e-11,5.788533e-14,4.61122e-29,N,N
CM16_Hindi_N_0048.npy,20.982756,-9.537468,-2.9512358,-32.45925,1.0,5.562055e-14,4.032738e-11,6.172064e-24,N,N
CM35_English_N_0046.npy,10.49666,1.2685695,-1.4824448,-32.310127,0.99989545,9.8230405e-05,6.2732906e-06,2.5656878e-19,N,N
CF09_Hindi_N_0070.npy,13.144941,-2.3652072,-5.187671,-22.900537,0.99999976,1.8366558e-07,1.0920619e-08,2.216396e-16,N,N
CM03_English_N_0009.npy,5.3447633,3.966713,0.4084782,-25.699747,0.79412305,0.20017423,0.0057027778,2.6147399e-14,N,N
CM27_Gujarati_N_0044.npy,14.005274,-1.7470112,-4.3906984,-30.081236,0.9999999,1.441682e-07,1.0250153e-08,7.1362836e-20,N,N
CF14_Hindi_N_0078.npy,15.142919,-2.7996423,-3.5452485,-32.13778,1.0,1.61304e-08,7.6530045e-09,2.9258649e-21,N,N
CM38_English_N_0049.npy,15.353091,0.62443155,-3.939928,-41.71036,0.99999964,4.012585e-07,4.179732e-09,1.6506569e-25,N,N
CF09_Hindi_N_0065.npy,17.676409,-7.05799,-3.9901752,-28.484808,1.0,1.8112878e-11,3.8933382e-10,8.962688e-21,N,N
CF09_English_N_0058.npy,20.432037,-8.126073,-6.3299356,-30.857214,1.0,3.9570425e-13,2.384641e-12,5.3132515e-23,N,N
CM24_Gujarati_N_0020.npy,16.89272,-1.4652991,-1.1127213,-43.714058,1.0,1.0646668e-08,1.5147357e-08,4.773216e-27,N,N
CF14_English_N_0023.npy,14.390979,0.8043842,-2.5047193,-39.224297,0.9999987,1.2572348e-06,4.595056e-08,5.1901604e-24,N,N
CF18_English_N_0004.npy,14.901214,-2.0419717,-0.8377506,-37.573338,0.9999999,4.3819547e-08,1.4610151e-07,1.6240205e-23,N,N
CF02_Gujarati_N_0062.npy,23.092901,-5.357965,-4.7056026,-49.72818,1.0,4.404997e-13,8.4579116e-13,2.3670392e-32,N,N
CM27_Gujarati_N_0057.npy,17.38847,-6.3146625,-5.551787,-29.144625,1.0,5.07996e-11,1.08936485e-10,6.1792112e-21,N,N
CF09_English_N_0015.npy,27.011875,-4.291304,-8.166901,-55.290554,1.0,2.5421561e-14,5.272928e-16,1.8051329e-36,N,N
CF18_English_N_0021.npy,18.059822,-1.5903797,-2.5439076,-44.4985,1.0,2.9243261e-09,1.1269744e-09,6.7805604e-28,N,N
CF02_English_N_0027.npy,21.327208,-3.489122,-7.0262384,-42.27877,1.0,1.6688022e-11,4.855729e-13,2.3783398e-28,N,N
CF04_Hindi_N_0095.npy,21.632822,-7.8768473,-2.687096,-41.273476,1.0,1.5279638e-13,2.741536e-11,4.787876e-28,N,N
CM27_Gujarati_N_0015.npy,10.584973,-4.4282656,-1.8239764,-19.864935,0.9999956,3.0187786e-07,4.081874e-06,5.9671994e-14,N,N
CM30_Gujarati_N_0004.npy,9.062102,1.6719077,-1.0231307,-29.431948,0.9993414,0.00061686913,4.1663232e-05,1.9140832e-17,N,N
CM05_English_N_0089.npy,11.486999,0.18705007,-3.004403,-32.03313,0.9999871,1.2373401e-05,5.0869636e-07,1.2573091e-19,N,N
CM05_Hindi_N_0029.npy,11.518352,-1.4005518,-4.2895355,-23.1835,0.9999974,2.451266e-06,1.363706e-07,8.4952566e-16,N,N
CM05_Hindi_N_0080.npy,11.725057,1.2841234,-1.4947132,-36.905556,0.999969,2.9211029e-05,1.8143188e-06,7.585432e-22,N,N
CF04_English_N_0048.npy,32.878437,-3.874391,-10.186533,-71.93878,1.0,1.09257225e-16,1.9820761e-19,0.0,N,N
CF14_Hindi_N_0063.npy,20.152885,-1.1654272,-5.602665,-46.868404,1.0,5.515362e-10,6.52389e-12,7.8167335e-30,N,N
CM05_Hindi_N_0018.npy,11.22297,0.24512932,-3.3609428,-28.221754,0.9999825,1.7075636e-05,4.6374527e-07,7.402287e-18,N,N
CF20_Gujarati_N_0070.npy,14.456301,-18.273024,11.102285,-27.917925,0.966236,5.9009e-15,0.03376392,3.8211215e-19,N,N
CF14_Hindi_N_0036.npy,16.57399,-5.741047,-3.9323382,-29.196375,1.0,2.0356479e-10,1.2422662e-09,1.3249027e-20,N,N
CF14_Hindi_N_0095.npy,22.016533,-5.1124206,-8.508619,-37.78392,1.0,1.6521331e-12,5.5347095e-14,1.069038e-26,N,N
CF02_English_N_0058.npy,16.952492,-5.2208667,-5.370421,-28.876238,1.0,2.3454846e-10,2.0196793e-10,1.2497882e-20,N,N
CF20_Gujarati_N_0003.npy,14.825633,-2.7987127,-5.1956987,-26.622932,1.0,2.217399e-08,2.0176514e-09,9.979674e-19,N,N
CM38_English_N_0035.npy,18.223352,-1.1033967,-6.334416,-39.777237,1.0,4.0410963e-09,2.16121e-11,6.466435e-26,N,N
CF14_Hindi_N_0143.npy,16.268589,-3.6144993,-3.5792532,-32.582237,1.0,2.3167763e-09,2.3998894e-09,6.086334e-22,N,N
CF02_Gujarati_N_0024.npy,20.316858,-3.868721,-5.5239196,-42.402355,1.0,3.1357132e-11,5.9909066e-12,5.772858e-28,N,N
CF09_Hindi_N_0060.npy,20.934448,-9.07783,-6.086759,-30.95157,1.0,9.243419e-14,1.8400878e-12,2.9254263e-23,N,N
CF09_Hindi_N_0016.npy,14.178252,-0.5402456,-4.4331403,-33.277256,0.99999964,4.0535664e-07,8.263701e-09,2.456598e-21,N,N
CM24_Gujarati_N_0040.npy,6.485684,-0.82565147,0.13054952,-18.854185,0.9976,0.0006663214,0.0017336308,9.862599e-12,N,N
CM27_Gujarati_N_0039.npy,13.611426,-5.2910204,-4.703141,-20.910395,1.0,6.176916e-09,1.1119477e-08,1.017101e-15,N,N
CM03_English_N_0067.npy,8.110438,-0.66227466,-2.6500869,-18.491442,0.999824,0.00015487554,2.1217147e-05,2.798171e-12,N,N
CF04_Hindi_N_0085.npy,25.250092,-6.2886863,-5.6970468,-51.335037,1.0,2.0085497e-14,3.6293495e-14,5.4891004e-34,N,N
CF14_Hindi_N_0069.npy,15.624967,-7.829765,-3.210897,-21.973951,1.0,6.51238e-11,6.602199e-09,4.688101e-17,N,N
CF04_English_N_0056.npy,16.123,-2.7746308,-1.8439395,-38.595837,1.0,6.206736e-09,1.5741929e-08,1.7215213e-24,N,N
CF14_Hindi_N_0096.npy,10.18263,-1.220099,-0.97749674,-25.170683,0.9999746,1.116469e-05,1.4230086e-05,4.4283306e-16,N,N
CF04_Hindi_N_0069.npy,12.243638,-1.0110772,0.006071061,-34.176155,0.9999933,1.7520542e-06,4.84495e-06,6.920501e-21,N,N
CF04_Hindi_N_0007.npy,34.054817,-6.411337,-10.719751,-66.3534,1.0,2.6654576e-18,3.586351e-20,2.5e-44,N,N
CF14_Hindi_N_0150.npy,17.434692,-8.034546,-4.344566,-26.151999,1.0,8.686611e-12,3.478469e-10,1.1763589e-19,N,N
CM05_Hindi_N_0123.npy,17.012283,-3.9576232,-5.763108,-31.337618,1.0,7.81422e-10,1.2846166e-10,1.0043974e-21,N,N
CF02_English_N_0036.npy,14.445073,-2.3468907,-2.573114,-34.639915,1.0,5.0973316e-08,4.065327e-08,4.8157144e-22,N,N
CM05_Hindi_N_0115.npy,17.01479,-1.3476138,-4.4374557,-41.743744,1.0,1.0600085e-08,4.8240084e-10,3.0303525e-26,N,N
CM38_English_N_0135.npy,16.786366,-5.033119,-6.3878675,-26.619558,1.0,3.341321e-10,8.621021e-11,1.4094434e-19,N,N
CM05_Hindi_N_0116.npy,22.192547,-2.283113,-3.2936397,-57.33571,1.0,2.34615e-11,8.540625e-12,2.8927828e-35,N,N
CM03_English_N_0093.npy,10.733733,-2.5352328,-3.1847434,-20.79563,0.9999974,1.7272702e-06,9.0215565e-07,2.0275477e-14,N,N
CF14_Hindi_N_0047.npy,26.391605,-7.331576,-6.3606415,-49.55455,1.0,2.2605175e-15,5.9687024e-15,1.0399331e-33,N,N
CM35_English_N_0084.npy,26.035229,-0.17222789,-7.0314307,-66.815315,1.0,4.1518937e-12,4.358458e-15,4.7372e-41,N,N
CF09_Hindi_N_0141.npy,32.274593,-7.550495,-10.764858,-58.596752,1.0,5.0603882e-18,2.0333102e-19,3.42828e-40,N,N
CM05_Hindi_N_0068.npy,13.259858,1.8448756,-3.0193968,-39.318863,0.9999888,1.1028872e-05,8.5114706e-08,1.4633463e-23,N,N
CM38_English_N_0089.npy,21.840445,-1.2356391,-6.838747,-48.167152,1.0,9.510077e-11,3.5057856e-13,3.9453554e-31,N,N
CF04_English_N_0081.npy,25.986761,-6.1444936,-5.680826,-53.633827,1.0,1.1106387e-14,1.7658003e-14,2.6376492e-35,N,N
CM38_English_N_0139.npy,32.516987,-5.8392386,-8.641605,-66.63842,1.0,2.198384e-17,1.3336766e-18,8.7e-44,N,N
CM35_English_N_0003.npy,23.99543,-1.1266041,-4.5898194,-62.94066,1.0,1.2292473e-11,3.8510942e-13,1.7544317e-38,N,N
CM35_English_N_0102.npy,26.275343,-8.54413,-7.99563,-45.435944,1.0,7.5525725e-16,1.30709e-15,7.1809704e-32,N,N
CM38_English_N_0094.npy,21.642223,-5.646634,-8.271063,-36.71643,1.0,1.407992e-12,1.02052786e-13,4.5202097e-26,N,N
CM05_Hindi_N_0037.npy,17.695627,-1.2925742,-4.4170017,-41.27881,1.0,5.669295e-09,2.49234e-10,2.441905e-26,N,N
CF04_Hindi_N_0017.npy,30.094902,-3.7065754,-8.604362,-67.24901,1.0,2.090286e-15,1.5599941e-17,5.3e-43,N,N
CM03_English_N_0104.npy,9.798385,-0.85599786,-1.9101185,-25.395536,0.9999682,2.3596445e-05,8.2233355e-06,5.193509e-16,N,N
CF14_English_N_0001.npy,11.932562,-6.9389267,-2.8373103,-15.416511,0.99999964,6.3711303e-09,3.8505755e-07,1.3257115e-12,N,N
CM05_Hindi_N_0100.npy,17.03226,-0.28867605,-6.5143046,-38.157314,1.0,3.0033988e-08,5.940956e-11,1.0751574e-24,N,N
CM24_Gujarati_N_0002.npy,17.308884,-2.9980788,-3.5879955,-39.537064,1.0,1.516345e-09,8.4062185e-10,2.0517232e-25,N,N
CF14_English_N_0044.npy,15.4969015,-5.513399,-3.4326615,-27.28687,1.0,7.504863e-10,6.0116685e-09,2.625694e-19,N,N
CF09_Hindi_N_0025.npy,20.375622,-7.531195,-3.1266966,-40.92056,1.0,7.589682e-13,6.209726e-11,2.3955593e-27,N,N
CM05_Hindi_N_0020.npy,18.208164,0.012298076,-5.601005,-45.64397,1.0,1.2520911e-08,4.5688713e-11,1.8593888e-28,N,N
CF02_Gujarati_N_0056.npy,18.190279,-5.975387,-5.949145,-29.002224,1.0,3.1987798e-11,3.2838374e-11,3.195623e-21,N,N
CM16_Hindi_N_0084.npy,19.234257,-5.107915,-5.490451,-34.846115,1.0,2.6812021e-11,1.8289235e-11,3.2598148e-24,N,N
CM05_Hindi_N_0001.npy,20.02766,-2.6483803,-2.363628,-49.81212,1.0,1.4187984e-10,1.8861962e-10,4.666247e-31,N,N
CF04_English_N_0105.npy,27.823528,-5.088926,-5.7371707,-61.683067,1.0,5.0851458e-15,2.6593372e-15,1.342088e-39,N,N
CF18_English_N_0023.npy,20.564821,-5.6669106,-3.4628959,-41.15065,1.0,4.0523205e-12,3.671934e-11,1.5751148e-27,N,N
CM24_Gujarati_N_0045.npy,14.209342,-1.1511726,-2.1305742,-37.124832,0.99999964,2.1331094e-07,8.0105885e-08,5.0798496e-23,N,N
CM35_English_N_0127.npy,21.886639,-3.958969,-6.8707185,-44.98505,1.0,5.9620442e-12,3.2421917e-13,9.078091e-30,N,N
CM35_English_N_0017.npy,18.14111,-2.275374,-5.0027947,-40.187214,1.0,1.3590459e-09,8.8864915e-11,4.659411e-26,N,N
CM38_English_N_0078.npy,20.564175,-6.794371,-6.996353,-34.454613,1.0,1.3132117e-12,1.0730374e-12,1.2753936e-24,N,N
CF14_Gujarati_N_0016.npy,13.614646,-5.401369,-2.2778525,-23.127953,0.9999999,5.5137868e-09,1.2530712e-07,1.10380344e-16,N,N
CM05_English_N_0012.npy,6.072758,2.6498568,-0.9789974,-22.459833,0.9676012,0.031560887,0.0008378339,3.9278024e-13,N,N
CF14_Hindi_N_0017.npy,18.944956,-5.769435,-2.1331449,-37.724556,1.0,1.8478932e-11,7.0128964e-10,2.4476231e-25,N,N
CF02_Gujarati_N_0044.npy,19.649399,-5.420042,-4.65756,-39.257977,1.0,1.2956277e-11,2.7772935e-11,2.611271e-26,N,N
CM05_Hindi_N_0006.npy,1.656937,4.14773,0.80242467,-17.031517,0.074094206,0.8943794,0.031526383,5.6688076e-10,L,N
CF09_Hindi_N_0097.npy,27.360111,-7.9423356,-8.826573,-45.606846,1.0,4.6595235e-16,1.9245224e-16,2.045753e-32,N,N
CF14_Hindi_N_0122.npy,17.92049,-3.7641988,-7.0187135,-30.477198,1.0,3.8234851e-10,1.475848e-11,9.575256e-22,N,N
CM38_English_N_0009.npy,21.486237,-8.20856,-7.0065236,-31.268223,1.0,1.2697356e-13,4.22427e-13,1.2275224e-23,N,N
CM16_Hindi_N_0078.npy,20.160728,-4.1392274,-4.8735948,-41.79607,1.0,2.7968133e-11,1.3419359e-11,1.2373833e-27,N,N
CF14_Gujarati_N_0015.npy,8.4856615,-7.2222333,1.8636771,-15.778452,0.99867094,1.5051168e-07,0.0013290187,2.8950191e-11,N,N
CM05_Hindi_N_0104.npy,19.401535,-5.751752,-5.566484,-35.476772,1.0,1.191425e-11,1.4339265e-11,1.4677563e-24,N,N
CF09_English_N_0053.npy,23.695383,-5.217456,-7.1619844,-45.292427,1.0,2.775326e-13,3.970225e-14,1.0938948e-30,N,N
CM05_Hindi_N_0048.npy,15.7181225,-0.80341417,-5.074044,-37.02288,0.9999999,6.680179e-08,9.334182e-10,1.2441494e-23,N,N
CM03_English_N_0079.npy,15.413106,-2.0179348,-5.082927,-31.493437,1.0,2.6902631e-08,1.2551226e-09,4.2535045e-21,N,N
CM03_English_N_0089.npy,10.63174,-0.5749648,-3.479186,-24.73194,0.9999857,1.3582634e-05,7.4421195e-07,4.3827187e-16,N,N
CF04_Hindi_N_0080.npy,31.430847,-6.37119,-10.85614,-58.438663,1.0,3.8263463e-17,4.3151386e-19,9.33618e-40,N,N
CF02_English_N_0102.npy,26.285229,-6.434124,-8.519284,-47.338406,1.0,6.1683027e-15,7.666418e-16,1.06086925e-32,N,N
CM24_Gujarati_N_0062.npy,10.572839,-2.1709058,-3.5951338,-19.2461,0.9999964,2.9205214e-06,7.029528e-07,1.1214959e-13,N,N
CF09_English_N_0034.npy,23.927656,-9.599933,-5.8323894,-38.720795,1.0,2.748866e-15,1.1895323e-13,6.196161e-28,N,N
CM05_Hindi_N_0011.npy,8.901034,1.6875398,-2.106749,-27.110601,0.99924743,0.00073602446,1.655973e-05,2.2909666e-16,N,N
CM38_English_N_0130.npy,24.738176,0.19439408,-7.205115,-62.37095,1.0,2.191646e-11,1.3403096e-14,1.4756673e-38,N,N
CF09_Hindi_N_0174.npy,8.597024,-4.833667,-2.6611824,-9.129866,0.9999857,1.4693286e-06,1.2900807e-05,2.001258e-08,N,N
CF20_Gujarati_N_0012.npy,13.070217,-4.8418922,-1.2180268,-26.812778,0.9999994,1.6629127e-08,6.2329565e-07,4.7756756e-18,N,N
CF09_Hindi_N_0064.npy,16.79411,-2.2170649,-5.066835,-35.624428,1.0,5.5405436e-09,3.2056222e-10,1.7175864e-23,N,N
CF09_Hindi_N_0029.npy,24.097609,-4.444442,-6.282039,-51.206852,1.0,4.0211053e-13,6.401569e-14,1.975555e-33,N,N
CF14_Gujarati_N_0040.npy,16.754435,-4.380939,-6.3521457,-25.722132,1.0,6.6225264e-10,9.2244296e-11,3.5699458e-19,N,N
CM35_English_N_0036.npy,29.172478,-2.6204329,-7.4865003,-70.7804,1.0,1.5578081e-14,1.200075e-16,3.9e-44,N,N
CM30_Gujarati_N_0056.npy,14.07121,-0.54061896,-3.1894798,-36.400673,0.9999995,4.509861e-07,3.1899063e-08,1.203206e-22,N,N
CF09_Hindi_N_0078.npy,14.603283,-4.9237413,-2.354473,-28.266724,1.0,3.3076653e-09,4.3185718e-08,2.4087556e-19,N,N
CM27_Gujarati_N_0052.npy,9.272197,-2.4872136,-3.2009792,-16.47254,0.9999883,7.815337e-06,3.827925e-06,6.594749e-12,N,N
CM03_English_N_0081.npy,10.218288,-1.4370185,-2.7731676,-23.783274,0.99998903,8.67281e-06,2.2796992e-06,1.7112112e-15,N,N
CM38_English_N_0028.npy,10.239397,3.2750254,-2.6954126,-33.36255,0.99905354,0.00094406214,2.4103065e-06,1.1574575e-19,N,N
CM30_English_N_0009.npy,9.707275,2.276432,-2.942645,-29.047106,0.99940443,0.0005923345,3.205905e-06,1.4754626e-17,N,N
CM03_English_N_0071.npy,7.070649,0.446614,-3.5777698,-15.410886,0.99865,0.001326268,2.370631e-05,1.7211024e-10,N,N
CM03_English_N_0105.npy,12.482161,-4.300214,-4.0233045,-21.54017,0.9999999,5.1464404e-08,6.788405e-08,1.6760587e-15,N,N
CF04_English_N_0074.npy,32.06398,-17.07739,-8.593382,-41.2948,1.0,4.5516936e-22,2.2015635e-18,1.3825686e-32,N,N
CM16_Hindi_N_0020.npy,18.70404,-1.7796693,-6.5991483,-39.699932,1.0,1.2706856e-09,1.0255691e-11,4.3199327e-26,N,N
CF04_Hindi_N_0133.npy,15.254603,-7.827463,-0.9910966,-27.29477,0.9999999,9.453361e-11,8.802008e-08,3.3192638e-19,N,N
CF04_Hindi_N_0136.npy,13.057275,-1.3237226,-3.4684076,-29.458029,0.9999993,5.6808295e-07,6.652532e-08,3.4342942e-19,N,N
CM27_Gujarati_N_0004.npy,10.73021,-4.068722,-3.00557,-18.423475,0.99999857,3.7402862e-07,1.0829929e-06,2.181294e-13,N,N
CM38_English_N_0040.npy,19.196014,0.10642812,-4.548624,-51.083767,1.0,5.1226894e-09,4.8734277e-11,3.0052258e-31,N,N
CF14_English_N_0026.npy,17.031082,-2.838315,-4.0961514,-36.494465,1.0,2.3487179e-09,6.6766576e-10,5.6774102e-24,N,N
CF14_English_N_0016.npy,18.268396,-2.1689954,-3.8029618,-42.221188,1.0,1.3309255e-09,2.5973537e-10,5.3666916e-27,N,N
CM03_English_N_0091.npy,13.5272,-2.174597,-2.1465602,-32.35697,0.99999976,1.516339e-07,1.5594541e-07,1.18238215e-20,N,N
CF14_English_N_0005.npy,11.968038,-5.451574,-3.220417,-15.966737,0.99999976,2.7211907e-08,2.533599e-07,7.380428e-13,N,N
CM38_English_N_0053.npy,14.889882,2.3926258,-2.2534485,-47.85916,0.9999963,3.7368782e-06,3.587112e-08,5.603192e-28,N,N
CM35_English_N_0110.npy,32.37608,-9.966716,-9.8241825,-53.23313,1.0,4.0809118e-19,4.7060683e-19,6.612927e-38,N,N
CM05_English_N_0037.npy,10.409678,-0.1039522,-3.3323007,-24.632372,0.99997175,2.7162883e-05,1.0762715e-06,6.045316e-16,N,N
CF04_Hindi_N_0072.npy,17.504284,-7.4710903,-3.8341537,-30.437056,1.0,1.4234191e-11,5.405478e-10,1.5112686e-21,N,N
CF14_Hindi_N_0114.npy,15.613787,-3.1457686,-4.351262,-30.795826,1.0,7.1257147e-09,2.134465e-09,6.991341e-21,N,N
CM03_English_N_0073.npy,12.706464,-3.1419375,-3.2834463,-25.864922,0.99999976,1.3095641e-07,1.13676364e-07,1.7728029e-17,N,N
CF09_English_N_0048.npy,34.032654,-10.767335,-8.114997,-63.163105,1.0,3.496331e-20,4.9602945e-19,6.14e-43,N,N
CF04_English_N_0057.npy,24.992802,-5.3731575,-5.7913613,-50.879955,1.0,6.489803e-14,4.2717725e-14,1.1191294e-33,N,N
CF09_Hindi_N_0069.npy,20.68155,-1.9937484,-7.5093026,-39.987484,1.0,1.4198541e-10,5.7130613e-13,4.4851164e-27,N,N
CF04_English_N_0017.npy,26.809052,-6.7546287,-8.775595,-49.815765,1.0,2.6514262e-15,3.513854e-16,5.2755144e-34,N,N
CM24_Gujarati_N_0066.npy,4.3823166,0.50427026,0.7881496,-16.548779,0.9540394,0.01974023,0.026220407,7.750098e-10,N,N
CF09_English_N_0040.npy,22.292467,-1.6441727,-6.231945,-52.213776,1.0,4.022068e-11,4.0926556e-13,4.38885e-33,N,N
CF14_Hindi_N_0018.npy,17.311127,-4.856452,-4.599824,-31.650824,1.0,2.3590788e-10,3.049267e-10,5.4462094e-22,N,N
CM30_English_N_0042.npy,9.905408,10.277326,0.5253943,-55.048733,0.40806368,0.5919019,3.443815e-05,2.5205972e-29,L,N
CM24_Gujarati_N_0047.npy,15.121824,-1.1610537,-2.3025756,-39.748077,0.9999999,8.480775e-08,2.7081894e-08,1.4801428e-24,N,N
CF02_English_N_0009.npy,7.7566175,0.48431048,-1.6257732,-20.621187,0.9992219,0.00069396757,8.412815e-05,4.7352004e-13,N,N
CF04_Hindi_N_0106.npy,29.512732,-8.124726,-9.692435,-49.05045,1.0,4.51086e-17,9.406169e-18,7.59355e-35,N,N
CF04_English_N_0020.npy,25.83902,-2.0008497,-5.2066336,-63.489704,1.0,8.115175e-13,3.288847e-14,1.603356e-39,N,N
CF09_English_N_0057.npy,23.736147,-8.689469,-5.6280656,-39.224674,1.0,8.2743404e-15,1.7671961e-13,4.533796e-28,N,N
CM24_Gujarati_N_0067.npy,16.047565,-6.7567434,-2.2644172,-28.28627,1.0,1.2479985e-10,1.1148252e-08,5.572625e-20,N,N
CM05_Hindi_N_0102.npy,16.778149,-1.29108,-4.047055,-41.170654,1.0,1.421129e-08,9.030864e-10,6.810118e-26,N,N
CM38_English_N_0131.npy,25.572205,-1.3692431,-3.653678,-69.66078,1.0,1.9928642e-12,2.0293646e-13,4.373e-42,N,N
CM16_Hindi_N_0056.npy,11.935496,-1.2741508,0.07587132,-34.23428,0.9999912,1.8328178e-06,7.0701158e-06,8.886215e-21,N,N
CF09_English_N_0037.npy,23.62819,-5.305028,-7.2911344,-44.97192,1.0,2.7193425e-13,3.7317165e-14,1.6119424e-30,N,N
CF04_Hindi_N_0130.npy,7.656422,-5.8722754,1.5306956,-14.505168,0.9978175,1.329267e-06,0.0021811314,2.3680707e-10,N,N
CM05_English_N_0048.npy,17.443707,-2.5559483,-5.8775544,-34.866615,1.0,2.0618653e-09,7.4422676e-11,1.9138853e-23,N,N
CF14_Hindi_N_0046.npy,10.139939,-6.4894247,-2.2525368,-12.563671,0.9999957,5.997319e-08,4.1496755e-06,1.380212e-10,N,N
CM05_Hindi_N_0008.npy,8.769805,0.70903414,-2.3615751,-23.766714,0.9996698,0.0003155791,1.4640625e-05,7.403316e-15,N,N
CM05_Hindi_N_0019.npy,10.839928,2.204276,-2.4276662,-33.590466,0.99982065,0.00017762589,1.7293364e-06,5.0587998e-20,N,N
CF14_Hindi_N_0005.npy,16.35272,-4.2102547,-5.399746,-27.725584,1.0,1.1738522e-09,3.5729258e-10,7.1950806e-20,N,N
CM30_Gujarati_N_0019.npy,11.083263,3.3094354,-1.0535096,-40.765022,0.99957424,0.000420421,5.3565045e-06,3.036622e-23,N,N
CM24_Gujarati_N_0035.npy,19.567564,-5.2863383,-3.1731439,-40.36094,1.0,1.6072636e-11,1.329953e-10,9.405481e-27,N,N
CF09_Hindi_N_0161.npy,19.045794,-5.382178,-1.9395775,-39.29876,1.0,2.4607474e-11,7.694304e-10,4.5844097e-26,N,N
M22_Hindi_H_0013.npy,-6.9448886,5.8137836,1.9838885,-10.358549,2.8161069e-06,0.9787466,0.021250442,9.270761e-08,L,H
M22_Hindi_H_0008.npy,-2.9664133,0.35748062,2.5166998,-2.751412,0.0036954547,0.10261637,0.88910633,0.0045818607,M,H
M22_Hindi_H_0019.npy,-2.815268,2.9331377,1.5404791,-7.116093,0.002546936,0.7989485,0.19847,3.452975e-05,L,H
M22_Hindi_H_0002.npy,-0.03742457,2.2078862,1.5955969,-9.83545,0.0642561,0.60679287,0.3289475,3.570144e-06,L,H
M22_Hindi_H_0024.npy,-4.036428,6.168328,-1.5594615,-8.55486,3.69763e-05,0.99952245,0.00044020632,4.0326734e-07,L,H
M22_Hindi_H_0054.npy,-1.1747174,-0.1060057,1.9502777,-4.5096636,0.037443325,0.10902097,0.8522021,0.0013336004,M,H
M22_Hindi_H_0030.npy,-2.752945,4.0049233,3.2299795,-12.361379,0.0007946575,0.6840453,0.31515998,5.336912e-08,L,H
M22_Hindi_H_0007.npy,-3.7712653,4.5936637,0.70626736,-8.355428,0.00022816281,0.9796872,0.020082261,2.3300686e-06,L,H
M22_Hindi_H_0006.npy,-4.421851,3.3430793,1.2440726,-6.0677304,0.00037785142,0.8904051,0.10914419,7.286601e-05,L,H
M22_Hindi_H_0022.npy,-4.152992,4.841152,0.64703405,-8.888052,0.00012227485,0.9850187,0.014858062,1.0738084e-06,L,H
M22_Hindi_H_0044.npy,-3.324732,-0.9091454,1.1203065,2.2752392,0.0027187346,0.03043987,0.2316448,0.73519653,H,H
M22_Hindi_H_0048.npy,0.6265644,2.6381187,0.1595329,-9.695257,0.10986815,0.8212563,0.06887198,3.6154438e-06,L,H
M22_Hindi_H_0026.npy,-3.8922582,5.186784,-0.5668484,-7.5021877,0.000113657,0.9967224,0.0031608476,3.07485e-06,L,H
M22_Hindi_H_0014.npy,-1.6573435,2.6085997,1.2966936,-7.3239236,0.010938673,0.77918434,0.2098392,3.7844256e-05,L,H
M22_Hindi_H_0039.npy,-4.8253555,4.549535,1.6021409,-8.6951275,8.059141e-05,0.9500619,0.049855724,1.6813889e-06,L,H
M22_Hindi_H_0020.npy,-1.5461483,2.8803787,2.7679248,-10.656919,0.0062741223,0.52477026,0.46895492,6.930997e-07,L,H
M22_Hindi_H_0033.npy,-3.6263225,0.2341927,4.2426567,-5.464576,0.00037543956,0.017829562,0.9817353,5.9730603e-05,M,H
M22_Hindi_H_0027.npy,-0.7069054,2.9710987,1.921492,-9.981395,0.018375939,0.727087,0.2545353,1.7234149e-06,L,H
M22_Hindi_H_0045.npy,-3.454536,7.1193047,-2.2360702,-10.842761,2.5573521e-05,0.99988794,8.648951e-05,1.581703e-08,L,H
M22_Hindi_H_0032.npy,-4.3890615,3.0971537,1.2923619,-5.5215025,0.0004812369,0.8581848,0.14117888,0.00015507652,L,H
M22_Hindi_H_0017.npy,-2.1286552,2.3753805,0.05127096,-4.564819,0.009968667,0.90097976,0.08817939,0.0008722174,L,H
M22_Hindi_H_0041.npy,-2.6006806,2.855666,-0.39081037,-4.5091653,0.004089931,0.9580257,0.037277818,0.0006065571,L,H
M22_Hindi_H_0021.npy,-3.1739514,4.258912,-0.1844387,-6.958543,0.0005842691,0.9877895,0.011612928,1.3273505e-05,L,H
M22_Hindi_H_0050.npy,4.667052,0.21407333,-1.9598408,-10.800782,0.9871977,0.011494765,0.0013073181,1.8915115e-07,N,H
M22_Hindi_H_0058.npy,-3.7096379,-1.2798755,4.1297145,-2.294294,0.0003913841,0.0044446313,0.9935523,0.001611682,M,H
M22_Hindi_H_0034.npy,-1.729122,-0.6384223,2.991558,-3.928371,0.0085961,0.02558506,0.9648657,0.0009531909,M,H
M22_Hindi_H_0009.npy,-3.2901256,4.0065084,2.6461182,-10.808831,0.0005391312,0.7953938,0.20406675,2.9265894e-07,L,H
M22_Hindi_H_0036.npy,-2.31055,1.8586495,3.723433,-9.040875,0.0020702258,0.13386843,0.86405885,2.4721476e-06,M,H
M22_Hindi_H_0018.npy,-0.3233605,3.4460158,4.980532,-18.690952,0.0040737977,0.17661144,0.8193147,4.2959167e-11,M,H
M22_Hindi_H_0035.npy,-1.9427718,3.4247985,3.8341222,-12.801416,0.001858402,0.39833263,0.5998089,3.575119e-08,M,H
M22_Hindi_H_0025.npy,-3.4499485,0.7308601,1.422705,-1.5348923,0.0049050087,0.32087943,0.6409237,0.03329187,M,H
M22_Hindi_H_0051.npy,-0.80665284,3.824904,4.105714,-17.191336,0.0041730194,0.4284598,0.5673672,3.1964853e-10,M,H
M22_Hindi_H_0042.npy,-2.7067764,10.209996,-1.5473934,-21.027166,2.4564752e-06,0.99998975,7.831158e-06,2.7156125e-14,L,H
M22_Hindi_H_0057.npy,-3.7793145,5.7002044,-1.5977002,-7.544931,7.634303e-05,0.9992454,0.000676445,1.7675958e-06,L,H
M22_Hindi_H_0005.npy,-3.2221467,4.3598824,1.6883166,-9.990426,0.00047634673,0.93488175,0.06464135,5.4764223e-07,L,H
M22_Hindi_H_0049.npy,0.7072132,3.8660765,1.6660825,-15.462548,0.036828935,0.86709374,0.09607729,3.4974459e-09,L,H
M22_Hindi_H_0046.npy,-3.032852,7.7386913,-2.8589787,-11.717672,2.0987374e-05,0.999954,2.4972991e-05,3.5496752e-09,L,H
M22_Hindi_H_0059.npy,-1.06408,0.5934186,-0.75678104,0.007177133,0.095012195,0.49845028,0.12919256,0.27734503,L,H
M22_Hindi_H_0052.npy,0.6664647,-0.11550251,0.7711372,-6.0509915,0.38924718,0.17808257,0.4321994,0.00047083772,M,H
M22_Hindi_H_0043.npy,-0.7047333,3.2968225,-0.7989919,-7.840783,0.017669713,0.96623594,0.016080275,1.40631455e-05,L,H
M22_Hindi_H_0003.npy,0.304599,5.232865,0.78581774,-16.46803,0.007104401,0.9814004,0.011495243,3.6920464e-10,L,H
M22_Hindi_H_0010.npy,-3.7039607,2.6269913,1.7871939,-5.711788,0.0012416774,0.6974389,0.30115274,0.0001667325,L,H
M22_Hindi_H_0004.npy,-3.6261015,4.3289495,-0.6801497,-5.8199697,0.00034842314,0.99298275,0.006630063,3.884384e-05,L,H
M22_Hindi_H_0016.npy,0.9338966,5.1677938,1.6254102,-18.07008,0.013892307,0.9583685,0.027739258,7.7526915e-11,L,H
M22_Hindi_H_0055.npy,-2.1819017,5.8149223,-1.4003744,-10.355984,0.00033616932,0.9989292,0.0007344651,9.475441e-08,L,H
M22_Hindi_H_0015.npy,-3.33956,5.216982,1.1118308,-11.159581,0.00018912854,0.98359376,0.016217027,7.59564e-08,L,H
M22_Hindi_H_0001.npy,-5.3115234,2.3628838,-0.0628674,-0.6117424,0.00040753448,0.877237,0.077558,0.044797447,L,H
M22_Hindi_H_0031.npy,-2.8358052,2.886235,4.3456354,-12.211491,0.00061677827,0.18844275,0.81094044,5.227824e-08,M,H
M22_Hindi_H_0028.npy,-1.4536184,4.7730227,3.0581994,-15.630983,0.0016718489,0.84604406,0.15228416,1.1642475e-09,L,H
M22_Hindi_H_0023.npy,-0.27374858,5.2537146,0.6478089,-15.253862,0.0039212885,0.98622376,0.009854988,1.2236251e-09,L,H
M22_Hindi_H_0011.npy,-3.9957092,4.6040998,-0.8186363,-5.6396437,0.00018329151,0.99538666,0.0043946817,3.5415254e-05,L,H
M22_Hindi_H_0029.npy,-0.5091345,2.54886,1.0912579,-8.14533,0.036710333,0.78137314,0.18189885,1.771864e-05,L,H
M22_Hindi_H_0053.npy,-0.37658924,5.2106266,2.8191004,-17.603533,0.0034197592,0.91304576,0.0835345,1.1283116e-10,L,H
M22_Hindi_H_0037.npy,-6.222925,4.9799423,-0.7994045,-4.4035883,1.3591706e-05,0.99682176,0.00308091,8.3830484e-05,L,H
M22_Hindi_H_0056.npy,-1.663489,4.3067255,2.2291121,-12.513288,0.0022643497,0.8866958,0.111039795,4.3947665e-08,L,H
M22_Hindi_H_0047.npy,-2.6607356,3.90432,-0.23803782,-6.4216514,0.001384752,0.9829683,0.015614798,3.221269e-05,L,H
M22_Hindi_H_0040.npy,-4.447427,3.0845127,1.3263236,-5.197076,0.00045663406,0.8524092,0.14691845,0.00021577439,L,H
M22_Hindi_H_0038.npy,-3.2896278,2.761861,0.63978064,-4.643906,0.0020969638,0.8906747,0.106686965,0.00054129644,L,H
M22_Hindi_H_0012.npy,-4.991625,-0.7310056,4.043612,-1.4771205,0.00011765883,0.008336575,0.9875925,0.0039532487,M,H
M03_English_L_0068.npy,-3.2530246,2.7695343,1.2370771,-5.4947734,0.0019885856,0.82055646,0.1772437,0.00021133195,L,L
M03_English_L_0021.npy,-9.082943,2.7146707,5.904791,-8.340743,2.9743296e-07,0.039539177,0.9604598,6.247733e-07,M,L
M03_English_L_0064.npy,1.0779039,4.441207,1.8958931,-17.831553,0.031103825,0.89841676,0.070479386,1.9078392e-10,L,L
M03_English_L_0053.npy,6.763397,0.78940266,0.34770608,-22.984087,0.9958377,0.002533469,0.0016288804,1.1995555e-13,N,L
M03_English_L_0052.npy,-1.5947698,4.564374,3.081131,-14.58275,0.0017201276,0.8136599,0.18461996,3.935066e-09,L,L
M03_English_L_0040.npy,-0.70829815,3.930015,3.8427668,-17.232265,0.005022524,0.5191775,0.47579995,3.3469869e-10,L,L
M03_English_L_0031.npy,-4.3111324,1.928478,3.6084652,-6.910759,0.00030633528,0.15704545,0.8426254,2.2761114e-05,M,L
M03_English_L_0015.npy,-0.44567686,6.798046,0.3779019,-20.18273,0.00071297574,0.9976624,0.001624615,1.911532e-12,L,L
M03_English_L_0041.npy,2.529937,2.0745614,2.983231,-21.87212,0.31175023,0.197715,0.49053484,7.872783e-12,M,L
M03_English_L_0020.npy,-2.474706,3.660183,5.5894933,-16.738295,0.00027462735,0.12679212,0.8729333,1.7544712e-10,M,L
M09_English_L_0004.npy,-5.320709,-1.395289,5.955626,-2.8711035,1.26590785e-05,0.00064149057,0.9991992,0.00014663987,M,L
M03_English_L_0060.npy,-4.0765247,2.437388,8.318024,-17.611506,4.129552e-06,0.0027852186,0.9972107,5.466829e-12,M,L
M03_English_L_0036.npy,-0.02145607,8.250734,0.8356558,-25.03407,0.0002553061,0.9991431,0.0006015891,3.5012285e-15,L,L
M03_English_L_0042.npy,-6.5198526,8.684947,-0.4835111,-13.26393,2.492264e-07,0.99989545,0.000104266284,2.9354744e-10,L,L
M09_English_L_0001.npy,-6.175832,-1.2558632,5.9910455,-2.385749,5.194943e-06,0.00071169867,0.9990532,0.00022992853,M,L
M03_English_L_0043.npy,2.4199476,3.2892842,1.0394944,-18.059061,0.27496758,0.6558878,0.0691446,3.5104375e-10,L,L
M03_English_L_0002.npy,-2.6946142,8.779097,-1.0765775,-18.83227,1.0399282e-05,0.9999372,5.2445466e-05,1.0197852e-12,L,L
M09_English_L_0009.npy,-0.42582223,0.6485743,-0.8926692,-0.9655746,0.1946247,0.569905,0.12202501,0.1134453,L,L
M03_English_L_0029.npy,0.94968885,5.129798,1.5231899,-18.529951,0.014674063,0.9592872,0.026038667,5.0892134e-11,L,L
M03_English_L_0032.npy,-1.1378464,5.405192,4.6455846,-20.362555,0.0009801374,0.6806007,0.31841913,4.3863424e-12,L,L
M09_English_L_0005.npy,-6.044291,-1.4956614,3.9330864,1.0445677,4.3806245e-05,0.004139812,0.9433129,0.05250347,M,L
M03_English_L_0056.npy,-1.1843138,6.8188972,2.028397,-21.459293,0.00033152194,0.99143136,0.00823711,5.1903967e-13,L,L
M03_English_L_0012.npy,4.9472637,1.1501057,1.7036419,-23.6228,0.9421015,0.02113552,0.03676297,3.6836324e-13,N,L
M09_English_L_0007.npy,-6.1044207,5.221262,-2.058058,-2.7259996,1.2046488e-05,0.9989459,0.0006889276,0.0003532564,L,L
M03_English_L_0027.npy,-4.397743,0.7007088,7.970122,-13.430906,4.250112e-06,0.000696033,0.99929965,5.073965e-10,M,L
M03_English_L_0026.npy,-1.3104695,4.0664053,3.338173,-15.150053,0.0031076337,0.6723214,0.32457095,3.0337206e-09,L,L
M03_English_L_0063.npy,3.8860037,6.3053546,-1.1547431,-22.589148,0.081665784,0.91780585,0.0005282889,2.594345e-13,L,L
M03_English_L_0001.npy,-2.7954328,4.854683,0.6090573,-10.267005,0.00046904563,0.9854129,0.014117784,2.669025e-07,L,L
M03_English_L_0003.npy,1.3060671,6.5928893,0.026747108,-20.48743,0.005025318,0.99357647,0.0013981767,1.7233266e-12,L,L
M03_English_L_0035.npy,-2.7474267,6.663702,2.213245,-16.25549,8.085805e-05,0.98838156,0.011537606,1.09962935e-10,L,L
M03_English_L_0066.npy,2.7043025,-1.8513298,3.436504,-14.820735,0.3236077,0.003400422,0.6729919,7.924866e-09,M,L
M03_English_L_0018.npy,-2.0952358,4.325939,3.136363,-13.544932,0.0012456143,0.7657103,0.2330441,1.3269151e-08,L,L
M03_English_L_0047.npy,-2.3382156,4.959324,0.50057685,-10.711877,0.0006690047,0.9878941,0.011436713,1.544523e-07,L,L
M03_English_L_0016.npy,2.9083385,6.9450116,3.4442205,-32.139374,0.016850177,0.95435363,0.028796194,1.0129235e-17,L,L
M03_English_L_0011.npy,0.45791817,2.1184788,3.3973598,-16.259766,0.039733704,0.20908909,0.7511772,2.1815303e-09,M,L
M09_English_L_0003.npy,-6.7390327,1.4375939,3.3147473,-3.1293185,3.7260237e-05,0.13252848,0.8660573,0.0013769693,M,L
M03_English_L_0062.npy,6.257213,3.6099565,-1.8646612,-23.701181,0.93358284,0.06613996,0.00027724763,9.1072495e-14,N,L
M03_English_L_0028.npy,-6.3147736,5.9736977,2.8480783,-12.807383,4.4108256e-06,0.957933,0.04206258,6.6806023e-09,L,L
M03_English_L_0070.npy,-0.042248197,1.728576,-1.6777812,-3.3724504,0.14071964,0.8268255,0.027419008,0.0050357734,L,L
M03_English_L_0025.npy,-1.4185401,6.315887,4.123554,-21.215899,0.0003934049,0.899205,0.10040162,9.930155e-13,L,L
M03_English_L_0059.npy,-5.4401703,7.4293013,-0.3225428,-11.606984,2.5743745e-06,0.9995677,0.00042976314,5.4008047e-09,L,L
M03_English_L_0006.npy,-1.4877537,0.47945282,4.590418,-10.527109,0.0022503173,0.016091285,0.9816581,2.669941e-07,M,L
M03_English_L_0014.npy,-6.0840793,7.1345406,-0.4060434,-10.356473,1.8154939e-06,0.99946743,0.0005308045,2.5323189e-08,L,L
M09_English_L_0008.npy,-6.0736237,0.553328,4.8225055,-4.834838,1.827261e-05,0.013799057,0.9861196,6.3066516e-05,M,L
M09_English_L_0002.npy,-6.6934414,2.2513542,1.0545732,-1.6831151,9.866017e-05,0.7565145,0.22859243,0.014794456,L,L
M03_English_L_0055.npy,0.13475356,2.871237,2.4831362,-13.907206,0.037173,0.5736768,0.38915017,2.9640288e-08,L,L
M03_English_L_0009.npy,2.3457282,-1.3118601,3.1558514,-13.907769,0.3054387,0.0078786835,0.68668264,2.6675918e-08,M,L
M03_English_L_0007.npy,-1.1607754,4.9413414,3.6231995,-17.495453,0.0017624836,0.787482,0.21075548,1.419269e-10,L,L
M03_English_L_0048.npy,-2.6650336,2.9266462,2.8545003,-9.241018,0.0019278753,0.51702857,0.48104087,2.6863645e-06,L,L
M03_English_L_0049.npy,0.9361772,7.7815723,1.1813816,-24.802134,0.0010617713,0.99758136,0.0013568192,7.047331e-15,L,L
M03_English_L_0005.npy,-1.7394048,4.035547,4.512483,-15.981359,0.0011874785,0.38252106,0.61629146,7.7521833e-10,M,L
M03_English_L_0069.npy,-0.3470878,5.3628235,2.8803163,-18.054853,0.0030482376,0.9200932,0.076858625,6.218189e-11,L,L
M03_English_L_0019.npy,-6.4307885,8.379276,-1.5823084,-10.898262,3.6987086e-07,0.99995244,4.7175654e-05,4.2447375e-09,L,L
M03_English_L_0051.npy,-4.718386,5.5273123,-1.5080949,-5.7879663,3.5476987e-05,0.999073,0.00087934395,1.21740195e-05,L,L
M03_English_L_0061.npy,-5.116233,7.200933,2.5442152,-15.478196,4.432164e-06,0.9905874,0.009408188,1.4011105e-10,L,L
M03_English_L_0034.npy,-0.53426045,2.440392,4.8695655,-16.65207,0.004117973,0.0806415,0.9152405,4.1191528e-10,M,L
M03_English_L_0039.npy,1.0506911,3.86605,3.9916224,-21.976847,0.02729806,0.4558549,0.5168471,2.725204e-12,M,L
M03_English_L_0044.npy,-6.6072474,2.5207796,1.390769,-2.533339,8.166819e-05,0.75215036,0.24296701,0.004800968,L,L
M03_English_L_0004.npy,-0.62642103,7.079889,1.8924701,-21.117723,0.00044727896,0.99399984,0.005552888,5.640514e-13,L,L
M03_English_L_0038.npy,-1.5938178,4.2435417,7.4687366,-22.9839,0.00011148235,0.03822426,0.96166426,5.722837e-14,M,L
M03_English_L_0030.npy,-2.0586803,-1.1788402,4.7458386,-6.040503,0.0011045542,0.0026625427,0.99621236,2.0601708e-05,M,L
M03_English_L_0067.npy,-3.9225247,7.4080663,-1.772744,-11.173271,1.1998772e-05,0.99988496,0.00010298523,8.514868e-09,L,L
M03_English_L_0013.npy,-4.0085797,-0.71626073,4.632179,-3.7162685,0.00017584382,0.00473111,0.99485743,0.00023554616,M,L
M03_English_L_0057.npy,0.35268223,2.5982885,3.9201207,-16.089542,0.021799847,0.20592447,0.7722756,1.5764721e-09,M,L
M03_English_L_0054.npy,0.008357041,2.4322867,-0.06736779,-6.7232003,0.0756521,0.85412276,0.07013489,9.022831e-05,L,L
M03_English_L_0046.npy,0.12958068,0.43686673,2.5520506,-9.589107,0.073348954,0.09973477,0.8269119,4.4118597e-06,M,L
M03_English_L_0033.npy,-0.31192917,0.6639208,3.6423273,-11.703719,0.017917827,0.04754356,0.93453836,2.0225248e-07,M,L
M03_English_L_0045.npy,-9.203628,5.2887735,0.7028917,-5.139706,5.030512e-07,0.98987865,0.010091572,2.9278619e-05,L,L
M03_English_L_0022.npy,-4.9496765,9.276501,0.49832547,-18.113478,6.6310537e-07,0.99984527,0.0001540351,1.2723785e-12,L,L
M09_English_L_0006.npy,-4.6850653,1.4713012,2.17561,-2.9871764,0.00069823413,0.3293647,0.6661231,0.0038140363,M,L
M03_English_L_0037.npy,-0.35485253,1.4497852,5.219894,-15.218993,0.003693301,0.022447035,0.97385967,1.2941979e-09,M,L
M03_English_L_0050.npy,-3.1584976,4.691073,-1.1504024,-6.251364,0.00038863227,0.9966988,0.0028949655,1.7632905e-05,L,L
M03_English_L_0058.npy,1.2446269,6.226967,1.4206858,-22.037054,0.006756406,0.9851865,0.008057069,5.2313064e-13,L,L
M03_English_L_0024.npy,-1.327189,7.101105,2.812523,-20.204565,0.00021558812,0.9862488,0.013535641,1.3654782e-12,L,L
M03_English_L_0017.npy,-6.151667,4.2317705,3.0912776,-9.311227,2.3445362e-05,0.7577516,0.24222396,9.951254e-07,L,L
M03_English_L_0065.npy,-2.4117258,9.522344,-0.65510786,-20.306787,6.5626623e-06,0.9999554,3.8016293e-05,1.1100772e-13,L,L
M03_English_L_0010.npy,-5.5435658,0.6303701,8.637278,-12.641774,6.93734e-07,0.0003330422,0.9996662,5.7342925e-10,M,L
M03_English_L_0023.npy,-4.661721,1.4989082,4.0702567,-6.6041408,0.00014986121,0.07099313,0.92883563,2.1483595e-05,M,L
M03_English_L_0008.npy,-5.2674294,3.0219598,4.8471293,-10.216009,3.486455e-05,0.13880984,0.861155,2.4731088e-07,M,L
