filename,score_N,score_L,score_M,score_H,prob_N,prob_L,prob_M,prob_H,predict class,actual class
M22_Hindi_H_0019.npy,-3.0555542,0.19485813,3.5934455,-1.6594028,0.0012455592,0.032136638,0.96158624,0.0050315876,M,H
M22_Hindi_H_0049.npy,-2.5893786,3.5005744,0.9883749,-2.8321981,0.0020877782,0.92154664,0.07472793,0.0016376809,L,H
M22_Hindi_H_0047.npy,-3.0626929,0.3491327,3.863028,-2.706098,0.00095158594,0.028852614,0.9688365,0.0013593,M,H
M22_Hindi_H_0042.npy,-4.1575527,1.8937032,3.5942726,-2.9818878,0.00036301586,0.15415326,0.8443074,0.0011762792,M,H
M22_Hindi_H_0017.npy,-3.8970284,0.7789426,2.1767955,1.3479903,0.0013655708,0.14657591,0.5931198,0.25893867,M,H
M22_Hindi_H_0022.npy,-3.599683,0.36475548,3.6693256,-0.97054034,0.00066547794,0.035064477,0.9550453,0.009224776,M,H
M22_Hindi_H_0041.npy,-2.6128657,2.0236807,1.1590494,-1.3509071,0.0066145053,0.6825332,0.28748766,0.02336463,L,H
M22_Hindi_H_0052.npy,-3.6913939,-0.4270548,3.458607,-0.25585693,0.00075057184,0.019637063,0.9563086,0.023303809,M,H
M22_Hindi_H_0020.npy,-3.5953443,-0.8754358,5.032928,-1.7722193,0.00017825994,0.0027057948,0.99601233,0.0011036386,M,H
M22_Hindi_H_0023.npy,-3.3960152,2.321422,2.4113827,-2.0658753,0.001558462,0.47396654,0.5185815,0.005893438,M,H
M22_Hindi_H_0012.npy,-4.0441227,2.0313342,3.4916286,-2.837513,0.00043229372,0.1880686,0.8100543,0.0014447838,M,H
M22_Hindi_H_0009.npy,-3.5409422,0.861391,3.0176635,-1.021441,0.0012494515,0.102006644,0.88122267,0.015521186,M,H
M22_Hindi_H_0043.npy,-2.555783,1.0396653,2.898246,-3.380543,0.003682316,0.13415425,0.86054933,0.001614107,M,H
M22_Hindi_H_0025.npy,-3.797625,2.2208035,2.0684774,-0.71237993,0.0012711709,0.52236533,0.4485594,0.027804108,L,H
M22_Hindi_H_0037.npy,-3.8583486,1.4184673,3.606153,-3.1192138,0.0005144496,0.10070123,0.89770705,0.0010773208,M,H
M22_Hindi_H_0014.npy,-3.0639,1.3576251,1.4516765,-0.014646664,0.005082517,0.4229828,0.46469575,0.10723897,M,H
M22_Hindi_H_0040.npy,-4.4078355,3.045107,2.160293,-0.9584997,0.000404949,0.6985091,0.2883383,0.01274758,L,H
M22_Hindi_H_0004.npy,-3.5569103,-0.15903397,4.6894484,-2.3343349,0.0002598745,0.00777039,0.99108714,0.00088251394,M,H
M22_Hindi_H_0028.npy,-4.0457535,-0.27102786,5.3495245,-2.948104,8.2788196e-05,0.0036083683,0.99606067,0.00024812558,M,H
M22_Hindi_H_0031.npy,-3.6172366,0.5585724,4.02913,-2.4488244,0.00046246275,0.030102843,0.967947,0.0014876876,M,H
M22_Hindi_H_0029.npy,-3.1898823,0.090822265,3.7358937,-1.3504272,0.00095050555,0.025278224,0.96778965,0.0059816344,M,H
M22_Hindi_H_0034.npy,-3.605056,-1.0634311,5.7451906,-3.0622592,8.682758e-05,0.001102735,0.99866104,0.00014941406,M,H
M22_Hindi_H_0008.npy,-4.0265718,0.36532918,4.3911724,-1.8711075,0.00021658599,0.01749881,0.9804151,0.0018695467,M,H
M22_Hindi_H_0058.npy,-3.646152,-0.31314063,4.5415144,-2.270163,0.00027553522,0.0077212076,0.9909123,0.0010908406,M,H
M22_Hindi_H_0024.npy,-2.9728622,2.8935258,1.3044976,-2.0091224,0.0023329419,0.82346284,0.16808842,0.0061157686,L,H
M22_Hindi_H_0032.npy,-3.7708201,-0.24058934,4.3385334,-1.2899226,0.00029651477,0.010120603,0.9860389,0.003543942,M,H
M22_Hindi_H_0005.npy,-3.6088185,-0.2702046,4.502049,-2.291873,0.00029732013,0.008378494,0.9902146,0.0011096002,M,H
M22_Hindi_H_0013.npy,-4.0499797,1.6032003,2.3413632,0.6349957,0.0010089168,0.28774005,0.60197765,0.10927338,M,H
M22_Hindi_H_0054.npy,-3.8512113,-0.67838585,4.7004037,-1.2878672,0.00019182965,0.0045799026,0.9927384,0.0024897852,M,H
M22_Hindi_H_0055.npy,-2.9762688,-0.0051301233,3.4809809,-1.557467,0.0015106832,0.029479666,0.9627672,0.0062423944,M,H
M22_Hindi_H_0011.npy,-1.8648739,3.1413407,0.738787,-3.565045,0.0060962923,0.9104103,0.08237991,0.0011135018,L,H
M22_Hindi_H_0035.npy,-3.7428288,-0.58078164,4.885471,-2.1124153,0.00017802166,0.004204676,0.9947083,0.000908976,M,H
M22_Hindi_H_0045.npy,-2.678471,1.1094173,2.5309644,-2.81963,0.0043663904,0.19283311,0.79900897,0.0037915607,M,H
M22_Hindi_H_0010.npy,-3.1402926,1.5208408,2.6910706,-2.1517742,0.002220909,0.23487419,0.7569368,0.0059681367,M,H
M22_Hindi_H_0036.npy,-3.4240048,3.8954763,1.2830557,-3.1562274,0.0006163505,0.9303319,0.06824613,0.0008056047,L,H
M22_Hindi_H_0007.npy,-3.35612,0.5964492,2.3285825,-0.032817975,0.002665592,0.13879465,0.7845646,0.073975086,M,H
M22_Hindi_H_0056.npy,-1.2471817,2.152437,0.25218073,-2.2531803,0.027935157,0.8367326,0.12511688,0.010215308,L,H
M22_Hindi_H_0051.npy,-3.526168,1.3851234,2.960003,-1.1589605,0.0012445723,0.1690312,0.8164477,0.013276554,M,H
M22_Hindi_H_0030.npy,-3.2257524,-0.33931044,4.117233,-2.112427,0.0006380431,0.01143973,0.98597974,0.0019425,M,H
M22_Hindi_H_0048.npy,-2.1841505,2.3708103,1.3651003,-3.9090424,0.007629601,0.72559804,0.26541275,0.0013595358,L,H
M22_Hindi_H_0039.npy,-3.9281201,0.2864263,4.1399164,-2.2124104,0.0003062734,0.020723535,0.97726715,0.0017030712,M,H
M22_Hindi_H_0027.npy,-3.2768335,1.790533,2.6075253,-1.9338137,0.0019121976,0.30357224,0.6871908,0.007324852,M,H
M22_Hindi_H_0033.npy,-3.7906065,-0.93072575,5.081091,-2.124291,0.00013983823,0.0024414982,0.9966786,0.00074011215,M,H
M22_Hindi_H_0046.npy,-1.0946254,1.7227465,1.1818691,-4.1622314,0.036334813,0.6079837,0.35399076,0.0016907469,L,H
M22_Hindi_H_0044.npy,-3.0264218,-0.32885873,4.3073883,-3.067788,0.00064599176,0.0095887855,0.9891454,0.00061981444,M,H
M22_Hindi_H_0015.npy,-3.2715402,1.974394,2.2786124,-1.6450856,0.002206747,0.41882527,0.5677449,0.011223102,M,H
M22_Hindi_H_0026.npy,-3.2784574,0.28286684,3.5131197,-1.1881307,0.0010699603,0.037673093,0.9526036,0.008653365,M,H
M22_Hindi_H_0050.npy,-1.2615428,-0.13916339,1.8561765,-2.0079403,0.036844607,0.11319235,0.83249605,0.017466974,M,H
M22_Hindi_H_0003.npy,-4.1814303,-0.10300848,4.7998548,-1.8498842,0.00012463868,0.007360189,0.9912321,0.0012830113,M,H
M22_Hindi_H_0038.npy,-3.9118347,0.04203139,4.4452324,-1.723854,0.00023136177,0.0120624015,0.98564315,0.0020630963,M,H
M22_Hindi_H_0016.npy,-2.9416149,0.33538127,3.111421,-1.3460089,0.0021842178,0.057873156,0.9291716,0.010771067,M,H
M22_Hindi_H_0059.npy,-1.9063221,1.1926597,0.68578905,0.22696076,0.02223416,0.49305055,0.2970026,0.18771273,L,H
M22_Hindi_H_0021.npy,-4.029059,0.18068227,3.9892795,-0.94399387,0.00031986332,0.021539303,0.9711458,0.006995054,M,H
M22_Hindi_H_0001.npy,-3.432029,1.2260045,1.6964711,0.6075224,0.0030121102,0.31756237,0.5083351,0.17109042,M,H
M22_Hindi_H_0053.npy,-3.964384,0.07114865,3.9933372,-0.5581961,0.00033952662,0.019208057,0.97021556,0.010236759,M,H
M22_Hindi_H_0018.npy,-3.0304282,-0.15257685,3.2984571,-0.9349851,0.0017023121,0.030260354,0.95419925,0.013838163,M,H
M22_Hindi_H_0006.npy,-4.1153893,-0.11880243,5.453827,-3.2954917,6.956586e-05,0.0037852237,0.99598724,0.00015793297,M,H
M22_Hindi_H_0002.npy,-2.5750492,4.596468,-0.57244676,-3.0412316,0.0007628614,0.993107,0.005651515,0.0004786139,L,H
M22_Hindi_H_0057.npy,-2.3555427,2.10697,1.7086549,-2.8318238,0.006823871,0.59166455,0.3972734,0.0042382297,L,H
F04_English_M_0006.npy,5.4910254,-2.0997689,-2.0516543,-6.8520465,0.9989617,0.0005045551,0.0005294252,4.3553273e-06,N,M
M30_English_M_0046.npy,-2.8649297,-1.570616,5.0565505,-2.153101,0.00036198657,0.0013207045,0.99757975,0.00073762523,M,M
M30_English_M_0005.npy,-2.0363498,-1.5828376,4.4148016,-3.3332415,0.0015716391,0.0024734929,0.9955252,0.00042965502,M,M
M04_English_M_0030.npy,-3.4593198,4.089175,0.34515134,-0.8460764,0.00051087403,0.96958005,0.022939017,0.006969973,L,M
M30_Hindi_M_0030.npy,-1.918837,-1.3287227,4.182483,-3.0430298,0.0022243185,0.004013105,0.99303985,0.00072271365,M,M
M30_Hindi_M_0092.npy,-3.5666375,-0.97336215,5.1128874,-2.0543149,0.00016948677,0.0022666333,0.9967949,0.0007690057,M,M
M30_Hindi_M_0048.npy,-3.4112468,-1.5187347,5.549717,-2.4127162,0.00012815226,0.00085042097,0.9986737,0.00034784272,M,M
M30_English_M_0062.npy,-3.719545,-1.4898187,6.078351,-3.1457105,5.5531178e-05,0.00051629095,0.9993297,9.857109e-05,M,M
F04_Hindi_M_0004.npy,-2.9329586,-1.5505338,5.6712394,-4.1955914,0.00018315758,0.0007298012,0.99903524,5.1816805e-05,M,M
F04_Hindi_M_0029.npy,-3.0073934,-1.9346901,6.079281,-3.555117,0.000113106245,0.00033063994,0.99949086,6.540534e-05,M,M
M30_Hindi_M_0017.npy,-3.5137072,-1.5114359,5.6069746,-2.4464872,0.00010924489,0.000809052,0.99876404,0.00031760606,M,M
M17_Hindi_M_0007.npy,-3.8253663,-1.1445171,6.0523386,-3.4336662,5.1261002e-05,0.0007482816,0.9991247,7.584031e-05,M,M
M04_English_M_0011.npy,-1.7026942,3.6440587,0.39532438,-3.8601484,0.004562226,0.9577281,0.037182182,0.00052748056,L,M
M04_English_M_0032.npy,-4.224051,2.928534,2.5745904,-1.9422945,0.00045770238,0.5846707,0.4103889,0.004482676,L,M
M04_English_M_0015.npy,-3.2878773,2.9116342,1.2152272,-1.4279556,0.0016942587,0.8344366,0.15298653,0.010882617,L,M
M17_English_M_0012.npy,-3.1958063,0.8121594,3.0681276,-0.9302248,0.0016921819,0.09312893,0.8888717,0.016307097,M,M
M30_English_M_0022.npy,-3.1696908,-2.002298,6.0412407,-3.6560192,9.989268e-05,0.0003210154,0.9995177,6.1422004e-05,M,M
M30_Hindi_M_0088.npy,-2.9402285,-1.5582727,4.9955373,-2.1397493,0.00035679777,0.0014210123,0.99742764,0.00079444883,M,M
M17_English_M_0114.npy,-4.1814756,-1.3403971,5.914495,-2.585793,4.1206233e-05,0.00070603675,0.9990495,0.00020321643,M,M
M17_English_M_0085.npy,-2.5391018,-0.100887045,3.114692,-1.6275913,0.0033298624,0.03813551,0.95024973,0.008284957,M,M
M17_English_M_0097.npy,-2.96426,-1.1052685,4.364546,-1.7266163,0.00065170944,0.0041821906,0.9929194,0.0022467559,M,M
M30_English_M_0072.npy,-3.3729432,-0.11047077,4.1025505,-2.3688433,0.0005573777,0.0145553695,0.98336595,0.0015213343,M,M
F04_English_M_0012.npy,-2.4643354,-1.3416127,4.13775,-1.9069942,0.0013468936,0.004139287,0.99216205,0.0023517082,M,M
F04_Hindi_M_0111.npy,-3.0220451,-1.0338688,5.069878,-2.9583058,0.00030512613,0.0022280926,0.99714154,0.00032520771,M,M
M17_Hindi_M_0004.npy,-3.538499,-1.6085373,6.232502,-3.6617045,5.7054618e-05,0.0003930633,0.99949944,5.044093e-05,M,M
M17_English_M_0008.npy,-2.9346962,1.9886795,2.149405,-1.5361992,0.0032900174,0.4522651,0.5311232,0.013321643,M,M
F04_Hindi_M_0088.npy,-3.173642,-1.6502906,5.869321,-3.4921274,0.00011813183,0.0005419387,0.9992539,8.591135e-05,M,M
F04_Hindi_M_0056.npy,-3.4794211,-1.6376759,6.1573005,-3.4604397,6.525126e-05,0.00041157476,0.9994566,6.650162e-05,M,M
M30_English_M_0003.npy,-3.6376343,-2.4095697,6.1008625,-2.293355,5.8940437e-05,0.00020125887,0.99951375,0.0002260614,M,M
M30_English_M_0039.npy,-3.6166956,-2.7096438,5.9681945,-1.5326753,6.870547e-05,0.0001701841,0.999209,0.00055216637,M,M
M30_Hindi_M_0003.npy,-3.1975088,-0.06783342,3.2991824,-0.20936973,0.0014151082,0.03235865,0.9381381,0.028088076,M,M
M30_Hindi_M_0069.npy,-3.1170151,-0.4940033,3.7049553,-1.4445553,0.0010662185,0.01468946,0.9785664,0.005677882,M,M
M30_Hindi_M_0102.npy,-4.030046,-0.6975262,5.386126,-2.2400365,8.116579e-05,0.0022733582,0.99715936,0.00048614328,M,M
M04_English_M_0025.npy,-4.223949,0.14977649,4.5955744,-1.6975933,0.0001458176,0.011568967,0.98646134,0.0018238625,M,M
M17_English_M_0107.npy,-3.339296,-0.3473133,4.936365,-2.9770012,0.00025319782,0.0050450056,0.9943381,0.0003637498,M,M
F04_English_M_0010.npy,-3.4885654,-1.748745,6.612701,-4.0303698,4.1015297e-05,0.00023363631,0.99970144,2.3858529e-05,M,M
M17_English_M_0038.npy,-2.985545,-0.17822419,3.4230964,-1.1042356,0.0015842941,0.02624459,0.9617749,0.01039628,M,M
M30_Hindi_M_0064.npy,-0.7182874,-1.5728464,3.0101523,-2.7947187,0.02316693,0.009856852,0.96407163,0.0029045967,M,M
F04_Hindi_M_0107.npy,-3.7074904,-1.6881714,6.2692785,-3.7830863,4.6446567e-05,0.00034989082,0.99956053,4.3064832e-05,M,M
M30_Hindi_M_0075.npy,-3.4094758,-0.38524935,4.390761,-1.3229318,0.00040472476,0.008328461,0.98800594,0.0032608763,M,M
M30_Hindi_M_0011.npy,-3.170558,-0.9789937,4.797682,-2.7414691,0.00034491622,0.0030867239,0.99603856,0.000529742,M,M
M30_English_M_0064.npy,-4.0841117,-1.4329265,6.556203,-4.0728893,2.3922255e-05,0.00033899787,0.99961287,2.4192223e-05,M,M
M17_English_M_0039.npy,-2.3943505,0.424301,2.2985728,-0.76496124,0.007574214,0.12690026,0.82689124,0.038634248,M,M
F04_Hindi_M_0016.npy,-2.9319265,-2.3236911,5.851288,-3.5493226,0.00015320526,0.0002814666,0.99948263,8.263085e-05,M,M
M17_English_M_0053.npy,-3.3678193,-1.4047972,5.715778,-3.0392113,0.000113390146,0.0008074303,0.99892175,0.00015750263,M,M
M17_English_M_0033.npy,-2.6127808,0.3600541,2.403742,-0.847068,0.005640834,0.11026282,0.8511215,0.03297484,M,M
M30_English_M_0028.npy,-3.6159394,-1.755097,6.2191725,-3.4389298,5.351369e-05,0.0003440475,0.99953866,6.387622e-05,M,M
M17_English_M_0094.npy,-3.5647206,0.1888509,4.39564,-2.0006106,0.00034322304,0.014646432,0.9833703,0.0016400636,M,M
M30_Hindi_M_0041.npy,-2.777225,-0.75372326,3.8697162,-1.853876,0.0012795798,0.009679726,0.9858191,0.003221608,M,M
M30_Hindi_M_0086.npy,-2.931765,0.47501186,2.7041717,-0.9202444,0.003135151,0.09458077,0.87884986,0.023434237,M,M
M17_English_M_0055.npy,-2.581057,-1.4710411,4.9173737,-3.2905488,0.0005525675,0.0016767144,0.9974989,0.00027180486,M,M
M17_English_M_0030.npy,-2.8005767,0.8090231,2.3268533,-0.5138284,0.0046215537,0.17077225,0.7791168,0.0454894,M,M
F04_Hindi_M_0109.npy,-2.3970635,0.7521223,2.5969162,-1.6386095,0.005747974,0.1340259,0.84795445,0.012271768,M,M
M30_English_M_0020.npy,-3.063047,-0.228031,2.979045,-0.6818833,0.002224098,0.037877887,0.9358389,0.024059143,M,M
M30_Hindi_M_0040.npy,-0.5041414,-0.17561658,2.0497484,-3.3668113,0.06534644,0.090760835,0.84016037,0.0037323313,M,M
F04_Hindi_M_0081.npy,-2.0868757,-1.6951529,4.2699065,-1.8130943,0.0017235941,0.0025501046,0.9934598,0.0022664007,M,M
F04_Hindi_M_0103.npy,-2.7487311,-0.32265148,3.4014406,-1.3201121,0.0020606434,0.023315027,0.9660254,0.008598926,M,M
M30_English_M_0026.npy,-3.6510115,-1.6787434,5.9529037,-3.0204158,6.7418296e-05,0.0004845325,0.99932134,0.00012666069,M,M
F04_Hindi_M_0018.npy,-2.778952,-1.4188983,5.898579,-4.2103395,0.00017022222,0.0006632545,0.9991259,4.06792e-05,M,M
F04_Hindi_M_0114.npy,-3.660574,-1.6599178,6.3548107,-3.7827635,4.4688273e-05,0.00033042088,0.99958533,3.9548253e-05,M,M
M30_Hindi_M_0061.npy,-3.5821056,-0.8446144,4.6891026,-1.4735123,0.00025417138,0.003926483,0.99372584,0.0020935193,M,M
M04_English_M_0056.npy,0.49544695,1.4594219,-0.87860024,-4.1735096,0.25742933,0.6750051,0.06515037,0.0024152154,L,M
M30_Hindi_M_0098.npy,-2.809745,-1.5679485,4.3280964,-1.6954062,0.00078975374,0.002733991,0.9940696,0.0024068162,M,M
M17_English_M_0072.npy,-3.1316185,-0.47839218,4.1627626,-2.0977712,0.0006711331,0.009529943,0.9879118,0.0018871346,M,M
F04_Hindi_M_0048.npy,-3.3603144,-1.2131352,5.555381,-3.0031843,0.00013406717,0.0011477056,0.9985266,0.0001916117,M,M
M17_English_M_0015.npy,-3.1386847,1.7797369,1.9983683,-0.55802256,0.0031132684,0.42585325,0.52992004,0.041113455,M,M
M17_English_M_0048.npy,-1.7768612,-0.7498015,2.4505086,-1.3790628,0.01354681,0.037834093,0.92845404,0.020165022,M,M
M17_English_M_0063.npy,-2.798896,-0.012243088,3.3490703,-1.5101323,0.0020465797,0.033209074,0.9573187,0.007425604,M,M
M17_English_M_0016.npy,-2.4518483,1.3495996,1.2852151,-0.55567366,0.010593123,0.47421125,0.44464156,0.070554085,L,M
M30_English_M_0061.npy,-3.754577,-1.6942018,6.25516,-3.4260297,4.493933e-05,0.00035272498,0.99954,6.241845e-05,M,M
M30_English_M_0007.npy,-4.0440583,0.07627532,4.2246146,-1.2015198,0.00025128725,0.015474215,0.9799626,0.004311905,M,M
M04_English_M_0013.npy,-3.8219264,3.8524077,1.6194488,-2.3223433,0.00041865022,0.9010985,0.09660745,0.0018754776,L,M
M30_English_M_0010.npy,-3.3801188,-1.2820771,5.635431,-3.188809,0.000121352896,0.0009890494,0.99874276,0.0001469383,M,M
M17_English_M_0066.npy,-2.6915073,3.648022,0.1205973,-1.6717458,0.0017037317,0.9652142,0.028358463,0.0047236513,L,M
F04_Hindi_M_0042.npy,-3.0798283,-1.4699019,5.5877047,-3.419827,0.00017188452,0.00085984234,0.9988458,0.00012234239,M,M
M04_English_M_0014.npy,-1.858183,2.8879561,0.93772316,-3.4745471,0.007534946,0.86756516,0.12340327,0.0014965875,L,M
M04_English_M_0033.npy,-4.0330224,3.231185,1.0788156,-0.0487874,0.0006064384,0.8661474,0.10065367,0.03259252,L,M
M17_English_M_0081.npy,-2.799352,0.48743495,2.8148699,-1.051505,0.0032488764,0.08692934,0.89116603,0.018655775,M,M
M30_Hindi_M_0004.npy,-2.8110797,2.5445046,1.4947982,-2.4012568,0.0034670644,0.7342814,0.25702822,0.005223307,L,M
M30_English_M_0068.npy,-3.483994,1.3948379,2.3897946,-0.3574505,0.0019574615,0.2573612,0.69606096,0.044620447,M,M
M04_English_M_0023.npy,-3.2429628,4.7067313,0.5438257,-3.0886188,0.000347103,0.9839356,0.015312274,0.0004050318,L,M
M17_English_M_0115.npy,-3.519657,-0.6714247,4.806302,-2.1294718,0.00024084958,0.004156401,0.99463564,0.0009671542,M,M
M30_English_M_0002.npy,-3.355703,-0.018164162,4.315521,-2.8036819,0.00045943388,0.0129329525,0.98580974,0.0007979262,M,M
F04_Hindi_M_0065.npy,-3.151397,-1.9660767,5.997242,-3.2691455,0.00010630615,0.00034780535,0.99945146,9.4497555e-05,M,M
M30_Hindi_M_0045.npy,-1.8886389,0.77006626,1.7101616,-1.7195526,0.018862098,0.26930907,0.68949187,0.022336915,M,M
M30_English_M_0006.npy,-3.5332117,0.47070798,3.65968,-1.3946892,0.0007172352,0.03931351,0.9538822,0.0060870964,M,M
M30_Hindi_M_0026.npy,-4.045896,1.1291071,2.6490781,0.05304975,0.0009556514,0.16895643,0.77248436,0.057603505,M,M
M17_English_M_0083.npy,-3.6171443,3.4620905,1.2685827,-1.2360059,0.0007511658,0.8916789,0.09944438,0.008125521,L,M
M17_English_M_0056.npy,-2.1624856,0.5877231,2.3141341,-1.6576385,0.009412691,0.14727,0.827723,0.015594306,M,M
M30_Hindi_M_0057.npy,-2.687838,-0.5286616,3.5774045,-0.9198137,0.0018467479,0.016000222,0.9713325,0.010820589,M,M
M30_Hindi_M_0082.npy,-3.117496,-1.9043238,5.6631894,-3.106623,0.00015354589,0.0005165497,0.99917465,0.00015522448,M,M
F04_Hindi_M_0062.npy,-3.5082185,-1.6274114,6.1253824,-3.8023295,6.5455184e-05,0.00042930734,0.99945647,4.877683e-05,M,M
M30_Hindi_M_0039.npy,-3.3269107,1.9527807,1.9146621,-1.4431182,0.002545469,0.49969935,0.48101,0.016745135,L,M
M17_English_M_0049.npy,-2.766273,0.23752394,2.9890823,-1.4968592,0.0029360086,0.05919565,0.92741984,0.010448569,M,M
F04_Hindi_M_0074.npy,-3.2082748,-1.2083704,6.090807,-3.9782782,9.143416e-05,0.0006755477,0.9991906,4.233507e-05,M,M
M17_English_M_0103.npy,-3.3039572,-0.31783488,4.308216,-2.252966,0.0004886778,0.009680081,0.9884334,0.0013978555,M,M
M04_English_M_0045.npy,-3.8121839,4.710363,0.11687818,-0.97698337,0.00019624262,0.9864803,0.009980752,0.00334276,L,M
M30_Hindi_M_0032.npy,-3.678791,-1.5023377,5.5641456,-1.9347576,9.664755e-05,0.0008519472,0.99849856,0.00055286,M,M
M17_English_M_0007.npy,-2.6204545,-0.4455259,3.8895893,-2.680015,0.0014649872,0.0128941685,0.9842605,0.0013802799,M,M
M17_English_M_0109.npy,-2.5500877,0.031308796,3.0399358,-1.5029973,0.0035111518,0.04640191,0.9400825,0.010004496,M,M
F04_Hindi_M_0089.npy,-2.7883384,-1.285957,4.4449863,-1.5524257,0.000717487,0.003223222,0.99359,0.0024692449,M,M
F04_Hindi_M_0021.npy,-3.689624,-1.7998302,6.2597294,-3.405514,4.773811e-05,0.0003159309,0.9995728,6.342386e-05,M,M
F04_Hindi_M_0047.npy,-3.2187247,-1.5853839,5.985763,-3.610756,0.00010051825,0.0005147494,0.9993168,6.7918445e-05,M,M
F04_Hindi_M_0076.npy,-3.7739387,-1.3518177,6.2560425,-3.5374725,4.403271e-05,0.00049623725,0.99940395,5.5779095e-05,M,M
M17_English_M_0110.npy,-2.5811043,-1.3941921,4.2766175,-2.5708103,0.0010454948,0.0034260305,0.99447215,0.0010563127,M,M
F04_Hindi_M_0066.npy,-3.5262513,-1.3775554,5.864882,-3.4871914,8.338695e-05,0.0007149323,0.99911493,8.670845e-05,M,M
M17_Hindi_M_0010.npy,-2.672068,-0.37924534,3.2712848,-1.7120119,0.0025334058,0.025087936,0.9657618,0.006616856,M,M
M30_Hindi_M_0071.npy,-4.386848,-0.96828866,5.1846337,-0.824339,6.936525e-05,0.0021174022,0.995368,0.0024452317,M,M
M04_English_M_0046.npy,-3.7628922,4.9717355,-0.12731253,-1.3459891,0.00015962825,0.99199706,0.006053714,0.001789606,L,M
M04_English_M_0049.npy,-3.526309,4.7657595,0.5274891,-2.6337934,0.00024672225,0.9849358,0.014215121,0.0006023141,L,M
M17_English_M_0093.npy,-3.38123,-1.3600298,5.9961934,-3.7230363,8.454672e-05,0.000638106,0.9992173,6.0069233e-05,M,M
F04_Hindi_M_0079.npy,-2.8294358,-1.3581673,5.9025564,-4.2113147,0.00016119484,0.00070196466,0.9990964,4.047708e-05,M,M
M30_English_M_0014.npy,-3.564354,-1.2403451,5.5841017,-2.428975,0.000106222054,0.0010852228,0.998478,0.00033060048,M,M
M17_English_M_0006.npy,-2.7252877,0.7331367,2.2549446,-0.5627931,0.0053485134,0.1699056,0.77825236,0.046493534,M,M
M17_English_M_0050.npy,-2.6048229,1.7057469,1.8659171,-1.1734779,0.005984849,0.44576892,0.5232037,0.025042543,M,M
M32_Marathi_M_0001.npy,-3.5558617,3.9177728,-0.7987193,0.63967925,0.00054225815,0.95491433,0.008543147,0.036000326,L,M
M30_Hindi_M_0073.npy,-3.317865,4.0199475,0.98123014,-2.2725785,0.000619263,0.95202106,0.045598276,0.0017613155,L,M
F04_Hindi_M_0105.npy,-3.4738197,-1.2065325,5.789119,-3.5316973,9.477184e-05,0.0009148496,0.9989009,8.9442394e-05,M,M
F04_English_M_0013.npy,0.95774454,-1.615969,1.646698,-3.9722369,0.32519177,0.024796475,0.6476617,0.0023500435,M,M
F04_Hindi_M_0032.npy,-3.0365508,-1.8883076,5.693674,-3.686242,0.00016150414,0.00050916575,0.99924505,8.433855e-05,M,M
M30_English_M_0004.npy,-3.6693678,0.30580053,3.5934834,-0.9080066,0.0006682715,0.03559152,0.9531673,0.010572965,M,M
M17_English_M_0002.npy,-3.053279,-0.6496326,4.0775104,-1.2669476,0.00078870944,0.008725843,0.9857788,0.0047066384,M,M
M30_Hindi_M_0076.npy,-2.3884373,-0.29374242,2.1452293,-0.9571589,0.00939794,0.0763391,0.8749415,0.039321393,M,M
M30_English_M_0067.npy,-3.7232275,-0.94196403,5.5889835,-2.9595308,9.01576e-05,0.0014550893,0.9982613,0.00019349583,M,M
M30_English_M_0008.npy,-3.8821454,-0.42017046,4.462291,-0.71857005,0.00023456299,0.007477844,0.98673904,0.005548594,M,M
M04_English_M_0052.npy,-0.50264543,2.2246664,-0.026935222,-4.157101,0.055782534,0.85301125,0.08976283,0.0014434059,L,M
M30_Hindi_M_0014.npy,-3.108613,-2.2862368,5.987417,-2.8756003,0.00011205296,0.00025502153,0.99949145,0.00014145531,M,M
M17_English_M_0061.npy,-3.291138,-0.9319077,5.2242355,-2.9036002,0.00019984154,0.0021148832,0.9973908,0.000294436,M,M
F04_Hindi_M_0086.npy,2.500879,-1.646049,0.7544264,-4.9672246,0.8397889,0.013279515,0.14645204,0.00047952807,N,M
F04_Hindi_M_0033.npy,1.206576,-1.9326645,2.06471,-4.6037793,0.29367998,0.012720947,0.6927191,0.0008799723,M,M
M30_English_M_0069.npy,-4.0672145,0.9375761,2.2083473,1.8851153,0.0009379111,0.13986677,0.49842924,0.36076602,M,M
M30_English_M_0040.npy,-1.2259752,-0.7969446,3.1887999,-2.9513059,0.01171274,0.017988048,0.96821296,0.0020862045,M,M
M30_Hindi_M_0051.npy,-1.5405855,0.16887543,2.3052251,-2.8039124,0.018654872,0.10308649,0.87298465,0.005273954,M,M
F04_Hindi_M_0055.npy,-3.5791125,-1.1355937,5.961987,-3.5394497,7.1767936e-05,0.00082629884,0.99902725,7.46717e-05,M,M
M04_English_M_0003.npy,-3.082109,2.9186478,1.3949155,-2.27452,0.002020409,0.8157083,0.17774048,0.0045307577,L,M
M04_English_M_0016.npy,-3.524739,2.3383877,2.3758965,-2.322218,0.0013861536,0.4876802,0.5063198,0.0046138107,M,M
F04_English_M_0018.npy,5.3485637,-2.801348,-1.3856063,-5.8971057,0.9985108,0.00028833075,0.0011877908,1.3044294e-05,N,M
M30_Hindi_M_0100.npy,-1.476186,-0.2161372,2.513805,-2.407114,0.016956573,0.05978199,0.9165774,0.0066840732,M,M
M30_English_M_0016.npy,-3.2461152,0.23053655,3.9840899,-2.8652909,0.00070655387,0.02285788,0.97540164,0.0010340352,M,M
M30_Hindi_M_0005.npy,-4.1760426,1.3867756,3.3942225,-1.139381,0.00045003582,0.117259555,0.87291366,0.009376748,M,M
M30_English_M_0032.npy,-3.1705678,-1.3880513,5.29455,-2.5459526,0.00021030064,0.0012501947,0.9981468,0.00039274196,M,M
F04_Hindi_M_0051.npy,-2.2724636,-1.8965944,4.5430036,-2.4939022,0.0010927771,0.0015913632,0.9964401,0.0008757132,M,M
M17_English_M_0017.npy,-2.840384,1.4708594,2.0929437,-0.42642766,0.0044335686,0.33044758,0.61556,0.049558867,M,M
F04_English_M_0020.npy,-3.4260304,-2.093286,6.030087,-2.935777,7.817037e-05,0.00029637787,0.9994978,0.0001276311,M,M
F04_Hindi_M_0101.npy,-3.4255605,-1.7552284,5.9967136,-3.2087946,8.085244e-05,0.00042964416,0.99938905,0.000100423,M,M
F04_Hindi_M_0024.npy,-3.922129,-1.3795053,6.440347,-3.9094272,3.158142e-05,0.00040149418,0.99953496,3.1985128e-05,M,M
F04_Hindi_M_0014.npy,-1.7593391,-2.2006981,4.680101,-4.3288226,0.0015929255,0.0010245084,0.9972606,0.000121978395,M,M
M30_Hindi_M_0031.npy,-3.1520443,-1.3017484,4.6619496,-1.924161,0.00040228962,0.002559247,0.99566513,0.001373415,M,M
F04_Hindi_M_0067.npy,-3.4054203,-1.3436391,5.71731,-3.185291,0.000109035966,0.0008570179,0.998898,0.00013588471,M,M
F04_Hindi_M_0108.npy,-3.7324753,-1.5643419,6.4100924,-3.600216,3.9350733e-05,0.00034400215,0.99957174,4.4915098e-05,M,M
F04_Hindi_M_0023.npy,-3.183329,-1.8458973,5.7223988,-2.9252212,0.00013549783,0.00051614473,0.99917287,0.00017539892,M,M
F04_English_M_0004.npy,-2.685308,-1.5872903,5.473488,-3.790857,0.0002858525,0.00085704814,0.9987625,9.462551e-05,M,M
M04_English_M_0019.npy,-3.3587623,3.3445535,1.427198,-2.1710954,0.0010647362,0.86787075,0.12757282,0.0034917186,L,M
F04_Hindi_M_0017.npy,-3.4048495,-1.82493,6.0976243,-3.4917855,7.4629155e-05,0.00036229222,0.9994947,6.841522e-05,M,M
F04_Hindi_M_0046.npy,-3.5818748,-1.7882723,6.3563104,-3.6421328,4.827635e-05,0.00029019229,0.999616,4.5453187e-05,M,M
M04_English_M_0043.npy,-4.0962977,4.033233,0.34628674,0.099560246,0.0002820387,0.9570159,0.023971694,0.018730387,L,M
M30_English_M_0043.npy,-3.2204807,-0.16124514,4.412288,-2.7108061,0.0004787587,0.010202947,0.9885212,0.0007970129,M,M
M30_Hindi_M_0054.npy,-3.2972674,0.53818315,3.6425877,-1.4840404,0.0009207551,0.04264412,0.95079064,0.005644412,M,M
F04_Hindi_M_0063.npy,-3.5535915,-1.4647036,5.95834,-3.2990313,7.390739e-05,0.00059687067,0.99923396,9.533264e-05,M,M
M17_English_M_0031.npy,-2.7326143,-0.35235542,3.7742763,-1.9951893,0.0014627607,0.015809076,0.97967017,0.0030579676,M,M
M17_English_M_0067.npy,-3.0120156,-0.7645449,4.25442,-2.27797,0.0006925274,0.006553919,0.9913107,0.0014428761,M,M
M17_English_M_0073.npy,-2.6348794,-0.5411208,2.5948777,-0.07696478,0.0047899205,0.03887194,0.89450556,0.06183247,M,M
F04_Hindi_M_0084.npy,-2.8612318,-2.2967775,6.043452,-3.8554912,0.00013569393,0.0002386163,0.99957544,5.020642e-05,M,M
M30_English_M_0055.npy,-3.3715754,0.12641487,3.5992434,-1.794588,0.00090581056,0.02993609,0.9647736,0.0043844413,M,M
M30_Hindi_M_0023.npy,-3.4701245,-0.7692675,5.6033845,-3.4489214,0.0001144415,0.0017043191,0.99806434,0.00011689392,M,M
M30_Hindi_M_0049.npy,-1.9943784,-0.77289355,3.6221192,-3.555903,0.0035774745,0.012135581,0.98353636,0.00075061095,M,M
M04_English_M_0017.npy,-3.291355,3.8474946,0.8615594,-1.9609597,0.00075279706,0.9485074,0.047892284,0.002847482,L,M
M30_English_M_0038.npy,-3.2862546,-2.4158585,6.297662,-3.154506,6.8805406e-05,0.00016429754,0.9996885,7.8494726e-05,M,M
F04_Hindi_M_0085.npy,-3.4972248,-1.3568151,6.1521873,-3.7851386,6.442086e-05,0.00054776535,0.9993394,4.8304435e-05,M,M
F04_Hindi_M_0034.npy,-3.6229508,-1.7628797,6.2967267,-3.526496,4.917638e-05,0.00031591862,0.9995807,5.415596e-05,M,M
M30_English_M_0052.npy,-3.4465764,-1.6566787,6.0410323,-3.524466,7.573968e-05,0.0004535929,0.9994006,7.006425e-05,M,M
M17_English_M_0079.npy,-2.4803126,0.64061326,2.9204292,-1.9190978,0.0040487335,0.09177406,0.89708054,0.007096619,M,M
F04_Hindi_M_0091.npy,-3.2170732,-1.033962,5.4433527,-3.5310867,0.00017299251,0.0015351132,0.99816555,0.00012637262,M,M
M30_English_M_0045.npy,-3.3248281,-2.0943615,6.0321107,-2.8415198,8.631897e-05,0.00029545496,0.9994784,0.00013996022,M,M
M17_English_M_0058.npy,-2.8230271,-0.5080126,3.776908,-2.5261254,0.0013377601,0.013544912,0.9833172,0.0018002011,M,M
M04_English_M_0042.npy,-4.341742,1.0147628,2.675912,0.8530629,0.0006624795,0.1404342,0.7394364,0.11946689,M,M
M04_English_M_0034.npy,-3.6394718,2.5756736,2.807197,-3.267572,0.0008823655,0.44141975,0.556418,0.00127986,M,M
F04_English_M_0021.npy,-3.4397173,-0.8626873,4.346804,-0.9399973,0.00041080176,0.005405331,0.9891806,0.00500319,M,M
M30_Hindi_M_0103.npy,-3.5124764,-0.24953267,3.7813885,0.056728765,0.0006519495,0.017033057,0.9591783,0.023136636,M,M
M30_Hindi_M_0010.npy,-3.3754463,1.4382639,2.8006032,-2.3858123,0.0016448301,0.20262298,0.7913072,0.0044250013,M,M
M17_English_M_0044.npy,-2.5773485,-1.7287676,5.006186,-3.4324653,0.00050778815,0.0011863596,0.99808985,0.00021592854,M,M
F04_Hindi_M_0096.npy,1.1763185,-1.4407879,1.8342187,-4.618152,0.33258036,0.02428296,0.64212424,0.0010124885,M,M
F04_Hindi_M_0106.npy,-2.9813387,-1.4552435,5.650518,-3.8788037,0.00017814235,0.0008194868,0.9989298,7.261113e-05,M,M
F04_Hindi_M_0068.npy,-3.378131,-1.158639,5.4206824,-3.0923605,0.00015064991,0.0013863784,0.99826247,0.00020048291,M,M
M17_English_M_0043.npy,-3.4195156,-0.81176794,4.8399506,-2.6820571,0.00025768613,0.0034964026,0.9957072,0.0005387225,M,M
M17_English_M_0059.npy,-3.1462755,-1.0692046,5.273383,-3.5851972,0.00022002294,0.0017560162,0.99788207,0.00014185563,M,M
M30_English_M_0054.npy,-3.0567672,-1.8732866,5.7254586,-3.109956,0.00015331355,0.0005006792,0.99920064,0.000145372,M,M
M04_English_M_0047.npy,-3.7200127,5.104534,-0.25325403,-1.474361,0.0001461649,0.99379104,0.004682063,0.0013807571,L,M
F04_Hindi_M_0095.npy,-4.351161,-1.7073852,7.050609,-3.5191667,1.1173522e-05,0.00015716904,0.999806,2.5675596e-05,M,M
M17_English_M_0023.npy,-3.5666778,-0.16034037,3.8144484,-0.76848525,0.0006049729,0.01824272,0.9712217,0.009930604,M,M
M04_English_M_0021.npy,-2.4183962,3.2601073,0.58190906,-3.4589195,0.0031851567,0.93169457,0.06399511,0.0011252199,L,M
M17_English_M_0019.npy,-3.0999675,-0.77837783,4.0850086,-1.6041065,0.0007490004,0.007633708,0.98827434,0.0033429223,M,M
F04_Hindi_M_0019.npy,-2.9868746,-2.392607,5.933274,-3.487092,0.00013360732,0.00024205689,0.99954337,8.101931e-05,M,M
M30_English_M_0018.npy,-2.1316407,-1.2171017,3.7598002,-2.8342261,0.0027328574,0.0068201846,0.9890933,0.0013535924,M,M
M04_English_M_0039.npy,-3.6616573,4.1649036,-0.25441197,0.24787404,0.00038649538,0.9686716,0.011665197,0.019276679,L,M
M04_English_M_0004.npy,-2.6579251,4.948208,0.15843162,-4.1704245,0.00049299345,0.9911576,0.0082407985,0.000108635315,L,M
M30_English_M_0021.npy,-2.9765017,-1.1980215,6.1951656,-4.8407416,0.00010386668,0.0006149791,0.999265,1.610078e-05,M,M
M30_English_M_0011.npy,-4.1653576,-1.0962164,6.2460513,-3.0712147,3.0064166e-05,0.0006470835,0.9992331,8.97903e-05,M,M
M30_Hindi_M_0029.npy,-3.9912653,-1.6039188,6.333457,-3.0311894,3.2796204e-05,0.00035697257,0.9995246,8.5660184e-05,M,M
M17_English_M_0089.npy,-3.0615792,-0.40956032,3.8466058,-1.4451329,0.0009797701,0.013895732,0.98019123,0.004933305,M,M
M30_Hindi_M_0101.npy,-3.7625933,0.08772048,3.4635847,-0.49719495,0.0006900568,0.032438066,0.9487989,0.018072965,M,M
M17_English_M_0090.npy,-3.674402,-0.6630162,5.1342854,-2.8460033,0.00014890404,0.0030250642,0.996485,0.00034093807,M,M
F04_Hindi_M_0011.npy,-2.5813828,-2.1914988,5.5167603,-3.658113,0.0003038431,0.0004487182,0.99914396,0.000103521656,M,M
M04_English_M_0055.npy,-1.3013288,2.4373624,0.45189288,-3.145589,0.020418895,0.85847026,0.11788179,0.0032290905,L,M
M04_English_M_0005.npy,-3.3444662,4.252531,1.2818459,-3.5124602,0.00047705666,0.95039463,0.048725,0.0004032841,L,M
M30_English_M_0036.npy,-3.2241378,-1.689517,5.63773,-3.2078738,0.00014155664,0.00065676135,0.9990577,0.00014387774,M,M
M30_English_M_0037.npy,-3.8611965,-1.6633971,6.3757887,-3.5117154,3.5806028e-05,0.00032243965,0.99959105,5.0784794e-05,M,M
M30_English_M_0057.npy,-3.077055,-0.6326887,4.2124906,-1.8974549,0.00067536486,0.007782397,0.98934525,0.0021970116,M,M
F04_English_M_0001.npy,2.8187516,-1.6209905,0.28400272,-5.3682847,0.91628885,0.010811276,0.07264488,0.00025494565,N,M
F04_Hindi_M_0036.npy,-2.8719876,-2.3249547,5.659241,-3.3769612,0.00019708296,0.00034058274,0.99934345,0.000118943826,M,M
M30_Hindi_M_0019.npy,0.548624,-1.41689,1.8918855,-4.3717303,0.2008476,0.028135506,0.76955146,0.0014654937,M,M
M17_English_M_0096.npy,-3.0213282,-0.34868154,3.822962,-1.4309965,0.0010428719,0.015098944,0.9787425,0.0051156776,M,M
M17_English_M_0013.npy,-3.2200713,0.105837,3.7785616,-2.0720227,0.00088722387,0.024686351,0.97162986,0.0027965622,M,M
M17_English_M_0112.npy,-2.1542892,0.4741635,2.8007016,-1.9202114,0.006329219,0.087674364,0.8979979,0.007998507,M,M
F04_Hindi_M_0075.npy,-2.4501138,-1.991943,5.181514,-3.3686764,0.0004841714,0.00076556177,0.99855703,0.00019322912,M,M
M17_English_M_0032.npy,-3.0132666,0.7072086,3.0489106,-1.3474123,0.0020969491,0.08657046,0.9002393,0.011093257,M,M
M30_English_M_0047.npy,-3.6199841,-1.9177157,6.2089357,-3.0150301,5.3846758e-05,0.00029542376,0.9995521,9.860253e-05,M,M
F04_Hindi_M_0035.npy,-3.6219697,-1.3471701,6.605507,-3.9752653,3.6147987e-05,0.00035157413,0.9995869,2.5389227e-05,M,M
M17_English_M_0065.npy,-2.6788342,-1.2321819,3.6637907,-0.8840698,0.0017254682,0.007331282,0.9805593,0.010383961,M,M
M30_Hindi_M_0038.npy,-2.9066663,1.3284289,1.8962401,-1.3221912,0.005081066,0.35094035,0.6191996,0.024778992,M,M
M30_Hindi_M_0059.npy,-3.3691783,3.3293493,0.6519022,-0.49725664,0.0011291235,0.9159567,0.062961414,0.019952675,L,M
M17_English_M_0020.npy,-2.1686215,0.86106396,2.017527,-1.2583717,0.011117945,0.23003836,0.7312162,0.02762746,M,M
F04_Hindi_M_0025.npy,-3.440627,-1.6508945,6.1439586,-3.758934,6.874437e-05,0.00041163075,0.9994696,5.0003193e-05,M,M
M30_English_M_0030.npy,-2.2038853,-1.6313224,4.9007134,-4.1513314,0.000819357,0.0014525603,0.99761117,0.00011687138,M,M
M17_English_M_0082.npy,-2.8271658,0.22220781,2.8291419,-0.86191887,0.0031712893,0.066920936,0.90727526,0.022632457,M,M
F04_Hindi_M_0020.npy,-3.5678062,-1.7199252,6.25928,-3.712829,5.3945863e-05,0.00034235982,0.99955696,4.6663332e-05,M,M
M30_English_M_0034.npy,-3.2017353,-1.492155,5.4033394,-3.2402778,0.00018292289,0.0010109495,0.99863005,0.00017600668,M,M
M30_English_M_0065.npy,-3.0122576,-1.1855729,4.791721,-2.209405,0.00040654105,0.0025259422,0.99616015,0.0009073584,M,M
M17_English_M_0025.npy,-3.5829053,-0.11362265,4.0805354,-1.5817269,0.00046091838,0.014801793,0.9813276,0.0034097666,M,M
F04_Hindi_M_0041.npy,-3.761644,-1.8448247,6.5011373,-3.6411662,3.4897592e-05,0.00023727918,0.9996885,3.9365725e-05,M,M
M30_English_M_0029.npy,-4.3383956,-1.9318845,6.979165,-3.5524716,1.2155439e-05,0.00013486671,0.9998264,2.6674279e-05,M,M
M17_English_M_0001.npy,4.0108905,-2.103964,-1.0026313,-4.8586354,0.9910823,0.0021900903,0.006588172,0.00013935532,N,M
M17_English_M_0024.npy,-4.0385528,0.7065048,3.7643964,-1.1947962,0.00038744605,0.044561878,0.94839424,0.006656391,M,M
M04_English_M_0053.npy,0.9619304,1.620654,-1.092656,-4.462909,0.3262775,0.6304739,0.0418111,0.0014375042,L,M
M17_English_M_0064.npy,-2.8155947,-0.330516,3.2242746,-1.2199252,0.0022842947,0.02741625,0.9590341,0.011265299,M,M
M30_Hindi_M_0056.npy,-4.130986,-0.5556594,5.459523,-2.3234882,6.817506e-05,0.0024342786,0.99708194,0.00041553914,M,M
M30_English_M_0009.npy,-3.8113592,-1.6002892,5.682128,-2.510613,7.5262666e-05,0.00068680773,0.99896157,0.00027636715,M,M
M30_English_M_0001.npy,-3.3963385,-0.038697813,3.8662257,-1.7444829,0.00068453484,0.019660763,0.97608376,0.0035709785,M,M
M17_Hindi_M_0005.npy,-3.4769778,-1.8441341,6.1791205,-3.7406569,6.4005646e-05,0.00032760718,0.9995592,4.9170445e-05,M,M
M17_English_M_0047.npy,-2.253938,0.038094666,3.1048245,-1.9688867,0.00445064,0.04403923,0.9455915,0.005918596,M,M
M30_Hindi_M_0072.npy,-3.4048705,-1.6570052,6.0489917,-3.5635853,7.8339595e-05,0.00044985185,0.9994049,6.684242e-05,M,M
M17_English_M_0108.npy,-3.273381,-1.4587091,5.363154,-2.969942,0.00017723373,0.0010880482,0.9984946,0.00024006469,M,M
M30_English_M_0058.npy,-4.4045863,-2.0658731,7.0128508,-2.84677,1.1000016e-05,0.00011404686,0.9998228,5.2232885e-05,M,M
F04_Hindi_M_0010.npy,-2.688235,-1.7622806,4.848687,-2.1612973,0.0005315571,0.0013417975,0.9972263,0.00090031844,M,M
F04_Hindi_M_0098.npy,-3.1093225,-1.5524119,5.5937223,-3.3935742,0.00016590033,0.00078705477,0.9989222,0.00012485277,M,M
M30_Hindi_M_0068.npy,-3.5406182,3.6965902,0.24580419,-0.8133594,0.0006893715,0.9583695,0.030400142,0.010541119,L,M
M30_English_M_0051.npy,-3.0661829,-1.3838412,5.178909,-2.8321311,0.00026201844,0.0014091703,0.9979977,0.00033111524,M,M
M30_Hindi_M_0008.npy,-2.3128967,-0.83722556,4.226183,-3.4946132,0.0014340403,0.006272451,0.99185365,0.00043989441,M,M
M30_Hindi_M_0015.npy,-3.2150123,-0.9857867,4.273321,-1.3347925,0.00055434846,0.0051513785,0.9906605,0.0036337245,M,M
M30_Hindi_M_0085.npy,-3.211075,-0.9089594,4.5306134,-1.8556621,0.0004315496,0.0043134717,0.9935813,0.0016737065,M,M
F04_Hindi_M_0002.npy,-3.3168046,-0.8222717,4.965418,-2.5074096,0.00025199493,0.0030531895,0.9961287,0.00056611904,M,M
M30_English_M_0070.npy,-4.21032,0.26330492,3.751712,0.34467083,0.0003274738,0.02871093,0.9398169,0.031144688,M,M
M32_Marathi_M_0011.npy,-2.2788327,3.7862623,-0.8572558,-1.1017803,0.0022781533,0.9808898,0.00943987,0.0073921434,L,M
M30_English_M_0049.npy,-5.181541,-0.588594,4.997124,-0.39160752,3.765717e-05,0.003719968,0.99171245,0.0045299064,M,M
M17_English_M_0029.npy,-2.2059762,0.6919359,1.8457125,-0.66379106,0.012299291,0.22306287,0.70714116,0.057496652,M,M
F04_Hindi_M_0060.npy,-3.2524257,-1.3247504,5.723925,-3.6764078,0.0001262271,0.00086762366,0.9989235,8.260747e-05,M,M
M17_English_M_0036.npy,-2.585278,1.5817069,1.9874992,-1.6850817,0.006068207,0.3915245,0.58747894,0.014928311,M,M
F04_Hindi_M_0090.npy,3.330109,-1.8728892,-0.0361287,-5.7316437,0.9614133,0.005287821,0.03318728,0.000111542686,N,M
M30_Hindi_M_0099.npy,-3.0378437,-0.8378806,4.3311214,-2.4047348,0.0006258215,0.005647839,0.9925477,0.001178708,M,M
M30_Hindi_M_0053.npy,-3.7324977,0.6382624,3.132544,0.22071855,0.00091710116,0.07254612,0.8787533,0.047783427,M,M
M17_English_M_0091.npy,-3.5194128,1.3320495,2.1218336,0.086421095,0.0022343702,0.285837,0.6296762,0.08225245,M,M
M17_English_M_0021.npy,-3.920559,-0.45991048,5.1388626,-2.2558432,0.00011577696,0.0036860625,0.9955863,0.0006117853,M,M
M17_English_M_0003.npy,-2.8573318,-0.6772061,4.03057,-2.073111,0.0010076781,0.00891535,0.98786944,0.0022075195,M,M
M30_Hindi_M_0027.npy,-4.2407374,-1.3330879,6.3281565,-2.3384705,2.5686062e-05,0.00047040673,0.99933165,0.000172124,M,M
M30_English_M_0025.npy,-3.3146179,-2.208444,6.0915384,-3.6216433,8.218418e-05,0.00024842407,0.99960893,6.0457332e-05,M,M
F04_English_M_0005.npy,1.7637858,-2.7301002,1.4327146,-4.1027675,0.57731265,0.006452696,0.4145994,0.0016353072,N,M
M17_English_M_0051.npy,-3.5438771,0.9749973,3.0328004,-0.5050749,0.0012022676,0.11028671,0.8634074,0.025103599,M,M
M30_Hindi_M_0080.npy,-1.388323,-1.8021549,3.237152,-2.6860733,0.009616726,0.006357732,0.98139876,0.002626766,M,M
F04_English_M_0019.npy,3.5576584,-2.231816,-0.09103274,-5.3101106,0.9716043,0.0029727104,0.025286166,0.00013685673,N,M
M30_Hindi_M_0050.npy,-2.5500846,1.9794356,0.8291559,-0.92614883,0.0078042354,0.7235623,0.22904238,0.03959102,L,M
M04_English_M_0038.npy,-3.71798,4.7868066,-0.88198835,0.7912299,0.00019812782,0.97842443,0.0033775428,0.017999914,L,M
M30_English_M_0013.npy,-2.9718454,3.1329753,0.46220133,-0.9259183,0.0020502289,0.9185277,0.06356087,0.015861241,L,M
M30_English_M_0073.npy,-3.176846,0.6618291,2.7035558,-0.5404318,0.002384473,0.11079185,0.8535292,0.0332945,M,M
M30_English_M_0056.npy,-2.5600975,-1.2143773,4.3825955,-1.9976364,0.000959554,0.003685599,0.9936708,0.0016840039,M,M
M30_Hindi_M_0034.npy,-3.4720411,-1.898074,6.343195,-3.6911068,5.4593376e-05,0.0002634542,0.9996381,4.3853164e-05,M,M
M30_English_M_0059.npy,-3.9042969,-1.4450444,5.7493634,-2.7636156,6.412507e-05,0.00075001066,0.99898523,0.0002006407,M,M
M30_Hindi_M_0066.npy,-2.8806996,2.2775075,1.1615782,-1.145961,0.004210955,0.7320848,0.23983881,0.023865355,L,M
M17_Hindi_M_0008.npy,-3.7605453,-0.9243541,5.3246994,-2.4194834,0.000113045404,0.0019275041,0.9975272,0.0004321843,M,M
F04_Hindi_M_0078.npy,3.548296,-2.0847476,-0.6183648,-4.0027432,0.9807699,0.0035088717,0.015205802,0.000515457,N,M
F04_Hindi_M_0038.npy,-2.8564034,-2.1074126,5.7310357,-3.9204965,0.00018631281,0.0003940261,0.9993554,6.4285465e-05,M,M
F04_Hindi_M_0057.npy,-3.720262,-1.5708673,6.349202,-3.6953692,4.2334308e-05,0.0003632139,0.9995511,4.340136e-05,M,M
M32_Marathi_M_0008.npy,-3.133542,2.870768,-0.46344376,0.23626076,0.0022237762,0.90101045,0.032114416,0.06465138,L,M
M32_Marathi_M_0006.npy,-0.9165034,2.2551868,-0.45164728,-2.2129426,0.037434887,0.89273816,0.059588302,0.0102385925,L,M
M30_Hindi_M_0089.npy,-2.5806596,0.52547956,3.0676994,-2.4485555,0.0032435802,0.07244424,0.9206104,0.0037016629,M,M
M30_Hindi_M_0020.npy,-2.8884394,-1.8788068,5.5445914,-3.652023,0.00021736194,0.00059657026,0.99908483,0.00010128929,M,M
M32_Marathi_M_0012.npy,-1.1996319,1.4233006,-1.3422873,0.90494865,0.041934386,0.5776907,0.036359333,0.3440155,L,M
M04_English_M_0026.npy,-3.8155656,3.7119954,-0.16072753,1.0937663,0.00049169594,0.91384995,0.019009588,0.066648826,L,M
F04_English_M_0014.npy,2.3838494,-2.1363368,1.2614759,-4.6969466,0.7478121,0.0081414245,0.24341753,0.0006289871,N,M
M17_English_M_0026.npy,-2.6017425,0.25424087,2.235026,0.124207005,0.0062608114,0.10888507,0.7892459,0.09560824,M,M
F04_Hindi_M_0104.npy,-3.5171456,-1.601935,5.754671,-2.8008823,9.3950664e-05,0.0006377715,0.9990759,0.00019229538,M,M
M17_English_M_0022.npy,-2.727741,0.79678696,2.42374,-0.9140553,0.004678193,0.15876731,0.8078631,0.028691398,M,M
M30_Hindi_M_0028.npy,-2.1650696,-0.99864775,3.7110755,-2.4046957,0.002766787,0.008882726,0.98617315,0.002177246,M,M
M17_Hindi_M_0009.npy,-2.5910387,-1.1201768,5.5555005,-4.327721,0.0002892728,0.001259201,0.9984006,5.0942028e-05,M,M
M17_English_M_0111.npy,-3.7251456,0.41876832,4.0465193,-1.8764311,0.0004093633,0.025809988,0.97118056,0.0026001318,M,M
F04_Hindi_M_0026.npy,-3.9496377,-1.7652144,6.467685,-3.368319,2.9899398e-05,0.0002656718,0.99965096,5.347195e-05,M,M
M30_Hindi_M_0063.npy,-2.9772866,0.0002776645,3.677933,-1.4888837,0.0012470408,0.024491783,0.9687367,0.005524408,M,M
M30_English_M_0023.npy,-3.6658537,-1.7361534,6.003254,-3.0188842,6.3167136e-05,0.00043506004,0.9993812,0.000120633005,M,M
F04_Hindi_M_0080.npy,-0.19522676,-1.2694219,3.3297632,-5.0389533,0.028326303,0.009675487,0.96177506,0.00022314451,M,M
M30_Hindi_M_0046.npy,-3.1341515,3.1351476,1.6487187,-2.8991947,0.001538891,0.8126992,0.18381545,0.0019464726,L,M
F04_Hindi_M_0012.npy,-3.3745925,-1.9303863,6.3259506,-3.913298,6.122837e-05,0.00025951563,0.99964345,3.5726964e-05,M,M
M30_Hindi_M_0077.npy,-2.8012662,-1.5188307,5.060247,-2.4347749,0.00038439466,0.0013859003,0.9976751,0.00055455236,M,M
F04_Hindi_M_0003.npy,-3.7175179,-1.5035344,6.0975003,-3.2494183,5.4590033e-05,0.00049961323,0.9993586,8.7177905e-05,M,M
M17_English_M_0086.npy,-3.06448,0.4604034,3.2019563,-1.3603973,0.0017635323,0.059871618,0.92867184,0.009692979,M,M
M17_English_M_0011.npy,-3.47969,1.4938613,2.682634,-0.70632076,0.0015721259,0.22723393,0.7460203,0.025173653,M,M
F04_Hindi_M_0006.npy,-2.3431392,-0.7901068,3.9296627,-1.9120127,0.0018614178,0.008796648,0.98647726,0.002864704,M,M
M30_Hindi_M_0070.npy,-3.0409625,-1.2943455,5.146706,-3.1168137,0.00027747016,0.0015913383,0.9978739,0.0002572023,M,M
F04_Hindi_M_0072.npy,-3.388523,-1.1038073,5.754013,-3.5142293,0.00010688169,0.0010498874,0.9987489,9.4256226e-05,M,M
M30_Hindi_M_0042.npy,-3.0855694,-1.687427,5.5997424,-3.6668417,0.00016889055,0.00068361417,0.99905306,9.4441326e-05,M,M
F04_Hindi_M_0092.npy,-3.6012056,-1.4086772,6.8744307,-4.7078457,2.8207387e-05,0.00025267716,0.9997098,9.327285e-06,M,M
M17_English_M_0101.npy,-2.7874897,-1.2826964,4.093583,-1.3043956,0.0010166938,0.0045784004,0.9899248,0.0044801217,M,M
M17_English_M_0100.npy,-3.6982303,-0.032811377,3.6987169,-0.5622875,0.0005902909,0.023064135,0.9627628,0.013582777,M,M
M17_English_M_0084.npy,-3.1275582,0.9233327,2.6184843,-0.93781,0.0026292873,0.15104888,0.82283443,0.023487324,M,M
M04_English_M_0027.npy,-4.299856,2.9673216,1.136608,0.95294744,0.0005393069,0.77255803,0.123840384,0.10306221,L,M
M17_English_M_0009.npy,-3.1285036,-0.018927697,3.1831133,-0.22057499,0.0016872927,0.03781482,0.9295887,0.030909197,M,M
F04_Hindi_M_0039.npy,-2.7034662,-1.4152156,4.6861916,-2.202512,0.0006152222,0.0022310652,0.9961384,0.0010152987,M,M
M17_English_M_0080.npy,-2.4832528,-1.0367582,3.5212846,-1.0730969,0.0024119148,0.010246294,0.97746116,0.00988064,M,M
M17_English_M_0040.npy,-3.0811503,-1.2317297,4.992024,-2.5964272,0.0003109214,0.0019762584,0.99720794,0.00050485093,M,M
M30_English_M_0053.npy,-3.1434,-0.7823599,5.058924,-2.744241,0.00027303648,0.0028947243,0.9964252,0.00040697996,M,M
M32_Marathi_M_0010.npy,-0.44218275,2.5057414,-2.842244,-1.0905839,0.04835607,0.921973,0.004386496,0.025284475,L,M
M17_English_M_0105.npy,-2.9043677,0.4992825,2.8870082,-0.988054,0.0027372292,0.082318574,0.89634234,0.018601835,M,M
M30_Hindi_M_0012.npy,-2.3227875,-1.8554198,4.304743,-3.127993,0.0013181198,0.0021034398,0.99598926,0.0005891942,M,M
M32_Marathi_M_0009.npy,-3.4879687,2.3777125,0.77887964,1.1247962,0.0019019315,0.67085373,0.13560121,0.19164309,L,M
F04_English_M_0017.npy,-2.6252203,-2.0152562,5.561294,-3.991003,0.00027814295,0.00051188434,0.99913895,7.09767e-05,M,M
M17_English_M_0052.npy,-2.996304,0.68432987,2.8481283,-0.8668871,0.0025355741,0.10059013,0.8755502,0.021324083,M,M
F04_Hindi_M_0031.npy,-3.0005069,-1.8490461,6.0416303,-4.222344,0.000118255324,0.00037401903,0.9994728,3.4848465e-05,M,M
M32_Marathi_M_0002.npy,-3.001665,3.1705852,-0.43371034,0.8299864,0.0018537701,0.8884442,0.024171552,0.0855305,L,M
M17_English_M_0041.npy,-2.208064,0.25556156,2.3509746,-1.0837346,0.008983344,0.10553027,0.8578342,0.027652103,M,M
M17_English_M_0098.npy,-1.6460061,-0.21067098,2.6082704,-1.5609962,0.013038554,0.054775644,0.9179904,0.014195432,M,M
M30_Hindi_M_0052.npy,-2.4137123,-1.7580421,4.4150023,-2.0261216,0.0010771196,0.0020749986,0.9952608,0.0015870562,M,M
M04_English_M_0036.npy,-3.4341273,3.9970272,0.055378534,-0.76634395,0.00057605933,0.9722467,0.018877313,0.008299859,L,M
M30_Hindi_M_0093.npy,-3.526125,3.0692396,0.80738986,-0.26549888,0.0011976435,0.87631035,0.09127441,0.031217594,L,M
M17_English_M_0070.npy,-3.118526,0.1455397,3.2837439,-1.0953091,0.0015675676,0.041000772,0.94557667,0.0118549075,M,M
M30_Hindi_M_0047.npy,-1.7354512,-0.20706958,2.5875542,-3.2761354,0.0123092225,0.05675425,0.9282995,0.0026370608,M,M
F04_Hindi_M_0061.npy,-3.602514,-1.3935565,6.1356993,-3.8572283,5.8947982e-05,0.00053679326,0.9993586,4.569283e-05,M,M
M30_Hindi_M_0091.npy,-3.3486407,-1.2208213,4.704933,-1.583898,0.00031643064,0.0026569206,0.9951787,0.0018479762,M,M
M30_English_M_0044.npy,-3.2453165,0.36145908,2.4132195,0.67762744,0.0026657807,0.09822615,0.7643554,0.13475265,M,M
M04_English_M_0002.npy,-4.3732557,0.1523604,4.347791,-1.0217209,0.00015993629,0.014770559,0.9805039,0.0045656213,M,M
M04_English_M_0050.npy,-3.9728734,1.3511419,2.6155677,0.3939156,0.0009884906,0.20284435,0.7182838,0.077883385,M,M
M30_English_M_0060.npy,-2.7333467,-1.6140403,4.7868066,-2.645406,0.0005405394,0.0016555251,0.9972138,0.0005902272,M,M
F04_Hindi_M_0116.npy,-3.334726,-1.1251284,4.71987,-1.3369864,0.00031588433,0.0028783535,0.99447685,0.0023288163,M,M
F04_Hindi_M_0001.npy,-2.3710587,-1.6038382,4.805882,-2.883926,0.00076181727,0.0016407804,0.99714124,0.00045615825,M,M
M30_English_M_0063.npy,-3.374362,0.107245505,4.7011127,-2.783714,0.00030769515,0.010003766,0.9891332,0.00055543816,M,M
M04_English_M_0018.npy,-2.8880098,3.8235528,0.98456305,-3.2628746,0.001147306,0.9429178,0.055146284,0.00078863744,L,M
F04_Hindi_M_0044.npy,-3.4048338,-1.2640673,6.2964854,-4.1645246,6.1165396e-05,0.00052026997,0.99939,2.8613838e-05,M,M
M17_English_M_0027.npy,-3.6477077,-1.072354,4.744273,-2.0176666,0.00022569341,0.0029647015,0.99565756,0.0011519584,M,M
F04_Hindi_M_0009.npy,-3.270885,-1.6310458,6.271175,-4.186421,7.1735114e-05,0.0003697472,0.99952984,2.8715715e-05,M,M
F04_Hindi_M_0082.npy,-2.4294324,-2.0344455,5.5183973,-3.6573827,0.00035308182,0.000524102,0.9990194,0.00010341491,M,M
M30_Hindi_M_0087.npy,-4.0945086,-0.26701757,3.9828036,-0.93057984,0.00030384265,0.013960699,0.9785454,0.0071899462,M,M
M30_Hindi_M_0001.npy,-4.3564467,-0.16137548,4.7275023,-0.97972804,0.00011224185,0.007448196,0.9891537,0.0032858297,M,M
F04_English_M_0016.npy,1.7485387,-1.8821137,1.6948502,-5.252564,0.506294,0.01341623,0.4798286,0.00046117167,N,M
M17_English_M_0034.npy,-1.9553801,1.8126577,1.3777313,-2.788964,0.013744774,0.5950804,0.38520288,0.005971958,L,M
F04_Hindi_M_0058.npy,-3.5844543,-1.5932972,6.033869,-3.4620788,6.6457236e-05,0.00048673328,0.9993717,7.510854e-05,M,M
F04_English_M_0003.npy,1.281427,-1.6642815,1.4732411,-4.6230054,0.4411627,0.023189627,0.53444445,0.0012031957,M,M
M17_English_M_0078.npy,-1.7805103,-1.4981412,3.81827,-2.9391556,0.0036665373,0.0048628114,0.9903197,0.0011509671,M,M
F04_English_M_0015.npy,-3.3819187,-1.0589432,5.5554695,-3.2610223,0.00013117115,0.0013387325,0.9983821,0.00014802767,M,M
M17_English_M_0077.npy,-3.776476,-0.2291599,5.078461,-3.0340242,0.0001419099,0.0049271104,0.99463284,0.00029816382,M,M
F04_Hindi_M_0054.npy,-2.648487,-1.2609468,4.6637044,-2.6908484,0.00066470756,0.0026621453,0.996036,0.00063713774,M,M
F04_Hindi_M_0099.npy,-4.0405426,-1.4415396,6.699326,-3.8546128,2.1656451e-05,0.00029128618,0.99966097,2.6081667e-05,M,M
M04_English_M_0048.npy,-3.1915193,5.959529,-0.8452022,-3.357957,0.00010597024,0.9986972,0.0011070737,8.972247e-05,L,M
M30_Hindi_M_0055.npy,-2.6845205,-1.165733,4.8611803,-3.5209875,0.00052670704,0.0024053056,0.9968399,0.00022818978,M,M
F04_Hindi_M_0100.npy,-1.8655877,-0.10902971,3.1989708,-3.2794158,0.0060479166,0.035032343,0.9574489,0.0014709163,M,M
M30_Hindi_M_0078.npy,-3.477534,0.52984774,3.4717555,-0.9044975,0.0008996715,0.049484324,0.9378254,0.011790696,M,M
F04_Hindi_M_0040.npy,-2.1056898,-1.1955405,4.6416254,-3.6142972,0.0011689414,0.002904462,0.99566805,0.00025859082,M,M
M17_English_M_0075.npy,-2.6793878,1.2643958,2.4077058,-1.421291,0.004586088,0.23670408,0.74257267,0.01613715,M,M
M04_English_M_0007.npy,-0.37102786,1.8872602,0.36991686,-4.517047,0.07886161,0.7544452,0.16544509,0.001248166,L,M
M30_Hindi_M_0058.npy,-3.3162465,0.376128,3.2004502,-0.6287394,0.0013657924,0.054822978,0.923741,0.02007032,M,M
M30_English_M_0041.npy,-1.85012,-1.5323472,3.553403,-1.6741546,0.004429595,0.006086548,0.9842019,0.0052818344,M,M
M30_Hindi_M_0033.npy,-3.5753784,-1.5530877,6.037906,-3.165093,6.678999e-05,0.00050463947,0.9993279,0.00010066912,M,M
F04_Hindi_M_0087.npy,1.1589336,-1.3837869,2.0119724,-5.3217425,0.29180446,0.022951042,0.68479717,0.0004472703,M,M
M30_English_M_0012.npy,-2.4876728,-1.7294215,5.259346,-3.9376059,0.00043140067,0.000920842,0.99854654,0.00010120055,M,M
M30_Hindi_M_0021.npy,-3.6840487,0.02407227,4.6622586,-3.0406594,0.00023483713,0.009575984,0.9897424,0.00044687634,M,M
M30_Hindi_M_0036.npy,-3.8564746,0.12424934,3.894423,-0.023031428,0.00041246737,0.022090018,0.9584327,0.019064823,M,M
M30_English_M_0050.npy,-3.5289557,-1.7196549,5.863772,-2.703608,8.32627e-05,0.0005084168,0.9992182,0.00019006168,M,M
M04_English_M_0028.npy,-2.3254395,2.2113097,1.4428886,-3.2559881,0.0072417264,0.6762809,0.3136217,0.0028556827,L,M
M30_Hindi_M_0024.npy,-3.0309362,3.9873211,-0.443536,-0.83258706,0.00087708246,0.9795594,0.011660951,0.007902623,L,M
M17_English_M_0113.npy,-3.553667,-0.40492895,4.858616,-2.7636025,0.00022082188,0.005146614,0.994146,0.00048658968,M,M
M30_English_M_0024.npy,-3.6000257,-1.2663877,6.139736,-3.320984,5.885079e-05,0.000607069,0.9992563,7.779262e-05,M,M
M30_Hindi_M_0037.npy,-3.092662,0.34234846,3.1460376,-0.67598355,0.0018003987,0.055869523,0.92215014,0.0201799,M,M
M17_English_M_0028.npy,-3.3385928,0.118732795,3.7166502,-1.0884935,0.0008325426,0.026418239,0.9648495,0.007899728,M,M
F04_Hindi_M_0037.npy,-3.3724763,-1.7463204,6.1166215,-3.8522155,7.5633994e-05,0.00038454533,0.999493,4.681327e-05,M,M
F04_Hindi_M_0050.npy,-3.694326,-1.4784242,6.373277,-3.8030367,4.241228e-05,0.00038890683,0.9995307,3.8043403e-05,M,M
M17_English_M_0004.npy,-3.1102028,0.7737832,3.1250691,-1.0522658,0.0017609143,0.08561146,0.89884,0.0137876095,M,M
F04_Hindi_M_0005.npy,-2.4305744,-0.98897827,4.324104,-2.4736223,0.001157074,0.004891458,0.99284315,0.0011083212,M,M
F04_Hindi_M_0077.npy,-3.2734244,-0.692288,4.097663,-0.874015,0.0006193525,0.008182974,0.98437446,0.0068232,M,M
M30_English_M_0031.npy,-3.2381651,-1.6796336,5.8431654,-3.5046616,0.000113685855,0.0005402167,0.99925905,8.709003e-05,M,M
M30_Hindi_M_0002.npy,-2.8782268,-1.6045389,4.9066277,-2.6939445,0.0004149907,0.0014831804,0.9976029,0.00049896626,M,M
F04_Hindi_M_0015.npy,-2.5807574,-1.5263988,5.888272,-4.587128,0.00020969224,0.000601845,0.9991602,2.8198547e-05,M,M
F04_English_M_0007.npy,-3.3053834,-1.577292,5.6654806,-3.0823293,0.00012693125,0.0007146103,0.9989998,0.00015864983,M,M
M30_Hindi_M_0074.npy,-3.867628,-0.4429391,4.8481164,-1.2490155,0.00016277103,0.004999198,0.9926053,0.0022326773,M,M
F04_Hindi_M_0073.npy,-3.55197,-1.1849239,6.0991774,-3.6621418,6.429968e-05,0.00068581034,0.9991923,5.7591984e-05,M,M
F04_English_M_0009.npy,-1.7634654,-1.7624164,4.4235563,-3.387112,0.0020466913,0.0020488391,0.995501,0.00040356332,M,M
M30_English_M_0066.npy,-3.567749,-1.2771821,5.9036837,-3.5379403,7.695039e-05,0.0007603113,0.9990835,7.927874e-05,M,M
M30_Hindi_M_0006.npy,-4.0024886,-0.99217176,5.373012,-1.2849218,8.4514715e-05,0.0017151273,0.9969206,0.0012798429,M,M
M04_English_M_0031.npy,-3.2505372,0.7861754,2.2941384,0.79182184,0.0026992592,0.15288565,0.6906638,0.15375134,M,M
M17_English_M_0099.npy,-2.5696383,0.1506812,2.57306,-0.7577905,0.0051683877,0.07848287,0.88470924,0.03163957,M,M
M17_English_M_0092.npy,-2.9988186,0.7501528,2.956608,-1.1982596,0.0022968869,0.0975657,0.8862343,0.013903126,M,M
M04_English_M_0012.npy,-3.4791315,1.8895035,2.4964707,-2.4276261,0.0016336216,0.3505258,0.6431652,0.0046753525,M,M
M30_English_M_0033.npy,-3.5182881,-1.9029964,6.1055756,-3.317651,6.609994e-05,0.00033244005,0.99952066,8.0786085e-05,M,M
M30_English_M_0042.npy,-3.1757565,-0.22905755,3.8395286,-1.7271072,0.00087887025,0.016736312,0.9786431,0.0037416678,M,M
M17_English_M_0076.npy,-3.1754289,-1.1663808,5.3708615,-3.3581963,0.00019391447,0.001445868,0.9981987,0.00016152344,M,M
M17_English_M_0042.npy,-1.8398082,0.9090436,1.4817038,-1.0682892,0.021510031,0.3360874,0.59587526,0.04652726,M,M
M30_Hindi_M_0009.npy,-3.4028044,-1.7664919,5.914156,-3.2882423,8.982813e-05,0.00046137473,0.9993481,0.00010073166,M,M
F04_Hindi_M_0028.npy,0.95450145,-1.5985739,1.9298781,-4.595511,0.26781684,0.020847375,0.71029466,0.0010411134,M,M
M17_English_M_0062.npy,-2.9744294,-1.5826494,4.950998,-2.5180814,0.00036057513,0.0014502348,0.99762005,0.0005690958,M,M
M30_Hindi_M_0094.npy,-3.6115808,-1.3823717,6.1752195,-3.571163,5.6152632e-05,0.000521799,0.9993636,5.846868e-05,M,M
M30_English_M_0048.npy,-3.3897328,-1.8970392,5.941275,-2.7632842,8.857538e-05,0.0003940776,0.99935156,0.00016572048,M,M
F04_Hindi_M_0008.npy,-3.4304523,-1.6833953,5.9998107,-3.82267,8.0210324e-05,0.00046022236,0.9994054,5.4186654e-05,M,M
M30_Hindi_M_0084.npy,-2.9847496,-1.2939403,4.856812,-2.2356777,0.0003917401,0.0021247466,0.996655,0.00082854426,M,M
M30_English_M_0017.npy,-3.1474266,-1.1948622,4.679771,-1.246765,0.00039641192,0.0027934094,0.994158,0.002652122,M,M
M32_Marathi_M_0004.npy,-2.0674028,2.5419953,-1.4927863,1.7590581,0.0067069125,0.6735327,0.011914487,0.30784592,L,M
M17_English_M_0088.npy,-3.0035493,-0.5847437,3.6077805,-0.8543072,0.0013084175,0.014696723,0.97277075,0.011224072,M,M
F04_Hindi_M_0064.npy,-3.887833,-1.4438187,6.1468997,-2.300912,4.3816694e-05,0.00050473283,0.9992373,0.00021420562,M,M
M04_English_M_0022.npy,-3.666205,2.789982,0.4049417,1.2005314,0.0012104346,0.7705979,0.070960715,0.15723097,L,M
M04_English_M_0006.npy,-0.4647124,2.5502603,-0.20747626,-4.2079697,0.044042073,0.89795333,0.056961823,0.0010427776,L,M
M04_English_M_0001.npy,-4.00339,3.0225825,1.0749477,0.511796,0.0007254841,0.81652397,0.11644527,0.066305295,L,M
M30_Hindi_M_0035.npy,-4.1730785,-0.14963004,3.7510197,0.09011739,0.00034590092,0.019333618,0.9557489,0.024571642,M,M
M17_English_M_0087.npy,-3.2040493,0.8252654,2.9067488,-1.1814076,0.001939944,0.10906824,0.87432927,0.01466261,M,M
M30_Hindi_M_0022.npy,-3.324535,-2.2011955,6.1284595,-3.2445328,7.8422556e-05,0.00024115773,0.99959546,8.49543e-05,M,M
M30_Hindi_M_0060.npy,-3.838561,4.5308914,0.09336601,-0.72446483,0.00022790504,0.9830169,0.011624338,0.005130843,L,M
M04_English_M_0024.npy,-3.1730375,3.0540218,2.0451014,-3.4008265,0.0014437282,0.7309084,0.26649827,0.0011496297,L,M
F04_Hindi_M_0052.npy,-2.912593,-1.8992215,5.447187,-3.4007697,0.00023385682,0.00064424565,0.9989784,0.00014352823,M,M
M32_Marathi_M_0005.npy,-2.4571056,4.358663,-0.8399324,-1.3323212,0.0010854985,0.99010205,0.005469638,0.0033428501,L,M
M04_English_M_0035.npy,-2.7313924,1.4084982,1.2103881,-1.6316141,0.008452393,0.5307761,0.43538475,0.025386767,L,M
F04_Hindi_M_0069.npy,-3.728724,-1.0955361,6.522795,-4.4947286,3.5284662e-05,0.0004910943,0.9994572,1.6402664e-05,M,M
M04_English_M_0041.npy,-3.8116767,4.7118864,-0.19555089,-0.35732913,0.00019600989,0.98631245,0.0072902353,0.00620129,L,M
F04_Hindi_M_0007.npy,-2.8052268,-1.4690024,5.1242867,-2.8314667,0.0003592143,0.0013666854,0.9979241,0.00034991113,M,M
F04_Hindi_M_0043.npy,-3.0321827,-1.5902925,5.51935,-3.1964355,0.00019302199,0.0008162285,0.9988269,0.00016378438,M,M
M30_Hindi_M_0007.npy,-2.9824402,0.5122749,3.2066407,-1.9705516,0.0019080701,0.062853575,0.92998964,0.0052487045,M,M
M32_Marathi_M_0003.npy,-2.2829947,3.9345286,-1.6636677,-0.6310862,0.0019625756,0.984153,0.0036458345,0.010238618,L,M
M17_Hindi_M_0001.npy,-2.4229853,-0.8085476,3.081756,-1.6874181,0.003937525,0.019786313,0.9680599,0.0082163,M,M
F04_Hindi_M_0093.npy,4.0305185,-2.0714087,-0.91446054,-5.8096757,0.9906769,0.002217679,0.0070526907,5.2770327e-05,N,M
F04_Hindi_M_0049.npy,-3.5242608,-1.6861142,6.341857,-3.8364654,5.1882274e-05,0.00032607367,0.99958414,3.7969105e-05,M,M
M04_English_M_0051.npy,-4.0204353,2.65715,3.0535321,-3.005188,0.00050531025,0.4014178,0.59668225,0.0013946795,M,M
M04_English_M_0009.npy,5.0786233,-0.85979354,-2.747274,-7.0901003,0.99696857,0.0026282081,0.00039804983,5.1745396e-06,N,M
F04_Hindi_M_0022.npy,-3.9686306,-1.9438776,7.0627503,-4.353527,1.6183305e-05,0.00012257618,0.99985015,1.1013082e-05,M,M
M30_Hindi_M_0016.npy,-3.839456,0.5101473,3.8710344,-2.045049,0.00043176036,0.033438858,0.9635319,0.0025974296,M,M
M30_Hindi_M_0043.npy,-3.2543383,-1.2671146,5.1531377,-2.6276155,0.00022268709,0.0016245589,0.997736,0.00041675178,M,M
M17_English_M_0035.npy,-1.8818785,-0.5545938,2.4538748,-0.92908734,0.011940838,0.045026403,0.91207093,0.030961841,M,M
M30_Hindi_M_0096.npy,-3.6578772,2.9404242,1.4513246,-0.41398418,0.0010798912,0.7924757,0.17876324,0.027681202,L,M
M04_English_M_0008.npy,3.3180823,-0.36470968,-1.5384,-4.984971,0.9678872,0.02434493,0.007528028,0.00023980305,N,M
M30_English_M_0027.npy,-3.1997895,-1.4236684,5.2995687,-2.8959332,0.00020325708,0.0012006192,0.99832064,0.0002754286,M,M
M30_English_M_0035.npy,-2.4111924,-1.3059702,4.97649,-3.8071156,0.00061719853,0.0018638752,0.99736613,0.00015282104,M,M
M17_English_M_0010.npy,-1.6761127,0.18488021,2.2904506,-2.1281824,0.016428677,0.10563833,0.86747926,0.010453728,M,M
F04_Hindi_M_0083.npy,-3.3479414,-0.86098856,4.825083,-1.8732344,0.0002807853,0.0033763247,0.9951159,0.0012269631,M,M
M30_Hindi_M_0018.npy,-4.128196,-1.1032096,6.214913,-3.5279593,3.2189724e-05,0.0006629066,0.99924624,5.8667407e-05,M,M
F04_Hindi_M_0110.npy,-2.6568987,-1.4000412,4.617137,-2.1119876,0.0006903226,0.002426042,0.99569327,0.0011904301,M,M
M30_English_M_0071.npy,-3.6347687,0.9130553,2.5008426,0.10750514,0.0016676614,0.15747182,0.77049553,0.07036503,M,M
M17_English_M_0014.npy,-3.1223044,0.717751,3.1249342,-1.203553,0.001751544,0.08149594,0.9048202,0.011932299,M,M
F04_Hindi_M_0115.npy,-3.606772,-0.202209,4.5067844,-2.0023744,0.00029625176,0.00891751,0.98931247,0.0014738104,M,M
F04_Hindi_M_0027.npy,-2.7112257,-1.0667719,5.4264836,-4.071146,0.00029175714,0.0015107715,0.9981225,7.488864e-05,M,M
M17_English_M_0037.npy,-2.6089642,0.42344537,2.5863023,-1.1523072,0.0048436695,0.10049245,0.8738768,0.020787047,M,M
M30_Hindi_M_0095.npy,-1.7592049,-0.48324808,3.2597249,-2.9443119,0.0064046257,0.022942182,0.9686952,0.00195798,M,M
F04_Hindi_M_0094.npy,-3.1129034,-1.4907374,5.3207808,-2.6966531,0.00021706123,0.0010992086,0.9983546,0.0003291224,M,M
F04_Hindi_M_0013.npy,-0.9131459,-1.1728972,3.9762363,-4.632965,0.007425727,0.0057270424,0.98666734,0.00017998737,M,M
M17_English_M_0018.npy,-2.863143,-0.13252877,2.1643293,1.0430918,0.004574551,0.070184186,0.69783384,0.22740749,M,M
M04_English_M_0029.npy,-3.3293295,4.455647,-0.06926048,-2.025607,0.00041068706,0.9873778,0.010698945,0.0015125526,L,M
F04_Hindi_M_0053.npy,-3.9077709,-1.7324003,6.415967,-3.6868472,3.283219e-05,0.00028910232,0.999637,4.094926e-05,M,M
M17_English_M_0104.npy,-3.0774097,0.58798766,3.2052636,-1.2324777,0.0017193448,0.06717765,0.92022353,0.010879446,M,M
M30_Hindi_M_0025.npy,-1.97268,-1.8292732,3.4738004,-3.0850477,0.0042657866,0.0049235662,0.98940814,0.0014025031,M,M
M04_English_M_0010.npy,0.97815496,1.560908,-0.9987289,-4.7790966,0.34099174,0.61070335,0.047227416,0.0010774606,L,M
M30_Hindi_M_0079.npy,-4.1981206,-2.3505595,7.123229,-3.333016,1.2110136e-05,7.6830715e-05,0.9998822,2.8764658e-05,M,M
M17_English_M_0057.npy,-2.2975183,1.8479077,0.78754723,-0.7328937,0.011013909,0.6954679,0.24086206,0.05265617,L,M
M30_Hindi_M_0067.npy,-3.8280761,0.27529037,2.6706955,1.2015692,0.0011379832,0.06889777,0.75599074,0.17397347,M,M
F04_Hindi_M_0030.npy,-2.8285747,-2.309634,6.34145,-4.637498,0.0001040831,0.00017488534,0.99970394,1.7051972e-05,M,M
F04_Hindi_M_0059.npy,-3.4346092,-1.5007975,6.0269203,-3.8738475,7.773575e-05,0.0005376067,0.9993345,5.0102786e-05,M,M
F04_Hindi_M_0102.npy,-3.7214787,-1.6094097,6.2991385,-3.5698624,4.445286e-05,0.00036741738,0.9995364,5.173039e-05,M,M
M30_English_M_0019.npy,-3.374861,2.895367,1.837926,-2.007861,0.0013944542,0.7371054,0.25602883,0.005471228,L,M
M17_English_M_0074.npy,-3.5880463,1.4763776,2.8659406,-1.0498272,0.0012388865,0.19610244,0.7869779,0.015680728,M,M
M17_English_M_0106.npy,-3.0624478,1.4565024,2.6840456,-1.4576317,0.002434233,0.22331467,0.76213604,0.012115039,M,M
M17_English_M_0045.npy,-3.1343076,-1.3926473,5.4620004,-2.6982665,0.00018450544,0.0010529374,0.9984773,0.00028535095,M,M
M04_English_M_0054.npy,-3.1924953,2.0053933,2.4326792,-2.277668,0.002165876,0.39178512,0.6006422,0.005406772,M,M
M30_Hindi_M_0062.npy,-3.5357392,-0.97568417,4.708295,-1.4808326,0.0002613286,0.0033806842,0.99431807,0.002039959,M,M
M17_Hindi_M_0003.npy,-3.1818037,-1.6005306,5.0408077,-2.980173,0.00026800315,0.001302801,0.9981014,0.00032787398,M,M
M17_English_M_0005.npy,-3.029294,0.1055824,3.7039995,-1.6187007,0.0011520827,0.02648154,0.96764463,0.004721679,M,M
M17_English_M_0071.npy,-2.9364767,-1.3594648,5.2970176,-3.0140066,0.00026513028,0.0012833548,0.99820614,0.00024535137,M,M
M17_English_M_0068.npy,-2.9109902,0.33265835,3.1584196,-1.2487124,0.00215367,0.055192206,0.93130153,0.011352647,M,M
M17_English_M_0069.npy,-2.2642827,-0.037626926,2.9754913,-2.8072016,0.0050131017,0.046465512,0.94560844,0.0029128608,M,M
F04_English_M_0011.npy,-3.4411733,-0.99926096,5.515629,-2.9553368,0.00012862362,0.0014785292,0.9981838,0.00020908218,M,M
F04_Hindi_M_0097.npy,-2.8652325,-1.0098112,3.8010676,-0.5038192,0.0012445796,0.007958327,0.97759706,0.013199921,M,M
M04_English_M_0020.npy,-3.9429526,4.812052,0.20396848,-1.0032291,0.00015562988,0.98705935,0.009841882,0.0029430585,L,M
M30_English_M_0015.npy,-3.7860806,-2.0707335,6.513135,-3.3061604,3.3650238e-05,0.0001870484,0.9997249,5.437691e-05,M,M
M30_Hindi_M_0013.npy,-4.412355,-0.7996372,5.5650105,-1.6795048,4.632428e-05,0.0017170857,0.9975242,0.0007123122,M,M
M17_English_M_0054.npy,-1.9424121,-1.165704,3.7812948,-2.4258199,0.0032275938,0.00701777,0.9877643,0.0019903877,M,M
F04_English_M_0008.npy,-1.8985865,-0.5527505,2.6677716,-1.9602228,0.009806347,0.03767007,0.94330335,0.00922017,M,M
M30_Hindi_M_0083.npy,-4.033975,2.404033,1.2354754,1.278994,0.0009771144,0.61085325,0.18986233,0.19830729,L,M
M32_Marathi_M_0007.npy,0.28303924,2.6865842,-2.0241654,-2.6385787,0.081861824,0.90558183,0.008148453,0.004407972,L,M
M04_English_M_0040.npy,-3.8578036,2.2369175,2.1252294,-1.0790908,0.001166521,0.51736397,0.46269053,0.018778982,L,M
F04_Hindi_M_0070.npy,-3.2813926,-1.8170912,6.2472725,-4.1510124,7.270625e-05,0.0003144199,0.99958247,3.0471992e-05,M,M
M04_English_M_0037.npy,-3.9053628,3.126436,0.5812385,0.09087835,0.0007835286,0.8870054,0.069592275,0.042618707,L,M
M30_Hindi_M_0065.npy,-2.4432945,-2.22094,5.431093,-3.5961423,0.00037999105,0.00047461412,0.99902534,0.000119977034,M,M
M04_English_M_0044.npy,-3.6726525,5.087057,-0.48655325,-1.1818808,0.00015601784,0.99418604,0.0037746741,0.0018832261,L,M
F04_English_M_0002.npy,-3.4272904,-1.2189038,4.439671,-0.93948597,0.00037997385,0.0034581497,0.991589,0.0045729186,M,M
F04_Hindi_M_0112.npy,-1.6169623,-0.25187144,3.3954735,-2.7271876,0.006430211,0.02518122,0.96626997,0.0021186564,M,M
M17_English_M_0046.npy,-2.57263,-1.4524288,4.479026,-2.3101325,0.0008619688,0.00264234,0.9953751,0.0011207088,M,M
M17_English_M_0095.npy,-3.115164,-0.6707178,4.0156803,-1.5239669,0.00078903855,0.00909301,0.98624414,0.0038738812,M,M
F04_Hindi_M_0045.npy,-3.189691,-2.0863605,6.553808,-4.1737294,5.8659723e-05,0.00017681145,0.99974257,2.192694e-05,M,M
F04_Hindi_M_0071.npy,-2.171491,-1.2263259,4.5209794,-3.7518668,0.0012344292,0.0031764805,0.9953349,0.00025416617,M,M
M30_Hindi_M_0081.npy,-3.622728,-1.6925063,6.129217,-3.1956184,5.8149482e-05,0.0004007104,0.99945205,8.9132736e-05,M,M
M30_Hindi_M_0090.npy,-2.112288,2.8725076,0.5428941,-2.5092807,0.0061700367,0.901897,0.08778467,0.0041483557,L,M
M17_Hindi_M_0006.npy,-3.3959773,-1.8489244,6.1001816,-3.4909267,7.510264e-05,0.0003528024,0.99950385,6.8299734e-05,M,M
M17_Hindi_M_0002.npy,-1.913761,-0.59303963,4.172709,-3.9804187,0.0022485114,0.008423201,0.9890436,0.0002846801,M,M
M30_Hindi_M_0044.npy,-1.9243536,-0.6754662,3.4330888,-2.1529527,0.0045984695,0.016032388,0.97571045,0.0036587606,M,M
M17_English_M_0102.npy,-3.3574631,0.03961378,3.7494264,-1.4452456,0.00079491845,0.023749497,0.97007555,0.005380072,M,M
F04_Hindi_M_0113.npy,-1.0528052,-1.8661482,4.2350183,-4.772278,0.0050155525,0.0022237622,0.9926392,0.00012161094,M,M
M17_English_M_0060.npy,-1.5084743,0.09794554,2.3184586,-2.7743611,0.019161345,0.09551801,0.8799173,0.005403291,M,M
M30_Hindi_M_0097.npy,2.1632657,-0.07785722,-0.72021085,-4.653703,0.85956883,0.09140571,0.048084237,0.00094125804,N,M
M03_English_L_0056.npy,-1.2821845,0.8071624,1.8301086,-3.4508028,0.03157912,0.25514784,0.7096624,0.0036106142,M,L
M03_English_L_0058.npy,-3.450422,0.8382188,4.174913,-3.2599487,0.00047068938,0.03429788,0.96466196,0.0005694502,M,L
M03_English_L_0007.npy,0.94002646,1.4947399,-0.5645743,-4.772302,0.33705753,0.5869661,0.07486248,0.001113964,L,L
M03_English_L_0026.npy,-4.0762043,-0.12074672,5.264416,-3.1984267,8.7358414e-05,0.004561818,0.9951407,0.00021014473,M,L
M03_English_L_0061.npy,-2.280992,1.7757792,1.8661236,-3.4309459,0.008172913,0.47229174,0.5169474,0.0025879643,M,L
M03_English_L_0067.npy,-3.053676,1.621284,2.3602278,-1.7785769,0.0029734152,0.3188342,0.6675504,0.010642021,M,L
M03_English_L_0030.npy,0.20794451,0.7310939,1.1445398,-4.8477683,0.19065826,0.32170406,0.48642266,0.0012150313,M,L
M03_English_L_0008.npy,-2.1391046,-1.3927754,5.031856,-4.5505714,0.00076669926,0.0016171545,0.99754745,6.876033e-05,M,L
M03_English_L_0016.npy,-3.0364068,-0.5893747,4.657704,-3.4380758,0.00045277466,0.005231363,0.9940129,0.00030299794,M,L
M03_English_L_0065.npy,2.8654678,0.56958544,-1.4278122,-6.3211746,0.89731574,0.09033505,0.012257374,9.18834e-05,N,L
M09_English_L_0007.npy,-3.8806653,4.1265655,-1.1981814,2.3879008,0.0002820133,0.84677047,0.0041234186,0.14882411,L,L
M03_English_L_0020.npy,-3.8326848,-1.2318598,5.6473217,-2.8133583,7.626302e-05,0.0010276326,0.9986847,0.00021134976,M,L
M03_English_L_0055.npy,-0.31680706,0.63058627,1.4841343,-4.1766706,0.10356905,0.26710233,0.6271463,0.002182291,M,L
M03_English_L_0017.npy,-0.837916,2.6471066,0.6245594,-5.5440764,0.026351273,0.8596619,0.11374873,0.00023820015,L,L
M03_English_L_0033.npy,-3.274757,0.1429092,4.207638,-3.2233396,0.0005527792,0.01685874,0.9820065,0.000581945,M,L
M03_English_L_0014.npy,-1.5696557,3.5705445,0.5720793,-4.7513976,0.0055461377,0.9470027,0.047220916,0.00023023832,L,L
M03_English_L_0032.npy,-4.452127,-0.9265941,6.5983677,-3.3655024,1.5869726e-05,0.0005391244,0.999398,4.704188e-05,M,L
M03_English_L_0043.npy,-1.6601952,-1.152117,3.8922062,-3.7171884,0.0038366215,0.0063768276,0.98929614,0.00049046526,M,L
M03_English_L_0027.npy,0.0994468,0.45911714,0.9869754,-5.3818765,0.20550172,0.29445457,0.49918807,0.0008556715,M,L
M03_English_L_0005.npy,-2.4507682,3.5914829,1.0777494,-3.0890546,0.0021908637,0.92200166,0.074650235,0.0011572075,L,L
M03_English_L_0046.npy,-3.0280507,2.2912354,2.038264,-2.7858799,0.002738969,0.5594017,0.4343699,0.0034894801,L,L
M03_English_L_0038.npy,-2.715554,-1.029135,4.313561,-3.3013139,0.0008802914,0.004753667,0.99387604,0.0004900429,M,L
M03_English_L_0019.npy,-3.189541,0.33454588,4.174976,-3.233089,0.000619259,0.021006996,0.9777809,0.0005928706,M,L
M03_English_L_0002.npy,3.0436916,0.016258266,-1.2621543,-6.4614153,0.9416163,0.04561171,0.012701901,7.012268e-05,N,L
M03_English_L_0018.npy,-2.5632043,-0.59838635,4.032846,-2.7047136,0.001349165,0.0096244225,0.98785526,0.0011711392,M,L
M03_English_L_0010.npy,-2.5283802,0.051200528,3.5688446,-2.7750115,0.002175828,0.028702667,0.96742123,0.0017002549,M,L
M03_English_L_0028.npy,-0.4487903,1.3937268,0.4805095,-4.1662383,0.10132288,0.63959134,0.25662404,0.0024617298,L,L
M03_English_L_0012.npy,0.9767995,1.0439707,-0.2882213,-4.559705,0.42451087,0.45400527,0.11981117,0.0016726905,L,L
M03_English_L_0057.npy,-2.5526676,-0.39163578,2.6248174,-0.5239686,0.005140839,0.044622935,0.9111443,0.039091896,M,L
M03_English_L_0066.npy,-2.8626306,-0.6262013,4.1444263,-2.5937004,0.0008960027,0.008386455,0.98954505,0.001172477,M,L
M03_English_L_0039.npy,-3.0356507,-0.87467074,5.621574,-3.9361997,0.00017356183,0.0015064544,0.9982495,7.052625e-05,M,L
M03_English_L_0031.npy,-3.3201516,0.012206838,4.5279083,-3.733132,0.00038603676,0.010810693,0.9885478,0.00025543105,M,L
M09_English_L_0001.npy,-4.278976,0.076111704,1.3515142,3.431866,0.00038608638,0.030065965,0.107640415,0.86190754,H,L
M03_English_L_0035.npy,-1.9734327,0.7861326,2.7914321,-3.5206275,0.007444848,0.11757631,0.8733943,0.0015845932,M,L
M09_English_L_0009.npy,-1.8573158,0.14247873,1.3145055,0.63524485,0.022557773,0.16664638,0.53802276,0.2727731,M,L
M09_English_L_0002.npy,-3.1999617,3.4840126,0.2564369,-0.6771005,0.0011839125,0.94652647,0.0375331,0.0147565305,L,L
M03_English_L_0009.npy,-1.7317473,-1.0225616,3.5041475,-3.4251044,0.005232496,0.010634188,0.98317105,0.000962262,M,L
M03_English_L_0006.npy,-2.4320018,-1.0447221,3.3392658,-1.7105778,0.0030487275,0.012206937,0.97847205,0.006272333,M,L
M03_English_L_0011.npy,-2.0693982,-1.5065584,4.6376257,-4.2578588,0.0012180273,0.0021384303,0.996507,0.00013652757,M,L
M03_English_L_0053.npy,2.5269353,-0.22997005,-0.5990268,-5.6525416,0.90280175,0.057317022,0.03962819,0.0002530992,N,L
M03_English_L_0059.npy,-2.1937459,3.514486,0.53078043,-4.265321,0.003147495,0.94845927,0.047996752,0.000396544,L,L
M03_English_L_0025.npy,-2.8952882,0.14867422,2.286619,-2.4682436,0.004961721,0.104137816,0.88329554,0.0076049324,M,L
M09_English_L_0004.npy,-3.8781073,2.6556718,1.8165754,-0.026351318,0.00096772495,0.66578835,0.28768766,0.045556292,L,L
M03_English_L_0029.npy,-3.095819,0.16894087,4.2563515,-4.002359,0.0006300579,0.016491028,0.98262435,0.00025449248,M,L
M09_English_L_0006.npy,-3.9862452,3.943796,0.17317027,0.4926505,0.00034098118,0.9477714,0.021834424,0.030053163,L,L
M03_English_L_0064.npy,-1.5460429,3.9633613,-0.29461455,-4.022818,0.0039748275,0.98179793,0.013893344,0.00033394003,L,L
M03_English_L_0060.npy,-3.070574,-0.42715335,4.478925,-3.2453995,0.00052200444,0.007340023,0.9916997,0.00043827688,M,L
M03_English_L_0041.npy,-2.2010908,0.68671024,3.0112076,-4.236494,0.004935839,0.088617004,0.9058023,0.00064475776,M,L
M03_English_L_0024.npy,-2.8889937,-0.45356694,4.361466,-2.7755945,0.0007030899,0.008029773,0.9904795,0.00078751653,M,L
M03_English_L_0040.npy,-4.0947633,-0.10002045,5.29834,-3.1212857,8.2896404e-05,0.004502257,0.9951953,0.00021943786,M,L
M09_English_L_0008.npy,-3.9175801,3.5905852,0.053378254,1.0595936,0.0004945684,0.9015319,0.026229598,0.07174397,L,L
M03_English_L_0050.npy,-2.6266668,1.692669,2.3415904,-3.4796975,0.0045384234,0.34101114,0.65251654,0.0019339187,M,L
M03_English_L_0054.npy,0.03482497,0.4243866,1.4078976,-4.633468,0.15544404,0.22948726,0.6136094,0.0014593524,M,L
M09_English_L_0003.npy,-3.943291,2.842478,0.9522513,1.1339332,0.00084732735,0.7500207,0.113281295,0.13585062,L,L
M03_English_L_0051.npy,-1.8734418,3.25244,0.87103796,-4.417975,0.005406647,0.9100603,0.0841086,0.00042447422,L,L
M03_English_L_0023.npy,-0.6979709,-0.34697095,1.827325,-3.833599,0.06685139,0.094961554,0.8352809,0.0029061933,M,L
M03_English_L_0047.npy,-3.4552135,-0.14164639,4.134678,-1.6270653,0.00049681927,0.013654079,0.9827576,0.0030913858,M,L
M03_English_L_0042.npy,-3.347055,0.86330515,4.055604,-3.2833772,0.00058486825,0.03940889,0.9593829,0.00062332273,M,L
M03_English_L_0015.npy,2.628685,0.24286914,-1.1018885,-5.8844767,0.8959018,0.0824354,0.021482898,0.0001799042,N,L
M03_English_L_0068.npy,-3.5690832,0.8411771,3.5383184,-1.5615033,0.00076236523,0.06273573,0.93082595,0.0056760227,M,L
M03_English_L_0034.npy,-3.5002465,-0.047117855,4.45623,-3.0403574,0.0003462385,0.0109408265,0.98816454,0.0005484065,M,L
M09_English_L_0005.npy,-3.8663893,4.4970555,0.12599912,-0.46787608,0.00022869979,0.9805368,0.012391907,0.0068426062,L,L
M03_English_L_0049.npy,0.25065306,2.562353,-0.3875897,-5.2690687,0.086030446,0.8681818,0.045442987,0.0003447207,L,L
M03_English_L_0021.npy,-1.2922819,-0.97341955,3.4192078,-3.5975103,0.008795615,0.012098915,0.9782282,0.00087723974,M,L
M03_English_L_0037.npy,-2.394803,-0.7659197,4.2760906,-3.4419284,0.0012569926,0.006408373,0.99189353,0.0004411355,M,L
M03_English_L_0063.npy,-1.6537802,4.660997,-0.038158163,-5.113321,0.0017897366,0.98914987,0.009004199,5.627686e-05,L,L
M03_English_L_0044.npy,-2.8548236,-0.49284348,4.017529,-2.6780143,0.0010224719,0.010850413,0.9869069,0.0012202215,M,L
M03_English_L_0022.npy,-1.3515387,-0.9816786,3.6984506,-3.8976772,0.00630729,0.009130006,0.98406833,0.0004943892,M,L
M03_English_L_0036.npy,-2.828985,3.4354758,1.8560404,-4.5255966,0.0015746683,0.82757956,0.17055705,0.00028864224,L,L
M03_English_L_0045.npy,-1.77965,3.947385,-0.083266675,-3.3599365,0.0031875803,0.97877043,0.017385658,0.0006563741,L,L
M03_English_L_0003.npy,-2.0516067,0.8566501,3.0966334,-4.275225,0.00522026,0.09566035,0.89855444,0.00056491996,M,L
M03_English_L_0052.npy,-3.269492,-0.08156045,4.717028,-3.2902734,0.0003370111,0.008168553,0.9911644,0.00033007975,M,L
M03_English_L_0004.npy,-3.248025,1.5506496,3.10714,-3.3390899,0.0014311891,0.17367403,0.8235882,0.0013066161,M,L
M03_English_L_0069.npy,2.4225612,0.534446,-1.4081898,-5.156472,0.8521072,0.12897223,0.018485034,0.00043547366,N,L
M03_English_L_0048.npy,-3.5231137,-0.9127587,4.395005,-2.108588,0.00036162205,0.0049194624,0.99323106,0.0014879062,M,L
M03_English_L_0001.npy,-2.3047354,-0.0025013275,3.6579537,-3.2492561,0.002499754,0.024988778,0.9715394,0.0009720694,M,L
M03_English_L_0070.npy,0.1249609,0.875933,0.24928325,-3.5250483,0.23378521,0.4954046,0.26473388,0.0060762847,L,L
M03_English_L_0062.npy,0.9691741,0.3595331,0.21199101,-4.872598,0.4961707,0.26969162,0.23269694,0.001440727,N,L
M03_English_L_0013.npy,-3.2527852,-1.0455682,5.690968,-3.4704142,0.00013036472,0.0011850655,0.99857974,0.00010486844,M,L
CF14_Hindi_N_0100.npy,7.0565777,-3.350004,-2.7229557,-6.8420105,0.99991226,3.0230187e-05,5.6593235e-05,9.20199e-07,N,N
CF09_Hindi_N_0070.npy,8.660732,-3.51099,-4.2442904,-8.539518,0.99999225,5.1746947e-06,2.4855158e-06,3.3886188e-08,N,N
CF18_English_N_0006.npy,7.1058426,-3.9018059,-2.041059,-7.4139833,0.9998764,1.6572398e-05,0.0001065362,4.9438586e-07,N,N
CF02_English_N_0049.npy,7.638135,-3.3304749,-3.1448076,-7.571497,0.99996173,1.7233624e-05,2.0749652e-05,2.480414e-07,N,N
CM05_English_N_0055.npy,7.144954,-2.404804,-3.8009844,-7.3788915,0.9999106,7.121213e-05,1.7627905e-05,4.9241936e-07,N,N
CM05_Hindi_N_0017.npy,7.75052,-1.9822459,-4.4309735,-8.307217,0.9999355,5.930419e-05,5.124087e-06,1.0621486e-07,N,N
CF04_Hindi_N_0041.npy,6.7139935,-3.8237712,-2.1465657,-6.605178,0.99983,2.6511434e-05,0.00014185156,1.6424167e-06,N,N
CM16_Hindi_N_0087.npy,6.774474,-2.8705325,-3.4476893,-6.113803,0.9998964,6.474139e-05,3.63518e-05,2.5272454e-06,N,N
CM05_English_N_0001.npy,7.8428426,-3.0384078,-4.145122,-6.9342804,0.9999746,1.8807106e-05,6.218449e-06,3.8226648e-07,N,N
CF02_Gujarati_N_0007.npy,7.1164966,-2.9674335,-2.9533918,-7.3650208,0.9999155,4.1741507e-05,4.2331772e-05,5.1371234e-07,N,N
CF09_Hindi_N_0114.npy,6.9378085,-3.2180233,-2.7583568,-6.7254553,0.99989843,3.8844897e-05,6.1512714e-05,1.1643299e-06,N,N
CF09_Hindi_N_0165.npy,7.575231,-3.7407014,-3.0944178,-7.191391,0.99996424,1.2176922e-05,2.3238857e-05,3.8629742e-07,N,N
CF02_English_N_0004.npy,7.0390983,-3.079994,-2.8630188,-7.6335516,0.99990916,4.0299044e-05,5.0064038e-05,4.2433604e-07,N,N
CM38_English_N_0106.npy,5.9063315,-1.0950482,-3.274409,-6.9446282,0.99898475,0.00090969994,0.00010289968,2.6209455e-06,N,N
CM24_Gujarati_N_0071.npy,0.26670322,0.9730159,-0.3966716,-3.5130467,0.28054872,0.56853336,0.14451343,0.0064044786,L,N
CF04_Hindi_N_0012.npy,7.773018,-3.84687,-2.987389,-7.3135734,0.9999695,8.985317e-06,2.1222746e-05,2.8051963e-07,N,N
CF04_Hindi_N_0005.npy,7.972003,-3.8993719,-3.260935,-6.9150677,0.9999795,6.9874454e-06,1.3230864e-05,3.424668e-07,N,N
CM38_English_N_0126.npy,7.034142,-1.2984482,-4.371194,-8.099097,0.9997482,0.0002404876,1.1133096e-05,2.676752e-07,N,N
CM03_English_N_0074.npy,7.1047144,-2.2488909,-3.4652627,-7.973113,0.99988747,8.66427e-05,2.5672522e-05,2.8296577e-07,N,N
CM05_English_N_0018.npy,7.1016393,-2.1308322,-3.1467862,-8.517774,0.9998666,9.7798154e-05,3.5408495e-05,1.6463306e-07,N,N
CM35_English_N_0097.npy,7.8647437,-2.8973248,-3.8011847,-7.898351,0.9999701,2.1187509e-05,8.58102e-06,1.4261391e-07,N,N
CM16_Hindi_N_0071.npy,6.0258727,-2.9100277,-1.9389929,-6.692887,0.99951816,0.00013151592,0.00034729094,2.9929786e-06,N,N
CM35_English_N_0115.npy,7.888271,-2.8389463,-3.9613829,-7.864792,0.9999708,2.1938975e-05,7.1408235e-06,1.4405187e-07,N,N
CF04_English_N_0042.npy,7.1077046,-3.1386652,-2.8048544,-7.267481,0.9999144,3.548303e-05,4.9544215e-05,5.7134616e-07,N,N
CM30_English_N_0005.npy,7.350391,-2.1016948,-4.1334014,-7.7097583,0.99991095,7.851864e-05,1.0294701e-05,2.8801932e-07,N,N
CM05_English_N_0043.npy,7.951874,-3.1429803,-3.9958234,-7.4168634,0.9999782,1.5189956e-05,6.473986e-06,2.1155961e-07,N,N
CM35_English_N_0020.npy,8.388713,-3.3722441,-4.0387077,-7.88619,0.9999881,7.803263e-06,4.007141e-06,8.5485915e-08,N,N
CF14_Hindi_N_0068.npy,7.1712737,-3.4100416,-2.6601357,-7.028569,0.9999201,2.5383913e-05,5.373267e-05,6.80851e-07,N,N
CF04_Hindi_N_0061.npy,7.7248807,-3.742118,-3.1647584,-7.418046,0.9999707,1.0469666e-05,1.8649927e-05,2.651536e-07,N,N
CM30_Gujarati_N_0051.npy,6.887407,-0.9961361,-4.159743,-8.177921,0.999607,0.00037674722,1.5926236e-05,2.8644433e-07,N,N
CM05_English_N_0016.npy,7.908796,-2.8576028,-4.015755,-7.733467,0.9999721,2.1096015e-05,6.625539e-06,1.6093081e-07,N,N
CM35_English_N_0057.npy,6.6512785,-3.3340113,-2.7989802,-5.772964,0.99987125,4.606679e-05,7.865912e-05,4.0194286e-06,N,N
CF04_Hindi_N_0057.npy,5.586403,-2.6404264,-2.3549585,-5.2091813,0.9993568,0.00026721074,0.00035549307,2.0476615e-05,N,N
CM16_Hindi_N_0060.npy,7.3619127,-3.2324288,-2.9360597,-7.174892,0.99994075,2.5055919e-05,3.369935e-05,4.8609417e-07,N,N
CF14_Hindi_N_0143.npy,7.310287,-3.2973177,-3.259716,-6.8834662,0.999949,2.4725981e-05,2.5673417e-05,6.850293e-07,N,N
CF09_Hindi_N_0144.npy,7.5654416,-4.034862,-3.2846415,-5.7999105,0.99996984,9.163028e-06,1.9402405e-05,1.5685126e-06,N,N
CF04_English_N_0041.npy,7.009799,-3.2268455,-2.748858,-6.93122,0.99990547,3.582949e-05,5.7786696e-05,8.819649e-07,N,N
CM27_Gujarati_N_0048.npy,6.570606,-2.787122,-2.9322226,-6.8988543,0.99983764,8.628193e-05,7.462829e-05,1.413244e-06,N,N
CF09_Hindi_N_0147.npy,7.585595,-3.50455,-3.3938174,-6.969221,0.9999672,1.526149e-05,1.704856e-05,4.7742964e-07,N,N
CM16_Hindi_N_0042.npy,7.833807,-3.5238256,-3.6153548,-7.3869815,0.99997747,1.1679736e-05,1.0658167e-05,2.4529325e-07,N,N
CF04_Hindi_N_0052.npy,6.880444,-3.1775582,-2.5181916,-7.298326,0.99987364,4.283612e-05,8.2826526e-05,6.953181e-07,N,N
CF09_English_N_0047.npy,8.326996,-3.8009424,-4.060632,-7.6840405,0.99999034,5.4062875e-06,4.1698177e-06,1.11298995e-07,N,N
CF02_Gujarati_N_0011.npy,6.802131,-3.2578776,-2.5130067,-6.703517,0.9998659,4.2749925e-05,9.003861e-05,1.3630554e-06,N,N
CM35_English_N_0125.npy,8.000958,-3.1983442,-4.265936,-7.3865695,0.9999814,1.368348e-05,4.7048675e-06,2.0762214e-07,N,N
CM05_Hindi_N_0085.npy,6.4124317,-0.7179083,-3.9373162,-8.458429,0.9991679,0.000799781,3.197424e-05,3.477808e-07,N,N
CF04_Hindi_N_0050.npy,5.1769176,-2.1595616,-2.2788863,-5.193881,0.99874085,0.00065051956,0.00057734887,3.1294818e-05,N,N
CM35_English_N_0042.npy,6.1229024,-2.9746263,-2.450882,-6.7135425,0.9996966,0.00011190817,0.00018893881,2.6611604e-06,N,N
CM38_English_N_0015.npy,6.207516,-2.497844,-2.4908972,-6.150868,0.99966323,0.00016563942,0.00016679407,4.292158e-06,N,N
CF14_Gujarati_N_0020.npy,7.9781857,-3.5311544,-3.4710033,-7.668958,0.99997914,1.00357065e-05,1.0657891e-05,1.6014836e-07,N,N
CF02_Gujarati_N_0055.npy,5.907658,-2.5320761,-2.4986978,-5.839406,0.9995528,0.0002160109,0.0002233427,7.908978e-06,N,N
CM03_English_N_0106.npy,4.212003,-0.3410942,-2.6163943,-5.3560405,0.98844796,0.010412832,0.0010700852,6.912024e-05,N,N
CF18_English_N_0002.npy,5.930852,-3.2849393,-1.2374792,-7.156713,0.99912864,9.936968e-05,0.00076993625,2.0690186e-06,N,N
CM05_Hindi_N_0044.npy,5.8861732,-1.8191469,-3.2080417,-6.7911763,0.9994344,0.00045016964,0.0001122501,3.11926e-06,N,N
CF09_Hindi_N_0087.npy,7.295893,-3.3781164,-3.096008,-7.2317758,0.99994576,2.3137323e-05,3.0678293e-05,4.9055757e-07,N,N
CM38_English_N_0099.npy,7.6592,-2.184462,-4.015081,-8.17837,0.99993837,5.3079282e-05,8.509369e-06,1.3237437e-07,N,N
CF04_English_N_0029.npy,6.5936804,-3.231953,-2.32144,-7.023978,0.9998104,5.4038017e-05,0.00013431674,1.2185508e-06,N,N
CF04_Hindi_N_0019.npy,8.2126255,-3.6122787,-3.7759435,-7.6603246,0.9999864,7.31987e-06,6.2147637e-06,1.2777906e-07,N,N
CM05_English_N_0011.npy,7.899569,-3.168865,-3.9608748,-7.5589156,0.99997723,1.5596617e-05,7.0642277e-06,1.9339959e-07,N,N
CF04_English_N_0050.npy,8.402492,-3.7071931,-3.7903664,-8.057229,0.9999893,5.5058704e-06,5.0664585e-06,7.1060704e-08,N,N
CM38_English_N_0128.npy,7.945461,-3.659461,-3.2414188,-8.124923,0.999977,9.120879e-06,1.3854464e-05,1.048845e-07,N,N
CM35_English_N_0073.npy,7.9694734,-3.628978,-3.29109,-7.99746,0.9999778,9.1800875e-06,1.28703405e-05,1.1631598e-07,N,N
CF14_English_N_0008.npy,4.5486374,-1.8156123,-1.8974334,-5.386294,0.9966539,0.001716271,0.0015814354,4.8290178e-05,N,N
CF09_Hindi_N_0052.npy,7.775813,-3.6193624,-3.2761574,-7.425558,0.9999727,1.1249315e-05,1.5855441e-05,2.5010164e-07,N,N
CF09_Hindi_N_0019.npy,7.7140903,-3.3682802,-3.0336456,-7.5508065,0.9999629,1.5380536e-05,2.1493219e-05,2.347057e-07,N,N
CF02_English_N_0099.npy,7.524519,-3.3062034,-3.1809566,-8.09108,0.9999577,1.9781466e-05,2.2420876e-05,1.6527733e-07,N,N
CF09_Hindi_N_0124.npy,6.770765,-3.3936589,-2.3384907,-6.583182,0.9998493,3.8510694e-05,0.00011062035,1.5863142e-06,N,N
CF04_Hindi_N_0025.npy,7.463012,-3.8436558,-3.2352161,-6.269504,0.9999641,1.2290251e-05,2.2584092e-05,1.0864966e-06,N,N
CF09_English_N_0038.npy,7.4993286,-3.0639033,-3.5883512,-7.352731,0.9999585,2.5848089e-05,1.5299027e-05,3.5466155e-07,N,N
CF02_English_N_0102.npy,7.597336,-3.0763159,-3.5216525,-7.559757,0.99996185,2.3145973e-05,1.4827511e-05,2.6142163e-07,N,N
CM30_Gujarati_N_0069.npy,6.8524203,-0.8306311,-4.1931148,-8.500381,0.9995235,0.0004603479,1.595064e-05,2.1486005e-07,N,N
CF09_Hindi_N_0097.npy,6.8402452,-3.6673012,-2.042317,-6.6192927,0.9998325,2.7324853e-05,0.00013876481,1.4273301e-06,N,N
CF14_Gujarati_N_0059.npy,7.17723,-2.7678835,-2.8308027,-7.8096485,0.99990666,4.7956968e-05,4.5032502e-05,3.0991376e-07,N,N
CF09_Hindi_N_0127.npy,6.8638196,-2.7214463,-2.8848114,-7.316363,0.9998722,6.8725254e-05,5.8367095e-05,6.9433577e-07,N,N
CM05_Hindi_N_0002.npy,7.9456463,-3.1517417,-4.0961146,-7.278569,0.9999788,1.5151523e-05,5.8927803e-06,2.4445444e-07,N,N
CF20_Gujarati_N_0034.npy,7.51296,-3.7406442,-2.6905017,-6.9754643,0.99994946,1.2959849e-05,3.7039998e-05,5.1019396e-07,N,N
CM16_Hindi_N_0016.npy,6.991748,-3.312607,-2.8643873,-7.1796217,0.99991333,3.3484048e-05,5.2420015e-05,7.0051067e-07,N,N
CM05_Hindi_N_0112.npy,7.634887,-2.8791695,-3.8804615,-7.3479424,0.99996257,2.7151056e-05,9.975426e-06,3.1118833e-07,N,N
CM30_English_N_0025.npy,4.4386897,0.22028375,-3.3922508,-5.8875146,0.98507404,0.014502357,0.00039132245,3.227419e-05,N,N
CM16_Hindi_N_0039.npy,7.303454,-3.2889905,-3.2221062,-7.0963078,0.99994755,2.5103662e-05,2.684012e-05,5.574943e-07,N,N
CF04_English_N_0086.npy,6.454064,-3.5025263,-2.205293,-5.9241743,0.999775,4.7403442e-05,0.00017345678,4.2082497e-06,N,N
CF20_Gujarati_N_0041.npy,7.3836274,-3.7467716,-2.9508257,-6.481772,0.99995184,1.4659135e-05,3.2492488e-05,9.512894e-07,N,N
CM05_Hindi_N_0016.npy,7.293496,-1.8030595,-4.205452,-7.624577,0.99987745,0.00011203735,1.0139513e-05,3.319783e-07,N,N
CM05_English_N_0054.npy,9.391125,-3.0349352,-4.723438,-9.7307625,0.99999523,4.0126265e-06,7.4151706e-07,4.959842e-09,N,N
CF18_English_N_0015.npy,5.9067826,-2.7773383,-1.8480027,-7.1277585,0.99940026,0.00016915059,0.000428429,2.1822784e-06,N,N
CM35_English_N_0035.npy,8.156396,-3.0542202,-3.9392009,-7.7818785,0.9999807,1.3529536e-05,5.583942e-06,1.1969803e-07,N,N
CM16_Hindi_N_0045.npy,7.282436,-3.5291243,-2.8902342,-7.151402,0.9999411,2.0163861e-05,3.819793e-05,5.3881325e-07,N,N
CM05_English_N_0095.npy,6.5822787,-0.18363738,-4.1365147,-9.388045,0.9988267,0.0011510394,2.209923e-05,1.1578885e-07,N,N
CM03_English_N_0014.npy,6.211762,-1.4735179,-3.1761618,-7.345534,0.99945575,0.00045929206,8.368351e-05,1.2939121e-06,N,N
CF09_Hindi_N_0108.npy,5.901721,-3.0725398,-1.8497356,-6.062093,0.99943715,0.00012655629,0.0004298734,6.367034e-06,N,N
CM38_English_N_0135.npy,7.356272,-2.9593763,-3.6063724,-7.2449794,0.9999491,3.3109183e-05,1.7336517e-05,4.5575862e-07,N,N
CF09_Hindi_N_0159.npy,6.761748,-3.5231721,-2.6616979,-6.083528,0.99988234,3.4140117e-05,8.079759e-05,2.6382531e-06,N,N
CF04_English_N_0038.npy,7.42448,-2.9262636,-3.1864152,-7.6008296,0.999943,3.1967196e-05,2.4644616e-05,2.9824022e-07,N,N
CF20_Gujarati_N_0057.npy,7.0344024,-3.4310486,-2.7304635,-6.9827094,0.9999132,2.850195e-05,5.742949e-05,8.1734987e-07,N,N
CF09_Hindi_N_0145.npy,8.001089,-3.8486507,-3.4113257,-6.9893174,0.9999815,7.14028e-06,1.1057153e-05,3.0884556e-07,N,N
CF04_Hindi_N_0002.npy,6.6936913,-3.8850436,-1.7684265,-6.4309006,0.9997613,2.5445439e-05,0.00021127354,1.9950717e-06,N,N
CF04_Hindi_N_0100.npy,7.2282534,-3.9911103,-2.409492,-6.5983844,0.99992037,1.3410886e-05,6.521477e-05,9.888562e-07,N,N
CF02_English_N_0062.npy,7.5732427,-3.6151814,-2.843259,-7.629701,0.999956,1.3832798e-05,2.9933091e-05,2.4970447e-07,N,N
CM30_Gujarati_N_0052.npy,7.4186673,-1.4057705,-4.3678946,-8.529881,0.99984515,0.00014707132,7.6049073e-06,1.18458615e-07,N,N
CM38_English_N_0037.npy,7.9006076,-1.6312838,-4.407001,-8.85051,0.9999229,7.249682e-05,4.5168954e-06,5.3094375e-08,N,N
CF04_Hindi_N_0092.npy,7.6077695,-3.857557,-3.0662842,-7.016874,0.9999659,1.0487144e-05,2.3136774e-05,4.4522884e-07,N,N
CM05_Hindi_N_0067.npy,5.605211,-0.0120946355,-3.7701468,-7.488724,0.99629253,0.0036209472,8.447356e-05,2.050044e-06,N,N
CM35_English_N_0118.npy,7.6110816,-2.914324,-3.772908,-7.346743,0.9999615,2.6844642e-05,1.1375736e-05,3.1906748e-07,N,N
CF09_Hindi_N_0091.npy,7.090833,-3.007844,-3.0953379,-6.5951166,0.99992,4.1130665e-05,3.7684917e-05,1.1382377e-06,N,N
CM05_Hindi_N_0024.npy,8.607332,-3.5385964,-4.144655,-7.9695525,0.9999918,5.309905e-06,2.8965342e-06,6.3204304e-08,N,N
CF02_Gujarati_N_0028.npy,6.938291,-3.2598186,-2.6306887,-6.769549,0.99989176,3.723662e-05,6.98551e-05,1.1135603e-06,N,N
CF04_English_N_0054.npy,8.686964,-3.8976223,-3.860015,-7.827746,0.99999297,3.4243697e-06,3.5556025e-06,6.7258895e-08,N,N
CF14_Gujarati_N_0018.npy,7.653565,-3.4057114,-2.9719605,-7.5982327,0.9999597,1.5739819e-05,2.4287086e-05,2.3779951e-07,N,N
CM03_English_N_0003.npy,7.5922203,-1.7536803,-4.1832914,-8.567163,0.9999049,8.731436e-05,7.689869e-06,9.594613e-08,N,N
CF04_English_N_0021.npy,7.1641755,-3.3216147,-2.8064961,-6.8391304,0.99992454,2.7928421e-05,4.6747624e-05,8.2872214e-07,N,N
CM35_English_N_0047.npy,7.804077,-2.6980774,-4.025999,-7.981216,0.9999651,2.747623e-05,7.2819557e-06,1.3948224e-07,N,N
CM35_English_N_0109.npy,8.150408,-3.2064114,-3.9060383,-7.818177,0.99998236,1.1689298e-05,5.8069e-06,1.1612454e-07,N,N
CM05_English_N_0009.npy,7.4851313,-2.775712,-3.9762893,-6.9498224,0.999954,3.4974575e-05,1.0528064e-05,5.382193e-07,N,N
CM27_Gujarati_N_0035.npy,7.3594913,-3.9424646,-2.4632816,-7.1997023,0.9999329,1.2347916e-05,5.4199438e-05,4.7532802e-07,N,N
CM38_English_N_0114.npy,7.3172784,-1.4325254,-4.198554,-8.426562,0.9998313,0.00015846571,9.969286e-06,1.453662e-07,N,N
CF14_Hindi_N_0109.npy,6.634178,-2.8220928,-2.6260278,-7.341401,0.9998259,7.818402e-05,9.511914e-05,8.519369e-07,N,N
CM24_Gujarati_N_0038.npy,7.598435,-2.8391411,-3.9174113,-7.172214,0.9999603,2.9308998e-05,9.970439e-06,3.8474363e-07,N,N
CF18_English_N_0055.npy,7.091247,-3.4655282,-2.8729458,-6.9934926,0.9999261,2.6014695e-05,4.7051526e-05,7.639117e-07,N,N
CF04_English_N_0085.npy,7.4452105,-3.3831642,-3.0657394,-7.2392936,0.99995255,1.9827865e-05,2.7235279e-05,4.1935374e-07,N,N
CF04_English_N_0017.npy,8.12929,-4.0362654,-3.3121593,-7.338565,0.9999839,5.206665e-06,1.0740754e-05,1.915972e-07,N,N
CM35_English_N_0078.npy,8.169929,-3.6946037,-3.594393,-8.024678,0.9999851,7.0354604e-06,7.777029e-06,9.263288e-08,N,N
CM16_Hindi_N_0027.npy,8.027867,-3.6124477,-3.775572,-7.5476475,0.99998355,8.803761e-06,7.4786694e-06,1.7204131e-07,N,N
CF09_Hindi_N_0161.npy,6.6108994,-2.8733246,-2.8938265,-6.413352,0.9998473,7.603042e-05,7.4487514e-05,2.2058348e-06,N,N
CF09_English_N_0036.npy,7.7912345,-3.4327226,-3.3448212,-7.7952485,0.999972,1.3350122e-05,1.4576733e-05,1.7016268e-07,N,N
CM05_Hindi_N_0096.npy,6.979419,-1.6087084,-3.8657308,-7.995438,0.99979395,0.00018626629,1.9494932e-05,3.136264e-07,N,N
CM38_English_N_0134.npy,7.3639426,-1.0899717,-4.2236156,-9.134059,0.9997776,0.00021301732,9.278774e-06,6.8377396e-08,N,N
CF14_Hindi_N_0149.npy,6.256598,-2.7176464,-3.3371,-5.060361,0.9997931,0.00012660342,6.814277e-05,1.216234e-05,N,N
CM16_Hindi_N_0076.npy,6.190296,-1.9507725,-2.8733788,-7.130752,0.9995914,0.00029120673,0.00011574933,1.6389457e-06,N,N
CM30_Gujarati_N_0006.npy,6.4041657,-1.569153,-3.6691449,-7.021646,0.9996119,0.00034439997,4.217432e-05,1.4759629e-06,N,N
CM24_Gujarati_N_0056.npy,6.637971,-2.5184681,-2.8566606,-7.1953807,0.99981827,0.00010551889,7.5241056e-05,9.82139e-07,N,N
CM35_English_N_0003.npy,7.529668,-3.0384457,-3.932344,-6.433821,0.9999629,2.5722347e-05,1.0521935e-05,8.6241727e-07,N,N
CF20_Gujarati_N_0058.npy,7.041534,-3.555585,-2.537983,-6.957472,0.999905,2.4985538e-05,6.912373e-05,8.322764e-07,N,N
CM27_Gujarati_N_0024.npy,8.24451,-3.493324,-3.8825235,-7.6057067,0.9999865,7.9857855e-06,5.4111624e-06,1.3071724e-07,N,N
CM38_English_N_0103.npy,7.9580903,-2.070853,-4.39774,-8.865822,0.9999516,4.4102617e-05,4.304375e-06,4.9368165e-08,N,N
CM30_English_N_0003.npy,7.715082,-2.287823,-4.0007143,-8.4342375,0.9999465,4.5265817e-05,8.163399e-06,9.692075e-08,N,N
CF20_Gujarati_N_0003.npy,7.393056,-3.0319188,-2.9042897,-7.4848685,0.9999362,2.9679966e-05,3.3720324e-05,3.455986e-07,N,N
CM30_Gujarati_N_0032.npy,4.5442014,0.43910557,-3.0687068,-6.7414527,0.98328906,0.016212901,0.00048577716,1.2341953e-05,N,N
CM05_Hindi_N_0103.npy,6.0965734,-2.4189544,-3.123519,-5.764472,0.99969363,0.00020027198,9.899916e-05,7.0579754e-06,N,N
CM35_English_N_0019.npy,8.159469,-3.3317254,-3.8159559,-7.8930697,0.9999833,1.02195245e-05,6.2969734e-06,1.0677366e-07,N,N
CM03_English_N_0028.npy,5.5656343,-2.007854,-2.0615225,-6.738852,0.9989955,0.00051338045,0.0004865545,4.526818e-06,N,N
CF02_Gujarati_N_0052.npy,7.719551,-3.8957243,-3.0162055,-6.936373,0.9999689,9.026855e-06,2.1752368e-05,4.3151874e-07,N,N
CF02_English_N_0003.npy,6.7241383,-3.1851916,-2.3782954,-6.9117455,0.99983776,4.9700648e-05,0.000111376256,1.1965769e-06,N,N
CM30_English_N_0058.npy,6.202206,-2.1062143,-2.828296,-7.6638327,0.9996331,0.00024634265,0.00011965843,9.5037785e-07,N,N
CF04_Hindi_N_0128.npy,7.148587,-3.3789854,-2.6405275,-7.4306355,0.9999167,2.6785337e-05,5.605382e-05,4.658948e-07,N,N
CM05_English_N_0027.npy,5.4001493,-1.2216313,-2.5777423,-7.027238,0.9983248,0.0013288292,0.00034238715,4.0006094e-06,N,N
CM05_English_N_0053.npy,7.979052,-2.4767666,-4.077029,-8.29828,0.9999653,2.877934e-05,5.8089167e-06,8.52765e-08,N,N
CM30_Gujarati_N_0017.npy,6.3734703,-0.3375419,-4.272304,-8.1158085,0.99875975,0.0012159211,2.3771674e-05,5.091517e-07,N,N
CF09_English_N_0058.npy,6.864889,-3.3376756,-2.9768536,-6.152516,0.9999075,3.7071695e-05,5.3179636e-05,2.2211243e-06,N,N
CF20_Gujarati_N_0056.npy,6.077245,-2.7346013,-2.0698607,-6.80082,0.9995591,0.00014889224,0.00028944443,2.5523243e-06,N,N
CM16_Hindi_N_0003.npy,7.113404,-3.3547018,-2.6975942,-7.523288,0.9999163,2.8426493e-05,5.4840493e-05,4.3987478e-07,N,N
CM35_English_N_0052.npy,5.5115275,-2.0451443,-2.0522225,-6.534921,0.9989537,0.00052206474,0.0005183825,5.8592113e-06,N,N
CM27_Gujarati_N_0041.npy,6.8282228,-3.1806154,-2.4485512,-7.072254,0.9998605,4.499415e-05,9.355951e-05,9.184156e-07,N,N
CF14_English_N_0006.npy,5.9010177,-2.6085706,-2.0408614,-6.625392,0.99943966,0.00020141386,0.00035533847,3.6274898e-06,N,N
CF09_Hindi_N_0156.npy,7.351756,-3.279698,-3.1511915,-7.426632,0.999948,2.4143234e-05,2.7453973e-05,3.8177285e-07,N,N
CM03_English_N_0015.npy,4.3317723,-1.1012809,-2.1143668,-6.1031413,0.9940498,0.004343733,0.001577195,2.9213443e-05,N,N
CM38_English_N_0001.npy,7.36229,-3.207404,-3.272599,-6.931126,0.9999496,2.568139e-05,2.40605e-05,6.2004955e-07,N,N
CM05_Hindi_N_0041.npy,8.298859,-2.903952,-4.2148333,-7.9697595,0.9999826,1.3635584e-05,3.675912e-06,8.6024386e-08,N,N
CF02_English_N_0072.npy,8.245744,-3.7100651,-3.3113835,-7.86887,0.9999839,6.4217193e-06,9.567458e-06,1.0034731e-07,N,N
CM24_Gujarati_N_0049.npy,7.686807,-2.9703414,-4.093109,-7.1905284,0.9999685,2.3531282e-05,7.656557e-06,3.4581322e-07,N,N
CM05_Hindi_N_0075.npy,5.131394,0.15332037,-4.3666635,-6.0420794,0.993072,0.0068396023,7.44778e-05,1.3944497e-05,N,N
CM16_Hindi_N_0020.npy,7.8070197,-3.3692214,-3.2008913,-7.7102613,0.99996924,1.4002541e-05,1.6569591e-05,1.8235485e-07,N,N
CM30_Gujarati_N_0002.npy,7.0264215,-0.86794657,-4.2703433,-8.197778,0.9996146,0.0003726937,1.2408239e-05,2.443694e-07,N,N
CF09_Hindi_N_0048.npy,7.328903,-3.5247257,-2.968772,-7.106749,0.99994636,1.9333278e-05,3.370957e-05,5.378396e-07,N,N
CF18_English_N_0019.npy,6.4222727,-2.9970245,-2.1884513,-7.179095,0.99973553,8.1121565e-05,0.00018209392,1.2384716e-06,N,N
CM05_Hindi_N_0117.npy,7.139338,-1.8240787,-3.8509164,-7.5595417,0.9998548,0.00012798951,1.6862816e-05,4.1332797e-07,N,N
CF20_Gujarati_N_0043.npy,8.027229,-3.9423358,-3.111748,-7.668908,0.999979,6.333951e-06,1.45343165e-05,1.524913e-07,N,N
CM24_Gujarati_N_0065.npy,7.124942,-2.4294608,-3.5737476,-8.11427,0.9999063,7.0881855e-05,2.2572389e-05,2.407984e-07,N,N
CM24_Gujarati_N_0001.npy,7.0097485,-3.189915,-3.1960442,-6.0794735,0.9999238,3.718001e-05,3.6952817e-05,2.067236e-06,N,N
CF04_Hindi_N_0136.npy,7.4963555,-3.64727,-3.0463896,-6.9382477,0.99995863,1.446662e-05,2.6383099e-05,5.3841075e-07,N,N
CF14_English_N_0017.npy,5.949323,-2.435368,-2.2460313,-7.3152266,0.9994942,0.00022822077,0.0002757929,1.7340425e-06,N,N
CM35_English_N_0095.npy,9.002602,-3.1786163,-4.594625,-8.526958,0.9999937,5.1257975e-06,1.2439318e-06,2.4378446e-08,N,N
CM05_Hindi_N_0083.npy,5.1529484,0.70333934,-4.0777574,-7.5089025,0.98835295,0.011547062,9.684288e-05,3.1328534e-06,N,N
CF09_Hindi_N_0164.npy,6.8776584,-3.090581,-2.8088105,-6.8992047,0.99988997,4.6859874e-05,6.211152e-05,1.0392896e-06,N,N
CM27_Gujarati_N_0059.npy,7.0685015,-2.5424323,-3.9562614,-6.2692533,0.9999151,6.6986584e-05,1.6291811e-05,1.6123141e-06,N,N
CF04_English_N_0009.npy,8.221276,-3.785305,-3.6863513,-7.5261216,0.999987,6.103829e-06,6.7387227e-06,1.4487256e-07,N,N
CF14_Gujarati_N_0053.npy,7.463667,-3.6933815,-2.8680341,-7.3439727,0.9999528,1.4273648e-05,3.258207e-05,3.7076876e-07,N,N
CM35_English_N_0060.npy,8.589658,-3.2968557,-4.280159,-8.586511,0.99999046,6.882537e-06,2.5745744e-06,3.4712087e-08,N,N
CF14_Hindi_N_0117.npy,7.2422433,-3.2269664,-2.939052,-6.619018,0.99993277,2.8395585e-05,3.7869573e-05,9.552157e-07,N,N
CF14_English_N_0015.npy,4.4823756,-2.2801206,-0.9562723,-5.740361,0.99449253,0.0011499708,0.0043214234,3.613462e-05,N,N
CF04_Hindi_N_0038.npy,7.5382876,-3.8479388,-2.781436,-6.9192443,0.99995506,1.135024e-05,3.2974764e-05,5.26204e-07,N,N
CM03_English_N_0054.npy,5.059571,0.2362884,-3.1307333,-8.096491,0.99174905,0.007974013,0.00027504138,1.9177721e-06,N,N
CM30_English_N_0001.npy,6.853312,-3.0860145,-3.058911,-6.613987,0.9999007,4.8235004e-05,4.9560218e-05,1.4163919e-06,N,N
CM27_Gujarati_N_0001.npy,7.0390725,-2.9905593,-2.9923878,-7.049945,0.9999112,4.407048e-05,4.3989985e-05,7.6063924e-07,N,N
CM16_Hindi_N_0053.npy,6.4354086,-3.057686,-2.0514817,-7.451574,0.99971765,7.534923e-05,0.00020609502,9.3076005e-07,N,N
CM38_English_N_0119.npy,8.313583,-3.0475545,-4.22253,-8.1537695,0.99998474,1.1638958e-05,3.594416e-06,7.052003e-08,N,N
CF14_Hindi_N_0128.npy,7.7050066,-3.4662867,-3.355715,-7.7539973,0.99996996,1.4072003e-05,1.5717254e-05,1.9329786e-07,N,N
CM38_English_N_0022.npy,6.7825484,-0.6966823,-4.266504,-8.152059,0.99941945,0.0005643637,1.5892982e-05,3.2638528e-07,N,N
CM30_Gujarati_N_0033.npy,2.0150805,1.895234,-2.3216586,-5.597692,0.52614135,0.46671715,0.00688146,0.00025996647,N,N
CM03_English_N_0082.npy,6.9744625,-1.8300261,-3.723019,-7.85279,0.99982697,0.00015003195,2.2597887e-05,3.6352222e-07,N,N
CM03_English_N_0025.npy,6.0733256,-1.1042331,-3.347604,-7.45343,0.9991548,0.0007628841,8.094218e-05,1.3336356e-06,N,N
CM03_English_N_0068.npy,4.5627747,-0.17588913,-2.5140188,-6.2247696,0.99047613,0.008666995,0.00083643384,2.0458467e-05,N,N
CM27_Gujarati_N_0066.npy,6.319379,-2.8059127,-2.8929389,-5.6369157,0.999785,0.00010885359,9.978103e-05,6.417319e-06,N,N
CF09_English_N_0048.npy,6.861632,-3.11013,-2.6618261,-6.629723,0.9998789,4.6694564e-05,7.31075e-05,1.382695e-06,N,N
CF14_Hindi_N_0013.npy,7.0092406,-3.1687684,-2.7754984,-7.128155,0.999905,3.7993173e-05,5.6299014e-05,7.247125e-07,N,N
CM38_English_N_0102.npy,7.6426406,-1.3479505,-4.5493135,-8.56169,0.9998702,0.00012456028,5.0704375e-06,9.172598e-08,N,N
CM16_Hindi_N_0015.npy,6.730131,-2.6660466,-2.5767803,-7.4180546,0.9998254,8.3026396e-05,9.077868e-05,7.168779e-07,N,N
CF02_English_N_0047.npy,7.974429,-3.642113,-3.3891938,-7.0046763,0.99997914,9.015523e-06,1.1610003e-05,3.123549e-07,N,N
CF02_English_N_0045.npy,8.0199795,-3.945554,-3.0970922,-7.669703,0.99997854,6.3595385e-06,1.4856209e-05,1.5347878e-07,N,N
CM35_English_N_0046.npy,6.9397564,-3.0537841,-2.8626828,-7.341234,0.9998983,4.568948e-05,5.531091e-05,6.277698e-07,N,N
CM03_English_N_0053.npy,6.0861135,-1.4368981,-2.8903158,-7.252681,0.9993319,0.0005401412,0.00012626883,1.6096994e-06,N,N
CF14_English_N_0025.npy,6.7003474,-2.78837,-2.437781,-7.3397584,0.999816,7.568723e-05,0.00010746855,7.9869244e-07,N,N
CM35_English_N_0128.npy,9.553122,-3.413586,-4.7367063,-9.3839855,0.999997,2.3368416e-06,6.223082e-07,5.966472e-09,N,N
CF09_Hindi_N_0073.npy,6.90677,-2.7467113,-3.6883044,-6.246115,0.9999088,6.41958e-05,2.503675e-05,1.9397012e-06,N,N
CM05_Hindi_N_0001.npy,7.5636487,-2.8884597,-3.8704352,-7.524888,0.99995995,2.8886147e-05,1.0819895e-05,2.799717e-07,N,N
CF02_English_N_0090.npy,7.044356,-2.6186922,-3.1244586,-7.2516103,0.99989736,6.358389e-05,3.8343816e-05,6.1843804e-07,N,N
CM16_Hindi_N_0074.npy,7.4560037,-3.153491,-3.3408918,-7.1690364,0.99995434,2.4679422e-05,2.0461988e-05,4.450471e-07,N,N
CF09_Hindi_N_0037.npy,8.1964445,-3.71706,-3.3477862,-7.417256,0.99998343,6.699209e-06,9.691638e-06,1.6559555e-07,N,N
CF20_Gujarati_N_0020.npy,7.6838274,-3.6659944,-2.716352,-7.618629,0.99995756,1.1771084e-05,3.0425748e-05,2.2605256e-07,N,N
CM03_English_N_0070.npy,5.933257,-0.9679081,-3.2987833,-7.531147,0.9988953,0.0010055001,9.774527e-05,1.4190692e-06,N,N
CF14_Hindi_N_0129.npy,6.644496,-2.9115639,-3.0598328,-6.236716,0.99986565,7.076159e-05,6.1010604e-05,2.5450847e-06,N,N
CM05_English_N_0039.npy,7.736796,-2.5618014,-3.9955516,-7.954138,0.99995816,3.3678894e-05,8.029492e-06,1.5328375e-07,N,N
CF09_Hindi_N_0083.npy,7.2204084,-3.2042677,-3.0517845,-6.789735,0.9999349,2.968879e-05,3.4579207e-05,8.230834e-07,N,N
CF09_English_N_0049.npy,7.9643598,-3.949066,-3.1024048,-7.8640985,0.9999776,6.6997e-06,1.5622674e-05,1.3359123e-07,N,N
CM38_English_N_0115.npy,7.365804,-1.0240273,-4.468632,-8.723339,0.9997656,0.00022711228,7.248827e-06,1.02913376e-07,N,N
CF09_Hindi_N_0056.npy,7.886501,-3.3032262,-3.7598343,-7.3796196,0.99997723,1.3815083e-05,8.750862e-06,2.3442182e-07,N,N
CM35_English_N_0105.npy,7.434523,-3.0795362,-3.621695,-7.3033085,0.9999567,2.7150847e-05,1.5787982e-05,3.975781e-07,N,N
CM05_English_N_0071.npy,6.582523,-1.9431822,-3.391709,-7.6182404,0.9997545,0.00019825612,4.6573572e-05,6.801114e-07,N,N
CF14_Hindi_N_0033.npy,7.3222985,-3.3611066,-3.0142207,-7.0147333,0.9999441,2.2920913e-05,3.242519e-05,5.935833e-07,N,N
CF04_English_N_0079.npy,6.312311,-3.9047582,-1.6461967,-6.030108,0.99960965,3.6526955e-05,0.00034953796,4.3610003e-06,N,N
CM27_Gujarati_N_0068.npy,7.3339505,-3.1101842,-3.395033,-6.9519553,0.99994826,2.9117056e-05,2.1899767e-05,6.2472293e-07,N,N
CF02_Gujarati_N_0005.npy,7.718549,-3.055853,-3.4140482,-7.554594,0.9999641,2.0927686e-05,1.4627125e-05,2.3277843e-07,N,N
CM05_Hindi_N_0021.npy,8.232544,-2.4134552,-4.424514,-8.07434,0.99997294,2.3795217e-05,3.1849154e-06,8.279387e-08,N,N
CM38_English_N_0030.npy,7.1691294,-0.9571842,-4.4548926,-8.742323,0.9996954,0.00029556616,8.945802e-06,1.2291696e-07,N,N
CF04_Hindi_N_0086.npy,7.748326,-3.7123296,-3.0995457,-7.555502,0.99996984,1.0536287e-05,1.9445362e-05,2.2574554e-07,N,N
CF14_Hindi_N_0074.npy,7.128399,-3.6065147,-2.4832418,-6.9331913,0.9999105,2.1769443e-05,6.693888e-05,7.8178994e-07,N,N
CF09_English_N_0041.npy,8.034642,-3.5665612,-3.6795838,-7.267559,0.99998236,9.154897e-06,8.176524e-06,2.2611572e-07,N,N
CF04_English_N_0010.npy,7.5780816,-3.8094323,-2.9298189,-7.127313,0.9999609,1.1335704e-05,2.7318694e-05,4.1068725e-07,N,N
CM03_English_N_0032.npy,7.542922,-3.5536056,-3.2877889,-6.9522624,0.9999646,1.5164362e-05,1.9781828e-05,5.0676454e-07,N,N
CF04_Hindi_N_0040.npy,8.450401,-3.8698914,-3.7155638,-7.007944,0.9999901,4.460265e-06,5.2045625e-06,1.93429e-07,N,N
CF04_Hindi_N_0098.npy,8.451696,-3.8282907,-3.7229686,-7.9612355,0.9999901,4.6437085e-06,5.159477e-06,7.4464644e-08,N,N
CF14_Hindi_N_0145.npy,6.24225,-3.03586,-2.420744,-6.286263,0.99973017,9.342231e-05,0.00017281927,3.6209187e-06,N,N
CF14_English_N_0022.npy,6.5246425,-2.794271,-3.0982087,-6.2347884,0.9998412,8.969709e-05,6.6188084e-05,2.8746213e-06,N,N
CF04_English_N_0070.npy,7.177623,-3.7567375,-2.4957657,-6.6759534,0.9999182,1.7833312e-05,6.293109e-05,9.625707e-07,N,N
CF02_English_N_0089.npy,6.913105,-3.0113037,-3.000034,-6.7815127,0.99990046,4.8959926e-05,4.9514805e-05,1.1283911e-06,N,N
CF02_English_N_0094.npy,7.937646,-3.311231,-3.701579,-7.7721696,0.99997807,1.3021633e-05,8.813315e-06,1.5041948e-07,N,N
CM30_English_N_0051.npy,8.536744,-3.2972763,-4.027182,-8.675221,0.9999893,7.2534644e-06,3.495838e-06,3.3491432e-08,N,N
CF04_Hindi_N_0006.npy,7.80922,-4.3213134,-2.961605,-6.6842327,0.9999732,5.392184e-06,2.1002874e-05,5.076473e-07,N,N
CM05_English_N_0083.npy,5.943094,-0.5677695,-3.4092577,-8.263944,0.99842787,0.0014848572,8.662479e-05,6.7496137e-07,N,N
CM05_English_N_0088.npy,7.6695533,-2.0574515,-4.3480086,-8.82447,0.9999342,5.9646754e-05,6.036853e-06,6.8660746e-08,N,N
CF18_English_N_0026.npy,7.15026,-3.3499918,-2.5595822,-7.513432,0.9999113,2.7527078e-05,6.0677878e-05,4.2815475e-07,N,N
CF09_English_N_0029.npy,7.7392383,-3.2771153,-3.2577906,-7.6166224,0.9999665,1.6430238e-05,1.6750846e-05,2.1429888e-07,N,N
CM35_English_N_0090.npy,8.214407,-3.5259244,-3.689704,-7.699317,0.9999851,7.965853e-06,6.7624464e-06,1.2267357e-07,N,N
CM16_Hindi_N_0046.npy,6.3951874,-2.4711907,-2.6613307,-6.986403,0.9997409,0.00014101605,0.00011659809,1.5428966e-06,N,N
CM38_English_N_0060.npy,7.407657,-2.9778972,-3.4722486,-7.144304,0.9999498,3.087374e-05,1.8831945e-05,4.787865e-07,N,N
CF02_Gujarati_N_0033.npy,7.584171,-3.6622055,-2.908969,-7.6470575,0.9999589,1.3053985e-05,2.772488e-05,2.4274144e-07,N,N
CF02_English_N_0039.npy,4.873611,-2.68283,-1.1870548,-5.7064834,0.99712735,0.00052123057,0.002326146,2.5343936e-05,N,N
CM05_Hindi_N_0120.npy,6.2997084,-2.2256749,-2.5374846,-7.6799436,0.9996557,0.00019830045,0.0001451799,8.483295e-07,N,N
CF02_English_N_0014.npy,6.8298173,-3.0622025,-2.9018452,-7.0560565,0.99988914,5.057111e-05,5.9366906e-05,9.3195183e-07,N,N
CM30_English_N_0022.npy,5.4263797,0.08488096,-3.7855957,-7.0884805,0.99513173,0.004765375,9.9350626e-05,3.6538095e-06,N,N
CF02_English_N_0055.npy,6.788676,-3.1930647,-3.0327218,-6.3182225,0.9998975,4.6231762e-05,5.4272103e-05,2.0309624e-06,N,N
CM30_English_N_0034.npy,5.68359,0.36956507,-4.1536317,-7.662617,0.99504757,0.004897699,5.3160984e-05,1.5909624e-06,N,N
CF14_English_N_0031.npy,7.9153495,-3.7420106,-3.2968771,-7.2722287,0.9999776,8.654922e-06,1.3507718e-05,2.5357645e-07,N,N
CF14_Hindi_N_0083.npy,7.9207788,-3.470258,-3.2996542,-7.317536,0.9999751,1.1296001e-05,1.3397289e-05,2.410312e-07,N,N
CF14_Hindi_N_0035.npy,7.0570188,-3.6199315,-2.5573769,-6.642711,0.99990904,2.3068524e-05,6.6754685e-05,1.1226475e-06,N,N
CF09_Hindi_N_0137.npy,6.826089,-3.4836016,-1.9915003,-7.099466,0.9998178,3.3302676e-05,0.00014807803,8.9563173e-07,N,N
CF20_Gujarati_N_0002.npy,4.5603747,-2.3199573,-1.4658825,-4.8183093,0.9964856,0.0010241907,0.0024060279,8.420935e-05,N,N
CF04_Hindi_N_0083.npy,6.56123,-3.7009919,-1.9364818,-5.89454,0.99975723,3.4919503e-05,0.0002038849,3.8942353e-06,N,N
CM27_Gujarati_N_0026.npy,7.79437,-3.469713,-3.336168,-7.2911363,0.9999722,1.2825044e-05,1.4657392e-05,2.80825e-07,N,N
CM05_English_N_0091.npy,7.122584,-2.171107,-4.216766,-7.124349,0.99989545,9.1993265e-05,1.1894264e-05,6.495165e-07,N,N
CM30_Gujarati_N_0008.npy,3.4592469,1.1389937,-3.3929577,-5.404993,0.909548,0.08936191,0.000961504,0.00012856869,N,N
CM30_English_N_0052.npy,7.42507,-1.0679382,-4.4857616,-8.669092,0.99978834,0.0002048527,6.71583e-06,1.0240056e-07,N,N
CM27_Gujarati_N_0045.npy,7.2966323,-3.3041968,-3.0885801,-6.5768714,0.99994326,2.4893947e-05,3.088411e-05,9.436029e-07,N,N
CM38_English_N_0027.npy,6.9857893,-2.3893566,-3.4464235,-7.318515,0.9998851,8.479611e-05,2.9464403e-05,6.1329547e-07,N,N
CM16_Hindi_N_0031.npy,7.536009,-3.1183155,-3.277943,-7.733542,0.999956,2.359753e-05,2.0115993e-05,2.3361433e-07,N,N
CF14_Hindi_N_0078.npy,7.5741444,-3.462682,-3.7133718,-5.9358726,0.9999701,1.6097347e-05,1.2527986e-05,1.3572537e-06,N,N
CM27_Gujarati_N_0037.npy,6.946337,-2.7503169,-3.016235,-7.187017,0.9998907,6.1482155e-05,4.7126203e-05,7.2763703e-07,N,N
CF02_English_N_0064.npy,7.5677133,-3.1061509,-3.406578,-7.0274544,0.99995923,2.3140989e-05,1.7135955e-05,4.5854475e-07,N,N
CF14_Hindi_N_0045.npy,7.109561,-3.5755177,-2.2877748,-6.984317,0.9998934,2.2881424e-05,8.293589e-05,7.569381e-07,N,N
CF14_Gujarati_N_0007.npy,7.000443,-3.3053153,-2.540195,-7.1776905,0.999894,3.3436434e-05,7.186337e-05,6.957753e-07,N,N
CM16_Hindi_N_0044.npy,7.9948554,-3.2501726,-3.785172,-7.266568,0.999979,1.3071863e-05,7.65579e-06,2.355261e-07,N,N
CM05_English_N_0073.npy,5.1647305,0.04658946,-3.74698,-7.171487,0.9939109,0.005950685,0.00013398021,4.36311e-06,N,N
CF02_Gujarati_N_0061.npy,6.9949203,-2.9128854,-2.7878551,-7.5362825,0.9998933,4.9779257e-05,5.640896e-05,4.8880173e-07,N,N
CF04_English_N_0024.npy,7.642253,-3.572261,-3.1770017,-6.8569026,0.999966,1.3476707e-05,2.0009791e-05,5.047569e-07,N,N
CF09_Hindi_N_0085.npy,8.244705,-3.638781,-3.8657823,-7.7541103,0.9999875,6.9033877e-06,5.501447e-06,1.12667145e-07,N,N
CF04_Hindi_N_0022.npy,8.232124,-3.5960648,-3.7349524,-7.272173,0.9999862,7.295866e-06,6.3497755e-06,1.8474097e-07,N,N
CM05_English_N_0069.npy,7.8107786,-2.4597523,-4.0167217,-8.203342,0.9999579,3.4637527e-05,7.300685e-06,1.10952456e-07,N,N
CF04_English_N_0080.npy,7.7394896,-3.5328112,-2.9831977,-7.7976546,0.9999651,1.2719992e-05,2.2038455e-05,1.787677e-07,N,N
CF02_English_N_0032.npy,7.071653,-3.1390088,-3.0881689,-7.143954,0.9999238,3.6773316e-05,3.869123e-05,6.7020454e-07,N,N
CF14_Hindi_N_0113.npy,6.3020544,-3.1340144,-2.249471,-6.169889,0.99972314,7.977141e-05,0.00019319664,3.831632e-06,N,N
CM03_English_N_0017.npy,6.4450965,-2.2697403,-3.221624,-6.7855954,0.9997708,0.0001640948,6.334278e-05,1.7942542e-06,N,N
CF09_English_N_0033.npy,8.234909,-3.919302,-3.413037,-7.647318,0.99998593,5.2660757e-06,8.7368535e-06,1.2659903e-07,N,N
CF04_Hindi_N_0121.npy,5.572799,-2.329353,-2.2823956,-6.0516453,0.99923396,0.00036966315,0.0003874354,8.937887e-06,N,N
CM03_English_N_0037.npy,7.6614494,-2.438967,-3.976417,-7.6988626,0.99994993,4.1060408e-05,8.825044e-06,2.1334365e-07,N,N
CM03_English_N_0059.npy,5.7652564,-2.476449,-2.6446154,-5.59829,0.99950254,0.00026330366,0.00022254758,1.1605355e-05,N,N
CF09_Hindi_N_0010.npy,7.298198,-3.6232154,-2.663035,-6.875,0.9999341,1.8065992e-05,4.7191395e-05,6.99245e-07,N,N
CF04_Hindi_N_0068.npy,7.445916,-3.8162808,-2.5903335,-7.3788953,0.999943,1.2848872e-05,4.3781198e-05,3.6445275e-07,N,N
CF09_Hindi_N_0101.npy,7.533066,-3.3857474,-3.1034508,-7.2996655,0.99995744,1.8113442e-05,2.4021552e-05,3.6158318e-07,N,N
CM05_English_N_0067.npy,4.574423,0.57999706,-3.190494,-6.87924,0.9814958,0.01807721,0.00041651237,1.0414198e-05,N,N
CM27_Gujarati_N_0017.npy,7.0481367,-3.4486635,-2.6452606,-6.8454413,0.9999099,2.7622207e-05,6.1683895e-05,9.248192e-07,N,N
CM03_English_N_0091.npy,6.3269067,-0.8089161,-3.877327,-7.853736,0.99916697,0.0007954074,3.698247e-05,6.9352643e-07,N,N
CM30_Gujarati_N_0025.npy,1.2956058,2.022247,-1.4599466,-5.0236273,0.31913218,0.6600045,0.020288475,0.00057486055,L,N
CF14_Hindi_N_0015.npy,7.230248,-3.2921984,-2.6888704,-7.289485,0.99992335,2.692317e-05,4.922074e-05,4.944548e-07,N,N
CM30_English_N_0004.npy,5.2427163,-1.177027,-3.2167397,-6.244452,0.9981522,0.0016260638,0.0002114959,1.0241957e-05,N,N
CF18_English_N_0008.npy,5.4629793,-3.0550625,-1.7821766,-4.7551594,0.9990509,0.00019964074,0.00071294565,3.646753e-05,N,N
CM03_English_N_0069.npy,5.5852365,-1.6561235,-3.026701,-6.5890746,0.99909747,0.00071569026,0.0001817569,5.1567004e-06,N,N
CM30_English_N_0041.npy,5.48695,0.2787843,-4.027094,-8.283201,0.994484,0.00544152,7.340085e-05,1.0406319e-06,N,N
CM27_Gujarati_N_0030.npy,6.442521,-2.5500193,-2.3656633,-7.3171034,0.99972516,0.00012429967,0.00014946335,1.0571866e-06,N,N
CF02_Gujarati_N_0018.npy,7.744546,-3.778659,-3.0137625,-7.3579555,0.99996865,9.897423e-06,2.1267302e-05,2.7609184e-07,N,N
CM05_English_N_0056.npy,7.435558,-1.6723288,-4.269721,-7.660411,0.9998807,0.00011077542,8.249172e-06,2.7787692e-07,N,N
CM05_English_N_0061.npy,7.3381476,-1.9044664,-4.3281865,-8.182829,0.9998944,9.681396e-05,8.576885e-06,1.8166844e-07,N,N
CF04_Hindi_N_0043.npy,7.6219087,-4.1049304,-2.6225872,-6.4399714,0.99995565,8.073824e-06,3.5551093e-05,7.8159866e-07,N,N
CF02_English_N_0040.npy,6.8921294,-2.8694518,-2.9556265,-7.0532556,0.99988866,5.761701e-05,5.2859836e-05,8.7810787e-07,N,N
CM35_English_N_0089.npy,7.9246364,-3.3308094,-3.8618953,-7.6272287,0.99997926,1.2936392e-05,7.606159e-06,1.7615785e-07,N,N
CM30_English_N_0029.npy,6.440029,-0.30605018,-4.304245,-8.419663,0.998804,0.0011740732,2.1542757e-05,3.515586e-07,N,N
CM03_English_N_0096.npy,7.085631,-1.7783895,-3.8204424,-8.014546,0.99984,0.00014136289,1.8343533e-05,2.7669842e-07,N,N
CM05_Hindi_N_0025.npy,9.153407,-3.413214,-4.630539,-9.390438,0.99999547,3.486454e-06,1.0320633e-06,8.841134e-09,N,N
CF20_Gujarati_N_0027.npy,7.014672,-3.5124862,-2.8363645,-5.8500886,0.99991786,2.6796484e-05,5.2688243e-05,2.5874376e-06,N,N
CM03_English_N_0006.npy,7.695932,-2.5255532,-3.970837,-7.928054,0.9999548,3.6378584e-05,8.573675e-06,1.6389653e-07,N,N
CM03_English_N_0056.npy,7.393029,-2.8856287,-3.4929566,-7.302462,0.9999465,3.4356774e-05,1.871772e-05,4.147685e-07,N,N
CM05_Hindi_N_0054.npy,7.521995,-3.2548344,-3.4749181,-7.2471876,0.999962,2.087689e-05,1.6752703e-05,3.85309e-07,N,N
CF14_Hindi_N_0091.npy,5.547923,-3.211194,-1.2173179,-6.414135,0.9986852,0.00015681672,0.0011516532,6.3734237e-06,N,N
CF02_English_N_0016.npy,6.8806224,-2.6025143,-3.0346596,-7.268437,0.99987364,7.6115124e-05,4.940749e-05,7.162865e-07,N,N
CF09_Hindi_N_0119.npy,7.124407,-3.6737869,-2.4711046,-6.810746,0.9999106,2.0434552e-05,6.8027344e-05,8.871583e-07,N,N
CM38_English_N_0057.npy,7.0326343,-1.5510112,-3.8499315,-8.492646,0.99979395,0.00018710288,1.8778996e-05,1.8087022e-07,N,N
CM05_Hindi_N_0032.npy,7.430463,-2.62195,-3.9491258,-6.954598,0.9999449,4.3079297e-05,1.1425714e-05,5.6574845e-07,N,N
CF14_Hindi_N_0114.npy,7.6631675,-3.6731257,-3.7307336,-5.862905,0.99997556,1.193163e-05,1.12637e-05,1.335644e-06,N,N
CM05_Hindi_N_0072.npy,-0.4892082,3.660093,-1.2295063,-3.8501248,0.015407999,0.9767081,0.0073491787,0.0005347105,L,N
CF02_English_N_0081.npy,8.072376,-3.4902933,-3.4934456,-8.195745,0.9999808,9.514544e-06,9.484603e-06,8.606691e-08,N,N
CF04_Hindi_N_0060.npy,5.7032127,-2.8893063,-2.1245034,-5.11173,0.9993962,0.0001853763,0.0003982941,2.0084799e-05,N,N
CF14_Hindi_N_0140.npy,6.9644504,-2.8949156,-3.279013,-6.410876,0.9999106,5.2250827e-05,3.558619e-05,1.5528548e-06,N,N
CF04_English_N_0066.npy,8.153285,-3.8342602,-3.9340105,-6.485584,0.9999877,6.2211407e-06,5.6305253e-06,4.3894985e-07,N,N
CF02_English_N_0060.npy,6.848817,-3.0190647,-2.7638094,-6.9836435,0.9998803,5.1806164e-05,6.687096e-05,9.830753e-07,N,N
CF14_Gujarati_N_0005.npy,7.759713,-3.776221,-3.1463327,-6.8668,0.9999714,9.772258e-06,1.8346449e-05,4.4439983e-07,N,N
CF14_Hindi_N_0092.npy,6.0969257,-2.8673246,-2.3855867,-6.427488,0.99966156,0.00012785815,0.00020698774,3.6355411e-06,N,N
CF14_Gujarati_N_0057.npy,9.422087,-3.9275324,-4.6277194,-8.662169,0.9999976,1.5934306e-06,7.9112573e-07,1.3999313e-08,N,N
CF20_Gujarati_N_0050.npy,6.7306294,-3.1581783,-2.4577231,-6.6690245,0.9998455,5.0731593e-05,0.00010220734,1.5154338e-06,N,N
CF09_English_N_0052.npy,6.6334186,-3.276102,-2.6151574,-6.1253033,0.9998512,4.9691836e-05,9.623428e-05,2.8766876e-06,N,N
CF04_Hindi_N_0021.npy,7.0063453,-3.5498614,-2.9336424,-5.807892,0.9999231,2.602941e-05,4.820422e-05,2.721535e-06,N,N
CF02_Gujarati_N_0060.npy,6.5679297,-2.6512353,-2.9016564,-7.029374,0.99982256,9.910385e-05,7.714963e-05,1.2436238e-06,N,N
CF20_Gujarati_N_0053.npy,7.479021,-3.5117908,-2.9020007,-7.264798,0.9999517,1.6855045e-05,3.101406e-05,3.9520253e-07,N,N
CF04_English_N_0058.npy,7.3007526,-3.324117,-4.223297,-5.1551743,0.99996185,2.4303079e-05,9.888996e-06,3.894423e-06,N,N
CF09_Hindi_N_0125.npy,7.0816646,-2.8691466,-2.8348596,-7.413239,0.9999025,4.7684276e-05,4.93476e-05,5.0687515e-07,N,N
CF02_Gujarati_N_0034.npy,6.858077,-3.2547238,-2.4937444,-7.228561,0.99987185,4.0551866e-05,8.6796e-05,7.62422e-07,N,N
CF14_Hindi_N_0099.npy,6.4074206,-2.39907,-2.5302622,-7.3970203,0.9997179,0.00014971562,0.00013130796,1.0108454e-06,N,N
CM27_Gujarati_N_0067.npy,-0.06617096,0.09871523,0.41898578,-2.2755969,0.25552887,0.3013347,0.41508865,0.02804778,M,N
CF20_Gujarati_N_0021.npy,6.4755754,-3.1084602,-2.4149313,-6.483215,0.9997912,6.880427e-05,0.00013766112,2.3549323e-06,N,N
CM03_English_N_0099.npy,5.836129,-2.1870558,-2.2083273,-6.9479203,0.99934894,0.0003275611,0.00032066688,2.803334e-06,N,N
CM27_Gujarati_N_0038.npy,5.6534595,-3.2449863,-1.7135342,-5.718825,0.9992207,0.00013649458,0.0006312722,1.150115e-05,N,N
CM30_Gujarati_N_0004.npy,6.6055045,-1.2574508,-3.6073813,-7.8575125,0.9995782,0.00038457298,3.6678943e-05,5.231286e-07,N,N
CF14_English_N_0026.npy,6.9695168,-3.1831257,-3.0442827,-6.670203,0.999915,3.8969658e-05,4.4773926e-05,1.1920871e-06,N,N
CF04_English_N_0110.npy,5.0374875,-3.1811614,-1.1855453,-5.3601832,0.99772197,0.00026896497,0.001978703,3.0433965e-05,N,N
CM38_English_N_0063.npy,7.839885,-3.2093203,-3.957053,-7.5270143,0.9999764,1.5899397e-05,7.5273947e-06,2.1194838e-07,N,N
CM38_English_N_0113.npy,7.91235,-2.1908922,-4.384424,-8.388851,0.99995446,4.094469e-05,4.566245e-06,8.326426e-08,N,N
CM05_Hindi_N_0058.npy,7.498622,-2.9867525,-3.9927406,-6.577161,0.999961,2.7941054e-05,1.0217572e-05,7.7081165e-07,N,N
CM05_Hindi_N_0069.npy,5.7395487,-0.14775756,-3.5517507,-7.6218224,0.99713993,0.0027665053,9.1959344e-05,1.5703135e-06,N,N
CM30_English_N_0020.npy,5.188202,0.339042,-4.2750945,-7.704141,0.992147,0.00777343,7.704038e-05,2.4974822e-06,N,N
CF14_Hindi_N_0084.npy,7.741785,-3.2678962,-3.3613327,-7.335646,0.9999682,1.6540254e-05,1.50647975e-05,2.831009e-07,N,N
CM16_Hindi_N_0001.npy,7.6001225,-3.3830616,-3.6302927,-7.0081835,0.99996936,1.6984413e-05,1.3264145e-05,4.52564e-07,N,N
CM27_Gujarati_N_0020.npy,6.301363,-2.881222,-2.126326,-7.353926,0.9996774,0.00010278126,0.00021865591,1.1733925e-06,N,N
CF04_English_N_0027.npy,7.3177443,-3.4616551,-3.1045542,-6.6842265,0.9999485,2.0823021e-05,2.9759864e-05,8.298492e-07,N,N
CM16_Hindi_N_0017.npy,7.855287,-3.8374462,-3.2432694,-7.0242133,0.99997616,8.3541045e-06,1.5133793e-05,3.4506806e-07,N,N
CM38_English_N_0065.npy,7.482975,-2.5537562,-3.9156332,-7.510238,0.9999447,4.3760152e-05,1.1210457e-05,3.0796832e-07,N,N
CM03_English_N_0038.npy,6.8998165,-2.6993423,-2.9339404,-7.674234,0.99987805,6.777744e-05,5.3604406e-05,4.6829246e-07,N,N
CF09_Hindi_N_0117.npy,7.478158,-3.9024956,-2.6661494,-7.250829,0.99994886,1.1413604e-05,3.9297163e-05,4.011069e-07,N,N
CF04_English_N_0037.npy,6.393063,-2.9294856,-2.9372737,-6.585382,0.9998197,8.936967e-05,8.867639e-05,2.309163e-06,N,N
CF09_Hindi_N_0148.npy,5.506479,-2.5057244,-2.2308004,-5.6090655,0.999218,0.00033113465,0.0004359159,1.4867594e-05,N,N
CF04_Hindi_N_0056.npy,7.1826186,-3.6781738,-3.0707762,-5.9291005,0.9999435,1.9195231e-05,3.5235673e-05,2.021288e-06,N,N
CF09_Hindi_N_0086.npy,6.6462965,-3.2125533,-2.5659997,-6.547418,0.9998461,5.2274423e-05,9.978922e-05,1.8619838e-06,N,N
CF14_English_N_0011.npy,4.4938216,-2.4552867,-1.3893578,-4.6919775,0.9961669,0.00095581275,0.0027752344,0.000102091704,N,N
CM38_English_N_0020.npy,7.5575166,-3.5796971,-3.1774638,-6.9007688,0.99996305,1.4559736e-05,2.1769134e-05,5.258119e-07,N,N
CM05_English_N_0023.npy,5.88639,-2.4144106,-2.695477,-5.7475457,0.9995555,0.00024820765,0.00018739127,8.856308e-06,N,N
CF20_Gujarati_N_0063.npy,6.976699,-3.8446088,-2.1501002,-6.650658,0.99987006,1.9966832e-05,0.000108698936,1.2068615e-06,N,N
CM16_Hindi_N_0025.npy,6.6378465,-3.068827,-2.9670517,-6.1360397,0.999869,6.0867904e-05,6.738895e-05,2.8334466e-06,N,N
CF14_Gujarati_N_0009.npy,7.1093817,-2.709545,-3.2893949,-7.064298,0.9999144,5.4407294e-05,3.0467118e-05,6.9889524e-07,N,N
CM27_Gujarati_N_0003.npy,8.047309,-3.4274242,-3.8895519,-7.1746244,0.99998283,1.038913e-05,6.544548e-06,2.4501398e-07,N,N
CM38_English_N_0131.npy,8.019114,-3.0345507,-3.9009542,-8.332149,0.99997747,1.5828686e-05,6.655345e-06,7.920046e-08,N,N
CM03_English_N_0043.npy,6.9901304,-2.5717504,-2.9427724,-7.4377604,0.99988055,7.035192e-05,4.8544836e-05,5.419944e-07,N,N
CF14_English_N_0004.npy,5.437418,-2.6475525,-2.2116401,-5.545284,0.9991991,0.00030788884,0.000476111,1.6979506e-05,N,N
CF04_Hindi_N_0055.npy,6.7165318,-3.092507,-2.5785632,-7.0130944,0.99985206,5.494455e-05,9.1860136e-05,1.0895196e-06,N,N
CF20_Gujarati_N_0035.npy,7.377946,-3.7544878,-2.6991107,-6.95702,0.99994266,1.4629198e-05,4.2030537e-05,5.9481044e-07,N,N
CF04_English_N_0099.npy,7.8878236,-4.1424565,-3.1471007,-6.609639,0.99997747,5.960819e-06,1.6128106e-05,5.056173e-07,N,N
CM16_Hindi_N_0084.npy,7.4492717,-3.0684555,-3.2969913,-7.3819165,0.999951,2.7051288e-05,2.1524633e-05,3.621392e-07,N,N
CM35_English_N_0126.npy,8.168986,-3.167677,-4.380744,-7.666057,0.9999844,1.1927321e-05,3.5458029e-06,1.3271544e-07,N,N
CF18_English_N_0036.npy,5.6724505,-3.0790682,-1.6193382,-6.517586,0.99915624,0.00015808742,0.00068053405,5.076539e-06,N,N
CM38_English_N_0052.npy,7.9049935,-2.3417604,-4.2366533,-8.373451,0.9999591,3.5471017e-05,5.3325116e-06,8.51812e-08,N,N
CM38_English_N_0138.npy,7.8990407,-2.8046794,-4.061699,-7.8371177,0.9999709,2.2460574e-05,6.3900516e-06,1.4650776e-07,N,N
CF14_English_N_0010.npy,5.9679523,-2.258984,-2.1105866,-7.1696534,0.9994209,0.00026719933,0.00030994424,1.9686058e-06,N,N
CM05_English_N_0058.npy,8.967423,-3.0916655,-4.537993,-9.507828,0.99999285,5.7916354e-06,1.3635431e-06,9.4688595e-09,N,N
CM30_Gujarati_N_0034.npy,4.256085,1.0452429,-4.003589,-6.641731,0.96098423,0.038749423,0.00024864826,1.777686e-05,N,N
CF14_English_N_0043.npy,6.082812,-2.5343015,-2.2158844,-7.3874607,0.999569,0.00018090398,0.00024873373,1.4117181e-06,N,N
CF04_English_N_0003.npy,7.420576,-3.4042776,-3.1368122,-7.2241173,0.9999536,1.9897823e-05,2.5999463e-05,4.3638553e-07,N,N
CM27_Gujarati_N_0060.npy,6.874542,-2.4973185,-3.6864653,-6.293415,0.9998871,8.5075335e-05,2.5903813e-05,1.910644e-06,N,N
CF20_Gujarati_N_0047.npy,6.915715,-3.7608802,-2.3484492,-6.5607986,0.9998808,2.307606e-05,9.474863e-05,1.4033714e-06,N,N
CF09_Hindi_N_0044.npy,6.8738103,-3.6341774,-2.1460414,-6.819759,0.9998505,2.7313283e-05,0.00012096598,1.129519e-06,N,N
CM38_English_N_0136.npy,7.5060363,-2.7219124,-4.121352,-6.695855,0.9999542,3.6144167e-05,8.918045e-06,6.7948093e-07,N,N
CF04_Hindi_N_0051.npy,7.944896,-4.0046754,-3.29449,-6.83479,0.9999801,6.4618716e-06,1.3145823e-05,3.8128988e-07,N,N
CM30_Gujarati_N_0016.npy,6.094707,0.18551591,-4.3640733,-8.270521,0.9972638,0.0027069545,2.8616696e-05,5.7553336e-07,N,N
CF02_English_N_0020.npy,9.153853,-4.041029,-4.1963997,-8.290291,0.99999654,1.8600896e-06,1.5924187e-06,2.655232e-08,N,N
CM35_English_N_0018.npy,8.443046,-3.6352317,-3.9653292,-8.0989895,0.9999902,5.6815447e-06,4.0842006e-06,6.5445775e-08,N,N
CM30_Gujarati_N_0014.npy,-0.85420805,3.877362,-0.75155777,-4.6675005,0.008650236,0.9815734,0.009585363,0.0001909572,L,N
CF14_Gujarati_N_0055.npy,6.453858,-2.8343458,-2.5581198,-6.5955076,0.99978346,9.248901e-05,0.000121913996,2.1509895e-06,N,N
CM05_Hindi_N_0080.npy,5.028372,0.161809,-3.3989906,-7.090492,0.9921383,0.0076392516,0.00021707772,5.412731e-06,N,N
CF04_Hindi_N_0054.npy,7.463117,-3.6591697,-3.4027393,-6.3247066,0.9999651,1.4778727e-05,1.9098685e-05,1.0280378e-06,N,N
CF09_Hindi_N_0069.npy,7.916677,-3.3768904,-3.5893292,-7.4105334,0.99997735,1.2452485e-05,1.0069204e-05,2.2052978e-07,N,N
CM35_English_N_0085.npy,9.070919,-3.289041,-4.6257687,-8.983722,0.99999464,4.2868173e-06,1.1261643e-06,1.44200385e-08,N,N
CF09_English_N_0027.npy,8.050702,-3.483806,-3.6813784,-7.5781136,0.9999821,9.786316e-06,8.031829e-06,1.6311122e-07,N,N
CM38_English_N_0008.npy,7.731503,-2.965572,-3.983285,-7.384137,0.9999689,2.2610277e-05,8.171814e-06,2.7248788e-07,N,N
CM03_English_N_0029.npy,4.743676,-1.0574058,-2.3052874,-6.363281,0.99610764,0.0030125089,0.0008649287,1.4949145e-05,N,N
CM27_Gujarati_N_0027.npy,7.8432713,-3.3585255,-3.593191,-7.702059,0.9999753,1.3649315e-05,1.0794356e-05,1.7731203e-07,N,N
CM05_Hindi_N_0052.npy,5.861419,-0.74069685,-3.4029028,-7.350955,0.998548,0.0013555213,9.4607356e-05,1.8251895e-06,N,N
CF02_Gujarati_N_0065.npy,6.0962577,-3.3389444,-1.8089212,-7.0773344,0.99954957,7.982673e-05,0.0003686623,1.8992679e-06,N,N
CM35_English_N_0063.npy,7.639169,-3.0867374,-4.15552,-6.493502,0.99996984,2.196772e-05,7.5442917e-06,7.281917e-07,N,N
CF04_English_N_0081.npy,7.009352,-3.6959817,-2.7645197,-6.2358537,0.99991894,2.2423195e-05,5.69149e-05,1.7686625e-06,N,N
CM03_English_N_0016.npy,4.400351,-0.4314526,-2.2543235,-6.6491175,0.9908093,0.007898859,0.0012761499,1.5749498e-05,N,N
CF09_Hindi_N_0059.npy,8.443211,-3.548982,-4.2294383,-7.466182,0.9999906,6.1923147e-06,3.1356979e-06,1.2320666e-07,N,N
CM38_English_N_0031.npy,7.3752437,-1.8360704,-4.183703,-8.071821,0.9998903,9.989171e-05,9.549171e-06,1.9560373e-07,N,N
CM30_Gujarati_N_0066.npy,5.783029,-0.94900095,-3.5587506,-6.4168744,0.99871683,0.0011905809,8.7570734e-05,5.0244857e-06,N,N
CM24_Gujarati_N_0002.npy,6.59765,-3.0707128,-2.382426,-6.7606187,0.9998093,6.324128e-05,0.0001258693,1.5794096e-06,N,N
CM38_English_N_0067.npy,8.234499,-2.4790213,-4.24651,-8.638346,0.9999739,2.2241602e-05,3.798005e-06,4.7011635e-08,N,N
CF18_English_N_0059.npy,3.456652,-2.0814857,-0.29427838,-4.63147,0.9730117,0.003827679,0.022861762,0.00029887605,N,N
CF14_English_N_0051.npy,5.984291,-2.7624648,-2.4024885,-6.422157,0.9996093,0.00015891415,0.00022777083,4.090517e-06,N,N
CF04_Hindi_N_0077.npy,6.551695,-3.5812953,-1.8740869,-6.8416476,0.9997397,3.9736107e-05,0.00021908701,1.5248671e-06,N,N
CM03_English_N_0031.npy,7.508521,-3.0606103,-3.5017748,-7.2211523,0.9999573,2.5696017e-05,1.6529919e-05,4.0083495e-07,N,N
CM30_English_N_0028.npy,6.3633695,-0.62369764,-4.0742764,-8.363461,0.99904746,0.0009228718,2.9280207e-05,4.0161075e-07,N,N
CM03_English_N_0075.npy,7.750781,-3.0877702,-3.7211924,-7.702767,0.99996984,1.9627447e-05,1.0417708e-05,1.9435517e-07,N,N
CF14_Hindi_N_0118.npy,7.6697435,-3.6134634,-3.2436633,-7.337195,0.9999689,1.2582067e-05,1.821186e-05,3.0377757e-07,N,N
CF20_Gujarati_N_0055.npy,4.2751546,-2.3921654,-1.536729,-4.68999,0.99562776,0.0012662417,0.0029787088,0.00012722836,N,N
CM38_English_N_0046.npy,7.937919,-2.0517044,-4.281015,-8.642747,0.9999492,4.5871122e-05,4.935854e-06,6.296314e-08,N,N
CM30_Gujarati_N_0064.npy,3.4597466,0.5700511,-2.4826772,-5.7141857,0.9448915,0.05252948,0.0024809616,9.7992735e-05,N,N
CF04_English_N_0089.npy,7.1077337,-3.5864828,-2.4122765,-7.04403,0.9999033,2.2673506e-05,7.3361836e-05,7.14373e-07,N,N
CF14_Hindi_N_0081.npy,8.209674,-3.708775,-3.790206,-7.163819,0.9999869,6.6661873e-06,6.14487e-06,2.1055766e-07,N,N
CF02_Gujarati_N_0035.npy,5.675409,-2.6456995,-2.064029,-6.2104273,0.9993149,0.00024315945,0.00043501792,6.8825525e-06,N,N
CM03_English_N_0010.npy,7.566273,-2.545869,-3.753875,-7.9780636,0.9999471,4.0581614e-05,1.2125482e-05,1.7748332e-07,N,N
CM24_Gujarati_N_0007.npy,5.6573677,-2.1752086,-2.3994339,-5.9451613,0.9992778,0.00039631597,0.00031670992,9.136327e-06,N,N
CM30_Gujarati_N_0055.npy,7.0366535,-1.3969182,-4.1450925,-8.333186,0.99976844,0.00021739308,1.3922878e-05,2.1128218e-07,N,N
CM30_Gujarati_N_0054.npy,7.565612,-0.85060257,-4.712949,-9.231378,0.99977416,0.00022120075,4.649334e-06,5.070632e-08,N,N
CF09_Hindi_N_0088.npy,6.900869,-2.9425569,-2.9965594,-6.9090085,0.9998956,5.3089567e-05,5.029862e-05,1.005544e-06,N,N
CF04_English_N_0031.npy,6.5547676,-2.897637,-2.5602598,-6.837908,0.99981004,7.8485704e-05,0.00010997941,1.5259926e-06,N,N
CM38_English_N_0043.npy,8.305435,-3.173046,-4.133887,-7.8057904,0.9999856,1.0350293e-05,3.959725e-06,1.0068797e-07,N,N
CF14_English_N_0007.npy,5.681542,-3.31265,-1.5746676,-6.310593,0.9991647,0.00012402495,0.00070518884,6.1875544e-06,N,N
CF04_Hindi_N_0099.npy,6.614014,-3.4429836,-2.0831075,-6.722185,0.9997886,4.2875556e-05,0.00016703068,1.6146212e-06,N,N
CM16_Hindi_N_0050.npy,7.699616,-3.6598961,-3.0448043,-6.989111,0.9999664,1.1657674e-05,2.1564681e-05,4.175924e-07,N,N
CM35_English_N_0074.npy,7.805026,-3.0503478,-4.0121617,-7.5694246,0.99997306,1.93001e-05,7.3764713e-06,2.1035324e-07,N,N
CM35_English_N_0031.npy,7.729204,-3.1841042,-3.5306957,-7.7848306,0.99996877,1.8213646e-05,1.2878757e-05,1.829477e-07,N,N
CF04_Hindi_N_0106.npy,6.778616,-3.1207938,-2.5879352,-6.7660284,0.9998629,5.01974e-05,8.5526146e-05,1.3109199e-06,N,N
CM30_Gujarati_N_0039.npy,3.7982419,1.2643348,-3.9311228,-6.362825,0.9260744,0.07348252,0.00040721672,3.578908e-05,N,N
CF20_Gujarati_N_0060.npy,6.2711024,-3.5852778,-2.0595133,-5.6210146,0.99969983,5.239598e-05,0.00024095117,6.8420936e-06,N,N
CF14_Hindi_N_0119.npy,7.320802,-3.2398963,-3.044772,-6.9728446,0.99994195,2.591324e-05,3.1496565e-05,6.1990175e-07,N,N
CF14_Gujarati_N_0062.npy,7.3777595,-3.178388,-3.341967,-7.0897937,0.99995136,2.6031681e-05,2.2103486e-05,5.209552e-07,N,N
CF09_English_N_0001.npy,7.8480473,-3.076261,-3.9464285,-7.7069187,0.99997425,1.8014482e-05,7.5459366e-06,1.7561149e-07,N,N
CF14_Hindi_N_0130.npy,7.652909,-3.5528357,-3.0377378,-7.5723734,0.9999634,1.3595369e-05,2.2755956e-05,2.4419e-07,N,N
CM03_English_N_0078.npy,6.816996,-1.8374459,-3.7661424,-7.7399855,0.9997998,0.00017431578,2.533462e-05,4.76317e-07,N,N
CM16_Hindi_N_0057.npy,7.7591386,-4.0211096,-3.1957827,-6.6306844,0.99997425,7.654059e-06,1.7471362e-05,5.6307744e-07,N,N
CF14_Hindi_N_0066.npy,6.3708286,-3.1173909,-2.3995788,-6.5887027,0.99976677,7.57212e-05,0.00015522404,2.3531281e-06,N,N
CF04_Hindi_N_0111.npy,6.525963,-3.7337227,-1.9709799,-6.0329633,0.99975747,3.500821e-05,0.00020404192,3.5125502e-06,N,N
CF09_English_N_0039.npy,7.695946,-3.294618,-3.2665339,-7.2327414,0.99996555,1.6859458e-05,1.7339647e-05,3.2850215e-07,N,N
CF14_English_N_0040.npy,6.5219555,-3.1429355,-2.7273757,-6.3484926,0.99983776,6.3463005e-05,9.616033e-05,2.5725567e-06,N,N
CF14_Hindi_N_0125.npy,6.883699,-3.489443,-2.5422297,-6.678061,0.9998869,3.1257372e-05,8.0597645e-05,1.2887045e-06,N,N
CF14_Hindi_N_0027.npy,7.2742248,-3.5435014,-3.0323431,-6.251915,0.9999453,2.0039988e-05,3.341108e-05,1.3355132e-06,N,N
CM38_English_N_0096.npy,7.0075636,-1.9258446,-3.9337983,-7.493903,0.9998498,0.00013188795,1.7707673e-05,5.035328e-07,N,N
CM16_Hindi_N_0006.npy,7.635192,-4.050908,-2.6840062,-7.532264,0.9999583,8.409557e-06,3.2992168e-05,2.5872572e-07,N,N
CF09_Hindi_N_0040.npy,6.900652,-3.5781174,-2.4137971,-6.4302387,0.9998801,2.8123945e-05,9.010191e-05,1.6233632e-06,N,N
CF14_Hindi_N_0047.npy,7.9549785,-3.626573,-3.3633173,-7.3642097,0.9999783,9.336555e-06,1.214835e-05,2.2230628e-07,N,N
CM05_English_N_0101.npy,5.8273954,-2.0815318,-2.8624938,-6.484896,0.99946004,0.00036725026,0.00016818785,4.4937083e-06,N,N
CM27_Gujarati_N_0051.npy,6.168515,-2.8337731,-2.6577697,-5.7731423,0.9997235,0.00012309363,0.00014678216,6.51154e-06,N,N
CF04_Hindi_N_0004.npy,7.72543,-4.01883,-2.8396597,-6.812966,0.9999658,7.93447e-06,2.5800302e-05,4.8533326e-07,N,N
CM30_Gujarati_N_0029.npy,1.2908659,3.0066524,-2.8439603,-5.059342,0.15200344,0.84529823,0.002432883,0.0002654564,L,N
CM03_English_N_0013.npy,6.1956525,-1.1917243,-3.2006207,-7.7246966,0.9992975,0.00061858277,8.297465e-05,8.9983735e-07,N,N
CF20_Gujarati_N_0040.npy,7.9651704,-3.638387,-3.213933,-8.094894,0.99997675,9.133324e-06,1.3962616e-05,1.0597236e-07,N,N
CF14_English_N_0045.npy,7.3205056,-3.137207,-3.058226,-7.3390613,0.9999397,2.8724146e-05,3.108479e-05,4.29937e-07,N,N
CM38_English_N_0109.npy,6.163644,-1.0477549,-3.5678315,-7.2693076,0.9992017,0.0007375349,5.933718e-05,1.464862e-06,N,N
CM27_Gujarati_N_0008.npy,7.953234,-3.6517696,-3.70097,-6.588787,0.99998164,9.120174e-06,8.682312e-06,4.8358476e-07,N,N
CM30_Gujarati_N_0068.npy,7.306469,-2.0972986,-3.9632246,-7.983087,0.99990463,8.240513e-05,1.275243e-05,2.2897527e-07,N,N
CM05_English_N_0028.npy,4.1970353,-0.48088947,-2.2334058,-5.520356,0.9891488,0.009197393,0.0015942508,5.9573336e-05,N,N
CM35_English_N_0075.npy,7.9839487,-3.2489805,-3.887224,-7.40166,0.9999795,1.3230978e-05,6.9888574e-06,2.0802052e-07,N,N
CF04_English_N_0093.npy,7.304635,-3.3538768,-3.0637825,-7.045998,0.99994457,2.3498651e-05,3.1407206e-05,5.8556475e-07,N,N
CM30_Gujarati_N_0053.npy,7.2261014,-1.1336067,-4.3399262,-9.008881,0.9997563,0.00023405567,9.48052e-06,8.894698e-08,N,N
CF04_English_N_0065.npy,7.6399426,-3.2623944,-3.3919857,-7.3224993,0.9999651,1.8414501e-05,1.6176306e-05,3.1759868e-07,N,N
CM27_Gujarati_N_0061.npy,7.7605395,-2.6660655,-4.0099277,-7.7137547,0.99996245,2.9632381e-05,7.729199e-06,1.9036317e-07,N,N
CF20_Gujarati_N_0026.npy,7.5996194,-3.5535476,-2.8038156,-7.595594,0.9999552,1.4329194e-05,3.0326775e-05,2.5164206e-07,N,N
CM30_English_N_0019.npy,4.031738,1.180249,-2.8986099,-6.876085,0.9445063,0.054553047,0.0009234071,1.729807e-05,N,N
CM30_English_N_0059.npy,6.197991,-1.2129515,-3.6161292,-7.2206435,0.99933964,0.00060420134,5.4638007e-05,1.4861897e-06,N,N
CF02_English_N_0033.npy,7.646141,-3.102384,-3.5855277,-7.7707334,0.9999651,2.1476302e-05,1.3247477e-05,2.016144e-07,N,N
CF02_Gujarati_N_0056.npy,7.7332296,-3.475283,-3.473056,-7.2563806,0.9999726,1.35579185e-05,1.3588144e-05,3.0908853e-07,N,N
CF18_English_N_0027.npy,7.105954,-3.4206533,-2.6122024,-6.670485,0.9999119,2.6811074e-05,6.0175524e-05,1.0397525e-06,N,N
CF09_Hindi_N_0047.npy,7.5781507,-3.0472224,-3.4953363,-7.1137795,0.9999598,2.4290797e-05,1.5517728e-05,4.1625373e-07,N,N
CM38_English_N_0111.npy,6.7924976,-1.6777034,-3.2936983,-8.418169,0.9997485,0.00020956995,4.1640076e-05,2.4773203e-07,N,N
CF09_Hindi_N_0043.npy,7.984434,-3.8311381,-3.1412463,-7.2905974,0.9999776,7.388431e-06,1.47288365e-05,2.3234223e-07,N,N
CF04_English_N_0095.npy,6.446748,-3.1353421,-2.3116465,-6.374322,0.9997713,6.893689e-05,0.00015710079,2.7025942e-06,N,N
CF09_English_N_0037.npy,8.228899,-3.839597,-3.6513708,-7.528331,0.99998724,5.7373763e-06,6.9256216e-06,1.4345527e-07,N,N
CM38_English_N_0032.npy,7.616276,-2.1317322,-4.0801663,-8.453597,0.9999331,5.8407008e-05,8.322828e-06,1.0493332e-07,N,N
CM03_English_N_0001.npy,7.023175,-2.3930883,-3.4094112,-6.9622426,0.9998883,8.138047e-05,2.9453511e-05,8.4364916e-07,N,N
CF04_English_N_0113.npy,7.014611,-3.8131955,-2.4511204,-6.0733743,0.9999006,1.9838108e-05,7.745371e-05,2.0697466e-06,N,N
CM27_Gujarati_N_0019.npy,7.464747,-3.8500283,-2.9230955,-6.8553276,0.9999565,1.21909225e-05,3.0803396e-05,6.037428e-07,N,N
CM05_Hindi_N_0007.npy,7.9345098,-2.7458062,-4.274606,-7.733246,0.99997187,2.2992463e-05,4.9846667e-06,1.5688022e-07,N,N
CF09_English_N_0044.npy,8.447542,-3.9485433,-3.6354072,-7.917973,0.9999902,4.134701e-06,5.655062e-06,7.8080575e-08,N,N
CF14_Hindi_N_0009.npy,6.9060745,-3.515671,-2.3899603,-6.923161,0.99987745,2.9774214e-05,9.1776215e-05,9.862483e-07,N,N
CF02_English_N_0097.npy,7.444053,-3.3595135,-3.2999113,-7.27052,0.9999577,2.032601e-05,2.1574326e-05,4.0693382e-07,N,N
CF14_Gujarati_N_0034.npy,7.228318,-3.3937445,-2.5721195,-7.263898,0.99991965,2.4370358e-05,5.5422868e-05,5.08248e-07,N,N
CM24_Gujarati_N_0045.npy,7.1260505,-3.2755003,-2.924578,-6.941159,0.99992573,3.0383084e-05,4.3155404e-05,7.774212e-07,N,N
CF09_English_N_0053.npy,7.81528,-3.5344663,-3.3909426,-7.4406967,0.99997437,1.1772169e-05,1.3589024e-05,2.3681129e-07,N,N
CM38_English_N_0073.npy,7.2329473,-2.8054485,-3.3884084,-7.61993,0.9999316,4.368681e-05,2.4387879e-05,3.5436264e-07,N,N
CM05_Hindi_N_0100.npy,6.8577633,-0.3649024,-4.350567,-9.008083,0.9992569,0.00072931184,1.3550685e-05,1.2859601e-07,N,N
CM30_English_N_0037.npy,4.78325,1.16696,-4.3158,-6.922204,0.9737076,0.02617543,0.000108833134,8.031831e-06,N,N
CF09_Hindi_N_0084.npy,7.560548,-3.878205,-2.9304376,-7.4024806,0.99996114,1.0769505e-05,2.778471e-05,3.174115e-07,N,N
CM03_English_N_0058.npy,5.062043,-1.7317821,-2.125376,-6.317329,0.9981154,0.0011185618,0.0007546132,1.1407289e-05,N,N
CM24_Gujarati_N_0020.npy,8.235025,-3.2505004,-3.8407073,-7.857835,0.9999839,1.0277618e-05,5.6959834e-06,1.02553905e-07,N,N
CM35_English_N_0088.npy,8.581136,-3.2877386,-4.3699684,-8.07274,0.9999906,7.0050173e-06,2.3735745e-06,5.8520733e-08,N,N
CM05_Hindi_N_0027.npy,7.6207614,-2.3406932,-3.8894439,-7.6983685,0.99994254,4.718135e-05,1.0026663e-05,2.2231126e-07,N,N
CM30_Gujarati_N_0023.npy,4.5810595,0.58857214,-3.4047563,-7.3020434,0.9815461,0.01811321,0.00033397568,6.7786764e-06,N,N
CF18_English_N_0007.npy,6.0693574,-2.9931638,-1.8506768,-6.851703,0.9995185,0.00011587453,0.00036321484,2.4448125e-06,N,N
CM05_English_N_0025.npy,7.9791994,-2.7108796,-3.8887134,-7.918527,0.9999701,2.2769043e-05,7.011617e-06,1.2465001e-07,N,N
CF02_Gujarati_N_0014.npy,7.192862,-3.2443628,-2.871592,-7.504479,0.99992776,2.9318333e-05,4.2562955e-05,4.1399448e-07,N,N
CF04_Hindi_N_0045.npy,7.0837913,-3.5081155,-2.6156557,-7.0235105,0.99991286,2.5116296e-05,6.131207e-05,7.4685937e-07,N,N
CM16_Hindi_N_0056.npy,6.96558,-3.4726987,-2.0332541,-7.9290032,0.9998468,2.9285113e-05,0.00012353479,3.3985867e-07,N,N
CM03_English_N_0097.npy,5.996617,-2.0314777,-2.5579605,-7.378807,0.99947995,0.00032599957,0.00019256108,1.5520349e-06,N,N
CM16_Hindi_N_0078.npy,7.163666,-2.9765975,-3.217144,-7.0638337,0.99992883,3.9455594e-05,3.101992e-05,6.622848e-07,N,N
CM03_English_N_0061.npy,6.1911426,-2.3266857,-3.1155908,-6.593098,0.99970657,0.00019981444,9.078409e-05,2.803802e-06,N,N
CF02_Gujarati_N_0029.npy,7.1442847,-3.496159,-2.775904,-6.9373283,0.9999262,2.392665e-05,4.916824e-05,7.663037e-07,N,N
CF14_Hindi_N_0089.npy,7.290196,-3.4360428,-3.179997,-6.9471645,0.999949,2.1959973e-05,2.8368138e-05,6.557993e-07,N,N
CF09_Hindi_N_0152.npy,7.5788746,-3.1000502,-3.5896115,-7.311134,0.99996257,2.3024262e-05,1.4111462e-05,3.4145623e-07,N,N
CM24_Gujarati_N_0009.npy,7.5045166,-3.2124112,-3.4446368,-7.3284,0.99995995,2.2165634e-05,1.7572174e-05,3.6151718e-07,N,N
CM35_English_N_0127.npy,7.461286,-2.934093,-3.5864103,-7.0796714,0.9999529,3.0571995e-05,1.5923046e-05,4.840854e-07,N,N
CF18_English_N_0028.npy,7.477345,-3.6922727,-2.8021388,-7.618384,0.99995124,1.4095337e-05,3.4328572e-05,2.7796307e-07,N,N
CF14_Gujarati_N_0028.npy,7.560635,-3.5404394,-3.2995825,-6.961684,0.9999652,1.5095573e-05,1.9206671e-05,4.9319823e-07,N,N
CF02_Gujarati_N_0069.npy,5.8509483,-3.625459,-0.8799576,-7.714317,0.99873024,7.654149e-05,0.0011919359,1.2827091e-06,N,N
CF02_English_N_0044.npy,7.485148,-4.0056787,-2.6636367,-6.046884,0.99994934,1.0222931e-05,3.912162e-05,1.3276731e-06,N,N
CM05_English_N_0086.npy,6.1583323,-0.43519136,-4.3646164,-7.414347,0.9986046,0.0013672964,2.6874153e-05,1.2730743e-06,N,N
CF02_English_N_0061.npy,5.9710417,-2.302723,-2.2633762,-7.467674,0.9994784,0.00025498995,0.00026522297,1.456846e-06,N,N
CF09_Hindi_N_0051.npy,7.6594396,-3.9118593,-2.952866,-7.00255,0.99996555,9.432654e-06,2.4610434e-05,4.2890787e-07,N,N
CF02_Gujarati_N_0008.npy,7.3746605,-3.1840193,-3.2061958,-7.4323087,0.99994826,2.5965774e-05,2.5396275e-05,3.7101609e-07,N,N
CM30_Gujarati_N_0047.npy,6.47202,-1.0883719,-3.8585632,-7.730516,0.99944633,0.0005203829,3.2601984e-05,6.7869814e-07,N,N
CM38_English_N_0051.npy,7.7577724,-2.3200815,-4.1793747,-8.219717,0.99995136,4.1997402e-05,6.54247e-06,1.1509153e-07,N,N
CM30_English_N_0046.npy,4.4251227,0.8449309,-3.2976305,-7.2024436,0.9724582,0.027102754,0.000430449,8.671276e-06,N,N
CM30_English_N_0042.npy,5.8549986,-0.23623219,-3.6937103,-8.085694,0.9976706,0.0022573518,7.112718e-05,8.802807e-07,N,N
CF04_Hindi_N_0062.npy,7.840025,-3.3999674,-3.6490552,-7.632326,0.9999764,1.3137816e-05,1.0241074e-05,1.9073617e-07,N,N
CF02_Gujarati_N_0006.npy,8.166176,-3.9391124,-3.4286702,-7.296221,0.9999851,5.530107e-06,9.213317e-06,1.92646e-07,N,N
CF18_English_N_0044.npy,6.045313,-3.419208,-1.7865504,-6.630958,0.9995227,7.751812e-05,0.00039669577,3.122899e-06,N,N
CM38_English_N_0059.npy,5.886039,-1.4014541,-3.3463814,-6.6462007,0.9992151,0.0006835041,9.7739474e-05,3.60559e-06,N,N
CM05_English_N_0082.npy,6.8976192,-1.1511563,-4.0189075,-8.527724,0.9996623,0.00031938494,1.8149554e-05,1.998535e-07,N,N
CF02_English_N_0007.npy,5.5712996,-2.6388617,-2.0760128,-5.8110867,0.99924004,0.0002716703,0.00047696265,1.1385767e-05,N,N
CF04_English_N_0034.npy,8.662601,-3.679075,-4.1194057,-8.019747,0.9999927,4.3659097e-06,2.810876e-06,5.6878097e-08,N,N
CM16_Hindi_N_0062.npy,8.323738,-3.3308342,-3.9312196,-7.9258413,0.9999864,8.679158e-06,4.7613908e-06,8.767808e-08,N,N
CF02_Gujarati_N_0067.npy,7.5350623,-3.3684237,-3.3016431,-7.0615687,0.9999615,1.8393288e-05,1.9663556e-05,4.5787502e-07,N,N
CF20_Gujarati_N_0031.npy,7.964704,-3.709017,-2.996904,-7.8648376,0.9999739,8.514437e-06,1.7354929e-05,1.3344608e-07,N,N
CM30_English_N_0049.npy,7.2937107,-2.1324744,-3.7879412,-7.7144055,0.9999037,8.057824e-05,1.5390686e-05,3.034005e-07,N,N
CM05_English_N_0062.npy,7.24753,-2.983703,-3.2763495,-7.562243,0.9999367,3.6025052e-05,2.6884965e-05,3.69973e-07,N,N
CF20_Gujarati_N_0059.npy,5.797942,-3.371686,-1.9735492,-5.6984797,0.99946433,0.00010409944,0.00042135813,1.0160959e-05,N,N
CM05_English_N_0040.npy,6.6600075,-2.621956,-3.557343,-5.6965675,0.9998661,9.307572e-05,3.6526086e-05,4.3008026e-06,N,N
CF14_Hindi_N_0041.npy,6.8777146,-3.4590266,-2.1993113,-7.1882687,0.99985266,3.2415017e-05,0.00011424404,7.783184e-07,N,N
CF20_Gujarati_N_0042.npy,7.8865843,-4.0955973,-2.781162,-7.9103827,0.9999703,6.254488e-06,2.3283254e-05,1.3786426e-07,N,N
CF04_English_N_0074.npy,7.57945,-3.5528169,-3.3322592,-6.5360017,0.9999664,1.4631986e-05,1.8242758e-05,7.4083687e-07,N,N
CM05_English_N_0032.npy,8.029221,-2.4871144,-4.110816,-7.933648,0.99996746,2.7089427e-05,5.3411522e-06,1.167885e-07,N,N
CM05_Hindi_N_0065.npy,5.755326,-1.0871075,-3.051926,-7.0264807,0.9987816,0.001066202,0.0001494616,2.8080337e-06,N,N
CF14_English_N_0050.npy,5.78874,-2.7052803,-1.7849349,-7.301092,0.99928004,0.00020454128,0.00051343074,2.0646446e-06,N,N
CF02_English_N_0042.npy,6.87164,-3.2316754,-2.6686072,-6.738916,0.9998859,4.0938914e-05,7.189089e-05,1.2273297e-06,N,N
CM05_English_N_0036.npy,6.7533383,-1.6887124,-3.6690395,-7.7791586,0.99975413,0.00021555448,2.9751725e-05,4.881011e-07,N,N
CF09_Hindi_N_0143.npy,7.702184,-3.8829482,-2.7781737,-7.6520734,0.99996233,9.303031e-06,2.8081606e-05,2.146418e-07,N,N
CM38_English_N_0104.npy,7.4181123,-1.8763632,-4.1192575,-8.210283,0.9998981,9.192133e-05,9.757527e-06,1.6316612e-07,N,N
CM24_Gujarati_N_0053.npy,7.681272,-3.0919363,-3.4476452,-7.626869,0.9999641,2.095267e-05,1.4681043e-05,2.2477238e-07,N,N
CF14_Hindi_N_0062.npy,7.719628,-3.53811,-3.2520409,-7.4403734,0.9999697,1.2906643e-05,1.7181135e-05,2.606644e-07,N,N
CM24_Gujarati_N_0057.npy,6.911536,-2.5481026,-3.7261631,-7.2611785,0.99989736,7.792676e-05,2.399172e-05,6.995582e-07,N,N
CM35_English_N_0108.npy,8.281006,-2.6462257,-4.5744467,-8.328548,0.9999794,1.7961995e-05,2.6117941e-06,6.117208e-08,N,N
CM27_Gujarati_N_0021.npy,5.2505126,-2.651304,-1.803295,-6.0193,0.9987546,0.00036960983,0.00086303626,1.2736244e-05,N,N
CF04_English_N_0069.npy,8.210587,-3.507563,-4.204232,-7.472214,0.9999876,8.14455e-06,4.057956e-06,1.5454002e-07,N,N
CM35_English_N_0016.npy,7.4551096,-2.1935244,-3.9810596,-7.9708366,0.9999244,6.450876e-05,1.0796978e-05,1.9978543e-07,N,N
CF14_Gujarati_N_0032.npy,7.114205,-3.310672,-3.031479,-6.5975046,0.99993,2.9682673e-05,3.924238e-05,1.1093016e-06,N,N
CM30_Gujarati_N_0065.npy,5.087064,-0.5019551,-3.7268777,-5.856491,0.99611014,0.0037241513,0.00014806792,1.7602804e-05,N,N
CF09_Hindi_N_0054.npy,7.8745923,-3.3971832,-3.6125731,-7.6064854,0.9999769,1.2726828e-05,1.026071e-05,1.890791e-07,N,N
CF14_Hindi_N_0085.npy,7.0575223,-3.4978018,-3.0353026,-6.248234,0.99993086,2.6052583e-05,4.1372503e-05,1.6647681e-06,N,N
CF04_Hindi_N_0125.npy,6.5155234,-3.160819,-2.833729,-6.0200224,0.9998466,6.2741005e-05,8.7017084e-05,3.595963e-06,N,N
CF04_English_N_0052.npy,7.5446024,-3.5973725,-2.8012226,-7.324105,0.99995315,1.4490429e-05,3.212513e-05,3.488044e-07,N,N
CF09_Hindi_N_0014.npy,7.4238906,-3.8021889,-2.9046206,-6.4075546,0.99995303,1.3321558e-05,3.2686177e-05,9.841449e-07,N,N
CM05_Hindi_N_0115.npy,6.789233,-1.5129691,-3.7589583,-8.029941,0.9997255,0.00024790206,2.6233705e-05,3.6643365e-07,N,N
CM38_English_N_0026.npy,7.731185,-2.4194882,-4.0777245,-7.8105636,0.9999534,3.904798e-05,7.437647e-06,1.779444e-07,N,N
CF04_English_N_0059.npy,7.6403418,-3.723964,-3.2347767,-6.8768563,0.999969,1.1601961e-05,1.8922683e-05,4.957324e-07,N,N
CM38_English_N_0025.npy,8.39037,-3.2574925,-4.0878253,-7.94377,0.99998736,8.737591e-06,3.8087562e-06,8.0568874e-08,N,N
CF14_Gujarati_N_0017.npy,6.6838527,-3.5165615,-1.8303002,-7.4661083,0.9997615,3.7146045e-05,0.00020056122,7.1556025e-07,N,N
CF14_Hindi_N_0017.npy,7.1768613,-3.096729,-2.9406857,-7.3490887,0.99992454,3.453057e-05,4.0361974e-05,4.913914e-07,N,N
CF18_English_N_0013.npy,5.4186797,-3.078762,-1.5176452,-5.5702577,0.99880874,0.00020374644,0.00097067683,1.6867372e-05,N,N
CF09_Hindi_N_0081.npy,8.31117,-3.8596098,-3.6801777,-7.232548,0.99998844,5.1795582e-06,6.197535e-06,1.7760037e-07,N,N
CM05_English_N_0051.npy,9.266814,-3.4109104,-4.667693,-9.005236,0.99999607,3.1198401e-06,8.878071e-07,1.16024115e-08,N,N
CM05_Hindi_N_0037.npy,6.0073266,-1.7848009,-3.0419095,-7.1171775,0.9994679,0.00041275355,0.00011741821,1.9946615e-06,N,N
CF09_Hindi_N_0008.npy,7.296318,-3.364579,-2.9410627,-6.8107963,0.99994004,2.3442566e-05,3.5804358e-05,7.4701927e-07,N,N
CF04_Hindi_N_0088.npy,6.496034,-2.8508768,-2.200262,-7.231197,0.9997445,8.7212225e-05,0.00016716114,1.0920144e-06,N,N
CM05_Hindi_N_0116.npy,6.8358836,-1.511388,-3.7299585,-8.117572,0.99973696,0.00023697995,2.577502e-05,3.2039284e-07,N,N
CF09_Hindi_N_0017.npy,6.3888626,-2.7970927,-2.5039349,-6.568043,0.99975795,0.00010244371,0.00013734157,2.3592959e-06,N,N
CF14_English_N_0020.npy,7.087132,-3.2211142,-3.5270698,-6.094964,0.99994016,3.335488e-05,2.4563195e-05,1.883919e-06,N,N
CF14_Hindi_N_0069.npy,7.1491427,-3.629561,-2.6401987,-6.9839134,0.9999224,2.083698e-05,5.6041477e-05,7.278766e-07,N,N
CM05_English_N_0077.npy,7.1171913,-1.1799124,-4.4442143,-8.345373,0.99974114,0.00024917308,9.5243e-06,1.9256667e-07,N,N
CM24_Gujarati_N_0055.npy,8.0722065,-3.3412218,-3.9839993,-7.608358,0.99998295,1.1045965e-05,5.8082987e-06,1.5488516e-07,N,N
CM30_English_N_0015.npy,6.8169527,-2.5844133,-3.3058481,-6.5737495,0.99987566,8.260085e-05,4.0148512e-05,1.5291073e-06,N,N
CF02_Gujarati_N_0010.npy,7.2798157,-3.4522147,-3.013454,-6.4341836,0.99994326,2.183301e-05,3.3858287e-05,1.1067802e-06,N,N
CF04_English_N_0105.npy,8.010206,-3.791153,-3.7122905,-6.58181,0.9999839,7.494244e-06,8.109187e-06,4.6000326e-07,N,N
CF04_Hindi_N_0093.npy,7.121534,-3.855892,-2.917444,-5.6276383,0.99993634,1.7081931e-05,4.3661614e-05,2.9045393e-06,N,N
CF04_Hindi_N_0081.npy,7.107687,-3.974278,-2.515169,-6.089859,0.99991655,1.5386071e-05,6.6192755e-05,1.8549933e-06,N,N
CM30_English_N_0012.npy,7.878519,-1.3791136,-4.8208003,-9.466313,0.99990153,9.53715e-05,3.052901e-06,2.932188e-08,N,N
CF18_English_N_0041.npy,3.489921,-2.073901,-0.15228534,-5.7462015,0.97075504,0.003721967,0.02542843,9.4604715e-05,N,N
CM35_English_N_0066.npy,7.084319,-2.5281363,-3.9209797,-6.448073,0.99991524,6.688471e-05,1.6612032e-05,1.3271493e-06,N,N
CF09_English_N_0032.npy,7.954195,-4.007367,-2.96483,-7.4875937,0.9999753,6.384823e-06,1.8109931e-05,1.9665532e-07,N,N
CM05_Hindi_N_0053.npy,9.140278,-3.4556155,-4.5565376,-9.390781,0.9999956,3.3858746e-06,1.1260215e-06,8.954912e-09,N,N
CF04_Hindi_N_0028.npy,8.13087,-3.8959665,-3.1623201,-7.686748,0.9999814,5.981405e-06,1.2457239e-05,1.3504793e-07,N,N
CM35_English_N_0062.npy,6.4586253,-2.6423721,-3.0549958,-6.3050447,0.9998118,0.000111533445,7.3825264e-05,2.862377e-06,N,N
CM35_English_N_0124.npy,6.4859815,-2.6317399,-3.3927693,-5.894948,0.9998349,0.00010968624,5.1243802e-05,4.197191e-06,N,N
CM27_Gujarati_N_0044.npy,6.836187,-2.9717302,-2.9605024,-6.6886334,0.99988794,5.500818e-05,5.5629273e-05,1.3372004e-06,N,N
CF02_English_N_0088.npy,7.4748616,-3.2995152,-3.3849785,-7.1062636,0.99995947,2.092811e-05,1.9213818e-05,4.650291e-07,N,N
CM05_English_N_0004.npy,8.316001,-3.117002,-4.30444,-7.806413,0.9999857,1.0831882e-05,3.303739e-06,9.9567714e-08,N,N
CF04_English_N_0045.npy,7.8556457,-3.8484747,-3.2464378,-7.1335616,0.9999763,8.259519e-06,1.5080517e-05,3.0921439e-07,N,N
CF14_Gujarati_N_0011.npy,6.921054,-2.726499,-3.0039752,-7.4800267,0.99988604,6.457609e-05,4.892888e-05,5.567246e-07,N,N
CF14_English_N_0032.npy,6.8818917,-3.1064558,-3.0446665,-6.433251,0.99990356,4.5927594e-05,4.885495e-05,1.649169e-06,N,N
CM35_English_N_0094.npy,7.8938894,-3.1016548,-3.804695,-7.9497223,0.9999747,1.6775859e-05,8.305357e-06,1.3158183e-07,N,N
CM24_Gujarati_N_0061.npy,1.6645113,-1.3327525,0.63888836,-4.245064,0.70861185,0.035376366,0.2540891,0.0019227047,N,N
CM16_Hindi_N_0086.npy,7.2471013,-2.8752983,-3.311607,-7.4426966,0.9999335,4.0166957e-05,2.5964646e-05,4.171313e-07,N,N
CF04_English_N_0033.npy,8.021173,-3.902709,-3.1380882,-7.5779467,0.999979,6.6300217e-06,1.4242476e-05,1.6802717e-07,N,N
CM35_English_N_0103.npy,8.439425,-3.5255525,-3.9686298,-8.12747,0.9999895,6.3631387e-06,4.0855025e-06,6.3838776e-08,N,N
CM35_English_N_0080.npy,8.41466,-3.1826415,-4.200632,-8.086521,0.99998736,9.19074e-06,3.3207987e-06,6.817451e-08,N,N
CF18_English_N_0052.npy,6.0694923,-2.8942418,-2.1246526,-6.572973,0.9995927,0.00012791545,0.00027615382,3.2305022e-06,N,N
CM05_English_N_0096.npy,8.150795,-3.0508108,-3.9992447,-7.7597327,0.9999809,1.3651995e-05,5.288062e-06,1.2306573e-07,N,N
CM05_English_N_0065.npy,5.5814366,-0.23348701,-3.4562438,-7.462398,0.99690586,0.0029734788,0.00011847844,2.1566948e-06,N,N
CF02_English_N_0028.npy,7.789778,-3.3274941,-3.37245,-7.5734105,0.9999708,1.4853105e-05,1.4200153e-05,2.1273513e-07,N,N
CM38_English_N_0011.npy,6.5686054,-3.097801,-2.3749828,-7.314082,0.9998053,6.3364845e-05,0.00013054625,9.3484766e-07,N,N
CF20_Gujarati_N_0006.npy,5.02004,-2.3778195,-1.4041256,-6.090224,0.9977557,0.0006111877,0.0016182457,1.4924437e-05,N,N
CF18_English_N_0031.npy,7.2247896,-3.4370327,-2.7634962,-7.236459,0.99993014,2.3420658e-05,4.593166e-05,5.2423894e-07,N,N
CM05_English_N_0035.npy,6.8646803,-1.8565799,-3.6461146,-7.7875247,0.9998092,0.00016305046,2.7235605e-05,4.330575e-07,N,N
CF04_Hindi_N_0142.npy,7.946768,-3.51395,-3.5948405,-7.7384043,0.9999795,1.0535725e-05,9.717042e-06,1.541727e-07,N,N
CF14_Gujarati_N_0008.npy,7.326839,-3.3318028,-3.3078675,-6.580118,0.9999515,2.3495766e-05,2.406493e-05,9.125653e-07,N,N
CM27_Gujarati_N_0039.npy,6.0840425,-1.9388585,-3.113457,-6.711474,0.99956816,0.00032772572,0.00010124865,2.7719796e-06,N,N
CM38_English_N_0086.npy,7.919926,-3.5172994,-3.567958,-7.5532017,0.9999788,1.07861615e-05,1.0253354e-05,1.9058861e-07,N,N
CF14_Gujarati_N_0056.npy,6.3694916,-2.79228,-2.0386221,-7.4416814,0.9996711,0.00010494221,0.00022297689,1.0040171e-06,N,N
CF04_English_N_0060.npy,7.648515,-3.3768716,-3.4609895,-7.24724,0.9999684,1.628252e-05,1.4968893e-05,3.3950155e-07,N,N
CM16_Hindi_N_0033.npy,7.1536813,-3.282628,-3.1351466,-6.5713754,0.9999356,2.9345416e-05,3.4008764e-05,1.0946006e-06,N,N
CF09_Hindi_N_0109.npy,5.9469476,-2.906302,-1.6780479,-6.577834,0.99936587,0.00014282594,0.0004877881,3.6331282e-06,N,N
CM05_Hindi_N_0036.npy,7.436508,-3.2067776,-3.4564202,-7.2481217,0.9999571,2.3859488e-05,1.8588431e-05,4.1930286e-07,N,N
CF14_Hindi_N_0011.npy,7.514725,-3.4201438,-3.0153031,-7.465137,0.9999552,1.782491e-05,2.6720672e-05,3.1211098e-07,N,N
CM38_English_N_0050.npy,6.3455634,-0.9720404,-3.6255243,-7.919169,0.9992894,0.000663279,4.669851e-05,6.376711e-07,N,N
CF04_Hindi_N_0036.npy,6.5440283,-3.1312766,-2.2709324,-6.2732644,0.99978596,6.2802326e-05,0.00014846303,2.71286e-06,N,N
CM03_English_N_0063.npy,3.7453766,-2.3740652,-0.30257702,-5.607622,0.9806378,0.0021570923,0.017120037,8.502622e-05,N,N
CF02_Gujarati_N_0062.npy,6.875886,-2.9464798,-2.870933,-7.131797,0.9998864,5.4218992e-05,5.8473783e-05,8.2507097e-07,N,N
CM16_Hindi_N_0063.npy,5.510975,-2.6808944,-2.1523335,-5.900176,0.9992428,0.000276686,0.00046939516,1.1062954e-05,N,N
CM05_Hindi_N_0089.npy,6.75188,-1.8787063,-3.4115279,-7.6760116,0.9997825,0.00017852103,3.8547252e-05,5.419407e-07,N,N
CF04_Hindi_N_0120.npy,6.708984,-3.3220093,-2.5321746,-6.7433066,0.99985766,4.4008146e-05,9.6951386e-05,1.4377476e-06,N,N
CF14_Gujarati_N_0010.npy,7.292114,-3.2797282,-3.0166621,-7.5286155,0.99994063,2.5626041e-05,3.3337245e-05,3.6594287e-07,N,N
CM27_Gujarati_N_0064.npy,7.519786,-3.154425,-3.4460948,-7.4690456,0.99995923,2.313298e-05,1.7280685e-05,3.093253e-07,N,N
CF02_English_N_0083.npy,7.5323086,-3.2785745,-2.9714549,-7.6194673,0.9999522,2.0177744e-05,2.7431708e-05,2.62813e-07,N,N
CF14_Hindi_N_0088.npy,6.998166,-3.1906412,-2.6963353,-7.2020783,0.9999001,3.7584927e-05,6.161521e-05,6.8056346e-07,N,N
CM05_English_N_0047.npy,8.205876,-3.3417304,-4.1492586,-7.9186435,0.99998593,9.658999e-06,4.3075165e-06,9.935829e-08,N,N
CM38_English_N_0021.npy,7.166147,-2.1560476,-3.7946832,-7.642812,0.99989283,8.940783e-05,1.7367016e-05,3.7025785e-07,N,N
CM30_Gujarati_N_0013.npy,5.146585,-0.48711196,-2.884844,-6.748278,0.996108,0.0035614178,0.000323818,6.7988117e-06,N,N
CM35_English_N_0050.npy,8.509455,-3.3682342,-4.014493,-8.212719,0.9999893,6.9435314e-06,3.6384295e-06,5.4657228e-08,N,N
CM38_English_N_0084.npy,7.9675803,-3.519048,-3.5174232,-7.5595455,0.99997926,1.0266245e-05,1.0282941e-05,1.8057004e-07,N,N
CF14_Hindi_N_0049.npy,8.101148,-3.3502414,-4.045677,-6.3704786,0.99998343,1.0634513e-05,5.305103e-06,5.188542e-07,N,N
CM35_English_N_0017.npy,7.462998,-2.560611,-3.6800232,-7.5716524,0.999941,4.4338012e-05,1.4475114e-05,2.954667e-07,N,N
CF04_English_N_0092.npy,8.140542,-3.8330262,-3.4627557,-7.6904182,0.9999844,6.308683e-06,9.135763e-06,1.3325838e-07,N,N
CM05_Hindi_N_0092.npy,7.6776104,-1.9978827,-4.4475355,-8.0422125,0.9999317,6.279962e-05,5.4210873e-06,1.4891484e-07,N,N
CM30_Gujarati_N_0056.npy,8.153923,-2.8600945,-4.409333,-8.189573,0.99998,1.6468895e-05,3.4981501e-06,7.981804e-08,N,N
CF02_Gujarati_N_0016.npy,6.913118,-3.582705,-2.513,-6.9213295,0.9998908,2.7648694e-05,8.0582664e-05,9.811338e-07,N,N
CF14_Hindi_N_0102.npy,7.238162,-3.3609552,-2.9807906,-6.586793,0.99993753,2.4936457e-05,3.6470214e-05,9.905382e-07,N,N
CF14_Hindi_N_0137.npy,7.8499107,-3.5547829,-3.1117206,-7.443745,0.9999713,1.1142741e-05,1.735447e-05,2.2805384e-07,N,N
CF09_Hindi_N_0005.npy,8.023781,-3.9987876,-3.1649487,-7.2038,0.99998,6.0069783e-06,1.3828909e-05,2.4363342e-07,N,N
CM27_Gujarati_N_0005.npy,6.0269265,-2.2935805,-2.6387866,-6.4045453,0.9995803,0.0002433702,0.00017232419,3.989313e-06,N,N
CM24_Gujarati_N_0034.npy,7.643523,-2.9925015,-3.6611617,-7.372847,0.9999634,2.403352e-05,1.2314646e-05,3.0092423e-07,N,N
CM35_English_N_0092.npy,7.4713354,-3.3856983,-3.48778,-6.9461875,0.9999628,1.9267884e-05,1.7398035e-05,5.476883e-07,N,N
CM35_English_N_0129.npy,6.855966,-2.3596978,-3.6335855,-7.4850802,0.9998722,9.945635e-05,2.7822116e-05,5.91163e-07,N,N
CM05_Hindi_N_0110.npy,6.531033,-2.5571606,-3.4893515,-5.946572,0.9998387,0.00011297374,4.4476656e-05,3.8104392e-06,N,N
CF04_Hindi_N_0139.npy,7.494605,-2.9599652,-3.7485712,-7.116604,0.99995756,2.8815039e-05,1.30958015e-05,4.5124682e-07,N,N
CM05_Hindi_N_0127.npy,6.6102543,-2.465968,-3.4510908,-6.5440497,0.999841,0.00011433459,4.2691783e-05,1.936819e-06,N,N
CF14_Hindi_N_0110.npy,8.669497,-4.0400944,-3.8704598,-7.2275705,0.9999933,3.0219821e-06,3.5806625e-06,1.2473507e-07,N,N
CM38_English_N_0132.npy,7.4788156,-2.1775694,-4.251997,-7.579824,0.99992776,6.401086e-05,8.041586e-06,2.8845932e-07,N,N
CM30_Gujarati_N_0028.npy,-0.04716779,3.0550363,-1.9346075,-4.4006577,0.042714506,0.95026666,0.0064694984,0.00054938736,L,N
CF14_Hindi_N_0040.npy,7.29229,-3.2497516,-3.2114635,-6.7784743,0.9999454,2.6401327e-05,2.7431784e-05,7.746774e-07,N,N
CM05_Hindi_N_0055.npy,7.491918,-3.1043608,-3.5396535,-7.457576,0.9999585,2.5007856e-05,1.618197e-05,3.2173588e-07,N,N
CF04_English_N_0115.npy,6.444539,-3.2144315,-2.1015232,-6.753542,0.99974006,6.3833606e-05,0.00019425817,1.8536739e-06,N,N
CF14_Hindi_N_0077.npy,7.8915067,-3.733334,-3.403521,-7.2329707,0.9999784,8.941007e-06,1.24343305e-05,2.7009312e-07,N,N
CM27_Gujarati_N_0056.npy,5.4290504,-0.92071027,-3.1472528,-6.848215,0.9980635,0.0017437822,0.0001881555,4.6473942e-06,N,N
CM30_Gujarati_N_0036.npy,3.835449,0.9434285,-3.151271,-6.864574,0.94660157,0.052502345,0.00087472843,2.134059e-05,N,N
CM38_English_N_0087.npy,7.3578677,-3.134536,-3.351502,-7.325114,0.9999496,2.7745014e-05,2.2333561e-05,4.1999127e-07,N,N
CF02_English_N_0011.npy,6.5696735,-2.673984,-2.668199,-7.162724,0.99980503,9.6704265e-05,9.726532e-05,1.0864532e-06,N,N
CM03_English_N_0093.npy,6.0259366,-0.5717543,-3.4846165,-8.203996,0.9985638,0.0013615544,7.395967e-05,6.59773e-07,N,N
CF18_English_N_0037.npy,7.245282,-3.2883205,-2.998576,-7.457418,0.9999374,2.6624859e-05,3.5573095e-05,4.117859e-07,N,N
CM03_English_N_0049.npy,5.742838,-2.050307,-2.7982955,-6.322477,0.9993868,0.0004123003,0.00019514898,5.7521975e-06,N,N
CF14_Hindi_N_0111.npy,6.768049,-2.9498096,-2.8734698,-6.480553,0.99987304,6.0191145e-05,6.4966065e-05,1.7625855e-06,N,N
CF02_English_N_0034.npy,7.402785,-3.4304976,-3.2065554,-7.089537,0.99995506,1.9730845e-05,2.4683253e-05,5.082121e-07,N,N
CM35_English_N_0114.npy,8.419965,-3.5110412,-4.061579,-7.9946513,0.9999895,6.5830263e-06,3.7960294e-06,7.433929e-08,N,N
CM16_Hindi_N_0004.npy,6.665202,-2.7795677,-2.9249573,-6.7398458,0.999851,7.9090416e-05,6.8388326e-05,1.5072898e-06,N,N
CM24_Gujarati_N_0026.npy,6.403672,-2.478627,-3.1555984,-6.3127856,0.9997876,0.00013879509,7.052924e-05,3.0006856e-06,N,N
CM30_Gujarati_N_0057.npy,8.265533,-2.7077289,-4.130817,-8.759718,0.99997866,1.7153916e-05,4.1335575e-06,4.0366213e-08,N,N
CF14_Hindi_N_0141.npy,6.930106,-3.019883,-2.749855,-7.0373483,0.9998889,4.7722842e-05,6.251698e-05,8.5894067e-07,N,N
CF14_Gujarati_N_0069.npy,7.029861,-3.0640619,-3.100241,-6.4251204,0.9999174,4.132656e-05,3.9858107e-05,1.4339704e-06,N,N
CM16_Hindi_N_0030.npy,7.5130224,-3.1950405,-3.2595704,-7.494511,0.99995637,2.2362912e-05,2.0965419e-05,3.0359305e-07,N,N
CM05_Hindi_N_0011.npy,6.5282774,-1.5953572,-3.7186713,-7.6834106,0.9996675,0.00029635074,3.5453777e-05,6.7266353e-07,N,N
CF04_English_N_0082.npy,7.526836,-2.9247847,-3.563315,-7.379,0.99995553,2.8900127e-05,1.5261225e-05,3.360921e-07,N,N
CM05_Hindi_N_0043.npy,7.829227,-3.2635825,-3.5429025,-7.2508974,0.99997294,1.5220966e-05,1.1511586e-05,2.823408e-07,N,N
CM24_Gujarati_N_0069.npy,6.7267814,-2.6888196,-2.9385662,-6.9159026,0.99985397,8.143163e-05,6.343505e-05,1.1884863e-06,N,N
CF04_Hindi_N_0063.npy,7.8809123,-3.493956,-3.392712,-7.827763,0.99997556,1.14801305e-05,1.2703298e-05,1.5059078e-07,N,N
CF14_Hindi_N_0022.npy,6.910792,-3.096689,-2.8279653,-6.958445,0.999895,4.5056844e-05,5.8947568e-05,9.4759184e-07,N,N
CM03_English_N_0064.npy,5.740552,-1.793593,-3.3130467,-5.6549225,0.99933773,0.0005341642,0.00011689191,1.1238818e-05,N,N
CF14_Gujarati_N_0054.npy,6.88736,-3.3150072,-2.8939078,-5.8509793,0.99990344,3.7078833e-05,5.649465e-05,2.9360776e-06,N,N
CF14_English_N_0048.npy,4.8704014,-1.7322477,-1.46484,-6.3936996,0.9968675,0.0013525188,0.001767165,1.2784993e-05,N,N
CF04_Hindi_N_0032.npy,6.917938,-3.2322328,-2.6870887,-7.1406407,0.99989283,3.9065206e-05,6.738189e-05,7.841342e-07,N,N
CF14_Hindi_N_0060.npy,7.0056205,-3.451386,-2.6990173,-6.678062,0.99990904,2.8743543e-05,6.0994404e-05,1.1408084e-06,N,N
CF09_Hindi_N_0174.npy,6.543985,-2.8318093,-3.3359725,-5.777269,0.9998597,8.473899e-05,5.118329e-05,4.455398e-06,N,N
CF09_Hindi_N_0142.npy,7.7233815,-3.9101186,-2.9409032,-6.9791975,0.99996734,8.86382e-06,2.3363926e-05,4.1184774e-07,N,N
CF04_Hindi_N_0016.npy,8.185463,-4.183305,-2.8016582,-8.106565,0.9999788,4.2491615e-06,1.6917826e-05,8.403356e-08,N,N
CM05_Hindi_N_0108.npy,6.1036963,-1.941076,-3.1569872,-6.9304805,0.9995821,0.00032064045,9.505062e-05,2.183471e-06,N,N
CF20_Gujarati_N_0045.npy,7.8001695,-3.6982198,-2.8294308,-7.5475483,0.9999654,1.0146073e-05,2.4188455e-05,2.1605088e-07,N,N
CF02_English_N_0058.npy,5.9284697,-3.015749,-1.8771023,-5.970849,0.9994555,0.00013041832,0.0004072364,6.791333e-06,N,N
CF09_Hindi_N_0128.npy,8.080719,-3.8032043,-3.2772877,-7.0012755,0.99998116,6.9003227e-06,1.1675414e-05,2.8181532e-07,N,N
CM05_English_N_0030.npy,8.061095,-2.5743227,-4.366925,-7.8006644,0.99997175,2.40483e-05,4.0046725e-06,1.292151e-07,N,N
CM35_English_N_0099.npy,8.264043,-3.4610105,-3.7119536,-8.070455,0.99998546,8.088492e-06,6.293391e-06,8.053999e-08,N,N
CF04_Hindi_N_0115.npy,6.683724,-3.625165,-2.0486975,-6.0886164,0.99980265,3.3328863e-05,0.00016123959,2.8376392e-06,N,N
CF09_English_N_0055.npy,9.340729,-3.8173873,-4.7658916,-8.521057,0.9999974,1.9297522e-06,7.4743133e-07,1.7487341e-08,N,N
CF04_Hindi_N_0107.npy,6.744059,-3.1998289,-2.5021906,-6.988314,0.99985445,4.8013266e-05,9.6458694e-05,1.086533e-06,N,N
CF09_Hindi_N_0160.npy,7.509007,-3.4898012,-3.2201777,-6.971333,0.9999608,1.6720966e-05,2.1895614e-05,5.143411e-07,N,N
CM30_English_N_0045.npy,5.9756227,-0.78288543,-3.66284,-7.7071877,0.99877423,0.0011595368,6.5093314e-05,1.1405085e-06,N,N
CF14_Hindi_N_0107.npy,7.435093,-3.1524165,-3.2344453,-7.272561,0.9999511,2.5227951e-05,2.3241122e-05,4.0975644e-07,N,N
CF20_Gujarati_N_0051.npy,6.8014255,-3.4389338,-2.4459827,-6.6747227,0.9998666,3.569526e-05,9.634825e-05,1.4038643e-06,N,N
CF04_Hindi_N_0097.npy,6.746726,-3.7515805,-2.7540455,-5.3656435,0.99989223,2.7580158e-05,7.478605e-05,5.4905768e-06,N,N
CF02_English_N_0054.npy,7.132185,-3.3205874,-3.3588817,-6.0418653,0.99994147,2.8866447e-05,2.7781913e-05,1.899141e-06,N,N
CF09_Hindi_N_0123.npy,6.8824973,-3.70541,-2.3918333,-6.4870963,0.99987936,2.5216088e-05,9.379015e-05,1.5617334e-06,N,N
CM05_Hindi_N_0123.npy,7.6619935,-2.6093438,-4.761164,-7.767349,0.99996114,3.4609704e-05,4.024151e-06,1.9911542e-07,N,N
CF18_English_N_0050.npy,6.9842343,-3.2862077,-2.6286523,-6.727913,0.99989736,3.4638506e-05,6.685469e-05,1.1087809e-06,N,N
CM27_Gujarati_N_0050.npy,4.328843,-2.4285493,-0.82427096,-5.0814533,0.9930234,0.0011541474,0.0057410374,8.130545e-05,N,N
CM05_English_N_0092.npy,6.9867125,-1.4023358,-3.9972243,-8.014753,0.99975544,0.00022728786,1.6968008e-05,3.053796e-07,N,N
CM35_English_N_0009.npy,7.410127,-2.7443986,-3.7080822,-7.181162,0.9999459,3.8897528e-05,1.4838817e-05,4.603201e-07,N,N
CM05_English_N_0099.npy,7.93332,-3.2531211,-4.0839624,-6.9215693,0.99997973,1.386058e-05,6.038815e-06,3.536673e-07,N,N
CM05_English_N_0050.npy,8.322109,-3.0813992,-4.101988,-7.867901,0.99998474,1.1156108e-05,4.0204677e-06,9.305963e-08,N,N
CF14_Hindi_N_0039.npy,6.990952,-3.4253287,-2.677933,-6.5929155,0.9999056,2.9938205e-05,6.321432e-05,1.26055e-06,N,N
CM05_English_N_0020.npy,7.9644055,-2.4391277,-4.2011757,-8.601276,0.99996436,3.0324074e-05,5.206429e-06,6.3914655e-08,N,N
CM05_Hindi_N_0010.npy,7.8076973,-2.455603,-3.997551,-8.036599,0.99995744,3.488888e-05,7.4649574e-06,1.3148947e-07,N,N
CF14_Hindi_N_0112.npy,6.6008,-2.6562314,-2.8513522,-6.620695,0.9998242,9.542144e-05,7.8506586e-05,1.8109291e-06,N,N
CF02_English_N_0048.npy,8.350492,-3.7118425,-4.1470695,-7.3043556,0.99999034,5.7728553e-06,3.7357195e-06,1.5892128e-07,N,N
CF20_Gujarati_N_0044.npy,7.567472,-3.8361619,-2.8755095,-7.054494,0.99995923,1.1154419e-05,2.915097e-05,4.4641976e-07,N,N
CM16_Hindi_N_0002.npy,6.8885713,-3.0174525,-2.6914473,-7.3619018,0.9998803,4.986737e-05,6.9087364e-05,6.472115e-07,N,N
CM24_Gujarati_N_0027.npy,7.8700986,-2.8194163,-3.9523206,-7.725538,0.9999696,2.278187e-05,7.3379606e-06,1.686118e-07,N,N
CF02_Gujarati_N_0066.npy,6.7803392,-3.1960332,-3.2067213,-5.6178665,0.9999033,4.6480887e-05,4.598675e-05,4.1255867e-06,N,N
CF02_Gujarati_N_0004.npy,7.700006,-3.6084447,-3.0706651,-7.448296,0.9999665,1.2268394e-05,2.1005959e-05,2.6373115e-07,N,N
CM03_English_N_0023.npy,6.5437913,-1.8877039,-2.9406302,-8.430428,0.99970585,0.00021783126,7.600466e-05,3.1379923e-07,N,N
CM27_Gujarati_N_0065.npy,6.5498724,-2.6700706,-3.2775588,-6.0974016,0.9998437,9.902885e-05,5.3942767e-05,3.2158132e-06,N,N
CF14_Hindi_N_0046.npy,7.088505,-3.6913104,-2.5289948,-7.0902505,0.999912,2.0813604e-05,6.6547975e-05,6.9535537e-07,N,N
CM38_English_N_0076.npy,7.0419397,-2.129806,-3.9202223,-6.862069,0.9998777,0.00010392224,1.7343647e-05,9.1519274e-07,N,N
CF09_English_N_0013.npy,7.88471,-3.2274866,-3.7520697,-7.7707686,0.99997604,1.4928775e-05,8.834873e-06,1.5881872e-07,N,N
CM05_Hindi_N_0057.npy,7.6909723,-3.0109236,-3.9452744,-7.189594,0.9999683,2.2501528e-05,8.839516e-06,3.4469792e-07,N,N
CM30_English_N_0014.npy,7.4265213,-1.059279,-4.5452533,-8.805725,0.9997873,0.00020633437,6.3187586e-06,8.9193364e-08,N,N
CF20_Gujarati_N_0048.npy,6.9136987,-3.9871337,-2.36898,-5.9197907,0.9998859,1.8440775e-05,9.301101e-05,2.6695425e-06,N,N
CM03_English_N_0081.npy,6.542454,-2.7123866,-2.7804353,-6.9578686,0.9998136,9.5629686e-05,8.9338704e-05,1.3702619e-06,N,N
CF04_English_N_0106.npy,6.810507,-3.2878354,-2.456892,-6.4239707,0.9998627,4.1142077e-05,9.444091e-05,1.7876381e-06,N,N
CF14_Gujarati_N_0014.npy,6.5420547,-3.1517894,-1.9164387,-7.4129295,0.9997254,6.1645e-05,0.00021203316,8.695767e-07,N,N
CF09_English_N_0011.npy,8.265267,-3.527381,-3.637172,-7.7235746,0.9999856,7.559823e-06,6.7737647e-06,1.1379624e-07,N,N
CM27_Gujarati_N_0009.npy,6.6401296,-3.1225002,-2.5520725,-7.4408703,0.9998399,5.7553847e-05,0.00010181413,7.667083e-07,N,N
CF02_English_N_0001.npy,7.886683,-3.8066752,-3.3759289,-6.5181813,0.9999782,8.348904e-06,1.2844007e-05,5.546735e-07,N,N
CF20_Gujarati_N_0024.npy,6.628638,-3.1688433,-2.1773658,-6.7790256,0.9997931,5.5579927e-05,0.00014979985,1.5032664e-06,N,N
CF09_Hindi_N_0026.npy,6.5191836,-3.386933,-2.1986535,-6.0524487,0.9997831,4.985791e-05,0.00016360522,3.4682887e-06,N,N
CM16_Hindi_N_0010.npy,7.6688538,-3.691914,-3.207675,-6.849359,0.9999689,1.1643081e-05,1.889601e-05,4.952296e-07,N,N
CM03_English_N_0067.npy,5.455128,0.10615237,-3.55423,-7.817234,0.9951466,0.004729949,0.00012166689,1.713064e-06,N,N
CM30_English_N_0023.npy,3.1541107,1.3949518,-3.2351995,-5.557866,0.8517643,0.14666499,0.0014304657,0.00014020255,N,N
CM30_English_N_0047.npy,4.1542225,1.1100812,-3.7825305,-6.9415474,0.9541896,0.045454923,0.00034099384,1.4481149e-05,N,N
CF04_English_N_0022.npy,7.2212834,-3.5991976,-2.7660577,-6.767222,0.9999331,1.9984609e-05,4.597523e-05,8.410857e-07,N,N
CM03_English_N_0021.npy,7.524236,-3.2164721,-3.4137087,-7.0016055,0.99996006,2.1644735e-05,1.7770259e-05,4.9146183e-07,N,N
CM05_English_N_0042.npy,8.521778,-3.4467552,-4.075644,-8.09762,0.9999902,6.3405614e-06,3.3806878e-06,6.057353e-08,N,N
CM27_Gujarati_N_0025.npy,7.3372474,-3.073972,-3.1891026,-6.9721212,0.9999424,3.0091218e-05,2.6818794e-05,6.102326e-07,N,N
CF14_Hindi_N_0058.npy,6.813059,-3.281278,-2.5777216,-6.5693502,0.99987376,4.1307656e-05,8.347974e-05,1.5418381e-06,N,N
CF18_English_N_0030.npy,6.9941335,-3.1066716,-2.4532204,-7.7146277,0.9998796,4.104155e-05,7.888861e-05,4.0927372e-07,N,N
CF09_Hindi_N_0135.npy,7.686682,-3.7891319,-2.9545674,-6.911078,0.9999652,1.0377727e-05,2.390831e-05,4.5736002e-07,N,N
CF04_English_N_0064.npy,8.998123,-3.9197378,-4.234574,-8.765605,0.9999957,2.4538185e-06,1.7910638e-06,1.928895e-08,N,N
CM24_Gujarati_N_0013.npy,7.6000524,-3.39176,-3.498796,-7.264497,0.9999677,1.683846e-05,1.5129249e-05,3.5026287e-07,N,N
CF14_Gujarati_N_0001.npy,7.51444,-3.0848103,-3.481335,-7.5703616,0.9999579,2.4933634e-05,1.6771704e-05,2.8101894e-07,N,N
CM05_Hindi_N_0091.npy,6.8559666,-2.9663064,-2.9233344,-7.2928486,0.9998884,5.4224114e-05,5.6605055e-05,7.1647196e-07,N,N
CM05_Hindi_N_0023.npy,5.5006194,-1.410516,-2.830456,-6.750059,0.99875927,0.0009953888,0.00024061384,4.7759363e-06,N,N
CF14_Hindi_N_0020.npy,8.002115,-3.564663,-3.616604,-7.320963,0.9999814,9.47554e-06,8.995936e-06,2.2144386e-07,N,N
CF04_Hindi_N_0138.npy,6.485488,-3.2944713,-2.1731985,-6.5971274,0.99976784,5.6560995e-05,0.00017357187,2.0806149e-06,N,N
CF20_Gujarati_N_0069.npy,7.420926,-3.5382788,-2.805347,-7.095887,0.9999459,1.7396198e-05,3.6204514e-05,4.95912e-07,N,N
CF14_Hindi_N_0067.npy,8.757645,-3.7026253,-4.0710835,-7.9064717,0.9999933,3.877668e-06,2.6825721e-06,5.7924662e-08,N,N
CF14_Hindi_N_0121.npy,5.435107,-2.39202,-1.5902368,-6.745791,0.9987087,0.00039825437,0.00088791375,5.1208467e-06,N,N
CF14_Gujarati_N_0016.npy,7.935514,-3.346741,-3.6233878,-7.3645425,0.9999776,1.2594157e-05,9.550432e-06,2.2660014e-07,N,N
CM05_Hindi_N_0033.npy,6.4153266,-2.3978987,-3.021288,-6.476327,0.99976903,0.00014871843,7.9731486e-05,2.5184067e-06,N,N
CF18_English_N_0045.npy,6.7734513,-3.3866549,-2.2477903,-6.7967653,0.9998393,3.867693e-05,0.000120796554,1.277791e-06,N,N
CF14_English_N_0049.npy,6.7278657,-3.0186517,-2.8531084,-6.7562976,0.99987113,5.849051e-05,6.9020745e-05,1.3926639e-06,N,N
CF14_English_N_0036.npy,6.6777186,-3.1162665,-2.6535234,-6.365149,0.9998535,5.5777957e-05,8.859917e-05,2.1651647e-06,N,N
CM30_English_N_0016.npy,5.9892454,-0.61502385,-3.6829019,-7.459475,0.99858296,0.0013526535,6.292507e-05,1.4410493e-06,N,N
CF02_English_N_0082.npy,7.799905,-3.5397198,-3.3614297,-7.543732,0.99997365,1.1891928e-05,1.4212888e-05,2.1693593e-07,N,N
CF09_Hindi_N_0102.npy,4.768396,-2.7451565,-1.1415333,-5.0721335,0.99669963,0.0005438384,0.0027034269,5.307337e-05,N,N
CM16_Hindi_N_0069.npy,7.253428,-2.9412725,-3.331995,-7.4262686,0.99993694,3.7365477e-05,2.528029e-05,4.2136764e-07,N,N
CM03_English_N_0088.npy,6.6746845,-1.6477267,-3.5316436,-8.017531,0.9997197,0.00024294101,3.6925478e-05,4.160351e-07,N,N
CF14_English_N_0013.npy,5.7644806,-2.4299412,-1.6849747,-7.239855,0.9991405,0.00027595254,0.00058125844,2.248617e-06,N,N
CF14_Hindi_N_0127.npy,7.852594,-3.7283921,-3.3107233,-7.2442484,0.99997616,9.341817e-06,1.4184786e-05,2.776608e-07,N,N
CF20_Gujarati_N_0039.npy,7.4796114,-3.8598707,-2.4479716,-7.6767344,0.9999391,1.1893206e-05,4.880667e-05,2.6161123e-07,N,N
CF14_Hindi_N_0006.npy,7.32888,-3.3413546,-2.9597251,-7.2875113,0.9999423,2.3224742e-05,3.4016583e-05,4.4890757e-07,N,N
CF14_Gujarati_N_0048.npy,7.5277886,-2.7502882,-3.2495518,-7.8255777,0.99994457,3.4376666e-05,2.0865878e-05,2.1482926e-07,N,N
CM38_English_N_0007.npy,7.507285,-3.1781538,-3.4632149,-7.4322963,0.9999596,2.287469e-05,1.7201046e-05,3.2494128e-07,N,N
CF14_Hindi_N_0003.npy,6.9826126,-2.9843028,-3.485603,-6.2386575,0.9999229,4.6923487e-05,2.8423536e-05,1.8115155e-06,N,N
CM38_English_N_0055.npy,7.317352,-1.5445076,-4.6359572,-8.271431,0.9998517,0.00014167036,6.4369397e-06,1.6975129e-07,N,N
CM16_Hindi_N_0082.npy,6.065571,-2.56699,-2.3309174,-6.7393794,0.99959356,0.00017813528,0.00022556669,2.7460221e-06,N,N
CM16_Hindi_N_0011.npy,7.4719515,-3.3495448,-3.4290552,-6.4969716,0.99996066,1.996489e-05,1.8438936e-05,8.577416e-07,N,N
CF14_English_N_0039.npy,7.4309645,-3.418351,-2.8065631,-7.2359757,0.99994445,1.9416813e-05,3.5799258e-05,4.2678042e-07,N,N
CF18_English_N_0053.npy,7.8062863,-3.8197641,-2.9561613,-7.4093623,0.9999696,8.930115e-06,2.117948e-05,2.465554e-07,N,N
CM05_Hindi_N_0094.npy,7.5738435,-2.5724955,-3.795485,-7.6933074,0.999949,3.9217386e-05,1.1543598e-05,2.3417388e-07,N,N
CM35_English_N_0106.npy,7.7903266,-3.3025227,-3.5734148,-7.4576435,0.99997294,1.5220356e-05,1.16085575e-05,2.387145e-07,N,N
CF09_Hindi_N_0157.npy,7.1714125,-2.881702,-3.0081391,-7.668096,0.9999187,4.304798e-05,3.793511e-05,3.5912714e-07,N,N
CF20_Gujarati_N_0067.npy,7.124798,-3.7689364,-2.6294775,-6.335466,0.9999219,1.8572808e-05,5.8041434e-05,1.4264207e-06,N,N
CM35_English_N_0022.npy,7.282082,-2.5301356,-3.4443831,-7.270473,0.99992275,5.4774002e-05,2.1954414e-05,4.7848914e-07,N,N
CM05_English_N_0060.npy,8.022319,-2.6124163,-4.1033425,-7.8104944,0.99997044,2.4064697e-05,5.418501e-06,1.3300982e-07,N,N
CF14_Hindi_N_0101.npy,7.5295553,-3.2271523,-3.0203295,-7.66152,0.9999522,2.1301012e-05,2.6195248e-05,2.5268477e-07,N,N
CF02_English_N_0057.npy,6.60737,-3.0946383,-3.3514786,-5.1277175,0.99988353,6.115343e-05,4.730165e-05,8.006925e-06,N,N
CF14_Gujarati_N_0040.npy,7.3604445,-3.2564182,-3.1323142,-7.048156,0.9999472,2.4498075e-05,2.7735108e-05,5.525883e-07,N,N
CF09_Hindi_N_0053.npy,6.2810044,-3.540292,-2.191786,-6.196174,0.9997329,5.4268654e-05,0.00020902477,3.8116605e-06,N,N
CF02_Gujarati_N_0025.npy,7.477307,-2.9256694,-3.1227565,-7.7643538,0.99994445,3.0340363e-05,2.4913048e-05,2.4021858e-07,N,N
CF04_English_N_0057.npy,7.309559,-3.6619904,-2.7964082,-7.39148,0.99994147,1.7182698e-05,4.083279e-05,4.1247228e-07,N,N
CM38_English_N_0137.npy,7.872999,-3.188943,-3.8413305,-7.4731154,0.9999758,1.5698171e-05,8.17562e-06,2.1639956e-07,N,N
CF18_English_N_0004.npy,6.8447113,-3.3038733,-2.2157698,-7.258933,0.99984396,3.9125334e-05,0.00011614895,7.4954426e-07,N,N
CM38_English_N_0124.npy,7.6891394,-1.7531817,-4.3306904,-8.583243,0.9999145,7.928939e-05,6.0230595e-06,8.569528e-08,N,N
CF02_English_N_0078.npy,7.6478786,-3.277208,-3.2271824,-7.4001427,0.9999628,1.8000263e-05,1.8923649e-05,2.9154876e-07,N,N
CF09_Hindi_N_0107.npy,2.5102098,-1.8859776,0.7000054,-4.569627,0.8497715,0.010472788,0.1390402,0.0007154316,N,N
CM16_Hindi_N_0008.npy,7.0302706,-4.061367,-2.1928961,-6.5972314,0.99988484,1.5237475e-05,9.871421e-05,1.2067044e-06,N,N
CF09_Hindi_N_0006.npy,7.332551,-3.5992458,-2.8063128,-7.2309217,0.9999422,1.7879516e-05,3.9511397e-05,4.7330275e-07,N,N
CM24_Gujarati_N_0033.npy,8.045488,-3.271426,-3.840017,-7.1322923,0.9999807,1.21651665e-05,6.8894105e-06,2.5607397e-07,N,N
CF02_English_N_0066.npy,7.503138,-3.2501707,-3.230485,-7.3054223,0.9999565,2.1373628e-05,2.1798554e-05,3.7042906e-07,N,N
CM30_Gujarati_N_0070.npy,6.8281355,-1.189912,-4.035842,-8.092541,0.9996511,0.0003293478,1.912859e-05,3.3104047e-07,N,N
CM24_Gujarati_N_0043.npy,7.8413835,-2.8043728,-4.199815,-7.8423257,0.9999702,2.3800938e-05,5.8960463e-06,1.5439694e-07,N,N
CM24_Gujarati_N_0037.npy,8.208315,-3.3167143,-3.8945165,-7.545687,0.9999844,9.879538e-06,5.5437104e-06,1.439187e-07,N,N
CM35_English_N_0107.npy,7.2854195,-2.908613,-3.1734316,-7.630024,0.9999336,3.739031e-05,2.8691284e-05,3.328713e-07,N,N
CM35_English_N_0038.npy,8.07407,-3.0995607,-3.9289434,-8.217732,0.99997985,1.40392885e-05,6.1256005e-06,8.405272e-08,N,N
CM35_English_N_0055.npy,8.4591675,-3.596614,-4.2020736,-7.7902007,0.99999094,5.8108108e-06,3.1716756e-06,8.769704e-08,N,N
CF02_Gujarati_N_0022.npy,6.8853292,-3.288301,-2.793798,-6.338647,0.9998975,3.8159636e-05,6.256971e-05,1.8065733e-06,N,N
CF09_Hindi_N_0030.npy,6.7646923,-2.8568144,-2.826139,-7.0868325,0.99986446,6.6278684e-05,6.834328e-05,9.644963e-07,N,N
CM05_Hindi_N_0048.npy,7.149053,-2.758867,-3.7282832,-6.6598783,0.9999304,4.9775408e-05,1.8880022e-05,1.0065309e-06,N,N
CF14_Gujarati_N_0019.npy,6.6796975,-3.3817713,-1.9866132,-7.2117496,0.9997842,4.2684063e-05,0.00017225645,9.26675e-07,N,N
CF14_English_N_0035.npy,6.343043,-2.8711925,-2.4900734,-6.2192483,0.99975115,9.9586476e-05,0.00014578678,3.5007265e-06,N,N
CF02_English_N_0104.npy,5.897966,-2.6669552,-2.1718931,-6.2593145,0.99949145,0.00019058162,0.00031266845,5.2473433e-06,N,N
CM35_English_N_0087.npy,9.61556,-3.7760046,-4.694752,-9.172901,0.99999785,1.5279761e-06,6.0969046e-07,6.9226864e-09,N,N
CF09_Hindi_N_0121.npy,6.4036336,-2.9293275,-2.3004124,-7.048572,0.99974424,8.843729e-05,0.00016587068,1.4377065e-06,N,N
CF02_English_N_0037.npy,7.40725,-3.470166,-3.0363028,-7.2423415,0.9999516,1.887893e-05,2.9134097e-05,4.3425246e-07,N,N
CF04_Hindi_N_0042.npy,7.587113,-3.6012518,-2.9099207,-7.2497606,0.99995816,1.3833645e-05,2.7617087e-05,3.6008856e-07,N,N
CF02_English_N_0053.npy,7.415389,-2.841789,-3.458014,-7.3558884,0.9999455,3.510269e-05,1.8954712e-05,3.844962e-07,N,N
CF14_Gujarati_N_0021.npy,7.65642,-3.6803842,-3.1271412,-6.7827635,0.99996674,1.1925427e-05,2.0736918e-05,5.3595403e-07,N,N
CM05_English_N_0015.npy,8.322515,-3.4109325,-3.919028,-7.695828,0.9999871,8.020899e-06,4.825695e-06,1.10488344e-07,N,N
CM03_English_N_0012.npy,6.956585,-3.2537205,-2.7032905,-6.796372,0.9998983,3.6785495e-05,6.3785956e-05,1.0644438e-06,N,N
CF14_Gujarati_N_0015.npy,6.411782,-3.303169,-2.3452024,-6.603431,0.9997801,6.036081e-05,0.00015732377,2.2257136e-06,N,N
CF04_English_N_0048.npy,7.8160634,-3.4916928,-3.4084377,-7.5132165,0.99997413,1.2277008e-05,1.3342895e-05,2.2007316e-07,N,N
CM03_English_N_0060.npy,6.771407,-2.5755713,-3.2635736,-7.0496254,0.9998679,8.721709e-05,4.3833476e-05,9.943619e-07,N,N
CM38_English_N_0036.npy,6.382472,-1.36761,-3.4028492,-7.5130844,0.9995123,0.00043049714,5.624412e-05,9.226239e-07,N,N
CF14_English_N_0038.npy,7.7236996,-3.5849702,-3.1569066,-7.4554925,0.99996865,1.2265729e-05,1.8819122e-05,2.5570972e-07,N,N
CM05_English_N_0044.npy,8.082058,-3.5168235,-3.6795478,-7.322025,0.99998283,9.176187e-06,7.798156e-06,2.0421338e-07,N,N
CF20_Gujarati_N_0065.npy,5.705219,-4.400155,-1.0900085,-4.879492,0.99881613,4.0811035e-05,0.001117779,2.5269923e-05,N,N
CM05_Hindi_N_0090.npy,7.453287,-2.7129753,-3.7211788,-7.369924,0.9999471,3.8443708e-05,1.4027104e-05,3.6503792e-07,N,N
CM38_English_N_0041.npy,6.864181,-1.6525705,-3.7539034,-7.7919083,0.9997751,0.0002000434,2.4463978e-05,4.3136353e-07,N,N
CF09_Hindi_N_0168.npy,7.680694,-3.2190425,-3.5182896,-7.4363465,0.9999676,1.84625e-05,1.368765e-05,2.7210632e-07,N,N
CF02_English_N_0023.npy,7.0652814,-3.2239664,-2.7949305,-7.075338,0.9999131,3.3993732e-05,5.2206728e-05,7.22386e-07,N,N
CM16_Hindi_N_0079.npy,7.398653,-3.3588877,-2.8439877,-7.551902,0.9999428,2.1283084e-05,3.5616635e-05,3.213895e-07,N,N
CF04_English_N_0007.npy,6.255782,-2.8822703,-2.621472,-5.892801,0.9997478,0.000107469416,0.00013949152,5.294539e-06,N,N
CM35_English_N_0013.npy,8.231806,-3.3970795,-4.038926,-7.874881,0.9999863,8.904988e-06,4.68687e-06,1.01146156e-07,N,N
CM05_Hindi_N_0009.npy,7.573718,-2.280128,-3.9858923,-7.991941,0.9999378,5.254147e-05,9.543287e-06,1.737374e-07,N,N
CF18_English_N_0042.npy,6.5953984,-2.8098888,-2.340055,-7.2047486,0.9997851,8.22702e-05,0.0001316099,1.0152639e-06,N,N
CF14_Hindi_N_0018.npy,7.1708837,-3.0933435,-2.9877095,-7.1105714,0.99992573,3.4855442e-05,3.8738854e-05,6.274955e-07,N,N
CF09_English_N_0020.npy,7.746012,-3.307707,-3.563156,-7.658973,0.99997175,1.5827718e-05,1.2259664e-05,2.0402695e-07,N,N
CM05_Hindi_N_0087.npy,4.686737,0.5157976,-3.1443734,-6.8760204,0.98440266,0.015196962,0.00039098918,9.365501e-06,N,N
CF14_Hindi_N_0087.npy,7.237903,-3.3169105,-2.8273582,-7.032947,0.99993074,2.60659e-05,4.252871e-05,6.3418855e-07,N,N
CF18_English_N_0001.npy,6.1718764,-2.910971,-2.0669706,-6.5972385,0.9996195,0.000113554444,0.00026408822,2.8462846e-06,N,N
CF02_English_N_0095.npy,8.284806,-4.1745687,-3.432494,-7.3856287,0.99998784,3.8811168e-06,8.151467e-06,1.5646286e-07,N,N
CF09_Hindi_N_0072.npy,8.368587,-3.6481879,-3.8618364,-8.0008545,0.99998903,6.0419416e-06,4.879665e-06,7.7774445e-08,N,N
CM38_English_N_0029.npy,6.9251995,-1.3427532,-4.087909,-7.8302426,0.9997266,0.0002565399,1.6479677e-05,3.9054794e-07,N,N
CM35_English_N_0082.npy,8.284005,-2.9355936,-4.411195,-7.571756,0.9999833,1.3408584e-05,3.0657552e-06,1.2999404e-07,N,N
CF02_English_N_0098.npy,8.236066,-3.6334388,-3.9888215,-6.845787,0.99998784,7.0005835e-06,4.906744e-06,2.8185727e-07,N,N
CF14_Hindi_N_0010.npy,7.4168124,-3.1408668,-3.22552,-7.661738,0.99994993,2.5991807e-05,2.3882081e-05,2.8277893e-07,N,N
CF18_English_N_0046.npy,8.187203,-3.9560885,-3.4995935,-7.2867694,0.9999862,5.323895e-06,8.40393e-06,1.9042906e-07,N,N
CF02_English_N_0059.npy,6.6641,-2.7059777,-3.2403822,-6.375676,0.9998627,8.522502e-05,4.994345e-05,2.1718893e-06,N,N
CM05_Hindi_N_0006.npy,6.5770116,-0.68304735,-4.154129,-8.529303,0.9992754,0.0007025572,2.1837868e-05,2.7485046e-07,N,N
CM03_English_N_0105.npy,6.2099824,-1.9502257,-3.4046326,-6.4119306,0.9996443,0.00028570133,6.672237e-05,3.2977548e-06,N,N
CF04_Hindi_N_0058.npy,5.005372,-2.1244564,-1.3476124,-6.478044,0.99745387,0.00079881767,0.0017371079,1.0273273e-05,N,N
CM05_English_N_0052.npy,7.8816524,-2.4036033,-4.5987444,-8.216007,0.999962,3.4131375e-05,3.8002859e-06,1.020607e-07,N,N
CF04_Hindi_N_0023.npy,7.434742,-3.6171618,-2.8438308,-6.949921,0.9999492,1.5856127e-05,3.4359782e-05,5.659764e-07,N,N
CM30_English_N_0035.npy,4.9284763,0.43849367,-3.2949605,-7.153008,0.9886358,0.011093323,0.00026524262,5.5990527e-06,N,N
CF02_Gujarati_N_0064.npy,7.1910367,-3.7449908,-2.3880742,-7.074372,0.9999124,1.7803506e-05,6.915233e-05,6.3763736e-07,N,N
CF14_English_N_0047.npy,6.123525,-3.1822999,-2.0152006,-6.437685,0.9996137,9.08581e-05,0.0002918964,3.5040293e-06,N,N
CM05_English_N_0005.npy,8.182047,-3.2247312,-4.1155906,-7.8374553,0.99998426,1.11196805e-05,4.562437e-06,1.1035997e-07,N,N
CM30_Gujarati_N_0042.npy,-0.42536226,3.989113,-1.543661,-5.056726,0.011908297,0.9840836,0.0038920534,0.00011600425,L,N
CF02_English_N_0036.npy,6.5171866,-3.2072837,-2.3559673,-6.6626987,0.99979836,5.979002e-05,0.0001400718,1.8878206e-06,N,N
CF14_Gujarati_N_0047.npy,7.206733,-2.8272288,-3.345988,-7.269093,0.99992955,4.3880846e-05,2.6120464e-05,5.166518e-07,N,N
CM35_English_N_0008.npy,7.6878576,-3.0046396,-3.984202,-7.00625,0.9999683,2.2714004e-05,8.528546e-06,4.1535233e-07,N,N
CM03_English_N_0041.npy,6.6349425,-2.180459,-2.897325,-7.808062,0.99977857,0.00014839653,7.245905e-05,5.3380984e-07,N,N
CF04_English_N_0097.npy,6.923429,-3.5217373,-3.4053273,-4.479458,0.99992704,2.9086408e-05,3.2677322e-05,1.1162392e-05,N,N
CF14_Hindi_N_0086.npy,6.9983754,-3.5356152,-2.4136796,-6.9571786,0.9998907,2.6613283e-05,8.1723876e-05,8.6922546e-07,N,N
CM03_English_N_0085.npy,7.112601,-2.711185,-3.4052503,-7.200064,0.9999182,5.4143773e-05,2.704705e-05,6.082093e-07,N,N
CF14_Gujarati_N_0037.npy,7.735797,-3.2026935,-3.5618677,-7.451785,0.9999696,1.7760736e-05,1.2401477e-05,2.5357343e-07,N,N
CF14_English_N_0029.npy,4.047915,-1.6926829,-0.47633207,-5.7391405,0.9860844,0.0031681387,0.010691988,5.5392335e-05,N,N
CF18_English_N_0034.npy,6.945491,-3.1303265,-2.7801104,-7.183416,0.9998975,4.2080774e-05,5.9728354e-05,7.3088574e-07,N,N
CM05_Hindi_N_0081.npy,5.2104044,-0.8053669,-3.0726461,-6.112193,0.99730253,0.0024333838,0.00025208312,1.2063832e-05,N,N
CF14_Hindi_N_0036.npy,7.779004,-3.5442717,-3.5785866,-6.5473704,0.9999757,1.20879695e-05,1.1680206e-05,5.999627e-07,N,N
CF20_Gujarati_N_0061.npy,6.8378816,-3.7080839,-2.3453186,-6.3106847,0.999869,2.6295937e-05,0.00010273775,1.9480199e-06,N,N
CM24_Gujarati_N_0054.npy,7.4023533,-3.0983446,-3.44015,-7.0689583,0.99995244,2.7515924e-05,1.954969e-05,5.190015e-07,N,N
CF09_Hindi_N_0071.npy,7.45404,-2.9467502,-3.5771294,-7.185393,0.9999529,3.0407014e-05,1.6188378e-05,4.386868e-07,N,N
CF04_English_N_0019.npy,8.453247,-3.704599,-3.7312274,-7.4417458,0.9999895,5.246985e-06,5.109109e-06,1.249936e-07,N,N
CM30_Gujarati_N_0026.npy,6.648025,-1.5502533,-3.7622654,-7.650492,0.9996942,0.00027504266,3.0111707e-05,6.1673705e-07,N,N
CF18_English_N_0058.npy,4.4951286,-2.533823,-0.905331,-5.4835267,0.99458283,0.0008810611,0.004490049,4.6128167e-05,N,N
CM30_Gujarati_N_0003.npy,6.3401527,-0.59813124,-3.8012786,-8.090692,0.9989911,0.00096895406,3.9372568e-05,5.3991516e-07,N,N
CF14_Hindi_N_0044.npy,6.945124,-3.1212926,-2.6153338,-7.2129498,0.9998864,4.2477743e-05,7.04525e-05,7.0986783e-07,N,N
CF02_Gujarati_N_0036.npy,7.1471577,-3.5275624,-2.7090156,-6.8723545,0.9999236,2.3120378e-05,5.241856e-05,8.153987e-07,N,N
CF09_Hindi_N_0151.npy,5.7377467,-3.151639,-1.7156273,-6.001206,0.99927527,0.00013774449,0.0005790632,7.971183e-06,N,N
CF09_English_N_0024.npy,7.7700214,-3.3614845,-3.4066248,-7.4794965,0.99997115,1.4643196e-05,1.3996894e-05,2.383451e-07,N,N
CF14_Hindi_N_0054.npy,7.004536,-3.028583,-3.050337,-6.9303184,0.99991214,4.391709e-05,4.297202e-05,8.8742445e-07,N,N
CM05_English_N_0094.npy,6.421133,-0.6945754,-4.309107,-7.780091,0.999166,0.00081156776,2.1855145e-05,6.793987e-07,N,N
CM05_English_N_0063.npy,6.3495946,-0.8320691,-3.441246,-8.1637945,0.99918383,0.0007597813,5.5916185e-05,4.9723354e-07,N,N
CM03_English_N_0089.npy,6.1120644,-0.963683,-3.0679595,-7.8327136,0.9990515,0.00084455864,0.00010298027,8.7790505e-07,N,N
CM03_English_N_0057.npy,7.298248,-1.6988579,-4.180541,-8.581104,0.9998658,0.0001237509,1.0345876e-05,1.269482e-07,N,N
CM16_Hindi_N_0023.npy,7.272023,-2.6941483,-3.5126681,-7.1727405,0.9999318,4.6958823e-05,2.0712794e-05,5.3295366e-07,N,N
CM35_English_N_0049.npy,7.157903,-2.9319346,-3.0152752,-7.178167,0.9999198,4.1495805e-05,3.8177703e-05,5.941403e-07,N,N
CM30_Gujarati_N_0045.npy,6.67247,-1.1769134,-3.9491448,-7.649397,0.9995851,0.00038983056,2.4373127e-05,6.0243747e-07,N,N
CF14_English_N_0030.npy,7.9369264,-3.1859095,-3.75273,-7.4633985,0.99997663,1.4770783e-05,8.379858e-06,2.0498108e-07,N,N
CF04_Hindi_N_0103.npy,6.1397867,-3.5716631,-1.7766321,-5.6437783,0.99956733,6.055961e-05,0.00036454818,7.62561e-06,N,N
CF02_Gujarati_N_0041.npy,6.3406825,-2.8827922,-2.4406557,-6.383842,0.99974483,9.866999e-05,0.00015353331,2.9764485e-06,N,N
CM30_English_N_0055.npy,7.6597185,-2.9216192,-4.0838046,-7.273988,0.99996626,2.5384505e-05,7.940324e-06,3.26858e-07,N,N
CM35_English_N_0011.npy,7.813877,-3.381853,-4.0884666,-6.87817,0.999979,1.3732419e-05,6.7743663e-06,4.1621328e-07,N,N
CF09_English_N_0018.npy,7.2154737,-3.5273285,-3.042221,-6.2978597,0.99994195,2.1599084e-05,3.508446e-05,1.3527225e-06,N,N
CF18_English_N_0033.npy,7.742012,-3.8180082,-2.840197,-7.943027,0.99996495,9.5396335e-06,2.5362377e-05,1.5419089e-07,N,N
CF02_Gujarati_N_0045.npy,8.360173,-3.6906176,-3.861355,-7.925104,0.99998915,5.8398723e-06,4.923264e-06,8.460359e-08,N,N
CM30_Gujarati_N_0059.npy,-1.9397959,-1.2810515,3.5852404,-3.160898,0.0039351066,0.0076040593,0.98730034,0.0011604823,M,N
CM38_English_N_0100.npy,7.0596676,-1.5970422,-3.6965535,-9.099055,0.9998047,0.00017392176,2.130825e-05,9.600003e-08,N,N
CF04_Hindi_N_0031.npy,7.4215474,-3.156161,-3.4281986,-7.0286384,0.9999546,2.5476513e-05,1.9408659e-05,5.300835e-07,N,N
CM38_English_N_0140.npy,6.0189557,-3.31222,-2.5369382,-5.272716,0.99970657,8.859197e-05,0.00019235128,1.24727385e-05,N,N
CM03_English_N_0055.npy,5.7747965,-0.8336547,-3.6622264,-7.511499,0.99857163,0.0013469929,7.96035e-05,1.6951756e-06,N,N
CM05_English_N_0059.npy,7.6115294,-2.765776,-3.7471173,-7.6480374,0.99995697,3.1129708e-05,1.1667662e-05,2.3595841e-07,N,N
CM16_Hindi_N_0036.npy,7.590523,-3.747409,-2.954168,-7.1849113,0.9999614,1.1911929e-05,2.6331893e-05,3.8290725e-07,N,N
CM30_English_N_0006.npy,8.270741,-2.8681302,-3.934375,-8.806749,0.99998045,1.4535863e-05,5.0046865e-06,3.831167e-08,N,N
CM30_English_N_0057.npy,7.4830585,-1.8814958,-4.1260753,-8.140539,0.9999051,8.5700725e-05,9.081887e-06,1.6395185e-07,N,N
CF02_English_N_0068.npy,7.578937,-3.128466,-3.4606647,-7.706299,0.99996126,2.2377782e-05,1.605258e-05,2.2997963e-07,N,N
CF09_English_N_0035.npy,6.3533025,-2.8443358,-2.4477615,-6.3169937,0.9997451,0.00010125247,0.00015053447,3.1423153e-06,N,N
CF09_Hindi_N_0045.npy,7.2783327,-3.739673,-2.1910608,-7.1511583,0.99990594,1.640213e-05,7.7170924e-05,5.4114145e-07,N,N
CF09_Hindi_N_0066.npy,7.0285773,-2.9982288,-3.038956,-7.260591,0.99991274,4.4195254e-05,4.2431446e-05,6.2266594e-07,N,N
CM05_English_N_0031.npy,6.9840846,-2.021561,-3.731372,-8.666109,0.9998549,0.00012269724,2.2195922e-05,1.5964083e-07,N,N
CM24_Gujarati_N_0010.npy,6.959555,-3.101508,-3.0326953,-6.519299,0.9999101,4.2706786e-05,4.5749017e-05,1.400132e-06,N,N
CM24_Gujarati_N_0052.npy,8.245748,-3.5400708,-3.9597347,-7.4539437,0.99998724,7.611648e-06,5.002888e-06,1.519515e-07,N,N
CF02_Gujarati_N_0026.npy,7.7987466,-3.8096366,-2.998771,-7.6820426,0.9999702,9.089297e-06,2.0449594e-05,1.8913231e-07,N,N
CF09_Hindi_N_0004.npy,7.0801034,-3.4353914,-2.6163988,-6.5600553,0.99991024,2.7110618e-05,6.1492676e-05,1.1915585e-06,N,N
CF04_Hindi_N_0027.npy,5.9534326,-3.4105356,-1.9389142,-5.9623337,0.99953425,8.57192e-05,0.00037341774,6.6810753e-06,N,N
CF09_Hindi_N_0058.npy,9.100165,-3.9944022,-3.860753,-8.853577,0.9999956,2.056363e-06,2.350405e-06,1.5950949e-08,N,N
CF02_Gujarati_N_0020.npy,4.7310996,-3.064942,-0.85140026,-5.6883855,0.9958132,0.00040963787,0.0037473906,2.972029e-05,N,N
CM24_Gujarati_N_0023.npy,7.361455,-2.7170618,-3.973537,-6.824863,0.9999454,4.1969324e-05,1.1946812e-05,6.9013953e-07,N,N
CM03_English_N_0051.npy,6.1966515,-1.5458649,-3.3419747,-7.041899,0.9994925,0.00043375787,7.19792e-05,1.7797142e-06,N,N
CF14_Gujarati_N_0013.npy,7.1756663,-3.578787,-2.3305032,-7.3500733,0.9999038,2.1348058e-05,7.4384305e-05,4.914843e-07,N,N
CF09_Hindi_N_0100.npy,7.1899853,-3.448975,-2.7001057,-6.9040685,0.99992466,2.3962148e-05,5.0670522e-05,7.5682897e-07,N,N
CF14_Hindi_N_0126.npy,7.1041145,-3.5425386,-2.4056308,-7.129872,0.9999014,2.3777953e-05,7.411859e-05,6.579845e-07,N,N
CM30_Gujarati_N_0062.npy,6.864981,-1.1420081,-3.873618,-8.302191,0.999645,0.00033300783,2.168361e-05,2.5871816e-07,N,N
CM30_Gujarati_N_0030.npy,1.470363,3.1142428,-2.5938313,-5.806809,0.16147062,0.83564425,0.0027735522,0.000111598354,L,N
CF02_English_N_0063.npy,7.3663597,-3.2409716,-3.035805,-7.5158,0.99994457,2.473264e-05,3.0365001e-05,3.441406e-07,N,N
CF14_Gujarati_N_0022.npy,7.168766,-3.7506342,-2.769361,-5.96288,0.9999317,1.8102355e-05,4.829436e-05,1.9813851e-06,N,N
CF02_Gujarati_N_0024.npy,7.391253,-3.5497594,-2.8716269,-7.234949,0.99994695,1.771559e-05,3.4903154e-05,4.4452716e-07,N,N
CM38_English_N_0023.npy,6.9145465,-1.5143576,-4.008561,-7.962716,0.9997633,0.00021840919,1.8032339e-05,3.4576766e-07,N,N
CF04_Hindi_N_0126.npy,4.8289156,-2.36284,-1.872137,-5.708039,0.99799514,0.0007512574,0.0012271516,2.6484213e-05,N,N
CF09_Hindi_N_0153.npy,6.8201866,-3.295806,-2.3609214,-6.886429,0.9998555,4.0421975e-05,0.00010295147,1.1148843e-06,N,N
CF14_Hindi_N_0023.npy,6.6496153,-2.5088112,-2.9943557,-7.191894,0.9998288,0.00010531049,6.48041e-05,9.7417e-07,N,N
CM27_Gujarati_N_0054.npy,4.607896,-1.8910593,-1.913648,-5.3902884,0.9969873,0.0015004766,0.0014669626,4.5345412e-05,N,N
CF14_English_N_0042.npy,6.126292,-2.9043314,-2.3640714,-5.8816404,0.99966896,0.000119648226,0.00020537044,6.0936472e-06,N,N
CF02_Gujarati_N_0048.npy,6.987939,-2.876443,-2.9302194,-7.000382,0.99989796,5.1988718e-05,4.926678e-05,8.412109e-07,N,N
CM30_Gujarati_N_0027.npy,3.9038813,1.4263242,-3.5906243,-6.279534,0.9220483,0.07740415,0.00051278004,3.484597e-05,N,N
CM05_English_N_0098.npy,8.109764,-3.056025,-3.9759245,-7.954895,0.9999801,1.4149821e-05,5.6395374e-06,1.054869e-07,N,N
CF14_Gujarati_N_0041.npy,7.294636,-3.313974,-2.8332465,-7.3871994,0.9999349,2.4700794e-05,3.9947394e-05,4.2046682e-07,N,N
CM24_Gujarati_N_0008.npy,8.618319,-3.3302991,-4.269293,-8.290606,0.99999094,6.4681076e-06,2.5291672e-06,4.5346486e-08,N,N
CF14_English_N_0012.npy,6.869971,-2.6341565,-3.1339512,-6.450594,0.99987864,7.453447e-05,4.5216755e-05,1.640211e-06,N,N
CM16_Hindi_N_0058.npy,7.550201,-3.7897923,-2.8674347,-7.4607277,0.9999579,1.1887353e-05,2.9899225e-05,3.0256456e-07,N,N
CM05_English_N_0019.npy,7.259242,-2.4249005,-3.5113263,-7.154271,0.9999162,6.225779e-05,2.1007045e-05,5.498628e-07,N,N
CF14_Hindi_N_0028.npy,7.1223702,-2.8824778,-3.059777,-7.3880095,0.99991655,4.5176574e-05,3.7836722e-05,4.9909806e-07,N,N
CM30_English_N_0002.npy,7.179942,-1.2640721,-4.2777967,-8.210907,0.99977404,0.00021513592,1.056499e-05,2.0689072e-07,N,N
CF09_Hindi_N_0163.npy,7.8647504,-3.4735148,-3.4562068,-7.7410965,0.9999758,1.1908124e-05,1.2116028e-05,1.6690007e-07,N,N
CF02_English_N_0021.npy,7.6982665,-3.4993515,-3.207718,-7.496053,0.9999677,1.3706357e-05,1.83475e-05,2.5187018e-07,N,N
CF04_English_N_0035.npy,7.3578787,-3.3389807,-3.2132754,-7.2034645,0.99995124,2.2614753e-05,2.5643963e-05,4.7431604e-07,N,N
CF14_Hindi_N_0038.npy,6.3009386,-2.9980707,-2.2669988,-6.502265,0.9997156,9.148882e-05,0.00019005021,2.7511599e-06,N,N
CM16_Hindi_N_0051.npy,6.0339427,-2.8930395,-2.2887497,-6.3088365,0.9996201,0.00013270766,0.00024284849,4.3594746e-06,N,N
CM05_Hindi_N_0070.npy,1.9822017,2.0617306,-2.7616098,-4.9409876,0.4779048,0.5174643,0.004160354,0.00047058557,L,N
CM24_Gujarati_N_0050.npy,8.235564,-3.5604603,-3.7527454,-7.5169826,0.9999862,7.534349e-06,6.2163745e-06,1.4412856e-07,N,N
CF20_Gujarati_N_0016.npy,5.40364,-3.1373794,-1.4166621,-6.3787875,0.9987074,0.00019503864,0.0010899805,7.6277297e-06,N,N
CF04_English_N_0053.npy,7.211322,-3.4563122,-3.2976418,-6.2125945,0.9999479,2.328535e-05,2.7289307e-05,1.479261e-06,N,N
CM38_English_N_0010.npy,6.0503583,-2.5356789,-2.1536412,-7.118027,0.99953806,0.0001866083,0.00027343092,1.9091592e-06,N,N
CF02_English_N_0008.npy,7.2630196,-3.5213091,-3.0371044,-6.1628766,0.9999442,2.0720556e-05,3.3627042e-05,1.4763299e-06,N,N
CM35_English_N_0104.npy,7.6284933,-3.1142383,-3.7858984,-7.491917,0.9999671,2.160115e-05,1.1035156e-05,2.7119063e-07,N,N
CM30_English_N_0009.npy,4.8416853,0.25040674,-3.7284093,-7.353899,0.9897711,0.010036166,0.00018775425,5.001034e-06,N,N
CM24_Gujarati_N_0048.npy,7.5584593,-3.2309968,-3.2562578,-7.3388553,0.9999589,2.061488e-05,2.0100651e-05,3.3896964e-07,N,N
CF14_Gujarati_N_0024.npy,7.0491576,-3.226175,-2.680419,-6.9038296,0.9999052,3.446979e-05,5.949187e-05,8.714717e-07,N,N
CM35_English_N_0120.npy,7.969438,-3.4463649,-3.6668334,-7.7896953,0.99998,1.10197325e-05,8.8394e-06,1.4318141e-07,N,N
CF09_Hindi_N_0067.npy,6.343763,-2.536263,-2.5531063,-7.048493,0.99972254,0.00013910196,0.00013677857,1.5264998e-06,N,N
CF20_Gujarati_N_0032.npy,7.2861223,-3.3983834,-2.892445,-6.6437893,0.99993813,2.2895565e-05,3.7973205e-05,8.9184493e-07,N,N
CF04_Hindi_N_0035.npy,8.374176,-4.024607,-3.6852665,-7.6970177,0.99999,4.123564e-06,5.78957e-06,1.04800876e-07,N,N
CM24_Gujarati_N_0041.npy,7.705832,-2.7250934,-3.8572311,-7.7314615,0.9999608,2.9504596e-05,9.510616e-06,1.9753833e-07,N,N
CF14_Hindi_N_0014.npy,7.6506476,-3.3569643,-3.4755182,-7.2278256,0.9999684,1.6574522e-05,1.4721568e-05,3.4541995e-07,N,N
CM38_English_N_0054.npy,6.6339474,-0.60349745,-3.981534,-8.780484,0.9992567,0.0007186124,2.4515013e-05,2.0196424e-07,N,N
CM30_Gujarati_N_0048.npy,5.0573497,0.039820995,-3.1042786,-7.0631003,0.9931357,0.0065754224,0.00028343813,5.409586e-06,N,N
CM38_English_N_0017.npy,7.1808906,-2.4893973,-3.582134,-7.3075747,0.9999151,6.31263e-05,2.116611e-05,5.1015553e-07,N,N
CM35_English_N_0045.npy,7.997343,-3.2487354,-3.701476,-7.631759,0.9999784,1.3058124e-05,8.303439e-06,1.6306379e-07,N,N
CF04_English_N_0109.npy,7.0025725,-2.7700057,-3.476306,-6.864518,0.99991393,5.698832e-05,2.8121838e-05,9.496463e-07,N,N
CM35_English_N_0051.npy,7.223522,-3.3429418,-2.904273,-7.2175827,0.9999337,2.5764068e-05,3.9950814e-05,5.3490794e-07,N,N
CM16_Hindi_N_0013.npy,7.962663,-3.578418,-3.6511636,-7.2633047,0.9999809,9.722182e-06,9.04005e-06,2.4402712e-07,N,N
CF14_Hindi_N_0065.npy,7.378039,-3.5410903,-2.7676659,-6.9344935,0.99994206,1.8107447e-05,3.924203e-05,6.0830445e-07,N,N
CM38_English_N_0116.npy,7.637958,-1.478911,-4.2032337,-8.5569105,0.99988294,0.00010978507,7.200865e-06,9.2599215e-08,N,N
CF20_Gujarati_N_0012.npy,5.645939,-2.7615366,-2.084638,-5.569266,0.9993247,0.00022304186,0.00043889406,1.3458767e-05,N,N
CM16_Hindi_N_0009.npy,8.515339,-3.612316,-4.0885487,-8.410074,0.9999912,5.4078237e-06,3.3589022e-06,4.460491e-08,N,N
CF09_Hindi_N_0025.npy,6.210534,-3.4315882,-2.4590526,-5.73349,0.9997569,6.491931e-05,0.0001716884,6.4963683e-06,N,N
CF04_Hindi_N_0112.npy,7.609408,-3.6469052,-3.1052203,-7.245018,0.9999646,1.2924979e-05,2.221676e-05,3.538259e-07,N,N
CF09_Hindi_N_0020.npy,8.828654,-3.9342153,-3.8975248,-7.90615,0.99999416,2.8651905e-06,2.9722692e-06,5.3971483e-08,N,N
CM05_English_N_0089.npy,7.798002,-1.5646807,-4.2596025,-9.5388365,0.9999082,8.586158e-05,5.7997504e-06,2.9557464e-08,N,N
CM05_Hindi_N_0030.npy,7.5140076,-2.6440437,-3.8356042,-7.492821,0.9999491,3.8760754e-05,1.1773466e-05,3.038052e-07,N,N
CM03_English_N_0108.npy,5.030805,-1.525423,-2.6502273,-5.9257507,0.9981034,0.0014185408,0.00046062304,1.7410193e-05,N,N
CF04_English_N_0112.npy,7.1769657,-3.6761975,-3.0447598,-5.709517,0.9999417,1.9342206e-05,3.636936e-05,2.5319002e-06,N,N
CM05_English_N_0078.npy,6.9352417,-0.9424423,-4.1870456,-8.228051,0.9996061,0.00037896066,1.4773408e-05,2.5971346e-07,N,N
CM27_Gujarati_N_0006.npy,7.2058363,-3.365996,-2.8076463,-7.0398207,0.99992895,2.5625985e-05,4.478873e-05,6.5036767e-07,N,N
CF14_Hindi_N_0002.npy,6.4465513,-2.60809,-2.7101688,-6.8420825,0.99977607,0.00011682124,0.00010548476,1.693256e-06,N,N
CM03_English_N_0018.npy,6.904566,-2.5164378,-3.3799958,-6.7893243,0.99988365,8.0995276e-05,3.4152406e-05,1.1291945e-06,N,N
CM24_Gujarati_N_0006.npy,7.632025,-3.1114817,-3.435074,-7.630381,0.99996257,2.158431e-05,1.5617226e-05,2.35291e-07,N,N
CM38_English_N_0033.npy,7.4420257,-2.3682222,-3.9436655,-7.1914444,0.99993336,5.4882606e-05,1.135608e-05,4.4130164e-07,N,N
CM30_Gujarati_N_0063.npy,6.6588635,-1.4987148,-3.807826,-7.5660167,0.99968445,0.00028646505,2.846015e-05,6.638591e-07,N,N
CF02_English_N_0084.npy,7.3233542,-2.9983897,-3.109559,-7.461832,0.9999373,3.290761e-05,2.9445322e-05,3.79182e-07,N,N
CF20_Gujarati_N_0070.npy,6.424972,-3.7732291,-1.707639,-6.2564306,0.999666,3.7224803e-05,0.0002937019,3.1073623e-06,N,N
CM27_Gujarati_N_0013.npy,7.465391,-3.419624,-3.200731,-6.7721786,0.9999572,1.8736102e-05,2.3320792e-05,6.5566707e-07,N,N
CM38_English_N_0082.npy,5.965722,-1.886389,-3.2993581,-6.011301,0.9995104,0.0003887397,9.4626776e-05,6.2839435e-06,N,N
CM03_English_N_0009.npy,6.6881785,-0.95895886,-3.8948076,-8.023307,0.99949706,0.0004771686,2.5330815e-05,4.0800435e-07,N,N
CF09_English_N_0012.npy,8.623071,-3.2426186,-4.2910066,-8.55142,0.99999046,7.0273645e-06,2.4631065e-06,3.477033e-08,N,N
CF09_Hindi_N_0075.npy,1.6193352,-1.7458776,1.2719456,-4.1921053,0.5733689,0.019812565,0.4051023,0.0017161594,N,N
CM30_English_N_0056.npy,4.7314672,-0.44324118,-3.0964737,-5.9031897,0.9939564,0.005623673,0.000396037,2.3921839e-05,N,N
CF09_Hindi_N_0146.npy,7.2119803,-3.158223,-3.0920649,-7.386579,0.9999347,3.1350875e-05,3.3495147e-05,4.569807e-07,N,N
CM35_English_N_0053.npy,8.488312,-3.4062026,-4.1054993,-7.8363924,0.99998975,6.827689e-06,3.3929146e-06,8.133305e-08,N,N
CM05_English_N_0066.npy,7.421835,-2.1198835,-3.9546504,-7.924505,0.99991655,7.178738e-05,1.14609e-05,2.1633805e-07,N,N
CM30_English_N_0040.npy,3.3602474,1.8565888,-3.6726942,-5.767589,0.8174568,0.18173316,0.00072126853,8.877606e-05,N,N
CM03_English_N_0048.npy,6.486595,-0.9799331,-3.760325,-8.005428,0.9993924,0.0005715628,3.5445035e-05,5.080778e-07,N,N
CF14_Gujarati_N_0044.npy,7.526931,-3.1804628,-3.3616807,-7.5803084,0.99995863,2.2377939e-05,1.866887e-05,2.747841e-07,N,N
CF02_English_N_0050.npy,7.531918,-3.7953384,-2.464602,-7.859551,0.9999422,1.2039544e-05,4.555556e-05,2.067973e-07,N,N
CF04_English_N_0114.npy,7.644164,-3.729213,-2.9725714,-7.385179,0.99996364,1.1497128e-05,2.4501609e-05,2.9704591e-07,N,N
CF09_Hindi_N_0129.npy,8.61248,-3.9148824,-3.8023148,-7.7592034,0.99999225,3.6260358e-06,4.0580717e-06,7.760058e-08,N,N
CF04_Hindi_N_0140.npy,6.861704,-3.2050805,-2.3955674,-7.244722,0.99986136,4.2461084e-05,9.540215e-05,7.4747504e-07,N,N
CF14_English_N_0001.npy,7.91651,-3.7379942,-3.2331347,-6.790467,0.9999765,8.67966e-06,1.4380055e-05,4.1004438e-07,N,N
CF02_Gujarati_N_0050.npy,7.6149573,-3.9745529,-2.8662527,-7.0070004,0.99996233,9.262398e-06,2.80577e-05,4.4642454e-07,N,N
CF02_Gujarati_N_0068.npy,7.3971534,-2.9775937,-3.920979,-6.443221,0.99995565,3.120939e-05,1.2150057e-05,9.754e-07,N,N
CF04_Hindi_N_0119.npy,7.8908906,-3.7323139,-3.902637,-6.3858294,0.99998295,8.955692e-06,7.5531593e-06,6.305098e-07,N,N
CM30_English_N_0054.npy,7.0971065,-1.733567,-3.898795,-8.280479,0.9998368,0.00014615594,1.6767563e-05,2.096661e-07,N,N
CM30_English_N_0021.npy,4.062966,1.737292,-3.670984,-7.4483533,0.9106097,0.088982575,0.0003985847,9.120737e-06,N,N
CF02_Gujarati_N_0030.npy,6.1673265,-3.0161371,-2.432293,-5.637207,0.99970573,0.00010269385,0.00018412177,7.4684185e-06,N,N
CF04_English_N_0012.npy,7.1936517,-3.8057353,-2.764313,-6.4717097,0.9999348,1.6710856e-05,4.734591e-05,1.1619319e-06,N,N
CM35_English_N_0039.npy,7.705262,-3.3393984,-3.466257,-7.4199615,0.9999697,1.597172e-05,1.4068821e-05,2.6988943e-07,N,N
CF14_Gujarati_N_0038.npy,7.022715,-3.2826865,-2.503821,-7.315023,0.99989307,3.3448327e-05,7.288389e-05,5.931343e-07,N,N
CM24_Gujarati_N_0029.npy,5.239848,-1.584207,-2.281947,-6.1563244,0.99836296,0.0010855227,0.00054027425,1.1220019e-05,N,N
CF04_Hindi_N_0108.npy,7.1105666,-3.6598215,-2.461005,-7.030484,0.99990857,2.1010692e-05,6.967543e-05,7.2207143e-07,N,N
CM38_English_N_0064.npy,7.1408386,-1.6926897,-4.237294,-7.6007695,0.9998424,0.00014574004,1.1441192e-05,3.960342e-07,N,N
CM03_English_N_0079.npy,5.796623,-0.6766293,-3.5964005,-6.402158,0.9983701,0.0015416784,8.316743e-05,5.028382e-06,N,N
CM35_English_N_0071.npy,7.158201,-3.8532734,-2.0981174,-8.008888,0.9998877,1.6509299e-05,9.54955e-05,2.588022e-07,N,N
CF14_Hindi_N_0016.npy,7.61779,-3.5213501,-3.504624,-6.5395746,0.99996996,1.4531815e-05,1.4776925e-05,7.104304e-07,N,N
CF04_English_N_0036.npy,8.348441,-3.7374272,-3.9618175,-6.8587904,0.9999896,5.6385747e-06,4.5052407e-06,2.4864445e-07,N,N
CM05_Hindi_N_0113.npy,6.84986,-0.8087988,-4.871072,-7.7201157,0.9995197,0.00047171323,8.118117e-06,4.7003613e-07,N,N
CF04_Hindi_N_0116.npy,8.906473,-3.8842304,-3.8791852,-8.568964,0.9999944,2.7865412e-06,2.8006377e-06,2.573426e-08,N,N
CM24_Gujarati_N_0012.npy,7.4015307,-3.0968077,-3.1855328,-7.5261273,0.99994683,2.7580769e-05,2.523908e-05,3.2883452e-07,N,N
CM38_English_N_0079.npy,7.556254,-2.5483272,-4.054529,-7.2893085,0.9999497,4.088975e-05,9.0673275e-06,3.5697065e-07,N,N
CF09_Hindi_N_0024.npy,7.1198425,-3.3813357,-2.7016575,-6.501707,0.99991703,2.7501728e-05,5.4267624e-05,1.2139482e-06,N,N
CM24_Gujarati_N_0003.npy,7.907257,-3.4351737,-3.4877517,-7.116807,0.99997663,1.1858632e-05,1.1251238e-05,2.9862198e-07,N,N
CF09_English_N_0034.npy,6.2502174,-3.2316277,-2.2075663,-5.7944746,0.99970573,7.6200755e-05,0.00021217948,5.873932e-06,N,N
CM35_English_N_0093.npy,7.869477,-2.819719,-4.023827,-7.9813066,0.9999703,2.2789167e-05,6.835824e-06,1.3064096e-07,N,N
CF04_Hindi_N_0020.npy,8.4542675,-4.1250534,-3.5480545,-7.237524,0.99999034,3.4424384e-06,6.129902e-06,1.5315717e-07,N,N
CF04_Hindi_N_0137.npy,7.084573,-3.3599553,-2.7617397,-6.968456,0.99991715,2.9104684e-05,5.293767e-05,7.885177e-07,N,N
CM16_Hindi_N_0083.npy,7.806978,-3.5898817,-3.3678,-6.935084,0.99997425,1.1230403e-05,1.4023111e-05,3.9590665e-07,N,N
CM16_Hindi_N_0029.npy,6.6491966,-3.2281728,-2.7985394,-6.1643305,0.9998671,5.131631e-05,7.8857454e-05,2.723317e-06,N,N
CF04_English_N_0049.npy,7.313647,-3.3107967,-2.997072,-7.107791,0.9999418,2.4312956e-05,3.3272587e-05,5.4553635e-07,N,N
CF09_Hindi_N_0092.npy,7.944861,-4.068759,-2.9354649,-7.574536,0.99997497,6.0609414e-06,1.8824518e-05,1.8197039e-07,N,N
CF09_Hindi_N_0171.npy,7.2702327,-3.2290223,-3.0854704,-7.314636,0.99994016,2.7555318e-05,3.180894e-05,4.632823e-07,N,N
CF02_English_N_0069.npy,7.6722064,-2.8923085,-3.5236053,-7.8187337,0.9999603,2.5815003e-05,1.3731035e-05,1.8722031e-07,N,N
CM16_Hindi_N_0018.npy,7.6625175,-3.781798,-3.3092122,-6.784334,0.9999716,1.0709886e-05,1.718012e-05,5.318629e-07,N,N
CM03_English_N_0027.npy,7.1253896,-1.8182148,-3.8849072,-8.100281,0.99985266,0.00013055031,1.6528174e-05,2.4406845e-07,N,N
CF20_Gujarati_N_0068.npy,6.5160418,-4.3321695,-1.5501441,-5.9288526,0.99966276,1.9432793e-05,0.00031387268,3.936447e-06,N,N
CF14_Hindi_N_0001.npy,7.6700497,-3.0728118,-3.469768,-7.7181816,0.99996364,2.1598255e-05,1.4521873e-05,2.0747238e-07,N,N
CM30_English_N_0011.npy,4.4105797,1.110513,-3.3700516,-7.913489,0.9640386,0.035554428,0.00040272565,4.283706e-06,N,N
CM05_Hindi_N_0106.npy,5.4940267,-1.0431322,-3.0920799,-6.6680593,0.9983621,0.0014462256,0.0001863758,5.216282e-06,N,N
CF09_Hindi_N_0076.npy,7.2557116,-3.3245864,-3.0738654,-6.7530994,0.9999411,2.5410289e-05,3.2650987e-05,8.241858e-07,N,N
CF18_English_N_0038.npy,7.933331,-3.4599361,-3.5325143,-7.5939784,0.99997807,1.1270875e-05,1.0481833e-05,1.8053677e-07,N,N
CF04_English_N_0046.npy,7.189914,-3.2315729,-2.8745184,-7.2879667,0.99992716,2.978339e-05,4.256386e-05,5.1559033e-07,N,N
CM35_English_N_0028.npy,7.7032676,-3.1635833,-3.672488,-7.3900795,0.99996924,1.9079776e-05,1.14698805e-05,2.7863075e-07,N,N
CF04_English_N_0072.npy,6.1647825,-3.2129567,-2.1231413,-6.248952,0.9996599,8.4557476e-05,0.00025145063,4.0610275e-06,N,N
CF14_English_N_0018.npy,6.6027803,-2.5230663,-2.7216208,-7.1977806,0.9998011,0.000108794935,8.920265e-05,1.01486e-06,N,N
CF09_Hindi_N_0060.npy,6.951031,-2.7405448,-3.056887,-7.180076,0.99989235,6.1795276e-05,4.503701e-05,7.29275e-07,N,N
CF09_Hindi_N_0068.npy,6.848013,-2.7569106,-2.9287736,-7.4049,0.9998752,6.73877e-05,5.6746783e-05,6.4563125e-07,N,N
CF09_Hindi_N_0016.npy,7.862114,-3.399137,-3.2775545,-7.68217,0.99997246,1.2861413e-05,1.4524176e-05,1.7749713e-07,N,N
CM38_English_N_0095.npy,6.5705633,-2.1005728,-3.3156362,-7.0436296,0.9997764,0.00017142588,5.0860523e-05,1.2227397e-06,N,N
CM24_Gujarati_N_0019.npy,7.1020007,-2.7404103,-3.552922,-6.8239975,0.9999224,5.314489e-05,2.358263e-05,8.9532756e-07,N,N
CM16_Hindi_N_0021.npy,7.0056057,-2.7843554,-3.2985702,-6.6825175,0.9999094,5.6006018e-05,3.348989e-05,1.1357535e-06,N,N
CF14_Gujarati_N_0046.npy,7.430884,-3.1339667,-3.4845529,-6.913425,0.99995553,2.5806214e-05,1.817468e-05,5.892865e-07,N,N
CM24_Gujarati_N_0063.npy,3.7061462,-1.4353663,-1.9629532,-4.3294024,0.9904682,0.005793087,0.003418078,0.0003206608,N,N
CF14_Hindi_N_0096.npy,6.4274774,-3.1112492,-2.454156,-6.004523,0.9997851,7.1992996e-05,0.00013888718,3.9880224e-06,N,N
CM24_Gujarati_N_0066.npy,5.094984,-1.9235814,-2.4965143,-5.549948,0.9985783,0.00089383626,0.00050400663,2.3787403e-05,N,N
CM35_English_N_0116.npy,7.316878,-2.707319,-3.6843922,-7.2165504,0.9999385,4.4311866e-05,1.667947e-05,4.877369e-07,N,N
CM03_English_N_0045.npy,5.6329827,-0.4946626,-3.6671057,-7.5026383,0.9977301,0.0021767595,9.1208596e-05,1.9691795e-06,N,N
CM05_English_N_0012.npy,7.936537,-3.0452306,-4.030434,-7.617091,0.9999765,1.7008604e-05,6.350392e-06,1.75847e-07,N,N
CF14_Hindi_N_0070.npy,6.5298333,-2.7887254,-2.4656906,-7.1586995,0.99978524,8.972389e-05,0.00012393686,1.1351478e-06,N,N
CF14_Gujarati_N_0063.npy,7.084834,-2.9482358,-2.7918818,-7.7717347,0.9999044,4.3918928e-05,5.1351763e-05,3.5304691e-07,N,N
CF04_English_N_0075.npy,6.783336,-4.9934955,-0.90241724,-7.354058,0.99953246,7.676866e-06,0.0004591099,7.244438e-07,N,N
CM05_Hindi_N_0034.npy,8.678369,-3.3512084,-4.2573223,-8.333209,0.99999166,5.965095e-06,2.4104452e-06,4.0922494e-08,N,N
CM03_English_N_0066.npy,7.1942806,-2.2514386,-3.7069874,-7.7463326,0.9999021,7.901944e-05,1.843304e-05,3.245875e-07,N,N
CM35_English_N_0068.npy,8.005945,-2.6874392,-4.271158,-7.889888,0.9999726,2.2693965e-05,4.6570385e-06,1.2488651e-07,N,N
CF09_Hindi_N_0003.npy,7.563899,-3.653493,-3.0362332,-6.714408,0.999961,1.3437907e-05,2.491175e-05,6.2949624e-07,N,N
CF02_English_N_0096.npy,7.0467005,-3.3595273,-2.906606,-6.5971704,0.99992096,3.0241148e-05,4.756634e-05,1.1871556e-06,N,N
CF14_Gujarati_N_0033.npy,7.6403375,-3.3942916,-3.2502227,-7.186557,0.99996495,1.6132673e-05,1.8632649e-05,3.6370244e-07,N,N
CM16_Hindi_N_0072.npy,7.190204,-2.8299823,-3.4672523,-6.9977818,0.99993134,4.44896e-05,2.352316e-05,6.88979e-07,N,N
CF14_English_N_0005.npy,5.9255176,-2.865827,-1.8625346,-6.5829153,0.99943,0.00015195673,0.00041442347,3.6932547e-06,N,N
CM30_Gujarati_N_0046.npy,7.0799875,-1.4081148,-4.200829,-8.379928,0.9997813,0.00020585865,1.2609807e-05,1.930853e-07,N,N
CF20_Gujarati_N_0010.npy,3.5496342,-2.133168,-0.91558516,-4.2874455,0.9849296,0.0033527066,0.0113288285,0.00038887013,N,N
CF14_English_N_0028.npy,6.285598,-2.8095436,-2.5883853,-6.1341195,0.9997439,0.00011218093,0.00013994801,4.0371406e-06,N,N
CF20_Gujarati_N_0023.npy,5.83365,-3.0518336,-2.0943694,-5.4482484,0.9994887,0.00013831246,0.00036031535,1.2592491e-05,N,N
CF09_Hindi_N_0021.npy,7.6055827,-3.5780642,-3.5893366,-6.286978,0.9999715,1.3899251e-05,1.3743451e-05,9.2581683e-07,N,N
CF09_Hindi_N_0063.npy,6.769451,-2.9240842,-2.8694844,-7.0130525,0.9998722,6.1673105e-05,6.513407e-05,1.0334262e-06,N,N
CF04_Hindi_N_0135.npy,8.721403,-3.9985003,-3.9998546,-8.271656,0.99999404,2.9909788e-06,2.986931e-06,4.168747e-08,N,N
CM05_Hindi_N_0079.npy,6.2007766,-0.59634113,-3.5936127,-7.929918,0.9988279,0.0011156808,5.5698216e-05,7.287994e-07,N,N
CM03_English_N_0104.npy,5.5133753,-1.5873421,-2.5459225,-6.3290267,0.99885345,0.0008235678,0.0003157863,7.184758e-06,N,N
CM35_English_N_0010.npy,8.585325,-3.5460708,-4.124743,-7.9218316,0.99999154,5.3876315e-06,3.0205363e-06,6.776874e-08,N,N
CM38_English_N_0123.npy,7.6445317,-2.171262,-4.2516904,-8.264037,0.9999385,5.4579323e-05,6.815688e-06,1.2330179e-07,N,N
CF09_Hindi_N_0134.npy,8.347462,-4.0976214,-3.7349992,-6.918603,0.9999902,3.9369925e-06,5.6578297e-06,2.3443806e-07,N,N
CM24_Gujarati_N_0068.npy,7.5423098,-2.8389099,-3.773702,-7.3141303,0.9999565,3.100806e-05,1.2175863e-05,3.5311106e-07,N,N
CM27_Gujarati_N_0042.npy,7.032511,-3.2056391,-2.91821,-6.7429395,0.9999155,3.5775935e-05,4.768917e-05,1.040785e-06,N,N
CF09_Hindi_N_0023.npy,7.6519184,-3.3292155,-3.413883,-7.023592,0.999967,1.7019216e-05,1.5637563e-05,4.2314815e-07,N,N
CF09_Hindi_N_0022.npy,7.8126388,-3.4223263,-3.5092652,-7.530153,0.99997437,1.3203998e-05,1.2104542e-05,2.1711966e-07,N,N
CM05_Hindi_N_0049.npy,7.6540713,-3.240942,-3.5955043,-7.1315756,0.99996805,1.8549907e-05,1.3012403e-05,3.7901944e-07,N,N
CM35_English_N_0041.npy,7.899698,-3.4199357,-3.4712555,-7.5818634,0.99997616,1.213208e-05,1.1525168e-05,1.889874e-07,N,N
CM16_Hindi_N_0088.npy,7.5736103,-3.3952737,-3.0975025,-7.558448,0.99995923,1.7228867e-05,2.3204744e-05,2.6804824e-07,N,N
CF14_English_N_0044.npy,6.046299,-3.2959337,-1.9683464,-5.717627,0.99957424,8.760623e-05,0.00033044466,7.77691e-06,N,N
CF04_Hindi_N_0069.npy,6.1799726,-3.0563362,-2.7908683,-5.5871863,0.99976784,9.741394e-05,0.00012703186,7.75331e-06,N,N
CF04_English_N_0067.npy,8.057449,-3.8218966,-3.322551,-7.6254907,0.9999815,6.9319844e-06,1.1421436e-05,1.5451756e-07,N,N
CF09_Hindi_N_0104.npy,6.713985,-3.3828745,-2.14847,-7.0510077,0.9998161,4.1201212e-05,0.0001415809,1.0516222e-06,N,N
CM38_English_N_0108.npy,7.746716,-2.0019443,-4.3233356,-8.304124,0.99993575,5.8369078e-05,5.7281645e-06,1.0694998e-07,N,N
CF14_English_N_0033.npy,5.8701015,-2.9567811,-1.9076568,-6.684339,0.9994311,0.00014665151,0.00041871204,3.5271883e-06,N,N
CM27_Gujarati_N_0043.npy,7.322684,-4.0901027,-2.2638814,-7.107436,0.9999198,1.1052359e-05,6.86393e-05,5.4080846e-07,N,N
CM38_English_N_0061.npy,7.2146015,-2.7370012,-3.7123964,-7.2262464,0.99993384,4.7648035e-05,1.7965376e-05,5.3504573e-07,N,N
CF18_English_N_0021.npy,6.8488917,-3.3709836,-2.5406227,-6.752841,0.99987876,3.6434423e-05,8.358586e-05,1.2381979e-06,N,N
CM27_Gujarati_N_0004.npy,7.191737,-3.2721288,-2.9228625,-6.872464,0.99993014,2.8547647e-05,4.0481355e-05,7.7976654e-07,N,N
CF04_English_N_0087.npy,6.2464976,-3.0269723,-2.1436148,-6.646319,0.9996766,9.385183e-05,0.0002270284,2.515246e-06,N,N
CM03_English_N_0007.npy,7.483504,-2.916381,-3.4351661,-7.2757545,0.999951,3.0434489e-05,1.8115934e-05,3.8914754e-07,N,N
CM05_Hindi_N_0095.npy,5.626297,-1.302223,-3.021463,-6.4574184,0.99884075,0.0009783137,0.00017531602,5.644238e-06,N,N
CF20_Gujarati_N_0022.npy,7.3615437,-3.790899,-2.4195213,-7.1050444,0.9999286,1.4339187e-05,5.6507546e-05,5.2144634e-07,N,N
CF20_Gujarati_N_0013.npy,6.404249,-3.4991693,-2.3516083,-5.826356,0.9997876,4.9992832e-05,0.0001575024,4.877794e-06,N,N
CM30_English_N_0026.npy,3.1847174,1.528067,-3.1452494,-6.3077517,0.8384799,0.15996262,0.0014942494,6.3236206e-05,N,N
CF02_Gujarati_N_0051.npy,7.7595997,-3.6922238,-3.217175,-7.0484643,0.999972,1.06297775e-05,1.7093673e-05,3.7061892e-07,N,N
CM38_English_N_0112.npy,8.233268,-2.602617,-4.2391467,-8.355508,0.9999764,1.9679981e-05,3.830797e-06,6.245627e-08,N,N
CF04_Hindi_N_0003.npy,8.603778,-3.8181887,-3.8915498,-7.6934323,0.99999225,4.029073e-06,3.7440757e-06,8.360033e-08,N,N
CF04_Hindi_N_0134.npy,7.889877,-3.4031537,-3.4856415,-7.3286347,0.9999758,1.2459153e-05,1.1472669e-05,2.458521e-07,N,N
CM16_Hindi_N_0068.npy,6.3430414,-2.3523977,-3.0660586,-6.6322427,0.9997484,0.00016730519,8.19541e-05,2.3163077e-06,N,N
CF14_Hindi_N_0115.npy,7.850572,-3.8035786,-3.3906343,-6.5858626,0.9999777,8.682741e-06,1.3121893e-05,5.374355e-07,N,N
CM05_English_N_0093.npy,8.137372,-2.5147128,-4.2584167,-8.164177,0.9999721,2.3650833e-05,4.1358567e-06,8.323683e-08,N,N
CF02_English_N_0100.npy,8.096489,-3.6426713,-3.475714,-7.5104213,0.9999825,7.975166e-06,9.42429e-06,1.6672364e-07,N,N
CM24_Gujarati_N_0011.npy,6.8442063,-2.5262458,-3.0474792,-7.111451,0.9998634,8.5193235e-05,5.058669e-05,8.691114e-07,N,N
CF04_English_N_0028.npy,7.3940363,-3.825379,-2.5688677,-7.118785,0.99993896,1.3410445e-05,4.711284e-05,4.978922e-07,N,N
CF14_Hindi_N_0148.npy,7.024321,-3.5496402,-2.6867962,-6.8382945,0.99991286,2.5571086e-05,6.0600705e-05,9.539041e-07,N,N
CM05_Hindi_N_0031.npy,8.38566,-2.7863352,-4.3734035,-8.310083,0.9999831,1.4062313e-05,2.8760849e-06,5.6120737e-08,N,N
CM05_English_N_0029.npy,7.612327,-2.5977657,-3.4985046,-8.657322,0.99994826,3.6795158e-05,1.4948734e-05,8.593271e-08,N,N
CM16_Hindi_N_0014.npy,7.079707,-2.939871,-3.396126,-6.8259773,0.9999263,4.451646e-05,2.8207953e-05,9.137049e-07,N,N
CM05_Hindi_N_0088.npy,4.7698646,0.25774732,-3.6832147,-6.8565025,0.98892653,0.010853664,0.00021088145,8.828699e-06,N,N
CF14_Hindi_N_0005.npy,8.119352,-3.620926,-3.7583594,-7.3595567,0.999985,7.966277e-06,6.9433427e-06,1.8949115e-07,N,N
CF20_Gujarati_N_0066.npy,7.074597,-3.75798,-2.6308227,-6.34215,0.99991786,1.974404e-05,6.0947263e-05,1.4898588e-06,N,N
CF02_English_N_0075.npy,7.669733,-3.6468692,-2.8181489,-7.7062173,0.9999597,1.2168706e-05,2.7871054e-05,2.1003531e-07,N,N
CM30_Gujarati_N_0035.npy,4.127466,0.5262822,-3.7162719,-6.122028,0.9730286,0.026555307,0.00038162203,3.4421257e-05,N,N
CM16_Hindi_N_0080.npy,7.1314287,-3.3261259,-2.8675911,-6.826119,0.999925,2.8728246e-05,4.5441055e-05,8.6752357e-07,N,N
CF02_Gujarati_N_0003.npy,7.4266863,-3.5610187,-2.893651,-7.375683,0.9999498,1.6907465e-05,3.2954344e-05,3.727271e-07,N,N
CM03_English_N_0030.npy,6.461465,-2.3929784,-3.2692533,-6.3033113,0.999795,0.00014271676,5.9417387e-05,2.8591642e-06,N,N
CM03_English_N_0002.npy,6.974438,-2.182361,-3.839447,-6.3948946,0.9998728,0.000105486615,2.011566e-05,1.5621298e-06,N,N
CF02_English_N_0009.npy,3.9449608,-2.3818517,-0.65781176,-5.253054,0.9882273,0.0017666764,0.009905994,0.00010004828,N,N
CM38_English_N_0085.npy,7.9965835,-3.1561537,-3.9098518,-7.745325,0.9999788,1.4335697e-05,6.7467054e-06,1.4566879e-07,N,N
CF09_English_N_0009.npy,8.15649,-3.2577138,-3.6897638,-7.89448,0.99998176,1.1037391e-05,7.165215e-06,1.0694102e-07,N,N
CF04_Hindi_N_0074.npy,6.362913,-3.576524,-1.826861,-6.195918,0.99967086,4.8218582e-05,0.00027738512,3.5125775e-06,N,N
CF02_English_N_0010.npy,7.802236,-3.2523472,-3.554428,-7.744352,0.99997234,1.581406e-05,1.1690988e-05,1.7708861e-07,N,N
CF09_Hindi_N_0034.npy,7.1848435,-3.2969933,-2.8377316,-7.4652977,0.99992716,2.803914e-05,4.4383258e-05,4.3400337e-07,N,N
CF14_Gujarati_N_0027.npy,7.2014933,-3.3368838,-2.8282926,-7.396012,0.99992895,2.6497828e-05,4.4064454e-05,4.574599e-07,N,N
CF02_Gujarati_N_0043.npy,7.8227825,-3.3388178,-3.5899854,-7.655175,0.9999745,1.4209132e-05,1.1053175e-05,1.8966942e-07,N,N
CM05_Hindi_N_0124.npy,6.6989803,-1.3171899,-4.021742,-7.264996,0.99964714,0.0003299652,2.2074773e-05,8.617257e-07,N,N
CM38_English_N_0101.npy,6.917409,-1.5464551,-4.151266,-7.395695,0.99977285,0.00021090738,1.5589667e-05,6.0785356e-07,N,N
CF02_English_N_0076.npy,7.8237805,-3.8381965,-3.086637,-7.2369742,0.9999728,8.615015e-06,1.8266446e-05,2.8786278e-07,N,N
CF04_Hindi_N_0018.npy,8.576631,-3.9204504,-3.919726,-7.2444897,0.9999925,3.73752e-06,3.740226e-06,1.345772e-07,N,N
CF09_English_N_0043.npy,9.028938,-3.943875,-4.348466,-8.076497,0.99999607,2.3226135e-06,1.5497636e-06,3.725654e-08,N,N
CM05_English_N_0008.npy,8.345814,-3.4190993,-4.0455256,-7.649902,0.99998796,7.772446e-06,4.1543635e-06,1.1301694e-07,N,N
CM24_Gujarati_N_0032.npy,8.013279,-3.37198,-3.8025703,-7.6730294,0.99998105,1.1361528e-05,7.3864135e-06,1.5399792e-07,N,N
CM35_English_N_0006.npy,7.732268,-3.186577,-3.8219535,-7.3983946,0.9999721,1.8113136e-05,9.595186e-06,2.6842594e-07,N,N
CF09_English_N_0004.npy,7.6105614,-3.159993,-3.6405866,-7.184503,0.99996567,2.1008384e-05,1.2991925e-05,3.7546548e-07,N,N
CM38_English_N_0045.npy,7.2021947,-1.2441739,-4.093257,-8.527445,0.99977285,0.0002146299,1.24265e-05,1.4743681e-07,N,N
CF14_English_N_0019.npy,5.9901724,-2.874212,-1.9134518,-7.007903,0.99948716,0.00014126152,0.0003692129,2.2635222e-06,N,N
CF04_Hindi_N_0105.npy,6.0852637,-3.3748696,-1.6998878,-5.7808943,0.99949944,7.785719e-05,0.0004156562,7.020625e-06,N,N
CF14_Hindi_N_0057.npy,5.919278,-2.4482644,-1.9724416,-7.0024753,0.9993918,0.00023214448,0.00037359874,2.4428107e-06,N,N
CF04_English_N_0071.npy,8.183576,-4.321009,-3.1541696,-7.5492244,0.99998426,3.709546e-06,1.1914416e-05,1.4700264e-07,N,N
CF20_Gujarati_N_0008.npy,6.3563304,-2.255203,-2.9539647,-6.792541,0.99972564,0.00018194475,9.0463014e-05,1.947146e-06,N,N
CF04_English_N_0055.npy,7.3860216,-3.630063,-3.2066612,-6.5136075,0.99995744,1.643451e-05,2.5097926e-05,9.1928274e-07,N,N
CM30_Gujarati_N_0060.npy,3.8273737,-1.8136288,-1.3411568,-4.799461,0.99066645,0.0035161802,0.0056397934,0.00017755818,N,N
CM38_English_N_0056.npy,6.586048,-1.1398894,-3.648551,-8.081522,0.9995227,0.00044102242,3.5889116e-05,4.2633198e-07,N,N
CF09_English_N_0031.npy,7.464953,-3.2555392,-3.2469199,-6.736779,0.99995494,2.2086646e-05,2.227784e-05,6.7958894e-07,N,N
CF09_Hindi_N_0140.npy,6.468465,-3.1392663,-2.386711,-6.479961,0.99978775,6.719289e-05,0.00014261123,2.3794585e-06,N,N
CF18_English_N_0025.npy,5.1568193,-3.0369966,-1.4440898,-5.58547,0.9983456,0.00027590003,0.0013568831,2.1575648e-05,N,N
CM03_English_N_0008.npy,8.048195,-3.6490643,-3.8590703,-6.8587775,0.9999845,8.316454e-06,6.7411484e-06,3.3572e-07,N,N
CF04_English_N_0044.npy,7.797819,-3.9737592,-3.0562482,-6.780243,0.99997246,7.7207005e-06,1.932532e-05,4.6646184e-07,N,N
CM38_English_N_0028.npy,6.920112,-1.209603,-4.36533,-8.661754,0.9996928,0.00029456167,1.2550505e-05,1.7090251e-07,N,N
CF04_Hindi_N_0114.npy,7.3179264,-3.5850756,-3.256476,-6.432188,0.99995506,1.8402081e-05,2.5560897e-05,1.0675338e-06,N,N
CF02_English_N_0027.npy,8.1353855,-3.7745318,-3.4892287,-7.617105,0.99998415,6.723285e-06,8.94308e-06,1.4413624e-07,N,N
CF04_English_N_0025.npy,7.068223,-3.134784,-2.6776931,-7.5906873,0.99990404,3.705517e-05,5.852759e-05,4.3020384e-07,N,N
CF02_English_N_0091.npy,6.341197,-2.6390288,-2.6046772,-6.669822,0.9997416,0.00012584192,0.00013023987,2.2349825e-06,N,N
CF14_Hindi_N_0063.npy,7.2522283,-3.2848299,-3.1836388,-6.750038,0.99994326,2.6533178e-05,2.935863e-05,8.295996e-07,N,N
CM03_English_N_0039.npy,6.7763,-2.9579453,-2.957666,-6.9709115,0.99988043,5.9213275e-05,5.9229817e-05,1.0705576e-06,N,N
CF14_Hindi_N_0050.npy,8.352844,-3.9888957,-3.5912178,-7.513713,0.9999889,4.3656187e-06,6.4976284e-06,1.2859883e-07,N,N
CM38_English_N_0120.npy,7.6130443,-2.409256,-3.9655979,-7.72624,0.999946,4.4396285e-05,9.363458e-06,2.1787619e-07,N,N
CM27_Gujarati_N_0007.npy,7.556173,-3.269449,-3.2891037,-7.5232816,0.9999603,1.9882686e-05,1.9495703e-05,2.8252632e-07,N,N
CM05_English_N_0022.npy,5.650349,-1.6011798,-2.673618,-7.0186315,0.999046,0.00070841314,0.00024239997,3.1442507e-06,N,N
CF02_English_N_0026.npy,8.108803,-3.9798343,-3.249513,-7.1273913,0.9999825,5.622946e-06,1.1671822e-05,2.4154448e-07,N,N
CF02_Gujarati_N_0059.npy,5.157942,-2.0762393,-1.8698915,-6.0917473,0.99838126,0.00072032976,0.0008854156,1.299028e-05,N,N
CF04_English_N_0076.npy,7.1626725,-3.7912853,-2.6632783,-6.2670674,0.99992704,1.7487391e-05,5.4027165e-05,1.47064e-06,N,N
CM30_Gujarati_N_0020.npy,4.1533093,0.75800586,-3.2240555,-6.218747,0.96694314,0.03242197,0.00060457754,3.0260342e-05,N,N
CM27_Gujarati_N_0002.npy,7.216004,-3.4096916,-2.806966,-7.4852467,0.999931,2.4282268e-05,4.436591e-05,4.1238061e-07,N,N
CF14_Hindi_N_0056.npy,6.7995014,-3.0083206,-2.4796667,-6.8631973,0.9998505,5.501132e-05,9.333479e-05,1.1649316e-06,N,N
CM05_English_N_0033.npy,7.4829035,-2.8388546,-3.6681008,-7.311318,0.99995244,3.2907636e-05,1.4360167e-05,3.757772e-07,N,N
CF04_Hindi_N_0076.npy,7.1525373,-3.7412806,-2.5408618,-6.784719,0.99991894,1.8571192e-05,6.168434e-05,8.8530214e-07,N,N
CF09_Hindi_N_0096.npy,8.03594,-4.057193,-3.3609207,-6.534035,0.9999827,5.5977252e-06,1.1230488e-05,4.702543e-07,N,N
CM38_English_N_0068.npy,7.3387027,-1.9812299,-3.9430985,-7.7057714,0.9998975,8.961073e-05,1.2598866e-05,2.9256583e-07,N,N
CM05_Hindi_N_0105.npy,7.714997,-2.9659073,-3.6095557,-7.476421,0.9999647,2.2978773e-05,1.2072411e-05,2.526014e-07,N,N
CF20_Gujarati_N_0017.npy,6.523999,-3.7183416,-2.0834718,-6.4672055,0.9997794,3.562148e-05,0.00018269506,2.2797933e-06,N,N
CF04_Hindi_N_0010.npy,5.798154,-3.4879818,-1.4888786,-6.3240237,0.9992181,9.2628106e-05,0.0006838207,5.433325e-06,N,N
CM38_English_N_0071.npy,6.9960737,-2.9297998,-3.083529,-7.273767,0.99990857,4.8888654e-05,4.1922216e-05,6.3481536e-07,N,N
CF02_Gujarati_N_0027.npy,6.851171,-3.1260967,-2.6698236,-7.3018975,0.9998795,4.6438177e-05,7.328793e-05,7.134246e-07,N,N
CM35_English_N_0065.npy,8.184369,-3.191997,-4.0231857,-8.008152,0.99998343,1.1463044e-05,4.992512e-06,9.282622e-08,N,N
CF02_English_N_0046.npy,7.2732263,-3.6488478,-3.023409,-6.079856,0.9999466,1.8054281e-05,3.3744673e-05,1.5878398e-06,N,N
CM05_Hindi_N_0066.npy,5.064752,0.74672735,-3.9127903,-7.824344,0.9867237,0.01314926,0.00012453695,2.4919088e-06,N,N
CF02_English_N_0031.npy,7.7551637,-3.5806894,-3.3110754,-7.3826094,0.9999722,1.1936837e-05,1.5630801e-05,2.6652407e-07,N,N
CM35_English_N_0091.npy,7.5154486,-3.0267942,-3.6877031,-7.251267,0.9999596,2.6396388e-05,1.3630616e-05,3.8625953e-07,N,N
CM38_English_N_0014.npy,6.1308393,-1.0714889,-3.70113,-6.801653,0.99919957,0.00074425346,5.3663898e-05,2.4162518e-06,N,N
CF04_Hindi_N_0102.npy,7.8753457,-3.8385646,-3.1891122,-7.351861,0.9999759,8.179053e-06,1.565873e-05,2.4372358e-07,N,N
CF02_English_N_0005.npy,4.0115323,-2.071475,-1.1949636,-5.090502,0.99218786,0.0022634838,0.0054380293,0.000110568384,N,N
CM16_Hindi_N_0007.npy,7.056672,-3.5402174,-2.9584265,-6.7028637,0.9999292,2.4991861e-05,4.471644e-05,1.0574961e-06,N,N
CM38_English_N_0078.npy,7.68457,-2.220901,-4.3410487,-8.110219,0.999944,4.989814e-05,5.98847e-06,1.3816124e-07,N,N
CM35_English_N_0112.npy,7.9231052,-2.7859511,-3.9598916,-7.70134,0.99997056,2.2341015e-05,6.906649e-06,1.638238e-07,N,N
CF20_Gujarati_N_0046.npy,7.5734787,-3.681069,-3.041705,-7.2443185,0.9999621,1.2947795e-05,2.4539619e-05,3.6702542e-07,N,N
CF04_Hindi_N_0048.npy,7.3067327,-3.5682945,-2.9581265,-6.4647584,0.99994516,1.8923965e-05,3.483409e-05,1.0449454e-06,N,N
CM35_English_N_0064.npy,8.3191185,-3.4480355,-4.010729,-7.723916,0.9999877,7.755051e-06,4.4178405e-06,1.0779379e-07,N,N
CF04_English_N_0068.npy,7.800149,-3.6247556,-3.3238304,-7.168827,0.999974,1.0919823e-05,1.4753863e-05,3.1553319e-07,N,N
CM30_Gujarati_N_0019.npy,4.4313717,0.64674616,-3.394271,-6.801944,0.977393,0.022203797,0.00039033347,1.2927136e-05,N,N
CM05_Hindi_N_0018.npy,8.941761,-2.517679,-4.9777975,-9.406703,0.99998844,1.0549293e-05,9.011717e-07,1.0748749e-08,N,N
CM38_English_N_0075.npy,8.36885,-4.0062847,-3.474817,-8.075436,0.99998856,4.222235e-06,7.183826e-06,7.216593e-08,N,N
CF09_Hindi_N_0094.npy,7.1410885,-3.1953304,-3.1708162,-6.6140122,0.99993324,3.242808e-05,3.323285e-05,1.0622014e-06,N,N
CM35_English_N_0083.npy,7.777824,-3.2183342,-3.4056823,-7.954661,0.9999691,1.6765463e-05,1.3901179e-05,1.4704669e-07,N,N
CM30_Gujarati_N_0040.npy,6.0265594,-0.10687107,-3.7257164,-8.389967,0.99777704,0.0021643052,5.8032878e-05,5.470355e-07,N,N
CM38_English_N_0070.npy,6.8254323,-2.9993734,-2.7245166,-7.194729,0.9998739,5.4086155e-05,7.119594e-05,8.148296e-07,N,N
CF18_English_N_0054.npy,7.72329,-3.692179,-3.1075857,-7.190349,0.9999689,1.10232895e-05,1.977867e-05,3.3348425e-07,N,N
CM03_English_N_0090.npy,7.4077997,-2.474709,-3.7184548,-7.6257715,0.99993396,5.105662e-05,1.4719741e-05,2.9578374e-07,N,N
CM30_Gujarati_N_0012.npy,7.3501143,-2.1717222,-3.955001,-7.9142156,0.9999143,7.322879e-05,1.2308735e-05,2.3482727e-07,N,N
CF14_Gujarati_N_0064.npy,4.7749333,-1.7449223,-1.4236478,-6.9098105,0.9964978,0.0014687203,0.0020251942,8.391828e-06,N,N
CM38_English_N_0092.npy,6.839055,-0.85282993,-4.173446,-8.381924,0.999527,0.00045630088,1.6486416e-05,2.451362e-07,N,N
CM27_Gujarati_N_0031.npy,7.4330873,-3.0671172,-3.3415856,-7.3710275,0.9999511,2.7529484e-05,2.0921727e-05,3.7207732e-07,N,N
CM03_English_N_0046.npy,7.4729624,-2.4483624,-3.9902358,-7.3496294,0.99994004,4.9113103e-05,1.05092195e-05,3.652617e-07,N,N
CF14_English_N_0016.npy,7.663607,-3.1705532,-3.2929065,-7.614164,0.9999627,1.9713692e-05,1.7443374e-05,2.3170327e-07,N,N
CM16_Hindi_N_0032.npy,5.300632,-2.7549057,-1.8598818,-5.81456,0.99889237,0.00031698804,0.0007757951,1.4867979e-05,N,N
CM35_English_N_0007.npy,8.268506,-3.1423256,-4.1571207,-7.8953624,0.99998474,1.1074707e-05,4.0143223e-06,9.552449e-08,N,N
CF09_Hindi_N_0031.npy,8.627152,-3.9272625,-3.7018025,-7.5954957,0.999992,3.5292587e-06,4.4218045e-06,9.0071985e-08,N,N
CF04_Hindi_N_0084.npy,5.7680736,-2.6743,-2.2692566,-5.9563346,0.9994535,0.00021542021,0.00032299384,8.08941e-06,N,N
CM35_English_N_0004.npy,7.6558514,-3.185773,-3.5212395,-7.202686,0.99996614,1.9567156e-05,1.3990605e-05,3.523744e-07,N,N
CM35_English_N_0076.npy,8.035936,-3.0767481,-4.0361214,-7.908889,0.99997926,1.4921537e-05,5.716931e-06,1.18916304e-07,N,N
CM35_English_N_0113.npy,7.9838376,-3.0156014,-3.7787163,-7.535601,0.9999753,1.6710655e-05,7.790708e-06,1.8196282e-07,N,N
CM05_Hindi_N_0051.npy,7.2023306,-1.9002595,-3.9154403,-7.579158,0.9998734,0.0001113628,1.4844252e-05,3.8056265e-07,N,N
CM30_English_N_0013.npy,8.66934,-2.9050934,-4.334952,-9.107453,0.9999883,9.403346e-06,2.2506235e-06,1.9038433e-08,N,N
CF02_English_N_0002.npy,6.319653,-3.3076274,-2.4526155,-6.3137836,0.99977595,6.589128e-05,0.00015493693,3.2604012e-06,N,N
CF02_English_N_0022.npy,7.7664614,-3.0583942,-3.6351187,-7.8128057,0.99996877,1.9898083e-05,1.11774625e-05,1.7139436e-07,N,N
CF04_Hindi_N_0007.npy,8.01912,-3.9881256,-3.1841202,-7.627359,0.9999801,6.099731e-06,1.3629687e-05,1.6025515e-07,N,N
CF02_English_N_0024.npy,7.107312,-3.0530136,-3.359193,-6.6205354,0.9999317,3.8672017e-05,2.8472457e-05,1.0915451e-06,N,N
CF02_Gujarati_N_0046.npy,7.339797,-3.0075176,-3.33537,-7.5345554,0.99994445,3.2077027e-05,2.3110519e-05,3.46838e-07,N,N
CM27_Gujarati_N_0053.npy,5.9565883,-3.0472133,-2.259822,-5.567343,0.99959725,0.00012289204,0.00027007455,9.886559e-06,N,N
CM03_English_N_0102.npy,7.5062966,-2.4642043,-3.6966155,-7.7909403,0.99993944,4.6756304e-05,1.3633605e-05,2.2723118e-07,N,N
CM05_Hindi_N_0038.npy,7.761519,-3.7944114,-3.175625,-6.985171,0.9999722,9.578803e-06,1.77847e-05,3.9407777e-07,N,N
CM05_Hindi_N_0026.npy,6.2258153,-1.8270587,-3.1346486,-6.9993224,0.99959415,0.00031805714,8.602522e-05,1.8039286e-06,N,N
CM05_English_N_0048.npy,7.3847885,-2.9014647,-3.8256443,-6.4083605,0.99995124,3.409698e-05,1.3531615e-05,1.0225635e-06,N,N
CF14_Hindi_N_0094.npy,6.631427,-2.923214,-2.683646,-6.7563925,0.99983764,7.08601e-05,9.004191e-05,1.5334635e-06,N,N
CM27_Gujarati_N_0028.npy,6.5177107,-2.9363687,-2.4953384,-6.8605795,0.99979836,7.835339e-05,0.00012178531,1.548085e-06,N,N
CF04_English_N_0091.npy,7.6884737,-3.5804832,-2.7751808,-7.367988,0.9999584,1.2762508e-05,2.8554497e-05,2.890972e-07,N,N
CF14_English_N_0052.npy,3.4326813,-1.9368297,-0.78072155,-4.40525,0.98053944,0.0045657908,0.014507999,0.00038680725,N,N
CF14_Gujarati_N_0003.npy,7.0144916,-3.2074685,-2.6553316,-7.13751,0.99989974,3.6359306e-05,6.315472e-05,7.1420084e-07,N,N
CM30_English_N_0031.npy,4.4663696,0.741542,-3.788782,-7.00891,0.97619313,0.023543097,0.0002537283,1.013643e-05,N,N
CM05_Hindi_N_0047.npy,7.9431524,-3.0902593,-3.7371116,-7.7246985,0.9999752,1.6152484e-05,8.458926e-06,1.5686578e-07,N,N
CF20_Gujarati_N_0028.npy,7.2751646,-3.1584644,-3.0133388,-6.743308,0.99993575,2.9424196e-05,3.4019795e-05,8.1625666e-07,N,N
CF18_English_N_0051.npy,6.9584975,-3.6240766,-2.475279,-6.605521,0.9998934,2.5351304e-05,7.996805e-05,1.2858061e-06,N,N
CF04_Hindi_N_0075.npy,6.907619,-4.001685,-2.063397,-6.0828247,0.9998523,1.82846e-05,0.0001270203,2.2816953e-06,N,N
CM38_English_N_0009.npy,7.1967125,-2.076312,-4.171925,-6.742915,0.99989367,9.391402e-05,1.1550944e-05,8.831825e-07,N,N
CF09_Hindi_N_0116.npy,7.0200057,-3.4427722,-2.633528,-7.1265154,0.9999064,2.857805e-05,6.419229e-05,7.1813076e-07,N,N
CF04_Hindi_N_0047.npy,8.11728,-3.558374,-3.456356,-7.309504,0.9999819,8.498069e-06,9.410785e-06,1.996295e-07,N,N
CF14_Hindi_N_0131.npy,7.1426077,-3.2972043,-2.9691248,-6.8559623,0.9999293,2.924265e-05,4.0597537e-05,8.3266025e-07,N,N
CF20_Gujarati_N_0011.npy,3.091601,-1.567443,-0.6203022,-4.3040705,0.96663153,0.009159335,0.023615757,0.0005934193,N,N
CF09_Hindi_N_0077.npy,6.8532963,-3.1855342,-3.2740364,-5.85094,0.99991333,4.3667023e-05,3.9968483e-05,3.037962e-06,N,N
CM38_English_N_0038.npy,8.592821,-2.0044787,-4.88296,-9.532324,0.99997354,2.4982726e-05,1.4045313e-06,1.3438107e-08,N,N
CM16_Hindi_N_0005.npy,6.6061406,-2.912903,-2.5677438,-6.7109046,0.99982125,7.342671e-05,0.00010369433,1.6458987e-06,N,N
CM03_English_N_0034.npy,6.247298,-1.0838113,-3.5544598,-7.373509,0.99928916,0.0006543814,5.531486e-05,1.2140875e-06,N,N
CF04_Hindi_N_0015.npy,6.9378004,-2.9777906,-2.439163,-7.468026,0.9998654,4.9391816e-05,8.464045e-05,5.540776e-07,N,N
CF04_English_N_0008.npy,7.469266,-3.3048282,-3.5405407,-6.623805,0.99996173,2.0934085e-05,1.653808e-05,7.576008e-07,N,N
CF09_Hindi_N_0113.npy,7.788759,-3.7964277,-3.258511,-7.1890616,0.99997437,9.302638e-06,1.5930176e-05,3.127546e-07,N,N
CF02_Gujarati_N_0058.npy,7.5680447,-3.3042114,-3.5087407,-7.198757,0.9999652,1.8976843e-05,1.546672e-05,3.8622852e-07,N,N
CM27_Gujarati_N_0033.npy,7.1322947,-3.7080288,-2.5328908,-6.8867636,0.9999162,1.9591647e-05,6.3449275e-05,8.157629e-07,N,N
CM30_English_N_0008.npy,7.470734,-1.412309,-4.5499945,-8.501102,0.99985516,0.00013870126,6.017288e-06,1.157329e-07,N,N
CF20_Gujarati_N_0062.npy,7.2864428,-3.928339,-2.3827748,-6.775872,0.9999225,1.347251e-05,6.3194355e-05,7.812329e-07,N,N
CM03_English_N_0005.npy,6.716741,-1.4483583,-3.6421645,-7.5797715,0.9996834,0.0002843184,3.169909e-05,6.1796794e-07,N,N
CF04_Hindi_N_0122.npy,6.562549,-2.9658046,-2.5092974,-6.849378,0.999811,7.2745555e-05,0.00011483261,1.4968971e-06,N,N
CM38_English_N_0002.npy,6.868123,-2.6875827,-3.5898142,-6.3859224,0.9998987,7.078897e-05,2.8716504e-05,1.7530617e-06,N,N
CF04_Hindi_N_0065.npy,8.213668,-3.7194939,-3.4165812,-7.4794936,0.9999844,6.568813e-06,8.892835e-06,1.5294665e-07,N,N
CM35_English_N_0084.npy,7.9530005,-3.3499188,-3.7711375,-7.211136,0.99997926,1.23366e-05,8.09585e-06,2.5959125e-07,N,N
CF09_English_N_0014.npy,7.4190063,-3.0278177,-3.5304956,-7.451465,0.99995303,2.9038994e-05,1.7565935e-05,3.4818953e-07,N,N
CF09_English_N_0025.npy,7.8866463,-3.8029768,-3.1198092,-7.1327696,0.9999747,8.3801215e-06,1.659381e-05,3.000127e-07,N,N
CM05_Hindi_N_0109.npy,7.143146,-1.6637275,-4.079768,-8.0437355,0.9998367,0.00014967614,1.336225e-05,2.5371727e-07,N,N
CM24_Gujarati_N_0059.npy,8.3105755,-3.3372183,-3.9010565,-8.195173,0.9999862,8.738189e-06,4.972213e-06,6.786384e-08,N,N
CM24_Gujarati_N_0021.npy,7.545142,-2.7712917,-4.0967274,-7.300658,0.9999577,3.308349e-05,8.789859e-06,3.568884e-07,N,N
CF09_Hindi_N_0167.npy,7.567025,-3.8997755,-2.5494134,-7.413717,0.99994886,1.04715145e-05,4.0407707e-05,3.1183467e-07,N,N
CF02_Gujarati_N_0057.npy,6.394552,-2.5484784,-3.178685,-5.9441466,0.9997954,0.0001306178,6.955156e-05,4.3780633e-06,N,N
CM03_English_N_0024.npy,7.8759084,-2.6278026,-4.10362,-7.9644027,0.99996614,2.743353e-05,6.2710783e-06,1.320157e-07,N,N
CM24_Gujarati_N_0018.npy,8.128848,-3.0284545,-4.343481,-7.690931,0.99998176,1.4270428e-05,3.8311427e-06,1.3475646e-07,N,N
CF04_Hindi_N_0089.npy,6.450338,-2.948111,-2.5266461,-6.573724,0.9997887,8.2834966e-05,0.00012625645,2.206126e-06,N,N
CM16_Hindi_N_0040.npy,7.6383495,-3.3736784,-3.16228,-7.6651216,0.9999629,1.650141e-05,2.0385909e-05,2.258245e-07,N,N
CM24_Gujarati_N_0047.npy,7.61634,-3.1811328,-3.6639109,-7.4657264,0.9999666,2.0450436e-05,1.2619291e-05,2.8179107e-07,N,N
CM38_English_N_0066.npy,7.5291166,-2.2748477,-4.1252146,-7.9950585,0.99993587,5.5228647e-05,8.680814e-06,1.8109579e-07,N,N
CF09_Hindi_N_0011.npy,7.009542,-3.0464454,-2.577666,-7.1770263,0.9998878,4.2923137e-05,6.8593006e-05,6.899267e-07,N,N
CF09_Hindi_N_0041.npy,7.6550355,-3.469969,-3.4241493,-7.1246085,0.9999695,1.4738679e-05,1.542972e-05,3.8130185e-07,N,N
CF04_English_N_0001.npy,7.1884527,-3.34803,-3.2460914,-6.144052,0.9999424,2.654842e-05,2.9397492e-05,1.6208469e-06,N,N
CF14_Gujarati_N_0068.npy,7.5036364,-3.1262736,-3.2631395,-7.508971,0.99995446,2.4180717e-05,2.1087679e-05,3.020561e-07,N,N
CF09_Hindi_N_0012.npy,8.496548,-3.988081,-3.9671974,-7.243319,0.99999225,3.78435e-06,3.8642115e-06,1.4596864e-07,N,N
CF14_Gujarati_N_0045.npy,6.293594,-3.3086054,-2.080379,-6.6454663,0.99969935,6.755961e-05,0.0002307274,2.4016347e-06,N,N
CM05_Hindi_N_0056.npy,7.5797744,-3.108401,-3.5650337,-7.5090804,0.99996245,2.2812254e-05,1.4449577e-05,2.798835e-07,N,N
CM03_English_N_0087.npy,6.642479,-1.8433307,-3.3823237,-7.2551966,0.9997484,0.00020632437,4.4276574e-05,9.208882e-07,N,N
CF02_English_N_0079.npy,7.57864,-3.2853553,-3.364297,-7.4453897,0.9999629,1.9134211e-05,1.7681814e-05,2.986281e-07,N,N
CF09_Hindi_N_0133.npy,7.264443,-3.620952,-2.4712923,-7.459441,0.9999218,1.872833e-05,5.912758e-05,4.0314774e-07,N,N
CF18_English_N_0010.npy,6.2223306,-3.3257504,-2.4136877,-5.8228087,0.9997452,7.131989e-05,0.00017754728,5.871537e-06,N,N
CF18_English_N_0023.npy,6.814393,-3.0254676,-2.4300964,-7.110013,0.9998491,5.3276683e-05,9.6628144e-05,8.9668885e-07,N,N
CF14_Hindi_N_0030.npy,6.770544,-2.9229126,-2.8152905,-6.866891,0.9998685,6.1677696e-05,6.868595e-05,1.1947585e-06,N,N
CM05_Hindi_N_0114.npy,6.2494,-2.8036554,-2.2645845,-6.8671722,0.9996804,0.00011699546,0.0002005786,2.0109726e-06,N,N
CF02_English_N_0019.npy,7.5854216,-3.5097525,-3.1395204,-7.1711354,0.99996245,1.5184864e-05,2.1988746e-05,3.902044e-07,N,N
CM05_English_N_0076.npy,7.6593814,-1.51095,-4.318202,-8.779572,0.9998895,0.00010407055,6.282809e-06,7.254463e-08,N,N
CM38_English_N_0091.npy,7.804169,-2.016904,-4.7168813,-7.895182,0.9999418,5.429211e-05,3.648813e-06,1.5199633e-07,N,N
CF14_Hindi_N_0019.npy,5.741272,-2.2024524,-2.519253,-6.671057,0.99938285,0.0003546632,0.00025836375,4.065613e-06,N,N
CF09_Hindi_N_0079.npy,5.6191177,-2.451141,-2.4479241,-5.995492,0.9993649,0.00031250366,0.00031351083,9.02741e-06,N,N
CM38_English_N_0094.npy,7.084852,-2.3977883,-3.4862196,-7.1749253,0.9998976,7.6154785e-05,2.5644691e-05,6.412289e-07,N,N
CM27_Gujarati_N_0062.npy,7.466429,-3.0599873,-3.4286635,-7.258405,0.9999542,2.6817323e-05,1.8548182e-05,4.0277803e-07,N,N
CF02_Gujarati_N_0032.npy,7.196789,-2.5728016,-3.3360953,-7.661129,0.99991584,5.715895e-05,2.664341e-05,3.5257517e-07,N,N
CM05_Hindi_N_0102.npy,6.4342947,-0.93127453,-4.1739373,-8.192618,0.9993426,0.00063224934,2.4695486e-05,4.4394255e-07,N,N
CF02_English_N_0056.npy,7.4602084,-3.408684,-2.9744773,-7.522739,0.99995124,1.9040515e-05,2.9393577e-05,3.111483e-07,N,N
CF14_Hindi_N_0146.npy,6.4479876,-2.8029358,-2.403588,-7.147608,0.9997596,9.599989e-05,0.00014312155,1.2456715e-06,N,N
CF14_English_N_0009.npy,1.4964545,-0.86320746,1.0683869,-4.223061,0.5715916,0.05398805,0.37254477,0.0018755632,N,N
CF14_Hindi_N_0055.npy,5.444106,-2.7030907,-1.2428,-6.418692,0.9984586,0.00028909958,0.0012452132,7.036911e-06,N,N
CM27_Gujarati_N_0011.npy,6.5724874,-2.5553362,-2.821878,-7.0482936,0.99980706,0.00010858071,8.317545e-05,1.214748e-06,N,N
CM16_Hindi_N_0052.npy,7.4138308,-2.8463743,-3.7505937,-7.3054023,0.9999504,3.4996767e-05,1.416871e-05,4.0503915e-07,N,N
CM30_Gujarati_N_0050.npy,7.579059,-2.0667386,-4.3380976,-7.867904,0.9999285,6.469225e-05,6.6744233e-06,1.9563116e-07,N,N
CM05_Hindi_N_0003.npy,6.9755697,-1.9014266,-3.713745,-7.516673,0.99983716,0.00013954006,2.2783415e-05,5.0819244e-07,N,N
CF14_Hindi_N_0090.npy,6.325098,-2.9234676,-1.9891034,-7.141688,0.9996575,9.621664e-05,0.0002449286,1.4167742e-06,N,N
CM05_English_N_0079.npy,5.9760985,-0.1080731,-4.5889025,-7.3617783,0.9976993,0.0022734085,2.5744132e-05,1.6085448e-06,N,N
CM35_English_N_0123.npy,8.195721,-3.5031428,-4.082,-7.4990683,0.9999869,8.303137e-06,4.6542323e-06,1.5269825e-07,N,N
CF14_Hindi_N_0061.npy,7.569869,-3.8156102,-2.4505503,-6.972836,0.99994373,1.1358601e-05,4.4479802e-05,4.8323545e-07,N,N
CM30_Gujarati_N_0031.npy,6.0830793,-0.91353226,-3.6023953,-7.8728743,0.99902284,0.000914083,6.211941e-05,8.6812406e-07,N,N
CM24_Gujarati_N_0067.npy,7.5617504,-2.7245507,-3.6552608,-7.5493026,0.9999522,3.4095385e-05,1.3442902e-05,2.7373613e-07,N,N
CM16_Hindi_N_0022.npy,6.2771454,-3.3665476,-1.8016542,-6.849131,0.9996232,6.480876e-05,0.00030992628,1.9914394e-06,N,N
CF14_Gujarati_N_0031.npy,6.893879,-2.957751,-2.7646265,-7.230927,0.9998827,5.26551e-05,6.387242e-05,7.338782e-07,N,N
CF02_Gujarati_N_0054.npy,7.0951047,-3.236589,-2.9762578,-6.915538,0.9999243,3.258139e-05,4.2269774e-05,8.2266337e-07,N,N
CM30_English_N_0044.npy,-2.6266732,5.991335,-1.0176197,-3.8443887,0.00018061459,0.9988632,0.00090272556,5.3444797e-05,L,N
CF14_English_N_0002.npy,7.3395867,-3.507841,-2.947569,-7.414227,0.9999461,1.9453546e-05,3.4066055e-05,3.9127013e-07,N,N
CF20_Gujarati_N_0052.npy,6.911531,-3.744873,-2.3233984,-6.704053,0.9998777,2.3546656e-05,9.755918e-05,1.2211644e-06,N,N
CM05_Hindi_N_0099.npy,6.6836524,-1.543511,-3.329074,-8.071038,0.9996877,0.00026720998,4.481184e-05,3.9082636e-07,N,N
CM05_Hindi_N_0022.npy,5.3787737,-1.3883909,-3.3866353,-6.565787,0.9986883,0.0011494434,0.00015583356,6.4859414e-06,N,N
CF09_Hindi_N_0099.npy,7.288687,-3.6262147,-2.8262205,-7.0160832,0.99994063,1.8184135e-05,4.0469273e-05,6.130436e-07,N,N
CF04_Hindi_N_0072.npy,7.351979,-3.4836826,-2.610433,-7.691627,0.9999329,1.9683537e-05,4.7135738e-05,2.928302e-07,N,N
CM35_English_N_0027.npy,7.249233,-2.2515569,-3.5752666,-7.7745957,0.999905,7.478564e-05,1.9903913e-05,2.9867093e-07,N,N
CM16_Hindi_N_0043.npy,6.836578,-2.9914703,-2.798715,-6.9429193,0.9998797,5.3911383e-05,6.537221e-05,1.0365451e-06,N,N
CM27_Gujarati_N_0058.npy,7.458795,-2.967842,-3.582158,-7.2815275,0.999954,2.9631172e-05,1.6030799e-05,3.965879e-07,N,N
CF14_Gujarati_N_0035.npy,7.636703,-3.0706267,-3.4799712,-7.2239003,0.99996233,2.2379452e-05,1.4861863e-05,3.5164595e-07,N,N
CM38_English_N_0080.npy,7.63131,-3.3418717,-3.5354877,-6.983494,0.9999682,1.7155126e-05,1.4135383e-05,4.4963255e-07,N,N
CF09_English_N_0005.npy,6.8263803,-2.9486148,-3.0916307,-6.438772,0.99989223,5.6849527e-05,4.9273778e-05,1.7336879e-06,N,N
CM35_English_N_0098.npy,8.900419,-3.4936066,-3.932947,-9.181611,0.9999932,4.1432395e-06,2.670157e-06,1.403042e-08,N,N
CF09_Hindi_N_0057.npy,6.7267003,-3.1137693,-2.6721902,-6.608356,0.9998623,5.324498e-05,8.2804494e-05,1.616586e-06,N,N
CF14_Hindi_N_0093.npy,6.263913,-2.495539,-1.9844366,-7.3291,0.9995803,0.00015690475,0.0002615801,1.2486676e-06,N,N
CM35_English_N_0117.npy,8.804137,-3.5677073,-4.0754275,-8.7982235,0.9999932,4.2361694e-06,2.5496076e-06,2.2666754e-08,N,N
CF14_English_N_0046.npy,1.562094,-1.389183,1.115549,-4.8862667,0.5904265,0.030863313,0.37777552,0.0009347135,N,N
CM05_English_N_0038.npy,7.387795,-2.5365844,-3.623341,-7.6509376,0.9999342,4.8963026e-05,1.6515656e-05,2.942611e-07,N,N
CM35_English_N_0077.npy,6.8046913,-2.9605339,-2.9187489,-6.8082347,0.9998815,5.7407025e-05,5.9856608e-05,1.224418e-06,N,N
CM27_Gujarati_N_0063.npy,5.258441,-1.329559,-2.5919507,-6.8431387,0.99823123,0.0013743558,0.00038891032,5.54092e-06,N,N
CM03_English_N_0019.npy,6.369143,-1.735758,-3.1726112,-7.252156,0.9996251,0.0003019418,7.176392e-05,1.2138981e-06,N,N
CM24_Gujarati_N_0039.npy,7.949477,-3.1291378,-3.814063,-7.651004,0.99997663,1.5438618e-05,7.783039e-06,1.677981e-07,N,N
CF14_English_N_0034.npy,5.175502,-2.1682255,-1.6072563,-6.384492,0.9982139,0.000645481,0.0011311211,9.523183e-06,N,N
CM27_Gujarati_N_0049.npy,7.308486,-3.3349967,-3.2164814,-7.0207324,0.99994874,2.3854602e-05,2.6856078e-05,5.982428e-07,N,N
CM35_English_N_0100.npy,7.920231,-3.3570406,-3.6460872,-7.2900057,0.9999776,1.2657082e-05,9.479861e-06,2.4789543e-07,N,N
CF04_English_N_0056.npy,7.7856154,-3.8153555,-3.07986,-7.3014154,0.9999715,9.156929e-06,1.9106077e-05,2.8039713e-07,N,N
CF09_English_N_0057.npy,7.439191,-2.9511158,-3.4187608,-7.6369705,0.9999498,3.0727377e-05,1.9249946e-05,2.8345525e-07,N,N
CM35_English_N_0026.npy,8.039935,-2.933093,-3.9646559,-8.2204,0.99997663,1.7157905e-05,6.1159267e-06,8.6739426e-08,N,N
CF02_English_N_0006.npy,6.8505583,-3.5511308,-2.2327561,-6.6429067,0.9998548,3.03767e-05,0.000113528105,1.3797468e-06,N,N
CM05_Hindi_N_0060.npy,9.20386,-3.3325417,-4.7149973,-9.330502,0.99999547,3.5934197e-06,9.018099e-07,8.925376e-09,N,N
CM05_Hindi_N_0064.npy,7.315843,-2.6299086,-3.637216,-7.4114833,0.9999342,4.7927697e-05,1.7503233e-05,4.0176755e-07,N,N
CF02_Gujarati_N_0019.npy,7.3330884,-3.6582847,-2.8107314,-6.475142,0.9999428,1.6845444e-05,3.9316077e-05,1.0072491e-06,N,N
CM30_Gujarati_N_0038.npy,-0.032144066,4.048626,-1.4764704,-5.1264358,0.016547233,0.97944766,0.0039035736,0.00010146175,L,N
CM30_English_N_0033.npy,4.9733644,0.20269096,-3.9526293,-6.8554196,0.9914587,0.008402287,0.00013175428,7.2293465e-06,N,N
CF04_English_N_0098.npy,7.450028,-3.8954244,-2.4587417,-7.604306,0.99993813,1.1822404e-05,4.9733517e-05,2.8970678e-07,N,N
CF14_Hindi_N_0042.npy,7.630132,-3.7175698,-2.9078565,-7.196568,0.9999614,1.1796111e-05,2.6508973e-05,3.6377187e-07,N,N
CF18_English_N_0048.npy,6.597101,-3.0611403,-2.625879,-6.455874,0.99983525,6.388627e-05,9.872768e-05,2.1433525e-06,N,N
CM38_English_N_0133.npy,7.7746153,-2.3593407,-4.204217,-8.311984,0.99995387,3.9706243e-05,6.275368e-06,1.03195e-07,N,N
CF09_Hindi_N_0103.npy,6.1752753,-3.3375444,-1.782386,-6.5681696,0.9995734,7.386688e-05,0.0003498214,2.920163e-06,N,N
CF04_Hindi_N_0024.npy,8.299206,-4.3322396,-3.2635896,-7.541542,0.999987,3.2675898e-06,9.5134055e-06,1.319608e-07,N,N
CM16_Hindi_N_0064.npy,7.5556464,-3.2780383,-3.4063017,-6.9744363,0.99996233,1.9723051e-05,1.734882e-05,4.8938307e-07,N,N
CM30_English_N_0024.npy,5.7098384,-0.90053916,-3.263852,-6.8167396,0.99852556,0.0013443389,0.00012651298,3.6235604e-06,N,N
CM05_English_N_0049.npy,7.8871427,-3.2019284,-4.101005,-6.7474647,0.99997807,1.5278054e-05,6.2173317e-06,4.4082e-07,N,N
CF14_Hindi_N_0095.npy,8.013342,-3.5379033,-3.7948139,-6.760162,0.9999826,9.623889e-06,7.44347e-06,3.836552e-07,N,N
CF02_English_N_0052.npy,5.7936606,-2.624008,-2.2198021,-5.963331,0.9994406,0.0002208056,0.0003307914,7.829971e-06,N,N
CF02_English_N_0077.npy,7.2887745,-3.3817103,-2.877663,-7.486119,0.999938,2.3218841e-05,3.843665e-05,3.8310574e-07,N,N
CM30_Gujarati_N_0010.npy,7.4340973,-1.698551,-4.2804637,-8.445327,0.99988353,0.00010806638,8.172972e-06,1.2694137e-07,N,N
CM30_Gujarati_N_0037.npy,7.1118894,-1.595131,-4.353068,-7.462785,0.99982363,0.00016539116,1.04895225e-05,4.6797498e-07,N,N
CF04_English_N_0039.npy,8.026526,-3.3054044,-3.4595666,-7.534747,0.9999776,1.1983816e-05,1.0271721e-05,1.7450789e-07,N,N
CF04_English_N_0103.npy,6.363501,-3.3144522,-2.146556,-6.46581,0.99973327,6.2632855e-05,0.00020137851,2.68031e-06,N,N
CF02_Gujarati_N_0009.npy,7.867563,-3.851845,-2.9637907,-7.568474,0.99997187,8.134176e-06,1.976928e-05,1.9778896e-07,N,N
CF02_English_N_0067.npy,6.925259,-3.4350374,-2.8701587,-6.4621725,0.9999112,3.166226e-05,5.570133e-05,1.5341703e-06,N,N
CF04_English_N_0100.npy,7.8165517,-4.0530376,-2.966944,-7.331343,0.999972,6.999885e-06,2.0738391e-05,2.6384e-07,N,N
CF14_Hindi_N_0124.npy,6.69742,-3.304465,-2.2668285,-6.503503,0.99982494,4.5306482e-05,0.00012787929,1.8485703e-06,N,N
CM38_English_N_0047.npy,7.663697,-1.4229795,-4.3917274,-9.2611475,0.9998809,0.000113150054,5.81225e-06,4.4625345e-08,N,N
CF14_Hindi_N_0150.npy,6.372832,-2.6822174,-3.1850653,-5.821041,0.99980754,0.00011677735,7.062756e-05,5.0604003e-06,N,N
CF09_Hindi_N_0111.npy,7.726657,-3.885144,-2.807786,-7.106412,0.999964,9.058227e-06,2.6603204e-05,3.6146346e-07,N,N
CF09_Hindi_N_0106.npy,7.514576,-3.4070084,-3.1546316,-7.385475,0.9999584,1.8063347e-05,2.3248982e-05,3.38043e-07,N,N
CM05_Hindi_N_0074.npy,5.5536556,-0.07265568,-4.3525043,-7.46546,0.9963594,0.003588724,4.9684997e-05,2.2094594e-06,N,N
CF02_Gujarati_N_0031.npy,7.394389,-3.2553937,-2.816762,-7.6349397,0.9999393,2.3704544e-05,3.67559e-05,2.9704267e-07,N,N
CM05_English_N_0021.npy,8.745283,-3.4753344,-4.187969,-8.580934,0.9999926,4.927767e-06,2.4163323e-06,2.987556e-08,N,N
CM05_Hindi_N_0073.npy,6.0937905,-0.39032784,-4.1399455,-7.6408534,0.99843794,0.0015251207,3.588112e-05,1.0825327e-06,N,N
CF04_Hindi_N_0073.npy,7.206527,-3.5083504,-2.9565527,-6.519406,0.999938,2.221062e-05,3.8565897e-05,1.0936443e-06,N,N
CF04_English_N_0062.npy,8.522964,-4.08475,-3.749917,-7.9162946,0.9999919,3.3460776e-06,4.676837e-06,7.2529915e-08,N,N
CM16_Hindi_N_0037.npy,6.903128,-2.9925454,-2.7511318,-7.2707825,0.9998847,5.0386414e-05,6.4144326e-05,6.987132e-07,N,N
CF14_Gujarati_N_0004.npy,8.348137,-4.261337,-3.1051617,-7.8974786,0.99998593,3.3401718e-06,1.0614255e-05,8.8026404e-08,N,N
CM03_English_N_0042.npy,5.9292784,-0.9765601,-2.7846024,-8.127845,0.99883443,0.0010007508,0.000164098,7.844449e-07,N,N
CM05_Hindi_N_0098.npy,5.7198515,-0.5187959,-3.4035022,-7.0108705,0.99793965,0.0019484719,0.00010886344,2.9527168e-06,N,N
CF09_Hindi_N_0038.npy,5.5924067,-2.7010794,-2.5775146,-5.0428324,0.9994431,0.00025000173,0.0002828825,2.4039899e-05,N,N
CF14_Hindi_N_0048.npy,7.902262,-3.9347773,-3.415904,-6.7002325,0.9999802,7.231531e-06,1.2149937e-05,4.5520636e-07,N,N
CF09_Hindi_N_0029.npy,6.7549195,-3.1151824,-2.7041574,-6.204889,0.99986804,5.169064e-05,7.796826e-05,2.3527157e-06,N,N
CM03_English_N_0092.npy,6.0611005,-1.1136136,-3.244558,-7.4161,0.99914265,0.00076504814,9.083044e-05,1.4013729e-06,N,N
CM35_English_N_0040.npy,7.7962117,-3.2625644,-3.568523,-7.30329,0.99997246,1.5747903e-05,1.1597022e-05,2.7692224e-07,N,N
CM05_English_N_0072.npy,7.9019423,-3.1148338,-4.087062,-7.6483955,0.99997723,1.6423473e-05,6.212005e-06,1.7642667e-07,N,N
CM38_English_N_0042.npy,6.5801926,-1.4705455,-3.9053667,-7.1482754,0.99965227,0.00031875554,2.792726e-05,1.0905637e-06,N,N
CM05_Hindi_N_0059.npy,8.069952,-2.689575,-4.1640053,-7.7307796,0.9999738,2.1241505e-05,4.8623756e-06,1.3734665e-07,N,N
CF02_Gujarati_N_0012.npy,7.637204,-3.3630705,-3.0665946,-7.5313926,0.99996066,1.6696458e-05,2.2458584e-05,2.5843138e-07,N,N
CM05_Hindi_N_0014.npy,9.036338,-2.7588093,-4.8455524,-9.692005,0.99999154,7.5410026e-06,9.357675e-07,7.3515665e-09,N,N
CF04_English_N_0107.npy,7.269512,-3.3647904,-3.120594,-7.015527,0.99994457,2.4074496e-05,3.073337e-05,6.2526243e-07,N,N
CM35_English_N_0086.npy,8.715028,-3.2312284,-4.0936594,-8.296263,0.9999907,6.483397e-06,2.7368676e-06,4.0934165e-08,N,N
CF14_Gujarati_N_0070.npy,6.3631234,-2.914061,-2.5274918,-6.033879,0.99976474,9.35121e-05,0.0001376425,4.1299822e-06,N,N
CF02_English_N_0038.npy,8.208018,-3.973185,-3.399667,-7.3010273,0.9999856,5.125829e-06,9.095784e-06,1.8386574e-07,N,N
CF04_English_N_0117.npy,6.5544095,-2.712075,-3.2962732,-6.2108045,0.9998499,9.452613e-05,5.2703257e-05,2.8580698e-06,N,N
CF20_Gujarati_N_0014.npy,4.1799736,-2.7745295,-0.6249273,-5.2535143,0.99086034,0.00094560586,0.008114661,7.926852e-05,N,N
CM38_English_N_0122.npy,6.7124033,-1.8001133,-3.8010967,-7.1328983,0.99977094,0.0002008914,2.7160977e-05,9.704258e-07,N,N
CF04_English_N_0030.npy,7.6811337,-3.617223,-3.5303817,-6.2862983,0.9999733,1.2392939e-05,1.3517273e-05,8.590328e-07,N,N
CM05_English_N_0041.npy,8.481133,-3.1820412,-4.1470437,-7.9152455,0.99998796,8.604832e-06,3.2782864e-06,7.570728e-08,N,N
CF09_Hindi_N_0122.npy,7.7567234,-4.0944824,-2.5690107,-7.4725795,0.9999598,7.129667e-06,3.27773e-05,2.4320926e-07,N,N
CF04_English_N_0020.npy,7.4715643,-3.6131594,-2.9734964,-7.231974,0.9999552,1.5344272e-05,2.9090306e-05,4.114478e-07,N,N
CF02_English_N_0086.npy,7.1014953,-3.134801,-2.752631,-7.550603,0.9999112,3.58422e-05,5.252534e-05,4.3314793e-07,N,N
CM35_English_N_0067.npy,7.7301607,-3.0256307,-3.8839068,-7.5879774,0.99996936,2.132091e-05,9.037773e-06,2.2253782e-07,N,N
CF14_Gujarati_N_0066.npy,7.1263843,-3.115783,-2.6323051,-7.891516,0.9999063,3.5632187e-05,5.778487e-05,3.004471e-07,N,N
CF14_Hindi_N_0139.npy,7.364808,-3.2984645,-2.997882,-7.2637873,0.99994457,2.3387045e-05,3.1587617e-05,4.434633e-07,N,N
CM30_Gujarati_N_0009.npy,7.3111806,-1.1711234,-4.298418,-8.820891,0.9997838,0.00020705629,9.076569e-06,9.859073e-08,N,N
CM05_English_N_0017.npy,7.4861813,-2.3195708,-3.9972935,-7.7490325,0.9999343,5.512995e-05,1.0298211e-05,2.4176975e-07,N,N
CM05_Hindi_N_0029.npy,7.719373,-2.9384124,-3.8214424,-7.2081823,0.9999664,2.3516248e-05,9.724628e-06,3.288748e-07,N,N
CF04_Hindi_N_0091.npy,7.628911,-3.7568717,-3.2499645,-6.606681,0.9999691,1.1355447e-05,1.8851715e-05,6.569731e-07,N,N
CF20_Gujarati_N_0049.npy,6.5148644,-3.5977752,-2.3862367,-5.81008,0.99981874,4.055625e-05,0.00013621412,4.438803e-06,N,N
CM05_Hindi_N_0104.npy,7.21449,-3.171207,-3.110658,-7.156285,0.99993575,3.0868923e-05,3.2795742e-05,5.738834e-07,N,N
CM03_English_N_0107.npy,4.0710974,0.31307688,-2.6317902,-6.1937747,0.9759982,0.022769919,0.0011979039,3.399945e-05,N,N
CF04_Hindi_N_0132.npy,4.967006,-3.0835702,-0.8639185,-5.8767715,0.9967368,0.00031787742,0.0029257834,1.9462012e-05,N,N
CM16_Hindi_N_0012.npy,6.4044657,-3.5912068,-1.7914355,-6.968978,0.9996772,4.5582117e-05,0.0002756927,1.5554176e-06,N,N
CM05_English_N_0037.npy,6.70428,-1.7957678,-3.9421148,-7.635261,0.99977213,0.0002034123,2.3781024e-05,5.919946e-07,N,N
CF04_Hindi_N_0078.npy,7.1917224,-3.9118192,-3.0931623,-5.266054,0.99994695,1.5058101e-05,3.4143526e-05,3.8871667e-06,N,N
CM38_English_N_0044.npy,7.65622,-1.7427849,-4.404252,-8.431389,0.9999113,8.279907e-05,5.783155e-06,1.03086535e-07,N,N
CM03_English_N_0011.npy,6.9262824,-1.4378644,-3.8999693,-7.758433,0.9997466,0.00023301666,1.9865909e-05,4.1917863e-07,N,N
CM38_English_N_0018.npy,6.310301,-2.3030136,-2.4764266,-7.2372265,0.9996644,0.00018160978,0.00015269569,1.3068865e-06,N,N
CF20_Gujarati_N_0004.npy,5.0626307,-2.921632,-1.7286906,-4.99433,0.9984952,0.00034027093,0.0011217928,4.282164e-05,N,N
CF09_Hindi_N_0080.npy,7.905289,-3.337543,-3.463976,-7.5701838,0.9999752,1.3100542e-05,1.1544639e-05,1.9014134e-07,N,N
CM05_Hindi_N_0061.npy,8.027765,-2.8755238,-4.2917614,-7.7667017,0.9999771,1.8397208e-05,4.463624e-06,1.3821023e-07,N,N
CM03_English_N_0103.npy,7.6923475,-2.3792691,-4.062125,-7.646007,0.9999497,4.226009e-05,7.853721e-06,2.1807988e-07,N,N
CF18_English_N_0032.npy,8.476799,-4.236845,-3.3259866,-7.6311274,0.9999894,3.009747e-06,7.4836003e-06,1.0102114e-07,N,N
CM30_Gujarati_N_0005.npy,5.458526,-1.1964723,-2.6914458,-6.77075,0.9984213,0.0012855376,0.0002882876,4.8776033e-06,N,N
CF04_English_N_0108.npy,7.6181154,-3.4184065,-2.943374,-8.096782,0.9999579,1.6102049e-05,2.5893174e-05,1.4965411e-07,N,N
CF02_Gujarati_N_0049.npy,8.241059,-4.0048747,-3.3591464,-7.4568152,0.9999858,4.804547e-06,9.164075e-06,1.5222773e-07,N,N
CF09_Hindi_N_0118.npy,6.578882,-3.3765352,-2.1157978,-6.771009,0.99978346,4.745948e-05,0.0001674381,1.5926549e-06,N,N
CF02_Gujarati_N_0053.npy,7.2525196,-3.4252973,-2.9216864,-7.272939,0.99993837,2.3049235e-05,3.813922e-05,4.916391e-07,N,N
CM05_Hindi_N_0012.npy,7.5596385,-2.3006077,-3.986453,-7.9107327,0.9999379,5.2206233e-05,9.673183e-06,1.9110682e-07,N,N
CM16_Hindi_N_0055.npy,7.2686033,-3.1059055,-2.9448774,-7.4058995,0.9999317,3.1216085e-05,3.6670084e-05,4.2355958e-07,N,N
CF09_English_N_0040.npy,7.8222127,-3.4904897,-3.3319676,-7.615426,0.9999733,1.2216429e-05,1.4314935e-05,1.9747262e-07,N,N
CM30_Gujarati_N_0015.npy,5.9420586,-0.091800794,-4.1939263,-8.25766,0.9975694,0.0023904042,3.9531293e-05,6.793346e-07,N,N
CM38_English_N_0072.npy,7.0931005,-3.292579,-2.9310713,-6.6815734,0.9999237,3.086908e-05,4.431231e-05,1.0416029e-06,N,N
CM35_English_N_0069.npy,8.6565,-3.1696157,-4.1955233,-8.464369,0.99999,7.311036e-06,2.6207945e-06,3.6685705e-08,N,N
CM30_Gujarati_N_0024.npy,3.2060592,0.6606759,-3.1961517,-5.4381375,0.9256885,0.07261375,0.0015346874,0.00016305647,N,N
CM05_Hindi_N_0121.npy,6.640958,-0.71221393,-4.012072,-8.06331,0.9993358,0.00064013194,2.3613436e-05,4.1089345e-07,N,N
CF18_English_N_0005.npy,7.5054755,-3.544688,-2.6348662,-7.568015,0.9999443,1.5883672e-05,3.945312e-05,2.8421186e-07,N,N
CM05_Hindi_N_0125.npy,6.957122,-2.8768985,-3.1641526,-6.639059,0.999905,5.359174e-05,4.0211e-05,1.2451234e-06,N,N
CM35_English_N_0061.npy,7.7735686,-2.9051392,-3.6749713,-7.763033,0.99996614,2.302933e-05,1.0664676e-05,1.7886477e-07,N,N
CF18_English_N_0022.npy,6.929103,-3.3496037,-2.7861266,-6.658294,0.99990404,3.4353645e-05,6.0351485e-05,1.2561079e-06,N,N
CF14_Hindi_N_0064.npy,7.3610263,-3.267148,-3.3216786,-6.646806,0.9999521,2.4222667e-05,2.2937149e-05,8.250024e-07,N,N
CM30_Gujarati_N_0073.npy,5.939288,-0.8471222,-3.8900409,-7.106104,0.9988164,0.001127678,5.3785167e-05,2.1574654e-06,N,N
CF20_Gujarati_N_0071.npy,5.4167857,-2.8432508,-1.7748095,-5.2436748,0.9989661,0.00025838215,0.0007521088,2.3429964e-05,N,N
CF04_English_N_0088.npy,6.872987,-3.6141784,-1.9002889,-7.3118687,0.9998166,2.7887028e-05,0.00015478728,6.910602e-07,N,N
CM35_English_N_0025.npy,8.127157,-2.7071023,-4.204808,-8.012077,0.9999758,1.9711997e-05,4.40844e-06,9.790594e-08,N,N
CM05_English_N_0080.npy,5.087934,0.029667575,-3.3783805,-7.2822804,0.99347174,0.0063150707,0.00020906529,4.2154084e-06,N,N
CM30_English_N_0010.npy,6.657516,-0.71951264,-4.084616,-8.354645,0.9993531,0.0006250521,2.1600821e-05,3.020092e-07,N,N
CF04_English_N_0094.npy,6.981382,-3.6125307,-2.283349,-7.219158,0.9998796,2.5065141e-05,9.4694864e-05,6.8034836e-07,N,N
CF14_Hindi_N_0105.npy,7.76309,-4.2828746,-2.8327527,-6.6904526,0.9999685,5.8680007e-06,2.501903e-05,5.283144e-07,N,N
CF14_English_N_0037.npy,2.5251732,-2.1008916,0.97741276,-4.956167,0.81760764,0.008007013,0.17392464,0.00046072324,N,N
CM03_English_N_0065.npy,6.350439,-2.4928076,-2.8424537,-6.7066226,0.99975175,0.0001443175,0.00010173478,2.134431e-06,N,N
CF04_Hindi_N_0143.npy,7.48351,-3.3562205,-3.4819183,-7.0508695,0.99996257,1.9604182e-05,1.7288556e-05,4.8728464e-07,N,N
CF18_English_N_0018.npy,6.568459,-3.005887,-2.7683334,-6.270475,0.9998398,6.947756e-05,8.810756e-05,2.6549249e-06,N,N
CM24_Gujarati_N_0044.npy,6.7509394,-2.6971593,-2.9200354,-6.629113,0.9998566,7.882798e-05,6.3079286e-05,1.5454492e-06,N,N
CF14_Hindi_N_0116.npy,6.346971,-3.1384895,-2.3806148,-5.95978,0.9997576,7.5929696e-05,0.00016201392,4.5200222e-06,N,N
CF09_English_N_0019.npy,7.5555673,-3.6140995,-3.335358,-6.704507,0.9999666,1.409487e-05,1.8625875e-05,6.4108235e-07,N,N
CF04_Hindi_N_0130.npy,4.60976,-2.5235827,-1.0469081,-5.5102115,0.9956863,0.0007946047,0.0034790684,4.009358e-05,N,N
CF09_Hindi_N_0112.npy,7.2949567,-3.5999932,-2.9156547,-6.563448,0.9999436,1.855064e-05,3.6775902e-05,9.579594e-07,N,N
CF09_English_N_0045.npy,8.029321,-3.81188,-3.547535,-7.116608,0.9999831,7.2015255e-06,9.3805465e-06,2.6436206e-07,N,N
CF14_Hindi_N_0024.npy,7.9183125,-3.2520285,-3.835485,-7.5721183,0.9999778,1.4085514e-05,7.8592475e-06,1.8731897e-07,N,N
CM03_English_N_0047.npy,7.2023187,-3.0926456,-3.2135582,-7.2158732,0.99993575,3.3800734e-05,2.9951216e-05,5.473069e-07,N,N
CF02_English_N_0074.npy,7.7224674,-3.3158715,-3.2717385,-7.640083,0.99996686,1.6072965e-05,1.6798203e-05,2.1287009e-07,N,N
CF14_English_N_0014.npy,5.8176017,-3.0643072,-1.5666113,-6.702315,0.99923706,0.00013877293,0.0006205054,3.6503782e-06,N,N
CM16_Hindi_N_0026.npy,7.5521855,-3.4238677,-2.9375753,-7.7333117,0.99995494,1.7105707e-05,2.7818582e-05,2.299181e-07,N,N
CM05_English_N_0014.npy,7.960508,-2.7723637,-4.0052013,-7.819327,0.99997175,2.1815273e-05,6.3583734e-06,1.4024668e-07,N,N
CF09_Hindi_N_0098.npy,7.9233303,-3.9208674,-3.2656393,-7.1228433,0.99997866,7.1799395e-06,1.3825567e-05,2.9209278e-07,N,N
CF14_Hindi_N_0144.npy,6.2773085,-2.5654178,-2.9055305,-6.039011,0.9997484,0.0001443922,0.0001027625,4.4769386e-06,N,N
CM38_English_N_0105.npy,6.7639503,-1.0586619,-3.845549,-8.299773,0.9995746,0.00040040349,2.4669955e-05,2.8689516e-07,N,N
CM30_Gujarati_N_0011.npy,6.1840587,-1.8625873,-2.9406466,-7.4981313,0.99956995,0.00032003626,0.00010889402,1.1421249e-06,N,N
CM38_English_N_0003.npy,6.42092,-2.7675467,-2.5392604,-6.689874,0.9997675,0.00010218767,0.00012839324,2.0228026e-06,N,N
CF04_Hindi_N_0094.npy,7.855421,-4.143521,-3.2599382,-6.629299,0.9999784,6.150587e-06,1.4881661e-05,5.1210213e-07,N,N
CF14_Hindi_N_0103.npy,7.422425,-3.5945964,-2.9520774,-6.9123783,0.9999517,1.6419031e-05,3.1216914e-05,5.949129e-07,N,N
CM30_Gujarati_N_0049.npy,6.578021,-1.1959252,-4.050293,-7.636401,0.9995548,0.00042036313,2.4209648e-05,6.7075126e-07,N,N
CM24_Gujarati_N_0042.npy,9.2762165,-3.5026073,-4.5978613,-9.006029,0.9999962,2.8198476e-06,9.431113e-07,1.1484708e-08,N,N
CF04_English_N_0013.npy,7.4261484,-3.198683,-2.8004646,-7.429805,0.9999391,2.4303452e-05,3.619195e-05,3.5327676e-07,N,N
CF04_Hindi_N_0029.npy,7.7631364,-3.8757973,-2.894897,-7.0316725,0.99996734,8.815792e-06,2.351044e-05,3.7556208e-07,N,N
CM03_English_N_0035.npy,6.8669825,-2.1336193,-3.6044621,-6.915036,0.9998473,0.00012331673,2.832976e-05,1.0339012e-06,N,N
CM38_English_N_0139.npy,8.2495365,-3.4169369,-3.8323712,-8.204275,0.9999857,8.576473e-06,5.660934e-06,7.148159e-08,N,N
CM05_English_N_0034.npy,4.1318307,-1.1591204,-1.5783184,-5.915363,0.9916774,0.004995046,0.0032846138,4.2946693e-05,N,N
CM03_English_N_0022.npy,7.1634855,-1.8240699,-4.2053814,-6.8752427,0.9998627,0.00012493801,1.1547931e-05,7.9983045e-07,N,N
CF14_English_N_0024.npy,7.058512,-3.348614,-2.7751386,-6.5080557,0.9999149,3.0213809e-05,5.3612108e-05,1.2825587e-06,N,N
CM03_English_N_0033.npy,6.6775227,-3.0541766,-2.781136,-6.6339016,0.999861,5.9363087e-05,7.8000354e-05,1.6552422e-06,N,N
CF14_Hindi_N_0021.npy,7.1578045,-2.8855548,-3.3050942,-7.1310153,0.9999273,4.3470307e-05,2.8575212e-05,6.2289183e-07,N,N
CM38_English_N_0024.npy,7.131346,-2.664855,-3.5802405,-7.2437162,0.99992144,5.5658253e-05,2.228347e-05,5.7141995e-07,N,N
CF04_English_N_0116.npy,8.377806,-4.0079,-3.3942416,-8.304461,0.99998796,4.177832e-06,7.717199e-06,5.688249e-08,N,N
CM05_English_N_0090.npy,6.387043,-1.4725631,-3.757077,-7.459801,0.9995739,0.00038586135,3.928977e-05,9.687398e-07,N,N
CF02_English_N_0013.npy,8.208339,-3.7812893,-3.5761397,-7.746497,0.99998605,6.2081867e-06,7.6218444e-06,1.17732604e-07,N,N
CF18_English_N_0056.npy,7.0330386,-2.9436958,-2.6700783,-7.5736847,0.999892,4.6463563e-05,6.108615e-05,4.5324558e-07,N,N
CF04_Hindi_N_0039.npy,7.221871,-3.5409858,-2.988823,-6.5481286,0.9999411,2.1170214e-05,3.6772795e-05,1.046501e-06,N,N
CF18_English_N_0049.npy,7.00628,-3.37873,-2.9816318,-6.313975,0.99992156,3.0889685e-05,4.5948487e-05,1.6407884e-06,N,N
CM30_Gujarati_N_0007.npy,6.6965294,-1.2048256,-4.157803,-7.7492027,0.9996101,0.00037009726,1.9313198e-05,5.322662e-07,N,N
CF14_Hindi_N_0120.npy,6.410175,-2.825768,-2.372436,-6.9676275,0.9997476,9.744764e-05,0.00015333839,1.5487626e-06,N,N
CM38_English_N_0062.npy,7.9617133,-2.808411,-4.1904597,-7.257471,0.99997354,2.101759e-05,5.2767537e-06,2.4568604e-07,N,N
CF09_Hindi_N_0170.npy,7.054661,-3.3400002,-2.8245964,-7.089888,0.9999174,3.059287e-05,5.1222083e-05,7.195563e-07,N,N
CF09_Hindi_N_0036.npy,8.744971,-3.532356,-4.08622,-7.8649745,0.9999926,4.6560876e-06,2.6759706e-06,6.1148974e-08,N,N
CF14_Hindi_N_0134.npy,7.5466175,-3.1249673,-3.412293,-7.507643,0.9999591,2.3193792e-05,1.7401557e-05,2.8973443e-07,N,N
CM27_Gujarati_N_0032.npy,7.19838,-3.5579474,-2.6797261,-6.970488,0.9999267,2.1308575e-05,5.1281557e-05,7.022746e-07,N,N
CF09_English_N_0021.npy,7.8432484,-3.4638243,-3.599427,-7.164175,0.99997663,1.2285436e-05,1.0727511e-05,3.036328e-07,N,N
CM05_English_N_0087.npy,6.1358485,-0.14331451,-4.20313,-7.911781,0.9980956,0.0018713989,3.228577e-05,7.9134196e-07,N,N
CM38_English_N_0040.npy,7.8221984,-2.1067238,-4.4702687,-8.206296,0.9999466,4.874168e-05,4.5859165e-06,1.0936803e-07,N,N
CF14_Hindi_N_0004.npy,6.8085337,-2.84654,-2.6350393,-7.1913548,0.9998559,6.4090316e-05,7.918552e-05,8.315017e-07,N,N
CF04_English_N_0004.npy,8.083989,-3.873465,-3.616145,-6.858146,0.99998486,6.4111637e-06,8.292581e-06,3.2412063e-07,N,N
CF18_English_N_0040.npy,4.094531,-2.6729999,-0.53708607,-5.4566183,0.98915815,0.001138058,0.009633409,7.034841e-05,N,N
CM16_Hindi_N_0028.npy,6.3138514,-3.4647326,-2.355975,-5.16766,0.9997614,5.6638466e-05,0.00017164793,1.03166585e-05,N,N
CM30_English_N_0050.npy,6.8658814,-0.7216156,-4.378219,-8.506676,0.9994802,0.0005064843,1.3077458e-05,2.1064814e-07,N,N
CF09_English_N_0017.npy,7.210065,-3.7044816,-2.8294792,-6.9541216,0.9999374,1.8190527e-05,4.363693e-05,7.055776e-07,N,N
CM05_Hindi_N_0086.npy,4.1149917,0.8317137,-2.8101063,-7.0749407,0.9629257,0.036114637,0.00094637,1.3300474e-05,N,N
CM05_Hindi_N_0045.npy,7.454898,-3.018711,-3.503747,-7.57161,0.999954,2.827154e-05,1.7406082e-05,2.978862e-07,N,N
CM38_English_N_0117.npy,7.4867315,-2.1155393,-3.8480184,-9.066144,0.9999205,6.756972e-05,1.1949397e-05,6.473557e-08,N,N
CF09_Hindi_N_0130.npy,8.709633,-4.106542,-3.9391065,-7.631834,0.99999404,2.716459e-06,3.2115886e-06,7.998131e-08,N,N
CF04_Hindi_N_0113.npy,7.5287437,-3.9667633,-2.5018706,-7.336294,0.9999455,1.0175155e-05,4.4028682e-05,3.5008412e-07,N,N
CM05_English_N_0068.npy,6.188154,-0.7796831,-3.5145423,-7.651089,0.99899715,0.00094074296,6.105716e-05,9.755678e-07,N,N
CF09_English_N_0051.npy,7.1335936,-3.5045788,-2.5902333,-7.173149,0.9999156,2.398081e-05,5.983548e-05,6.118204e-07,N,N
CM16_Hindi_N_0054.npy,7.8909135,-3.9847915,-3.2892892,-6.7060685,0.99997866,6.9572516e-06,1.3947311e-05,4.5772222e-07,N,N
CM05_English_N_0075.npy,4.908813,-0.46533048,-3.0742273,-7.0171366,0.99504197,0.0046119066,0.0003395088,6.583662e-06,N,N
CF18_English_N_0047.npy,4.676931,-2.759469,-1.5776348,-4.4016886,0.99738175,0.00058786006,0.001916629,0.000113780356,N,N
CF18_English_N_0039.npy,6.786281,-3.1718936,-2.1303387,-7.543552,0.999818,4.733045e-05,0.00013411643,5.9779677e-07,N,N
CM35_English_N_0044.npy,9.273331,-3.2024198,-4.654455,-9.249831,0.99999535,3.8181115e-06,8.93794e-07,9.025902e-09,N,N
CM38_English_N_0049.npy,7.1639466,-1.369574,-4.0800204,-8.2711735,0.99979,0.00019671967,1.3083259e-05,1.979345e-07,N,N
CM16_Hindi_N_0077.npy,7.124392,-2.783552,-3.8330638,-6.4762053,0.9999316,4.977428e-05,1.7426402e-05,1.2396695e-06,N,N
CF14_Gujarati_N_0029.npy,7.2648325,-3.333087,-2.5809543,-7.468118,0.9999217,2.4965948e-05,5.2965737e-05,3.995094e-07,N,N
CM05_English_N_0070.npy,6.7445655,-0.75024724,-4.1548448,-9.156746,0.99942577,0.0005556414,1.8458515e-05,1.2413624e-07,N,N
CM03_English_N_0020.npy,5.7978773,-0.41552743,-3.687423,-7.751016,0.9979247,0.0019982527,7.580263e-05,1.3028317e-06,N,N
CM16_Hindi_N_0073.npy,4.701162,-2.0998175,-1.8096118,-5.1029,0.99735177,0.0011097379,0.0014833898,5.5080563e-05,N,N
CM30_Gujarati_N_0022.npy,5.9407926,-0.08128175,-3.8600743,-8.090638,0.9975253,0.002418635,5.526643e-05,8.0380516e-07,N,N
CF02_Gujarati_N_0023.npy,7.10805,-2.7751904,-2.7457378,-7.7204213,0.99989605,5.1017407e-05,5.254234e-05,3.6310453e-07,N,N
CF18_English_N_0016.npy,6.446293,-3.0846221,-2.0958948,-7.3480463,0.9997315,7.255369e-05,0.00019501068,1.0211228e-06,N,N
CF04_Hindi_N_0046.npy,6.83866,-3.072513,-3.0472982,-6.6880355,0.9998982,4.9612157e-05,5.087904e-05,1.3347094e-06,N,N
CF02_English_N_0015.npy,5.4426975,-2.380553,-1.9366298,-6.739466,0.9989716,0.0003999065,0.0006233788,5.1157213e-06,N,N
CM38_English_N_0097.npy,6.6915774,-1.8412985,-3.586281,-6.926988,0.9997676,0.00019684216,3.437809e-05,1.2173941e-06,N,N
CF09_Hindi_N_0131.npy,9.145435,-4.1111426,-4.121145,-8.356106,0.9999964,1.7487977e-06,1.7313932e-06,2.5071234e-08,N,N
CM35_English_N_0032.npy,7.9757843,-3.2098188,-3.7457638,-7.6634483,0.9999778,1.3872178e-05,8.1168355e-06,1.6142022e-07,N,N
CM05_English_N_0064.npy,7.215013,-2.2999616,-3.96664,-7.443147,0.9999119,7.373281e-05,1.3926165e-05,4.3053024e-07,N,N
CF09_Hindi_N_0166.npy,6.6140366,-3.1694224,-2.590082,-6.4334106,0.99984086,5.63675e-05,0.00010060809,2.1552444e-06,N,N
CF09_Hindi_N_0007.npy,7.082282,-3.2057168,-3.3952293,-6.2937403,0.9999362,3.403698e-05,2.8160925e-05,1.5518139e-06,N,N
CF09_Hindi_N_0126.npy,7.4858174,-3.8045015,-2.9829226,-6.981249,0.99995863,1.24927665e-05,2.8409646e-05,5.2121294e-07,N,N
CF04_Hindi_N_0049.npy,6.772834,-3.3991148,-2.7890646,-5.7431717,0.9998878,3.822348e-05,7.035122e-05,3.6670697e-06,N,N
CM27_Gujarati_N_0034.npy,6.5340495,-2.9104614,-2.6458776,-6.693146,0.999816,7.910809e-05,0.000103069106,1.8006197e-06,N,N
CM16_Hindi_N_0048.npy,6.7191143,-3.050475,-2.8678207,-6.4442325,0.9998722,5.7156514e-05,6.861065e-05,1.919444e-06,N,N
CM05_Hindi_N_0119.npy,6.77443,-2.7669988,-2.7661648,-7.109429,0.9998554,7.1803806e-05,7.1863746e-05,9.338003e-07,N,N
CM03_English_N_0098.npy,4.3745823,-0.6272386,-2.1561449,-6.520342,0.99186456,0.0066709714,0.0014460839,1.8401232e-05,N,N
CF09_English_N_0030.npy,8.051984,-3.8854284,-3.0935204,-7.3566885,0.9999788,6.540915e-06,1.4439757e-05,2.0327754e-07,N,N
CM03_English_N_0083.npy,7.30126,-2.7475772,-3.4699137,-7.455667,0.9999354,4.323318e-05,2.099475e-05,3.900495e-07,N,N
CF14_English_N_0041.npy,6.080776,-2.5273645,-2.576333,-6.26142,0.9996393,0.0001825472,0.00017382353,4.362103e-06,N,N
CM05_Hindi_N_0004.npy,8.243903,-2.959492,-4.109631,-7.963356,0.999982,1.3627608e-05,4.314398e-06,9.146787e-08,N,N
CM03_English_N_0040.npy,6.685881,-2.5188534,-2.7916293,-7.13565,0.99982196,0.000100544225,7.654065e-05,9.938203e-07,N,N
CF09_Hindi_N_0002.npy,7.6141872,-3.3684528,-3.2104652,-7.2025,0.9999627,1.6993534e-05,1.9902007e-05,3.6743336e-07,N,N
CF14_Hindi_N_0123.npy,6.891128,-2.9537334,-2.6785798,-7.4417596,0.9998765,5.3012358e-05,6.980315e-05,5.9600836e-07,N,N
CM38_English_N_0083.npy,7.7490644,-3.0880098,-3.7153215,-7.41314,0.9999696,1.9656458e-05,1.0497049e-05,2.600908e-07,N,N
CF02_English_N_0043.npy,6.7374277,-3.3865669,-2.2310343,-6.841237,0.9998313,4.0098825e-05,0.00012734244,1.267032e-06,N,N
CM05_English_N_0100.npy,7.425309,-2.699196,-3.5806599,-7.431976,0.999943,4.008285e-05,1.6601358e-05,3.5280812e-07,N,N
CF20_Gujarati_N_0015.npy,5.6816225,-3.0314462,-1.7990938,-5.797278,0.9992619,0.00016430151,0.00056343724,1.0338464e-05,N,N
CM24_Gujarati_N_0028.npy,7.082775,-2.6320767,-3.6553876,-6.884555,0.99991703,6.037507e-05,2.1698967e-05,8.590721e-07,N,N
CF14_English_N_0021.npy,6.592648,-2.7333837,-2.4936295,-7.338601,0.9997968,8.905691e-05,0.00011318575,8.9052656e-07,N,N
CM05_Hindi_N_0093.npy,6.5962,-1.6346959,-3.5848813,-7.2139053,0.99969494,0.0002662164,3.7868653e-05,1.0051132e-06,N,N
CF04_English_N_0011.npy,7.5550494,-4.08159,-3.0097294,-6.1174517,0.9999641,8.836007e-06,2.5808282e-05,1.1536998e-06,N,N
CM03_English_N_0044.npy,5.633042,-2.3429034,-2.5710924,-5.642693,0.99937063,0.0003434136,0.00027334833,1.2668847e-05,N,N
CF20_Gujarati_N_0038.npy,7.72476,-4.02989,-2.8243403,-6.9629583,0.99996555,7.852454e-06,2.621614e-05,4.180132e-07,N,N
CM30_English_N_0053.npy,8.580439,-2.2076297,-4.9032736,-9.440932,0.99997795,2.0643898e-05,1.3934413e-06,1.490764e-08,N,N
CF04_Hindi_N_0008.npy,8.288609,-3.7694116,-3.7224371,-6.9341664,0.99998784,5.7978014e-06,6.076646e-06,2.448092e-07,N,N
CF18_English_N_0014.npy,7.989941,-3.577659,-3.5408494,-7.2366233,0.99998057,9.467746e-06,9.822747e-06,2.438814e-07,N,N
CF09_English_N_0046.npy,8.20817,-3.917783,-3.4351678,-7.440999,0.9999856,5.417007e-06,8.777213e-06,1.5982548e-07,N,N
CM05_Hindi_N_0122.npy,6.4014425,-0.314165,-3.989859,-8.592492,0.9987587,0.0012103452,3.0660227e-05,3.0738133e-07,N,N
CF09_Hindi_N_0013.npy,6.2095675,-3.0475914,-2.1585946,-6.1410804,0.99966824,9.539436e-05,0.00023206478,4.325513e-06,N,N
CF04_English_N_0111.npy,7.3282213,-3.8607893,-2.9542327,-6.216456,0.99995065,1.3824613e-05,3.4226756e-05,1.3109911e-06,N,N
CF14_Gujarati_N_0071.npy,-0.27137828,-2.005075,2.4292045,-2.4586306,0.061815172,0.010918428,0.9203293,0.006937188,M,N
CF09_Hindi_N_0028.npy,7.176086,-3.554449,-2.4948702,-6.866045,0.9999143,2.1865048e-05,6.3084124e-05,7.9715466e-07,N,N
CF14_Hindi_N_0138.npy,6.3064423,-2.5484195,-2.8737888,-6.377561,0.99975115,0.00014265077,0.00010303107,3.0995532e-06,N,N
CM03_English_N_0050.npy,7.322221,-2.6782978,-3.5112114,-7.3179193,0.99993455,4.5373417e-05,1.9727486e-05,4.3836852e-07,N,N
CM16_Hindi_N_0047.npy,7.671327,-2.939595,-3.6707377,-8.22178,0.9999633,2.4644458e-05,1.1862818e-05,1.2522631e-07,N,N
CM05_Hindi_N_0078.npy,6.1810384,-1.2407026,-3.3735495,-7.286439,0.99933004,0.00059770624,7.082784e-05,1.4153298e-06,N,N
CM16_Hindi_N_0067.npy,6.5247636,-2.5572164,-2.8149667,-6.9725227,0.99979717,0.00011367323,8.7845314e-05,1.3744063e-06,N,N
CF09_English_N_0007.npy,7.536612,-3.01562,-3.6217818,-7.334628,0.99995923,2.6134023e-05,1.4254547e-05,3.4792413e-07,N,N
CF09_Hindi_N_0061.npy,5.848635,-2.381462,-2.86373,-5.478119,0.9995571,0.00026639248,0.00016446576,1.2040958e-05,N,N
CM05_English_N_0057.npy,8.57214,-3.4366455,-3.7815416,-8.879517,0.9999896,6.090407e-06,4.3137975e-06,2.6353447e-08,N,N
CM24_Gujarati_N_0015.npy,7.9082932,-3.118718,-3.877736,-7.663882,0.9999759,1.625622e-05,7.6099504e-06,1.7261554e-07,N,N
CM38_English_N_0053.npy,7.293703,-1.6117634,-4.158915,-8.127284,0.9998535,0.00013562558,1.0620078e-05,2.0076443e-07,N,N
CF14_Hindi_N_0080.npy,7.3853364,-3.6162634,-2.223903,-7.783331,0.99991596,1.6673594e-05,6.710019e-05,2.5840163e-07,N,N
CM05_Hindi_N_0118.npy,5.9207363,-1.8401464,-2.8090372,-7.860069,0.9994116,0.0004258295,0.00016160392,1.0347051e-06,N,N
CF02_Gujarati_N_0040.npy,7.673309,-3.5742977,-3.3593597,-6.3779035,0.99996996,1.3038079e-05,1.6164402e-05,7.899925e-07,N,N
CM38_English_N_0058.npy,4.754738,-0.4636708,-2.5008671,-6.698432,0.99390465,0.005382929,0.00070190063,1.0551064e-05,N,N
CM05_Hindi_N_0005.npy,6.853463,-2.7097132,-3.3346746,-7.041859,0.99989116,7.0261616e-05,3.7609767e-05,9.231892e-07,N,N
CF14_Hindi_N_0079.npy,8.04936,-3.055013,-4.132041,-7.12076,0.9999796,1.50460755e-05,5.1247866e-06,2.5804275e-07,N,N
CM05_Hindi_N_0046.npy,7.2137065,-2.8647158,-3.7457092,-6.4377093,0.99993944,4.1973035e-05,1.7392422e-05,1.1782546e-06,N,N
CM05_Hindi_N_0107.npy,6.1915736,-0.35903415,-3.6566958,-8.5469055,0.9985197,0.0014271311,5.2760337e-05,3.9674939e-07,N,N
CM24_Gujarati_N_0062.npy,7.78556,-2.9950125,-3.7227163,-8.01692,0.999969,2.0799038e-05,1.0046292e-05,1.3710599e-07,N,N
CF02_English_N_0017.npy,6.9837604,-3.5181363,-2.4993663,-7.041862,0.9998956,2.7481397e-05,7.61176e-05,8.1040895e-07,N,N
CF14_Hindi_N_0025.npy,6.674219,-2.882492,-2.7284982,-6.765252,0.99984527,7.071407e-05,8.24868e-05,1.4562792e-06,N,N
CF04_English_N_0018.npy,8.869287,-3.1030722,-4.5158153,-9.106395,0.99999213,6.3163657e-06,1.5378747e-06,1.560477e-08,N,N
CF04_Hindi_N_0030.npy,5.643553,-3.0218077,-1.5251561,-5.5334773,0.9990441,0.00017229254,0.0007695804,1.3978545e-05,N,N
CM38_English_N_0035.npy,7.7339897,-1.5812336,-4.5878944,-9.005201,0.99990547,9.0034446e-05,4.452794e-06,5.373047e-08,N,N
CF02_Gujarati_N_0013.npy,7.310498,-3.6221962,-3.0530243,-6.6272116,0.9999497,1.7863611e-05,3.156149e-05,8.849275e-07,N,N
CF18_English_N_0043.npy,6.634141,-3.3811889,-2.12495,-7.250694,0.9997974,4.4700228e-05,0.00015699556,9.328356e-07,N,N
CF09_English_N_0026.npy,6.5198336,-3.219797,-2.4853115,-6.479268,0.9998161,5.8891448e-05,0.0001227539,2.261945e-06,N,N
CM38_English_N_0013.npy,6.985797,-2.6862826,-3.49926,-6.592496,0.99990785,6.301289e-05,2.7948443e-05,1.2676003e-06,N,N
CM05_Hindi_N_0063.npy,6.34317,-2.36553,-2.9447026,-6.465945,0.9997397,0.00016509979,9.2515664e-05,2.7350118e-06,N,N
CM35_English_N_0070.npy,7.345447,-2.8616986,-3.4472032,-7.1710935,0.99994206,3.690352e-05,2.05488e-05,4.9604535e-07,N,N
CM05_Hindi_N_0076.npy,5.698869,-0.2834433,-3.7904506,-7.617867,0.9974064,0.0025164413,7.5459335e-05,1.6424309e-06,N,N
CM05_Hindi_N_0082.npy,6.42714,-0.5567942,-3.912889,-8.328094,0.9990415,0.000925762,3.2282423e-05,3.9036146e-07,N,N
CM16_Hindi_N_0065.npy,8.019858,-3.5275793,-3.6562405,-7.55957,0.99998176,9.660589e-06,8.494284e-06,1.7136914e-07,N,N
CF20_Gujarati_N_0007.npy,5.467615,-3.0419934,-1.9650732,-4.9656124,0.9991781,0.00020135714,0.00059110887,2.941371e-05,N,N
CM30_Gujarati_N_0001.npy,7.1957703,-1.1720452,-4.2985306,-8.301012,0.99975747,0.00023216607,1.018552e-05,1.8609195e-07,N,N
CM03_English_N_0095.npy,6.621719,-2.3653522,-2.8378246,-7.449074,0.99979633,0.00012499026,7.7926314e-05,7.745397e-07,N,N
CF09_Hindi_N_0105.npy,6.781997,-3.6651628,-2.3623636,-7.073452,0.99986315,2.9026638e-05,0.00010680591,9.607165e-07,N,N
CM27_Gujarati_N_0018.npy,3.9299514,-2.3816202,-0.6069659,-4.2852097,0.9873696,0.0017922517,0.010571135,0.00026710407,N,N
CM05_Hindi_N_0040.npy,8.02213,-3.306926,-3.791982,-7.549081,0.99998045,1.2018358e-05,7.399255e-06,1.727828e-07,N,N
CM03_English_N_0072.npy,6.291045,-1.2645768,-3.5818913,-7.8710165,0.99942493,0.0005228597,5.1521496e-05,7.06716e-07,N,N
CF14_Gujarati_N_0060.npy,4.606176,-2.2765355,-1.3776603,-6.5177045,0.9964534,0.0010217235,0.0025102096,1.4703378e-05,N,N
CM30_English_N_0039.npy,6.463087,-0.3941759,-4.19617,-8.453229,0.9989255,0.0010506584,2.3457227e-05,3.3224566e-07,N,N
CF02_English_N_0041.npy,5.7475204,-2.6528056,-1.9321752,-6.490295,0.9993087,0.00022463867,0.00046179612,4.840428e-06,N,N
CM16_Hindi_N_0049.npy,7.7412815,-3.6678984,-3.0635462,-7.8412,0.9999685,1.1092835e-05,2.030062e-05,1.7084437e-07,N,N
CF14_Hindi_N_0076.npy,8.102048,-3.3926852,-3.4568443,-7.524672,0.9999801,1.01833875e-05,9.550547e-06,1.63453e-07,N,N
CF02_Gujarati_N_0002.npy,7.297435,-2.9643285,-3.2123866,-7.461637,0.9999374,3.4941822e-05,2.7265634e-05,3.8921502e-07,N,N
CF04_Hindi_N_0059.npy,5.257675,-2.8725502,-1.8233724,-5.476102,0.99884415,0.0002941615,0.0008399199,2.177096e-05,N,N
CF04_Hindi_N_0044.npy,8.338004,-3.9527907,-3.7065856,-7.150234,0.9999894,4.593791e-06,5.8761984e-06,1.8773228e-07,N,N
CM24_Gujarati_N_0022.npy,6.74429,-2.9482505,-2.7019992,-6.9555154,0.99985814,6.1733605e-05,7.8970916e-05,1.1225058e-06,N,N
CF14_Hindi_N_0051.npy,6.7569327,-3.0562813,-2.8753262,-6.31637,0.9998776,5.471697e-05,6.557069e-05,2.10031e-06,N,N
CM30_English_N_0027.npy,6.430164,-0.7063716,-3.80745,-8.55621,0.9991691,0.00079484226,3.576843e-05,3.0984143e-07,N,N
CM24_Gujarati_N_0040.npy,7.078507,-2.1675172,-3.5745466,-7.3775725,0.99987936,9.64829e-05,2.3625737e-05,5.26929e-07,N,N
CM05_Hindi_N_0019.npy,6.9860187,-0.84236187,-4.5494127,-8.611913,0.999592,0.00039810743,9.77347e-06,1.6816185e-07,N,N
CM35_English_N_0054.npy,7.572332,-3.2201002,-3.4556763,-7.7048674,0.99996305,2.0553716e-05,1.6239803e-05,2.3183595e-07,N,N
CM03_English_N_0100.npy,7.0930247,-2.1467128,-4.122988,-6.951596,0.99988866,9.709226e-05,1.34554775e-05,7.951526e-07,N,N
CF14_Hindi_N_0037.npy,6.394298,-2.9808779,-2.2155786,-6.819057,0.9997311,8.478054e-05,0.00018224739,1.8255596e-06,N,N
CF04_English_N_0096.npy,7.4213467,-3.5395052,-2.7117617,-7.222863,0.99994254,1.7367513e-05,3.973947e-05,4.3659173e-07,N,N
CM05_Hindi_N_0020.npy,7.231546,-2.3573148,-3.6617072,-7.1266723,0.9999124,6.8481415e-05,1.8581559e-05,5.811216e-07,N,N
CF20_Gujarati_N_0029.npy,7.0124054,-3.2700932,-2.8578916,-6.3185387,0.9999124,3.422391e-05,5.1682877e-05,1.6233289e-06,N,N
CF14_Gujarati_N_0065.npy,7.6255994,-3.612161,-3.0671332,-7.549323,0.99996376,1.3167e-05,2.2708551e-05,2.5680234e-07,N,N
CF02_English_N_0025.npy,7.244728,-2.9816573,-3.0806413,-7.308495,0.9999305,3.6199883e-05,3.2788317e-05,4.781735e-07,N,N
CM16_Hindi_N_0085.npy,4.7954826,-2.2874718,-1.7505158,-5.2932773,0.99768865,0.00083735003,0.0014325308,4.1447853e-05,N,N
CF04_Hindi_N_0080.npy,7.5870433,-3.701216,-2.6741662,-7.6227684,0.9999523,1.2518448e-05,3.496171e-05,2.4799436e-07,N,N
CF14_Gujarati_N_0072.npy,-0.9763925,-0.49325585,2.0143328,-1.9530234,0.043672245,0.07079932,0.86908245,0.01644599,M,N
CF04_English_N_0077.npy,7.289573,-3.7845805,-2.519022,-7.329556,0.9999291,1.5506908e-05,5.4973098e-05,4.4767418e-07,N,N
CF04_Hindi_N_0067.npy,7.099575,-3.202228,-2.9257872,-7.0628734,0.99992144,3.3569853e-05,4.4259497e-05,7.067934e-07,N,N
CF04_Hindi_N_0104.npy,6.5190663,-3.3270125,-2.3102326,-6.400602,0.99979824,5.2943746e-05,0.00014635129,2.4489038e-06,N,N
CF09_Hindi_N_0110.npy,6.327634,-3.1243591,-2.1170216,-6.959569,0.9997048,7.8509715e-05,0.0002149832,1.6955591e-06,N,N
CF09_Hindi_N_0172.npy,7.460269,-3.1085334,-3.484938,-7.338798,0.99995625,2.570447e-05,1.7641609e-05,3.739625e-07,N,N
CF18_English_N_0035.npy,7.062128,-3.0858502,-2.8577266,-6.884975,0.9999107,3.9151684e-05,4.918389e-05,8.766195e-07,N,N
CM24_Gujarati_N_0035.npy,7.9148965,-2.4538074,-4.2345476,-8.162312,0.9999633,3.139881e-05,5.2911164e-06,1.04169736e-07,N,N
CM05_English_N_0097.npy,6.5660176,-1.8470877,-3.8734343,-6.904429,0.99974746,0.00022188362,2.9247843e-05,1.4117237e-06,N,N
CM05_English_N_0013.npy,7.8211255,-3.3024645,-3.5848715,-7.6764035,0.999974,1.4759606e-05,1.1128253e-05,1.8599333e-07,N,N
CM05_English_N_0026.npy,7.0313582,-1.6721319,-3.9178615,-8.105049,0.99981624,0.00016597488,1.7568493e-05,2.6684665e-07,N,N
CF18_English_N_0057.npy,6.208702,-3.3057604,-2.264472,-5.918885,0.99971193,7.375582e-05,0.00020894026,5.4066795e-06,N,N
CM05_English_N_0002.npy,7.758161,-3.3400788,-3.6746893,-7.322974,0.9999738,1.5138549e-05,1.0833406e-05,2.8205577e-07,N,N
CF09_English_N_0002.npy,7.29657,-3.1104338,-3.0836253,-7.200114,0.99993825,3.0218229e-05,3.1039268e-05,5.0599203e-07,N,N
CF14_Gujarati_N_0002.npy,6.768613,-3.5555851,-2.3496795,-6.6718597,0.999856,3.2824293e-05,0.00010962601,1.4548372e-06,N,N
CF04_English_N_0102.npy,7.2172766,-3.6944368,-2.3270304,-7.1644835,0.9999095,1.8241633e-05,7.160131e-05,5.6759933e-07,N,N
CF04_Hindi_N_0013.npy,8.713865,-4.0390472,-3.8105679,-7.714554,0.9999933,2.8938605e-06,3.6366782e-06,7.3320486e-08,N,N
CM35_English_N_0056.npy,7.925054,-2.883948,-4.013336,-8.006271,0.99997306,2.0216148e-05,6.534481e-06,1.2053172e-07,N,N
CF04_English_N_0051.npy,7.552718,-3.8360806,-2.9357042,-6.7311554,0.9999602,1.1321143e-05,2.7855998e-05,6.2600134e-07,N,N
CM38_English_N_0081.npy,7.659886,-2.7084231,-4.0843363,-7.4228806,0.9999603,3.1411113e-05,7.934722e-06,2.8159212e-07,N,N
CM35_English_N_0005.npy,7.8130727,-3.396105,-3.6048176,-7.553967,0.9999753,1.3548934e-05,1.0996701e-05,2.1191845e-07,N,N
CF18_English_N_0011.npy,7.2708573,-3.4405723,-2.9349377,-6.882664,0.99994004,2.228739e-05,3.6953315e-05,7.131447e-07,N,N
CM24_Gujarati_N_0058.npy,8.074694,-2.82248,-4.032777,-7.7372193,0.9999759,1.8510027e-05,5.518003e-06,1.3581983e-07,N,N
CF09_English_N_0008.npy,8.125871,-3.7866123,-3.797361,-7.0197864,0.9999864,6.706075e-06,6.634384e-06,2.6443504e-07,N,N
CF09_English_N_0015.npy,7.388565,-3.1242948,-3.234501,-7.3398166,0.99994814,2.7183207e-05,2.4346615e-05,4.013492e-07,N,N
CF14_Gujarati_N_0023.npy,6.6069007,-3.2260187,-2.242662,-7.0290737,0.9998018,5.3645268e-05,0.00014341602,1.1964245e-06,N,N
CM35_English_N_0030.npy,7.9233313,-3.0768073,-3.8053153,-7.6135116,0.99997497,1.6698972e-05,8.059401e-06,1.7882334e-07,N,N
CM05_Hindi_N_0071.npy,5.1260266,-0.07155934,-3.8957453,-6.3362646,0.99437076,0.0054987674,0.00012007217,1.04601595e-05,N,N
CM35_English_N_0079.npy,7.681564,-2.9023795,-3.879467,-7.461861,0.99996483,2.5318417e-05,9.529995e-06,2.650201e-07,N,N
CM16_Hindi_N_0070.npy,7.6999493,-2.5919611,-4.00698,-7.7682595,0.9999577,3.3904853e-05,8.2362e-06,1.915244e-07,N,N
CF14_Gujarati_N_0061.npy,6.268083,-3.2541366,-2.327964,-7.083387,0.9997404,7.3187985e-05,0.00018478696,1.5900748e-06,N,N
CM24_Gujarati_N_0004.npy,8.646025,-3.8670032,-3.8247802,-8.029969,0.9999925,3.6783892e-06,3.8370276e-06,5.72406e-08,N,N
CF04_Hindi_N_0144.npy,6.2622795,-2.6541104,-3.2343607,-5.7142057,0.9997845,0.00013414289,7.508756e-05,6.2890485e-06,N,N
CM03_English_N_0084.npy,5.844572,-1.623023,-2.7726626,-6.8655205,0.9992453,0.0005708693,0.0001808233,3.0182073e-06,N,N
CM03_English_N_0071.npy,7.100065,-2.1317935,-3.7142386,-7.9095135,0.9998816,9.785952e-05,2.0107398e-05,3.029503e-07,N,N
CF02_English_N_0093.npy,6.814014,-3.2710702,-2.8212495,-6.229694,0.9998908,4.1692343e-05,6.537487e-05,2.1634269e-06,N,N
CM03_English_N_0076.npy,6.572438,-0.91326797,-4.0448017,-7.756281,0.9994143,0.0005607184,2.4475823e-05,5.9822196e-07,N,N
CF09_Hindi_N_0046.npy,7.558591,-3.5219793,-3.566075,-6.431624,0.999969,1.5408346e-05,1.4743663e-05,8.396789e-07,N,N
CM35_English_N_0102.npy,8.48154,-3.1646984,-4.041508,-8.52274,0.9999875,8.751803e-06,3.6416966e-06,4.1222048e-08,N,N
CF14_Hindi_N_0097.npy,6.838244,-3.3370638,-2.370121,-7.047439,0.99986076,3.809424e-05,0.00010018384,9.3210326e-07,N,N
CM38_English_N_0107.npy,7.288085,-1.2091169,-4.156158,-8.114192,0.9997851,0.00020399464,1.0708664e-05,2.0454212e-07,N,N
CF09_English_N_0016.npy,7.5746865,-3.175297,-3.5269918,-7.418394,0.99996316,2.1444966e-05,1.5086418e-05,3.0801513e-07,N,N
CF02_Gujarati_N_0063.npy,7.7428284,-3.2802184,-3.5653777,-7.82601,0.9999713,1.6320717e-05,1.2271447e-05,1.731917e-07,N,N
CF14_Hindi_N_0082.npy,6.258906,-2.8227334,-1.973508,-7.271133,0.99961925,0.00011369171,0.0002657924,1.3298829e-06,N,N
CF02_English_N_0087.npy,6.9249687,-2.6671903,-2.9777567,-7.697372,0.99988127,6.825376e-05,5.003219e-05,4.4621726e-07,N,N
CM24_Gujarati_N_0031.npy,7.9044776,-3.264899,-3.7202873,-7.3813004,0.99997675,1.4099099e-05,8.941665e-06,2.2985864e-07,N,N
CF14_Hindi_N_0034.npy,8.050222,-3.865888,-3.0737076,-7.402283,0.9999783,6.6817365e-06,1.4754659e-05,1.945597e-07,N,N
CF14_Gujarati_N_0051.npy,7.8115187,-3.409085,-3.484537,-7.1880774,0.9999739,1.3394987e-05,1.2421497e-05,3.0601805e-07,N,N
CF09_Hindi_N_0154.npy,8.512695,-4.3011727,-3.4431283,-8.12053,0.9999908,2.7227265e-06,6.421665e-06,5.9741815e-08,N,N
CF09_Hindi_N_0155.npy,7.1060286,-3.5966997,-2.6633854,-6.998203,0.99991953,2.2481705e-05,5.7169247e-05,7.491615e-07,N,N
CF14_Gujarati_N_0012.npy,6.273111,-2.545784,-2.389426,-7.080319,0.99967766,0.00014786398,0.00017288931,1.5868618e-06,N,N
CF04_Hindi_N_0085.npy,7.381613,-3.8764768,-2.6141343,-6.446719,0.9999405,1.2901737e-05,4.5590736e-05,9.872017e-07,N,N
CM05_English_N_0045.npy,8.071803,-3.1465178,-3.9029205,-7.6190653,0.9999801,1.3425687e-05,6.3013686e-06,1.5329705e-07,N,N
CF14_Gujarati_N_0039.npy,8.073417,-3.3489723,-3.6298814,-7.627579,0.9999807,1.0947403e-05,8.266347e-06,1.5175237e-07,N,N
CF04_Hindi_N_0066.npy,7.9941745,-3.9784236,-3.3349547,-7.261684,0.9999814,6.3147863e-06,1.20174855e-05,2.3684095e-07,N,N
CF14_Gujarati_N_0030.npy,5.3994546,-1.8911848,-1.9655032,-6.677013,0.9986811,0.00068099255,0.0006322172,5.684387e-06,N,N
CF18_English_N_0003.npy,5.3503118,-2.6800869,-1.6956311,-5.374509,0.9987832,0.00032502256,0.00086987566,2.1965476e-05,N,N
CM35_English_N_0058.npy,8.189913,-3.6783223,-3.8451886,-7.5531945,0.9999869,7.009475e-06,5.9322083e-06,1.454956e-07,N,N
CM35_English_N_0021.npy,7.594787,-2.8692448,-3.7494235,-7.7517476,0.99995947,2.8543747e-05,1.18373455e-05,2.1630525e-07,N,N
CM24_Gujarati_N_0064.npy,5.8910546,-1.3890079,-3.1606147,-6.847284,0.99919134,0.0006885851,0.00011710049,2.9339897e-06,N,N
CF04_Hindi_N_0131.npy,6.4890347,-2.912724,-2.6083987,-6.317687,0.99980277,8.256246e-05,0.00011193073,2.741737e-06,N,N
CF14_Gujarati_N_0025.npy,8.012679,-3.7777772,-3.1187866,-7.349323,0.9999776,7.5763483e-06,1.4643876e-05,2.1298933e-07,N,N
CM38_English_N_0127.npy,6.6682887,-1.2412199,-3.5608184,-8.063643,0.9995964,0.00036708673,3.608943e-05,3.9978642e-07,N,N
CM27_Gujarati_N_0052.npy,7.4077334,-3.1660032,-3.1295483,-7.3240542,0.9999474,2.5577723e-05,2.6527345e-05,3.999844e-07,N,N
CM05_Hindi_N_0062.npy,7.6899295,-2.9266775,-3.603624,-7.361956,0.9999628,2.4504745e-05,1.2452482e-05,2.904243e-07,N,N
CM38_English_N_0048.npy,6.947255,-1.6569326,-3.830882,-7.8347645,0.9997955,0.00018329888,2.084614e-05,3.803309e-07,N,N
CF02_Gujarati_N_0047.npy,8.431336,-3.756629,-3.6222308,-8.528481,0.99998903,5.091305e-06,5.823682e-06,4.3096374e-08,N,N
CM30_English_N_0017.npy,7.1554966,-1.1785074,-4.1913805,-8.390047,0.99974793,0.00024014767,1.1803327e-05,1.7723386e-07,N,N
CF09_English_N_0010.npy,7.620872,-3.0276215,-3.3115697,-7.786592,0.99995816,2.3735576e-05,1.7868279e-05,2.0351912e-07,N,N
CF14_Hindi_N_0136.npy,5.8288813,-2.0943317,-2.7378345,-6.0276003,0.9994406,0.00036203396,0.00019023035,7.08847e-06,N,N
CM35_English_N_0014.npy,8.257999,-3.7012434,-3.5819736,-7.544263,0.9999863,6.3997186e-06,7.210393e-06,1.371383e-07,N,N
CF04_Hindi_N_0117.npy,7.0776916,-3.9931831,-2.1678154,-7.398745,0.99988735,1.5557189e-05,9.653356e-05,5.163148e-07,N,N
CF09_Hindi_N_0009.npy,6.095985,-3.3954256,-1.660544,-5.988517,0.9994911,7.545914e-05,0.00042772165,5.643476e-06,N,N
CF09_Hindi_N_0162.npy,7.4601135,-3.1277912,-3.309183,-7.5378585,0.9999535,2.5218027e-05,2.1034573e-05,3.0650892e-07,N,N
CF20_Gujarati_N_0005.npy,5.1905885,-2.250781,-1.9160823,-6.0757093,0.9985832,0.00058565056,0.0008184578,1.2778889e-05,N,N
CM38_English_N_0125.npy,7.2046456,-1.108113,-4.3448277,-8.78829,0.99974495,0.0002453037,9.638665e-06,1.13304125e-07,N,N
CF04_Hindi_N_0133.npy,6.364568,-2.5015156,-2.9248147,-7.001792,0.999765,0.00014106087,9.237834e-05,1.5666128e-06,N,N
CF04_Hindi_N_0026.npy,7.6929946,-3.5506053,-3.0809093,-7.4604263,0.99996567,1.3090363e-05,2.093814e-05,2.6238425e-07,N,N
CF04_English_N_0043.npy,8.309697,-3.9676535,-3.3114622,-7.7209716,0.9999863,4.655952e-06,8.974052e-06,1.0913481e-07,N,N
CM03_English_N_0004.npy,7.562537,-2.8353517,-3.6915436,-8.110148,0.99995637,3.0495461e-05,1.2953762e-05,1.5610621e-07,N,N
CM05_Hindi_N_0111.npy,6.4859695,-1.5393797,-3.6458063,-7.174805,0.9996321,0.00032694533,3.97801e-05,1.1669207e-06,N,N
CM03_English_N_0080.npy,6.0170703,-1.0425634,-3.4544778,-7.09218,0.9990627,0.00085828744,7.693991e-05,2.0245002e-06,N,N
CM24_Gujarati_N_0030.npy,7.6335793,-3.110905,-3.4811862,-7.2988143,0.99996316,2.1563234e-05,1.4890278e-05,3.272862e-07,N,N
CF09_Hindi_N_0062.npy,6.9180226,-3.1354318,-2.5547554,-7.109185,0.99987924,4.3031632e-05,7.690812e-05,8.0911155e-07,N,N
CM35_English_N_0029.npy,8.299816,-3.2900128,-4.0984516,-7.9672427,0.9999865,9.259672e-06,4.125674e-06,8.6158884e-08,N,N
CF09_Hindi_N_0050.npy,7.753069,-3.466153,-3.438841,-7.1208363,0.99997246,1.3413491e-05,1.3784893e-05,3.470029e-07,N,N
CM27_Gujarati_N_0040.npy,6.6713653,-2.6917572,-2.5325131,-7.8097253,0.99981314,8.581559e-05,0.00010062948,5.138793e-07,N,N
CF02_Gujarati_N_0039.npy,8.249584,-3.8716276,-3.563275,-7.5246162,0.999987,5.442756e-06,7.408574e-06,1.4104126e-07,N,N
CM38_English_N_0098.npy,7.371576,-1.4019469,-4.272032,-9.088033,0.9998363,0.0001547521,8.773526e-06,7.105783e-08,N,N
CM05_Hindi_N_0013.npy,7.1668577,-2.3950267,-3.5570133,-7.482286,0.99990714,7.035359e-05,2.2011092e-05,4.3442782e-07,N,N
CF14_Gujarati_N_0050.npy,7.3106637,-3.4203293,-2.339489,-7.687181,0.99991345,2.1855023e-05,6.441019e-05,3.065358e-07,N,N
CF20_Gujarati_N_0019.npy,7.385404,-4.0099354,-2.403938,-6.835388,0.99993205,1.1247014e-05,5.6041958e-05,6.667433e-07,N,N
CF04_English_N_0032.npy,6.590222,-2.9304388,-2.382822,-6.9475636,0.9997986,7.330646e-05,0.00012675622,1.3198572e-06,N,N
CF09_English_N_0056.npy,8.824816,-4.005634,-3.845535,-8.209634,0.99999416,2.677958e-06,3.1429245e-06,3.99972e-08,N,N
CM30_English_N_0048.npy,5.35919,-1.161268,-2.565591,-6.6562815,0.9981627,0.0014702876,0.0003610046,6.0387683e-06,N,N
CF14_Hindi_N_0043.npy,6.498395,-3.2190864,-1.8843201,-7.325674,0.99971014,6.0204016e-05,0.00022872158,9.911906e-07,N,N
CM30_English_N_0038.npy,5.243373,0.14988823,-3.7396007,-7.580145,0.9937742,0.006098392,0.00012474756,2.679814e-06,N,N
CM35_English_N_0043.npy,8.575083,-3.1983228,-4.420503,-8.182321,0.99999,7.706742e-06,2.270305e-06,5.2765177e-08,N,N
CM24_Gujarati_N_0016.npy,6.492284,-2.4397423,-3.0332103,-6.5362353,0.9997929,0.00013206279,7.295259e-05,2.1963235e-06,N,N
CM03_English_N_0077.npy,5.8752337,-0.27909064,-3.4430666,-7.735187,0.9977896,0.00211958,8.956795e-05,1.2249225e-06,N,N
CF04_English_N_0026.npy,7.0113072,-3.3218787,-2.7088518,-6.9950786,0.99990654,3.2532218e-05,6.00548e-05,8.261585e-07,N,N
CF04_Hindi_N_0141.npy,7.2640433,-3.4445593,-3.4083536,-5.7471266,0.9999523,2.2350752e-05,2.3174816e-05,2.2351167e-06,N,N
CF04_Hindi_N_0101.npy,7.646083,-4.022934,-2.8226597,-7.0000525,0.9999627,8.554491e-06,2.8409708e-05,4.3576068e-07,N,N
CM05_English_N_0074.npy,6.002959,-0.9815723,-3.1618168,-7.7117305,0.9989692,0.000925143,0.00010455396,1.1049389e-06,N,N
CF02_Gujarati_N_0021.npy,6.326165,-3.2829094,-1.7790374,-7.1180444,0.9996296,6.709205e-05,0.00030185218,1.4490818e-06,N,N
CM24_Gujarati_N_0070.npy,5.461202,-1.5649523,-3.0684748,-6.380161,0.99890816,0.00088737137,0.0001973032,7.1926174e-06,N,N
CF04_English_N_0006.npy,6.8973446,-3.0308707,-3.1929617,-6.449262,0.9999081,4.877431e-05,4.147589e-05,1.5980937e-06,N,N
CF02_Gujarati_N_0042.npy,8.068566,-3.6062005,-3.359905,-7.4393864,0.99998045,8.505597e-06,1.08810145e-05,1.8406587e-07,N,N
CM30_Gujarati_N_0061.npy,6.6757884,-2.7609546,-3.3775196,-5.9935603,0.9998741,7.972968e-05,4.303769e-05,3.1456984e-06,N,N
CF04_English_N_0078.npy,6.617991,-3.0546443,-2.4743638,-6.8511305,0.99982315,6.297253e-05,0.00011250289,1.413702e-06,N,N
CF20_Gujarati_N_0030.npy,6.8921366,-4.263644,-1.8468612,-6.427294,0.99982387,1.4289908e-05,0.00016018622,1.641982e-06,N,N
CM16_Hindi_N_0081.npy,7.329235,-3.4398003,-3.0650964,-7.3486347,0.9999479,2.1039952e-05,3.06039e-05,4.221429e-07,N,N
CM27_Gujarati_N_0010.npy,7.3595386,-2.8992662,-3.437584,-7.175669,0.999944,3.5045607e-05,2.0457132e-05,4.868724e-07,N,N
CF14_Gujarati_N_0058.npy,7.706483,-3.403182,-3.148653,-8.103935,0.99996555,1.4966452e-05,1.9304536e-05,1.3602153e-07,N,N
CF14_Gujarati_N_0067.npy,6.523207,-3.1168182,-2.40535,-6.765767,0.99980074,6.5058455e-05,0.00013252269,1.6927197e-06,N,N
CF14_Hindi_N_0032.npy,7.748904,-3.5608041,-3.5882568,-6.341697,0.9999751,1.22530755e-05,1.1921274e-05,7.594845e-07,N,N
CF04_Hindi_N_0079.npy,6.762106,-2.9455163,-3.0203998,-6.421273,0.9998809,6.0810893e-05,5.6423487e-05,1.8813928e-06,N,N
CM30_Gujarati_N_0021.npy,6.0151777,-0.08526343,-4.0364976,-7.7447267,0.9977191,0.0022367653,4.3015105e-05,1.0547694e-06,N,N
CM16_Hindi_N_0038.npy,7.9910808,-3.4972577,-3.5252297,-7.803935,0.9999796,1.0248709e-05,9.966002e-06,1.3813482e-07,N,N
CF09_Hindi_N_0095.npy,7.876675,-3.8938067,-2.8716986,-7.619456,0.9999707,7.729152e-06,2.1479678e-05,1.8625293e-07,N,N
CF09_English_N_0023.npy,8.7881,-3.8649974,-4.1030097,-8.330409,0.9999943,3.1976228e-06,2.5203442e-06,3.677252e-08,N,N
CF02_English_N_0103.npy,7.3289795,-3.1026154,-3.6053476,-6.902137,0.99995196,2.9484589e-05,1.783451e-05,6.599087e-07,N,N
CF04_English_N_0090.npy,6.774524,-2.8102953,-2.9669278,-6.6135592,0.9998709,6.875584e-05,5.8787504e-05,1.5331095e-06,N,N
CF04_Hindi_N_0009.npy,5.4994016,-2.9758897,-2.1165223,-5.460103,0.99928206,0.0002084087,0.0004921918,1.7379429e-05,N,N
CM35_English_N_0101.npy,8.0191555,-2.6575418,-4.00144,-8.149826,0.9999709,2.3075805e-05,6.018788e-06,9.5035944e-08,N,N
CF02_Gujarati_N_0015.npy,7.9358807,-3.8998382,-3.4755144,-6.3587937,0.99998105,7.241095e-06,1.1068425e-05,6.1928955e-07,N,N
CF14_Gujarati_N_0026.npy,7.487489,-3.2724,-3.1806378,-7.0820594,0.99995506,2.1233413e-05,2.327404e-05,4.704418e-07,N,N
CF02_English_N_0101.npy,7.101667,-3.5429704,-2.5775907,-7.27628,0.999913,2.3826215e-05,6.25625e-05,5.6976955e-07,N,N
CF04_English_N_0047.npy,6.655249,-3.4683855,-2.0519428,-6.730363,0.9997931,4.0111747e-05,0.00016535788,1.5367829e-06,N,N
CF09_Hindi_N_0027.npy,7.007159,-3.0516024,-2.7349038,-7.0685287,0.9998976,4.280464e-05,5.8753143e-05,7.7083627e-07,N,N
CF04_English_N_0101.npy,7.3956823,-3.6260734,-2.9581587,-6.7109194,0.9999511,1.6341477e-05,3.186859e-05,7.47411e-07,N,N
CF04_Hindi_N_0070.npy,7.073172,-3.4563396,-2.6081688,-7.2826834,0.99991024,2.6733283e-05,6.2432104e-05,5.8249475e-07,N,N
CF09_Hindi_N_0035.npy,6.9476495,-3.1360385,-2.8434374,-7.0583577,0.99990153,4.175104e-05,5.594253e-05,8.2646716e-07,N,N
CM30_Gujarati_N_0044.npy,5.5924187,-0.10216838,-3.887408,-7.8041234,0.99656975,0.0033525857,7.611516e-05,1.5151779e-06,N,N
CM24_Gujarati_N_0005.npy,7.4502544,-3.3137944,-3.3804038,-6.7892947,0.9999584,2.1145357e-05,1.9782765e-05,6.543711e-07,N,N
CF14_Hindi_N_0031.npy,7.530539,-3.4495265,-3.0620935,-7.106323,0.9999573,1.7037257e-05,2.509919e-05,4.3981814e-07,N,N
CM27_Gujarati_N_0014.npy,6.484901,-2.9004257,-2.540062,-6.7959123,0.99979395,8.3929575e-05,0.0001203424,1.7065798e-06,N,N
CF09_Hindi_N_0039.npy,6.7193813,-3.231309,-2.4728992,-7.058178,0.99984944,4.768752e-05,0.00010180703,1.0385243e-06,N,N
CF02_English_N_0030.npy,7.3233624,-3.4703796,-3.0791242,-6.8072367,0.9999484,2.0526502e-05,3.0355332e-05,7.2968663e-07,N,N
CF14_Hindi_N_0122.npy,8.442391,-3.6361737,-3.8109539,-8.007061,0.9999895,5.679905e-06,4.7690855e-06,7.179421e-08,N,N
CF14_Hindi_N_0142.npy,5.255035,-2.5446267,-1.9757303,-5.4823003,0.9988458,0.00040940059,0.000723131,2.1693671e-05,N,N
CF04_English_N_0023.npy,8.13054,-3.917867,-3.3146229,-7.58465,0.9999833,5.853778e-06,1.07009355e-05,1.4961408e-07,N,N
CF18_English_N_0009.npy,6.8935776,-3.3402615,-2.1753945,-7.2165613,0.9998481,3.5928097e-05,0.000115167444,7.446952e-07,N,N
CM05_English_N_0081.npy,6.512084,-1.5012475,-3.398886,-7.7363124,0.9996189,0.00033089396,4.9608378e-05,6.4838764e-07,N,N
CF02_English_N_0012.npy,7.887217,-3.9683301,-3.2053442,-6.7581296,0.99997723,7.098907e-06,1.5224806e-05,4.3611084e-07,N,N
CM35_English_N_0096.npy,8.470208,-3.3056283,-4.099665,-8.021967,0.9999888,7.688013e-06,3.475108e-06,6.8791394e-08,N,N
CM38_English_N_0039.npy,7.287728,-2.0796287,-3.9199564,-7.753875,0.9999007,8.546056e-05,1.3568173e-05,2.934078e-07,N,N
CF04_Hindi_N_0087.npy,6.005715,-2.8645024,-2.3111734,-5.434332,0.9996045,0.00014045647,0.00024425826,1.0751752e-05,N,N
CF09_Hindi_N_0001.npy,7.039011,-3.2905595,-2.77986,-6.675252,0.9999119,3.265022e-05,5.441022e-05,1.1064532e-06,N,N
CM05_Hindi_N_0077.npy,7.1596646,-1.7767308,-4.2883854,-7.5209923,0.9998573,0.00013149546,1.0668743e-05,4.2093006e-07,N,N
CF09_Hindi_N_0093.npy,5.66437,-3.1573682,-1.8138794,-5.534207,0.9992741,0.00014738468,0.0005648357,1.3683728e-05,N,N
CM38_English_N_0012.npy,6.694257,-1.8226668,-3.4263215,-7.413552,0.999759,0.00020000566,4.0233128e-05,7.463657e-07,N,N
CF14_Hindi_N_0075.npy,6.9586563,-2.7577033,-2.722984,-7.359413,0.9998766,6.0281614e-05,6.2411316e-05,6.0490595e-07,N,N
CF04_Hindi_N_0123.npy,6.709677,-3.801488,-2.622031,-5.5049686,0.99987924,2.722741e-05,8.856013e-05,4.956721e-06,N,N
CF14_Hindi_N_0098.npy,6.3525558,-2.6023104,-2.5674841,-6.87557,0.99973553,0.0001290732,0.00013364754,1.7988015e-06,N,N
CF02_Gujarati_N_0001.npy,6.7169623,-3.0787532,-2.3999152,-7.4740176,0.9998338,5.568045e-05,0.00010977873,6.868526e-07,N,N
CM05_Hindi_N_0008.npy,7.3769603,-2.4972422,-3.794611,-7.7496023,0.9999342,5.1482504e-05,1.4067582e-05,2.6951875e-07,N,N
CF04_English_N_0061.npy,7.177181,-3.476576,-2.7104025,-6.7621446,0.9999248,2.3610188e-05,5.0797775e-05,8.83477e-07,N,N
CF04_Hindi_N_0096.npy,7.331217,-4.212101,-2.425685,-6.725937,0.9999316,9.699985e-06,5.7889752e-05,7.852827e-07,N,N
CF09_Hindi_N_0136.npy,8.788192,-3.8891969,-4.121173,-7.444531,0.9999943,3.120882e-06,2.474752e-06,8.9169305e-08,N,N
CM05_English_N_0046.npy,7.362973,-2.2145145,-3.83239,-7.560842,0.9999167,6.926497e-05,1.3736605e-05,3.3009078e-07,N,N
CM27_Gujarati_N_0057.npy,6.984429,-2.9771934,-3.1896741,-7.0037937,0.9999138,4.7172078e-05,3.814221e-05,8.413077e-07,N,N
CF20_Gujarati_N_0064.npy,7.789876,-3.8236914,-3.1583238,-7.2160883,0.99997306,9.042325e-06,1.758917e-05,3.040751e-07,N,N
CF02_English_N_0029.npy,6.9227786,-3.3249922,-2.6514504,-7.427481,0.9998945,3.5432684e-05,6.9489506e-05,5.857544e-07,N,N
CM27_Gujarati_N_0029.npy,8.04989,-3.7116315,-3.4398208,-6.965178,0.99998164,7.798808e-06,1.0234684e-05,3.0132196e-07,N,N
CF04_English_N_0016.npy,7.877367,-3.3355765,-3.6316464,-6.985803,0.99997616,1.34980155e-05,1.0038961e-05,3.507492e-07,N,N
CF14_Gujarati_N_0052.npy,7.0315595,-3.2555816,-2.6693883,-6.916628,0.9999038,3.4065102e-05,6.121956e-05,8.756642e-07,N,N
CF09_Hindi_N_0055.npy,6.6338344,-2.9529924,-2.7107427,-6.6749988,0.9998423,6.861606e-05,8.742454e-05,1.6595058e-06,N,N
CF20_Gujarati_N_0054.npy,6.225376,-2.7714381,-2.3003752,-6.6891823,0.99967563,0.00012376336,0.00019823141,2.4611477e-06,N,N
CF04_Hindi_N_0127.npy,7.539844,-3.6649792,-3.1513457,-6.6474814,0.9999629,1.36078925e-05,2.2743598e-05,6.894563e-07,N,N
CF09_Hindi_N_0158.npy,7.6491838,-3.3935812,-2.8901546,-7.948359,0.9999573,1.6001834e-05,2.6473119e-05,1.6828861e-07,N,N
CM27_Gujarati_N_0022.npy,6.967205,-2.8288264,-2.9100032,-7.1031137,0.9998921,5.5666067e-05,5.132582e-05,7.7498197e-07,N,N
CM03_English_N_0101.npy,6.933867,-2.7895443,-3.1342711,-6.849057,0.99989665,5.985923e-05,4.2405114e-05,1.0330159e-06,N,N
CM24_Gujarati_N_0014.npy,7.1281724,-3.0681624,-3.169911,-7.1356835,0.99992836,3.730413e-05,3.3695203e-05,6.3863826e-07,N,N
CM38_English_N_0016.npy,7.607057,-3.7736907,-3.0694838,-7.260041,0.9999651,1.1412712e-05,2.3079281e-05,3.4937054e-07,N,N
CF04_Hindi_N_0017.npy,9.031195,-3.97908,-4.3928475,-8.548098,0.9999963,2.2372155e-06,1.4791464e-06,2.3195769e-08,N,N
CF09_English_N_0022.npy,7.941263,-3.1771686,-3.7144945,-7.598831,0.9999763,1.4835971e-05,8.668787e-06,1.7824297e-07,N,N
CF04_Hindi_N_0110.npy,7.3269067,-4.2334175,-2.1726758,-7.2998214,0.9999151,9.536266e-06,7.4876756e-05,4.4427907e-07,N,N
CM24_Gujarati_N_0017.npy,4.8976784,-1.2943524,-2.3366213,-5.0756083,0.9971942,0.0020399282,0.00071938825,4.6498226e-05,N,N
CF04_English_N_0040.npy,8.382221,-3.512636,-4.2109685,-7.6714873,0.99998975,6.8253453e-06,3.3950248e-06,1.0664938e-07,N,N
CM05_Hindi_N_0039.npy,7.1597033,-2.8674233,-3.8209438,-6.1797605,0.9999372,4.4182176e-05,1.7027005e-05,1.6095966e-06,N,N
CM30_Gujarati_N_0072.npy,5.9664855,-0.32605767,-3.6405044,-7.8058677,0.9980854,0.0018465063,6.71282e-05,1.0421031e-06,N,N
CM05_Hindi_N_0015.npy,6.8825564,-0.77206635,-4.581242,-8.207923,0.99951565,0.00047361894,1.0498449e-05,2.7930446e-07,N,N
CF02_English_N_0092.npy,7.1578493,-3.0638485,-2.7064962,-7.420053,0.9999112,3.636926e-05,5.199129e-05,4.66508e-07,N,N
CM35_English_N_0037.npy,8.005867,-3.193621,-3.5871491,-8.055319,0.999977,1.36808885e-05,9.230119e-06,1.058536e-07,N,N
CF20_Gujarati_N_0036.npy,6.8890214,-3.8598905,-2.4092622,-5.5371203,0.99988294,2.1466245e-05,9.1570575e-05,4.011847e-06,N,N
CM05_English_N_0084.npy,6.560538,-1.1129123,-3.750526,-8.132077,0.9995016,0.000464779,3.324646e-05,4.1577815e-07,N,N
CM03_English_N_0073.npy,6.8955345,-1.6387036,-3.782816,-8.122096,0.9997801,0.00019657672,2.3033283e-05,3.0049026e-07,N,N
CF02_English_N_0018.npy,7.6138616,-3.343342,-3.4480882,-7.250993,0.9999665,1.74314e-05,1.5697908e-05,3.5015557e-07,N,N
CM30_Gujarati_N_0018.npy,6.4861064,-0.54528546,-4.227616,-8.290046,0.9990945,0.0008829005,2.221755e-05,3.82301e-07,N,N
CF14_Hindi_N_0029.npy,6.5637684,-3.1748722,-2.3451767,-6.3776402,0.9998035,5.8949037e-05,0.00013514778,2.396252e-06,N,N
CF09_Hindi_N_0149.npy,9.275635,-3.8368654,-4.5172935,-8.679776,0.9999969,2.0198177e-06,1.0228356e-06,1.5924403e-08,N,N
CM03_English_N_0036.npy,7.65238,-2.945088,-3.4543772,-7.6081977,0.9999597,2.4978186e-05,1.5009947e-05,2.3572066e-07,N,N
CF18_English_N_0024.npy,8.043096,-3.946367,-3.2485752,-7.727836,0.99998116,6.20918e-06,1.2476176e-05,1.4150227e-07,N,N
CM35_English_N_0024.npy,8.509978,-3.810511,-3.89164,-7.721374,0.9999914,4.4593903e-06,4.1118947e-06,8.929142e-08,N,N
CM38_English_N_0121.npy,7.569285,-2.3411663,-3.9119246,-7.6918683,0.9999398,4.965005e-05,1.0321619e-05,2.3558044e-07,N,N
CM24_Gujarati_N_0046.npy,7.1014724,-3.281923,-3.1744585,-6.7451053,0.9999336,3.093997e-05,3.4450164e-05,9.693462e-07,N,N
CM30_Gujarati_N_0043.npy,2.8978977,1.2719163,-2.7353024,-5.7799892,0.8330099,0.16386847,0.0029797677,0.00014187038,N,N
CM03_English_N_0086.npy,7.3861585,-2.3950238,-3.841569,-7.3394957,0.9999298,5.650099e-05,1.3299315e-05,4.02438e-07,N,N
CM30_English_N_0018.npy,7.623297,-0.9773574,-4.9080296,-9.807386,0.9998124,0.00018395079,3.611043e-06,2.6907232e-08,N,N
CM35_English_N_0111.npy,7.1319194,-2.7065182,-3.0100715,-7.417048,0.9999068,5.3355623e-05,3.9386643e-05,4.8020127e-07,N,N
CF04_English_N_0104.npy,8.235957,-3.9326649,-3.4542286,-7.4064646,0.9999863,5.1907327e-06,8.375504e-06,1.6090763e-07,N,N
CF09_Hindi_N_0064.npy,6.7211404,-2.901224,-2.7181091,-6.8038974,0.9998529,6.622112e-05,7.9528414e-05,1.3368629e-06,N,N
CF04_Hindi_N_0034.npy,6.8362994,-3.3994012,-2.3102539,-7.348063,0.9998568,3.5861587e-05,0.000106571315,6.914289e-07,N,N
CF09_English_N_0054.npy,7.975899,-4.0674953,-3.1319404,-6.896005,0.9999788,5.883167e-06,1.4993993e-05,3.4770008e-07,N,N
CM35_English_N_0059.npy,7.511636,-3.3971853,-3.3719594,-7.259187,0.99996257,1.8295443e-05,1.8762828e-05,3.8467772e-07,N,N
CM05_Hindi_N_0028.npy,7.708421,-2.3510516,-4.163106,-7.9536667,0.99995005,4.2776443e-05,6.98618e-06,1.577683e-07,N,N
CM38_English_N_0110.npy,6.69127,-1.3932674,-3.8350136,-7.6373143,0.9996644,0.00030816565,2.681313e-05,5.9845155e-07,N,N
CM38_English_N_0004.npy,6.9699945,-2.852809,-3.157318,-7.2702317,0.9999052,5.419628e-05,3.996896e-05,6.5389344e-07,N,N
CM27_Gujarati_N_0016.npy,5.364937,-1.728649,-2.469043,-6.6325674,0.99876887,0.0008293919,0.00039555866,6.151983e-06,N,N
CF04_Hindi_N_0053.npy,7.3917313,-3.1632576,-3.1063335,-7.149178,0.9999459,2.606172e-05,2.7588292e-05,4.841055e-07,N,N
CM38_English_N_0034.npy,6.6072783,-1.6065329,-3.6670182,-7.464415,0.999694,0.00027080355,3.4498218e-05,7.737636e-07,N,N
CF04_Hindi_N_0095.npy,7.0732384,-4.1403117,-2.3842819,-6.2233424,0.9999068,1.3488894e-05,7.8092715e-05,1.680071e-06,N,N
CF18_English_N_0017.npy,7.5328465,-3.7990856,-2.6474438,-7.8271065,0.99994993,1.1983471e-05,3.7908307e-05,2.1342018e-07,N,N
CM35_English_N_0002.npy,6.8458962,-2.7041767,-3.5404825,-6.216502,0.9998958,7.1188675e-05,3.0846622e-05,2.1233764e-06,N,N
CM27_Gujarati_N_0023.npy,6.3480835,-3.384807,-2.0886064,-7.0660634,0.99972254,5.9284153e-05,0.00021670647,1.4934467e-06,N,N
CF14_Hindi_N_0012.npy,7.0931087,-3.5320396,-2.510616,-7.1744227,0.9999076,2.4294972e-05,6.747072e-05,6.3628215e-07,N,N
CM38_English_N_0093.npy,7.419187,-1.787082,-4.0638294,-7.9126053,0.99988914,0.000100396814,1.030246e-05,2.1950218e-07,N,N
CM16_Hindi_N_0075.npy,5.604255,-2.422681,-2.1041028,-6.40213,0.99921894,0.000326292,0.0004487076,6.100333e-06,N,N
CM38_English_N_0088.npy,7.7350435,-3.181993,-3.749074,-7.094806,0.9999713,1.814592e-05,1.0291975e-05,3.6263174e-07,N,N
CF20_Gujarati_N_0018.npy,6.8593154,-3.768505,-2.1056094,-6.275517,0.999846,2.4228644e-05,0.00012779555,1.9749127e-06,N,N
CF04_Hindi_N_0001.npy,5.5196643,-2.8868716,-1.8453509,-5.7359123,0.9991314,0.00022320832,0.000632466,1.29237205e-05,N,N
CF04_Hindi_N_0064.npy,8.451322,-3.8896673,-3.61134,-7.308376,0.99998975,4.3689e-06,5.7709585e-06,1.4310214e-07,N,N
CM27_Gujarati_N_0012.npy,5.7976494,-1.893718,-2.7744005,-7.125995,0.9993519,0.0004564573,0.00018920143,2.4380956e-06,N,N
CM05_English_N_0010.npy,7.5595803,-2.92399,-3.852258,-6.910355,0.9999604,2.7991502e-05,1.106329e-05,5.197203e-07,N,N
CF02_English_N_0065.npy,6.804583,-2.793804,-2.6654184,-7.3615456,0.9998543,6.782821e-05,7.712008e-05,7.041504e-07,N,N
CM16_Hindi_N_0041.npy,6.5396266,-3.2220259,-2.6794536,-6.5350165,0.9998411,5.7610203e-05,9.91141e-05,2.097421e-06,N,N
CM05_English_N_0085.npy,6.063979,-0.16561721,-3.8847148,-8.197787,0.99798536,0.001966278,4.7693717e-05,6.387306e-07,N,N
CM30_Gujarati_N_0067.npy,6.145347,-1.1097453,-3.3565555,-7.342861,0.99921787,0.00070601434,7.465112e-05,1.3861352e-06,N,N
CM35_English_N_0012.npy,8.327122,-2.751721,-4.381457,-8.33951,0.9999815,1.543519e-05,3.025009e-06,5.7778436e-08,N,N
CF09_Hindi_N_0141.npy,7.9175687,-4.023974,-3.2606373,-6.9184256,0.99997914,6.5139566e-06,1.3975198e-05,3.6041286e-07,N,N
CM38_English_N_0089.npy,6.7076135,-2.4304125,-3.238762,-6.739606,0.9998431,0.00010748244,4.7893453e-05,1.4450354e-06,N,N
CM35_English_N_0015.npy,7.8873544,-3.3388236,-3.681186,-7.642244,0.9999771,1.3320571e-05,9.458815e-06,1.8012386e-07,N,N
CM05_English_N_0024.npy,5.703389,-1.7607522,-2.8640695,-6.483338,0.99923205,0.00057283684,0.00019004925,5.0937524e-06,N,N
CM16_Hindi_N_0035.npy,6.401499,-2.3870382,-2.94929,-6.5704327,0.9997583,0.00015243402,8.687582e-05,2.3241105e-06,N,N
CF09_Hindi_N_0015.npy,4.8556004,-2.2580736,-1.8038332,-5.6452646,0.99788123,0.00081217464,0.0012791565,2.745435e-05,N,N
CM30_English_N_0036.npy,5.0093336,0.2568031,-3.683394,-7.1067424,0.9912737,0.008554522,0.00016633734,5.4231155e-06,N,N
CF02_Gujarati_N_0070.npy,4.2737856,-2.1551812,-1.9866153,-3.790371,0.9961755,0.0016079451,0.0019031734,0.00031341313,N,N
CF14_Hindi_N_0072.npy,6.824487,-3.0647104,-2.6902974,-6.8380027,0.99987435,5.0713264e-05,7.3744035e-05,1.1652027e-06,N,N
CF04_Hindi_N_0014.npy,5.454629,-3.1767786,-1.6322558,-5.0124216,0.99895823,0.00017822745,0.00083512696,2.8429227e-05,N,N
CF14_Hindi_N_0026.npy,6.9571366,-2.7318254,-2.7917678,-6.9647956,0.99987876,6.1956176e-05,5.83515e-05,8.9893655e-07,N,N
CM38_English_N_0006.npy,7.203769,-3.0851393,-3.2763932,-6.810013,0.99993706,3.400609e-05,2.8086388e-05,8.200952e-07,N,N
CF02_English_N_0071.npy,7.6829786,-3.5905128,-3.2303648,-7.5400014,0.99996877,1.2704908e-05,1.8213004e-05,2.4475412e-07,N,N
CM35_English_N_0001.npy,7.590241,-2.9991314,-3.9878864,-6.674667,0.9999647,2.5181325e-05,9.3684575e-06,6.3799007e-07,N,N
CF14_Hindi_N_0008.npy,7.936891,-3.66493,-3.64458,-6.7143984,0.99998116,9.14924e-06,9.337339e-06,4.3352873e-07,N,N
CF04_English_N_0083.npy,8.145686,-4.116708,-3.2409577,-7.1131225,0.99998367,4.7260996e-06,1.13458245e-05,2.3614392e-07,N,N
CF04_Hindi_N_0090.npy,7.1639633,-3.7278955,-2.2630548,-7.330226,0.99990046,1.8607263e-05,8.051093e-05,5.0723634e-07,N,N
CF14_Gujarati_N_0006.npy,6.5521364,-2.9028454,-2.405848,-7.0079994,0.9997917,7.828221e-05,0.00012867853,1.2906763e-06,N,N
CF14_Hindi_N_0132.npy,7.7026305,-3.214904,-3.598832,-7.387266,0.99996924,1.8136834e-05,1.2354466e-05,2.795938e-07,N,N
CM03_English_N_0094.npy,7.168499,-2.7810795,-3.3949027,-7.2674465,0.99992585,4.7744226e-05,2.5842859e-05,5.3767064e-07,N,N
CM27_Gujarati_N_0036.npy,6.690039,-2.070122,-3.0942233,-7.976363,0.99978644,0.0001568258,5.631913e-05,4.2694253e-07,N,N
CF09_Hindi_N_0033.npy,8.033158,-3.5786054,-3.4700243,-7.5626426,0.9999807,9.0587155e-06,1.0097712e-05,1.6858603e-07,N,N
CM30_English_N_0032.npy,4.952979,-0.0465152,-3.4516501,-6.6890697,0.9930743,0.0066946684,0.0002222787,8.727789e-06,N,N
CF02_English_N_0085.npy,7.9958863,-3.3421304,-3.4560418,-7.6764336,0.99997735,1.1911106e-05,1.062872e-05,1.5616666e-07,N,N
CF04_Hindi_N_0011.npy,6.437556,-3.0681427,-2.9511843,-5.594327,0.99983597,7.441432e-05,8.3647035e-05,5.9504287e-06,N,N
CF02_Gujarati_N_0044.npy,7.5788603,-3.1608198,-3.2427182,-7.684514,0.99995816,2.166696e-05,1.9963183e-05,2.3506209e-07,N,N
CF04_Hindi_N_0118.npy,7.863346,-4.573642,-2.868982,-6.3028464,0.99997354,3.968929e-06,2.1827173e-05,7.041887e-07,N,N
CM35_English_N_0081.npy,8.098407,-3.6486092,-3.6659756,-7.29191,0.99998415,7.912777e-06,7.776546e-06,2.0704435e-07,N,N
CF09_English_N_0028.npy,7.6330247,-3.4543483,-3.3585303,-7.461952,0.9999676,1.5303864e-05,1.6842794e-05,2.7817683e-07,N,N
CM30_Gujarati_N_0041.npy,5.1943126,0.8400203,-4.7622924,-7.3433557,0.9872617,0.012687825,4.680947e-05,3.5431717e-06,N,N
CM05_Hindi_N_0126.npy,5.9268255,-1.2016027,-3.7443984,-5.9731417,0.999129,0.0008012802,6.301769e-05,6.7847127e-06,N,N
CF14_Hindi_N_0071.npy,7.559201,-3.1452127,-3.1978452,-7.6349263,0.999956,2.244467e-05,2.1293903e-05,2.5191576e-07,N,N
CM38_English_N_0129.npy,7.8172092,-2.756944,-4.053182,-7.670145,0.9999672,2.5567573e-05,6.994233e-06,1.8789416e-07,N,N
CM27_Gujarati_N_0055.npy,7.2326984,-2.2336965,-3.6647816,-7.8156333,0.9999038,7.740257e-05,1.8503028e-05,2.9144098e-07,N,N
CM03_English_N_0052.npy,6.9706426,-2.3444672,-3.4962428,-7.286315,0.9998808,9.004253e-05,2.8460176e-05,6.430282e-07,N,N
CF02_Gujarati_N_0038.npy,7.70365,-3.098549,-3.4796028,-7.6737404,0.9999654,2.0354002e-05,1.3904654e-05,2.0973428e-07,N,N
CF18_English_N_0029.npy,8.193154,-3.975228,-3.1029387,-7.4654465,0.99998224,5.191954e-06,1.2421138e-05,1.5832458e-07,N,N
CF04_English_N_0084.npy,7.394634,-3.5570886,-2.6674683,-7.536495,0.99993944,1.7526741e-05,4.2663665e-05,3.2769253e-07,N,N
CM35_English_N_0023.npy,8.114155,-3.809036,-3.4664774,-7.8408837,0.9999839,6.6346333e-06,9.345195e-06,1.1770855e-07,N,N
CF02_Gujarati_N_0017.npy,7.3378425,-3.520921,-2.8312764,-7.256223,0.99994195,1.9234178e-05,3.8333863e-05,4.5904218e-07,N,N
CM24_Gujarati_N_0025.npy,6.507555,-2.1187673,-3.201378,-7.2167325,0.9997589,0.0001792798,6.0723854e-05,1.0952498e-06,N,N
CM05_English_N_0003.npy,7.956242,-2.6049287,-4.3126993,-7.6954365,0.99996924,2.5901718e-05,4.6951864e-06,1.5942236e-07,N,N
CM27_Gujarati_N_0047.npy,6.2004313,-2.999579,-2.0593362,-6.7660675,0.9996381,0.000101001795,0.0002586255,2.336489e-06,N,N
CF09_English_N_0006.npy,6.9173017,-2.7864628,-3.510164,-6.409776,0.99990773,6.104763e-05,2.9605284e-05,1.6296095e-06,N,N
CF09_Hindi_N_0169.npy,8.184475,-3.9085176,-3.5291908,-7.6677775,0.99998605,5.598529e-06,8.181133e-06,1.3045117e-07,N,N
CF14_Hindi_N_0147.npy,5.841008,-2.5837166,-2.062315,-6.461789,0.99940693,0.00021924563,0.00036929437,4.5363377e-06,N,N
CF02_English_N_0070.npy,8.181419,-3.3541002,-3.4993644,-7.798655,0.99998164,9.776413e-06,8.454577e-06,1.1479795e-07,N,N
CF20_Gujarati_N_0037.npy,6.8686266,-3.8940701,-2.0585794,-6.6393056,0.9998448,2.1171545e-05,0.00013270775,1.3599157e-06,N,N
CF09_English_N_0042.npy,7.9056125,-3.1673763,-3.5508664,-7.6094327,0.99997365,1.5525684e-05,1.058042e-05,1.8276374e-07,N,N
CF09_Hindi_N_0173.npy,6.9070973,-3.0492249,-3.3455858,-6.1150203,0.9999151,4.7422844e-05,3.525975e-05,2.2106976e-06,N,N
CM30_English_N_0043.npy,7.431148,-1.2509648,-4.41636,-8.741209,0.9998233,0.00016956241,7.1551062e-06,9.470166e-08,N,N
CF04_Hindi_N_0071.npy,8.085875,-4.0611396,-3.7143726,-6.470293,0.99998677,5.304114e-06,7.502604e-06,4.767942e-07,N,N
CF14_English_N_0023.npy,3.9507716,-2.7676244,-0.3599909,-5.237786,0.9854799,0.0011909277,0.013228404,0.00010071819,N,N
CF04_English_N_0015.npy,8.412703,-3.7377388,-3.6123912,-7.599436,0.9999887,5.28598e-06,5.9918802e-06,1.1117618e-07,N,N
CM16_Hindi_N_0066.npy,7.194998,-2.773699,-3.4003618,-7.6600003,0.99992776,4.6840196e-05,2.5030085e-05,3.5361046e-07,N,N
CF09_Hindi_N_0150.npy,8.287571,-3.8071454,-3.7846868,-7.044558,0.99998844,5.5889027e-06,5.7158386e-06,2.1945027e-07,N,N
CF09_Hindi_N_0139.npy,6.0585794,-3.0812802,-1.8320891,-6.4205165,0.99951494,0.00010725028,0.00037403786,3.8035312e-06,N,N
CM35_English_N_0033.npy,7.895924,-3.3799968,-3.6195078,-7.051283,0.999977,1.2674177e-05,9.974734e-06,3.2247846e-07,N,N
CM16_Hindi_N_0019.npy,5.775843,-2.256079,-2.474092,-5.890019,0.9994055,0.00032472983,0.00026112018,8.57674e-06,N,N
CF04_English_N_0063.npy,8.435776,-4.0807676,-3.4171317,-7.5281568,0.99998903,3.6654687e-06,7.117755e-06,1.166669e-07,N,N
CM05_English_N_0006.npy,8.3105,-2.850381,-4.3658776,-8.08507,0.9999826,1.4219469e-05,3.1240022e-06,7.576826e-08,N,N
CM05_Hindi_N_0068.npy,3.971294,1.0684218,-3.3313131,-6.497018,0.9473576,0.05197717,0.00063831045,2.6926762e-05,N,N
CF04_Hindi_N_0037.npy,7.7103844,-3.388083,-3.273637,-7.6600294,0.9999677,1.5135021e-05,1.697017e-05,2.1120299e-07,N,N
CM16_Hindi_N_0034.npy,7.3965077,-3.4584274,-3.4266236,-6.057214,0.99995935,1.9308305e-05,1.9932239e-05,1.435837e-06,N,N
CF09_Hindi_N_0042.npy,7.855526,-3.3362246,-3.2981668,-7.5787306,0.99997175,1.3787078e-05,1.4321903e-05,1.9814142e-07,N,N
CF04_English_N_0014.npy,7.8560266,-3.712166,-3.075472,-7.771278,0.99997246,9.462065e-06,1.7885395e-05,1.6335638e-07,N,N
CF14_Hindi_N_0073.npy,7.8920684,-3.5367725,-3.3166757,-7.743494,0.9999753,1.0876944e-05,1.3554815e-05,1.6201328e-07,N,N
CF09_Hindi_N_0132.npy,5.810736,-3.2021604,-1.7189647,-5.9105086,0.99933356,0.00012174728,0.00053654105,8.114067e-06,N,N
CM35_English_N_0072.npy,8.337204,-3.7303052,-3.9834347,-7.3905888,0.99998975,5.743057e-06,4.458719e-06,1.4774132e-07,N,N
CF20_Gujarati_N_0025.npy,7.767727,-3.6645856,-3.0730374,-7.910131,0.9999695,1.0839187e-05,1.958406e-05,1.5530283e-07,N,N
CF20_Gujarati_N_0033.npy,7.9893107,-3.778724,-2.8733745,-8.051578,0.99997294,7.748106e-06,1.9159492e-05,1.08023734e-07,N,N
CM38_English_N_0019.npy,6.011516,-3.1994462,-2.0973244,-5.682732,0.99959105,9.989696e-05,0.00030074434,8.338249e-06,N,N
CF09_Hindi_N_0018.npy,7.8202343,-3.9495041,-3.1182165,-6.9179964,0.99997413,7.7349305e-06,1.7761513e-05,3.9742616e-07,N,N
CM38_English_N_0005.npy,7.6212893,-3.0943625,-3.747138,-7.332173,0.9999659,2.2194066e-05,1.1554202e-05,3.2046376e-07,N,N
CM38_English_N_0069.npy,7.189727,-2.473544,-3.381845,-7.9708643,0.9999105,6.357054e-05,2.563221e-05,2.604954e-07,N,N
CF04_Hindi_N_0109.npy,7.3718123,-3.6068447,-2.5994725,-7.175588,0.99993575,1.7060904e-05,4.6719495e-05,4.8096814e-07,N,N
CF09_Hindi_N_0138.npy,6.542626,-3.3739357,-2.1992517,-7.3259935,0.99979,4.934021e-05,0.00015972012,9.480772e-07,N,N
CF09_Hindi_N_0082.npy,7.1468296,-3.5481372,-2.9625492,-6.6189547,0.9999356,2.2657228e-05,4.069346e-05,1.0509158e-06,N,N
CM38_English_N_0130.npy,8.38552,-2.3708508,-4.409492,-8.697193,0.9999759,2.130871e-05,2.7745123e-06,3.8111942e-08,N,N
CM38_English_N_0074.npy,6.369451,-2.5453413,-2.4400067,-6.9650025,0.9997147,0.00013434795,0.00014927161,1.617322e-06,N,N
CF14_Hindi_N_0133.npy,6.039692,-2.148618,-2.7047143,-7.296024,0.99956125,0.00027776128,0.00015928037,1.6150333e-06,N,N
CF09_Hindi_N_0065.npy,6.8057065,-2.7298098,-3.192273,-6.914412,0.99988115,7.223141e-05,4.5486362e-05,1.0999594e-06,N,N
CM05_Hindi_N_0050.npy,7.5383306,-3.1552353,-3.5000494,-7.274659,0.9999609,2.2689586e-05,1.6072212e-05,3.687934e-07,N,N
CM16_Hindi_N_0089.npy,5.591325,-2.4743624,-2.4482706,-5.297053,0.9993451,0.0003139295,0.00032222818,1.8661774e-05,N,N
CF02_English_N_0035.npy,7.722751,-3.5154138,-3.2123072,-7.2516365,0.99996865,1.3161743e-05,1.7821767e-05,3.138284e-07,N,N
CF02_English_N_0080.npy,8.196426,-3.1968284,-3.7032313,-8.357284,0.9999819,1.1271046e-05,6.7926035e-06,6.468549e-08,N,N
CM05_English_N_0007.npy,8.332616,-3.0607097,-4.236306,-8.017591,0.9999852,1.1270289e-05,3.4784048e-06,7.9284504e-08,N,N
CM05_Hindi_N_0101.npy,6.6428885,-1.3447164,-3.712664,-7.885269,0.9996282,0.00033952025,3.180381e-05,4.9016194e-07,N,N
CF09_Hindi_N_0032.npy,7.6946187,-3.6335564,-3.1949263,-7.119232,0.999969,1.2028814e-05,1.865164e-05,3.6847925e-07,N,N
CF18_English_N_0012.npy,5.436062,-3.2951455,-1.2603288,-6.382647,0.9985978,0.00016124106,0.0012336306,7.355137e-06,N,N
CF09_Hindi_N_0090.npy,7.0994687,-3.063046,-2.832646,-7.206979,0.99991214,3.8586713e-05,4.8584672e-05,6.119986e-07,N,N
CM03_English_N_0062.npy,6.9137716,-2.3092008,-3.4302611,-6.6712484,0.9998678,9.873164e-05,3.2180033e-05,1.2590511e-06,N,N
CF14_Hindi_N_0053.npy,6.407042,-2.7851198,-2.514882,-6.906233,0.9997632,0.000101810394,0.0001333996,1.6520211e-06,N,N
CM35_English_N_0048.npy,8.051612,-2.7869408,-4.048851,-7.755568,0.9999746,1.9627521e-05,5.5567994e-06,1.364639e-07,N,N
CF04_Hindi_N_0033.npy,7.5317655,-3.8854265,-2.6970582,-7.1996427,0.99995244,1.1004129e-05,3.6112513e-05,4.0013828e-07,N,N
CF04_English_N_0002.npy,7.865256,-3.3997881,-3.6597285,-7.3734956,0.999977,1.2812783e-05,9.879908e-06,2.409264e-07,N,N
CF09_English_N_0050.npy,8.448541,-3.891792,-3.8023412,-7.5574956,0.9999907,4.371772e-06,4.7808535e-06,1.11856835e-07,N,N
CF14_Gujarati_N_0049.npy,6.548044,-2.6104236,-2.6783552,-7.000804,0.99979514,0.000105302526,9.838676e-05,1.3053321e-06,N,N
CM05_Hindi_N_0097.npy,5.514715,-0.49365783,-3.569761,-6.8770533,0.997431,0.0024517688,0.00011312142,4.1419626e-06,N,N
CM35_English_N_0122.npy,6.227406,-2.3696759,-2.5595474,-7.4986496,0.9996617,0.0001845813,0.00015266093,1.0932087e-06,N,N
CF14_English_N_0003.npy,5.676257,-2.794742,-1.5967585,-6.7416916,0.9990933,0.0002092657,0.00069338677,4.0416567e-06,N,N
CF20_Gujarati_N_0009.npy,6.708697,-2.9364796,-3.073283,-6.2832203,0.9998765,6.4729116e-05,5.645295e-05,2.278393e-06,N,N
CM35_English_N_0036.npy,7.425211,-2.467942,-3.8882082,-7.4243073,0.99993694,5.0516213e-05,1.2207227e-05,3.5555678e-07,N,N
CF14_Gujarati_N_0042.npy,6.1511164,-3.202112,-1.569823,-6.8804355,0.9994679,8.6638975e-05,0.0004432078,2.188961e-06,N,N
CF14_English_N_0027.npy,6.418641,-2.72635,-2.837525,-6.7653275,0.999796,0.00010673142,9.550132e-05,1.8801244e-06,N,N
CM35_English_N_0119.npy,8.221514,-3.3949907,-3.7879055,-7.7723713,0.99998474,9.015908e-06,6.0865164e-06,1.13223706e-07,N,N
CF09_Hindi_N_0115.npy,7.738086,-3.7865288,-3.266411,-6.7503657,0.99997306,9.883516e-06,1.6626305e-05,5.1019185e-07,N,N
CF09_Hindi_N_0120.npy,6.122946,-2.7231507,-2.5307157,-6.769902,0.9996791,0.00014389638,0.00017443075,2.515173e-06,N,N
CF14_Hindi_N_0104.npy,8.008163,-3.3939617,-3.5405893,-7.4466085,0.999979,1.1171481e-05,9.647866e-06,1.9411928e-07,N,N
CF09_Hindi_N_0049.npy,7.252865,-3.399648,-2.9054887,-7.2288265,0.99993706,2.363988e-05,3.874857e-05,5.136343e-07,N,N
CF20_Gujarati_N_0072.npy,2.8448951,-0.78953594,-1.3280416,-4.1943707,0.9590646,0.025318295,0.014776262,0.0008408792,N,N
CM30_Gujarati_N_0071.npy,6.366508,-1.1831623,-3.774611,-7.572897,0.9994337,0.00052598567,3.9402337e-05,8.829724e-07,N,N
CM16_Hindi_N_0024.npy,6.6097093,-3.1474192,-2.2297177,-7.4768243,0.99979645,5.7868794e-05,0.00014487626,7.6244373e-07,N,N
CF02_English_N_0051.npy,5.6387606,-2.9528039,-2.0285354,-6.081555,0.9993387,0.00018554267,0.00046757192,8.1216485e-06,N,N
CM30_English_N_0007.npy,7.4798517,-1.7774786,-4.0695925,-8.22072,0.99989474,9.539969e-05,9.6403855e-06,1.5180375e-07,N,N
CM05_Hindi_N_0084.npy,4.973446,0.8412737,-3.461706,-7.8210645,0.9839925,0.015791094,0.00021362487,2.731535e-06,N,N
CM24_Gujarati_N_0060.npy,7.325297,-2.7291818,-3.5630372,-7.598266,0.999938,4.2990105e-05,1.8673667e-05,3.3018097e-07,N,N
CM16_Hindi_N_0059.npy,7.064013,-2.8867927,-2.8734558,-7.4957857,0.99990356,4.7684596e-05,4.8324837e-05,4.7502633e-07,N,N
CF14_Gujarati_N_0036.npy,7.5078826,-3.3366303,-2.953726,-7.566088,0.9999516,1.9510431e-05,2.8612776e-05,2.8407737e-07,N,N
CF09_Hindi_N_0089.npy,6.8572364,-3.4465039,-2.357098,-7.258129,0.9998661,3.350304e-05,9.9588055e-05,7.408262e-07,N,N
CM35_English_N_0121.npy,8.013932,-2.9976463,-4.1287704,-7.505966,0.99997795,1.6509071e-05,5.3269905e-06,1.8187968e-07,N,N
CM35_English_N_0110.npy,7.3561873,-2.938528,-3.2752297,-7.0868335,0.99994147,3.380931e-05,2.4143972e-05,5.3388817e-07,N,N
CF04_Hindi_N_0082.npy,7.3754826,-3.683263,-3.4417012,-5.56532,0.99996185,1.5748215e-05,2.0051197e-05,2.3980836e-06,N,N
CF14_Hindi_N_0106.npy,6.8484163,-3.1941295,-3.0640733,-6.134775,0.99990463,4.350474e-05,4.954718e-05,2.298424e-06,N,N
CM05_Hindi_N_0035.npy,7.6715794,-3.3042762,-3.4324608,-7.4596667,0.9999676,1.7109302e-05,1.5050902e-05,2.6826808e-07,N,N
CF14_Hindi_N_0052.npy,6.891892,-2.7664015,-2.9829707,-7.305616,0.9998839,6.388604e-05,5.1445953e-05,6.8241764e-07,N,N
CM03_English_N_0026.npy,6.11902,-1.7651304,-2.8184605,-7.0037313,0.99949026,0.00037647443,0.0001313046,1.9982053e-06,N,N
CM24_Gujarati_N_0036.npy,7.422269,-2.3749447,-4.2832537,-7.6070023,0.99993587,5.5602763e-05,8.247614e-06,2.9705893e-07,N,N
CM27_Gujarati_N_0046.npy,6.545556,-2.7936146,-2.5813181,-6.8029866,0.9998018,8.7894914e-05,0.00010868333,1.5948333e-06,N,N
CM38_English_N_0077.npy,8.048291,-2.980893,-3.9917006,-7.661417,0.9999777,1.6220954e-05,5.9032136e-06,1.5043564e-07,N,N
CF09_English_N_0003.npy,6.485907,-2.511398,-2.9540162,-6.7416716,0.999795,0.00012371749,7.947021e-05,1.7998916e-06,N,N
CM30_English_N_0030.npy,5.3106894,0.23313531,-3.98487,-6.9348593,0.99370813,0.00619591,9.125337e-05,4.7762255e-06,N,N
CF14_Hindi_N_0108.npy,7.3592772,-3.7113204,-2.7154992,-7.007324,0.9999418,1.5562353e-05,4.212645e-05,5.7628694e-07,N,N
CM16_Hindi_N_0061.npy,8.038365,-3.9556057,-2.855883,-7.775393,0.9999751,6.1812143e-06,1.856425e-05,1.3556918e-07,N,N
CM24_Gujarati_N_0051.npy,8.223697,-3.1910906,-4.036436,-7.8586664,0.99998415,1.10309775e-05,4.7368007e-06,1.03636225e-07,N,N
CF14_Hindi_N_0059.npy,6.894463,-2.459086,-2.9637775,-7.7170196,0.9998605,8.664524e-05,5.230704e-05,4.5107953e-07,N,N
CM38_English_N_0118.npy,8.12277,-2.948166,-4.108156,-8.232949,0.9999795,1.555767e-05,4.877162e-06,7.8848224e-08,N,N
CM35_English_N_0034.npy,8.546498,-3.0662177,-4.384777,-8.193028,0.99998856,9.050169e-06,2.4211042e-06,5.37169e-08,N,N
CF18_English_N_0020.npy,6.831415,-2.967585,-2.7695012,-7.234752,0.999876,5.5500215e-05,6.7658344e-05,7.781926e-07,N,N
CM24_Gujarati_N_0024.npy,6.9291086,-3.054134,-3.348031,-5.7512646,0.9999163,4.6163288e-05,3.4407934e-05,3.1113404e-06,N,N
CF04_English_N_0073.npy,7.3880486,-3.313331,-3.4602876,-6.216949,0.99995685,2.2512882e-05,1.9436082e-05,1.2342576e-06,N,N
CF04_Hindi_N_0124.npy,6.21677,-2.8005211,-2.5250473,-6.2027774,0.99971503,0.0001212597,0.00015971773,4.0377095e-06,N,N
CF02_Gujarati_N_0037.npy,7.376528,-3.1930823,-3.060957,-7.539401,0.9999447,2.5683396e-05,2.9311224e-05,3.3271343e-07,N,N
CF14_Gujarati_N_0043.npy,7.522202,-3.2912805,-3.3209362,-7.112538,0.9999598,2.012551e-05,1.9537441e-05,4.407535e-07,N,N
CF09_Hindi_N_0078.npy,6.7418423,-2.6127687,-3.6014252,-6.1548057,0.99987876,8.65549e-05,3.2205007e-05,2.5061331e-06,N,N
CF02_English_N_0073.npy,7.412025,-3.1113532,-3.2624805,-7.551056,0.9999497,2.6898806e-05,2.3125942e-05,3.173909e-07,N,N
CF09_Hindi_N_0074.npy,7.6574583,-3.5886753,-3.2698,-7.327422,0.99996865,1.30572735e-05,1.7961322e-05,3.1055282e-07,N,N
CM27_Gujarati_N_0015.npy,7.230438,-3.1981122,-3.1067502,-6.843974,0.9999372,2.9574043e-05,3.240326e-05,7.7185035e-07,N,N
CM38_English_N_0090.npy,7.426024,-2.9687002,-3.5839515,-7.312494,0.99995244,3.059202e-05,1.6535138e-05,3.973035e-07,N,N
CF20_Gujarati_N_0001.npy,4.6214314,-2.26935,-2.0004847,-4.2165427,0.99751306,0.0010145893,0.001327569,0.00014475548,N,N
CM30_Gujarati_N_0058.npy,4.8587337,0.050045487,-2.9931004,-7.1315303,0.9915188,0.008089361,0.0003857382,6.1517053e-06,N,N
CF04_Hindi_N_0129.npy,5.923111,-2.8547716,-2.8419106,-4.760211,0.99966705,0.00015405273,0.00015604684,2.2916463e-05,N,N
CF04_English_N_0005.npy,6.7586803,-3.1242867,-3.015721,-6.3429136,0.9998901,5.1031016e-05,5.688314e-05,2.0417488e-06,N,N
CM05_Hindi_N_0042.npy,7.360616,-2.9994338,-3.4506094,-7.684252,0.9999479,3.1671214e-05,2.017073e-05,2.9246507e-07,N,N
CF14_Hindi_N_0135.npy,6.386601,-3.0610561,-2.671931,-6.036116,0.99980086,7.885847e-05,0.00011637057,4.0252794e-06,N,N
CF14_Hindi_N_0007.npy,6.421701,-2.934946,-2.4445074,-6.3621774,0.99976987,8.636935e-05,0.00014104406,2.8049958e-06,N,N
