filename,score_N,score_L,score_M,score_H,prob_N,prob_L,prob_M,prob_H,predict class,actual class
M03_English_L_0064.npy,-3.7077165,3.452923,0.6900322,-3.162065,0.0007290075,0.9387681,0.059244778,0.0012580716,L,L
M03_English_L_0026.npy,-2.0909562,2.2056086,1.0495374,-4.5293274,0.010240693,0.75214887,0.23671645,0.0008940429,L,L
M09_English_L_0001.npy,-5.5981345,0.56205356,2.882964,1.2933496,0.00015920725,0.07538734,0.7678157,0.1566377,M,L
M03_English_L_0017.npy,-2.2112818,2.3999126,1.1727698,-5.0586348,0.0076247244,0.7670798,0.22485326,0.00044221603,L,L
M03_English_L_0008.npy,-2.0031857,0.7373465,2.3699346,-4.8856053,0.010433852,0.16167492,0.827307,0.0005842864,M,L
M09_English_L_0008.npy,-5.500404,2.0100584,1.5816545,1.251875,0.00025809903,0.4715619,0.3072453,0.22093466,L,L
M03_English_L_0003.npy,-2.686131,0.90734035,2.676474,-4.5294666,0.0039872695,0.1449774,0.8504042,0.0006311391,M,L
M03_English_L_0049.npy,-3.497979,3.110847,0.90774006,-3.3275497,0.0012110712,0.89814436,0.09920852,0.0014361046,L,L
M03_English_L_0011.npy,-0.31207356,0.78981256,1.4910913,-5.9351964,0.09918396,0.29852763,0.60193,0.00035838535,M,L
M03_English_L_0055.npy,-4.435813,2.9049616,1.4765168,-2.5200057,0.0005210329,0.8033837,0.19255613,0.0035390742,L,L
M09_English_L_0004.npy,-4.773247,2.1924067,1.692418,-1.1817961,0.0005748497,0.6091148,0.369451,0.020859387,L,L
M03_English_L_0001.npy,-2.8352666,0.22903748,2.840865,-3.1848094,0.0031751797,0.068010904,0.9265754,0.002238534,M,L
M03_English_L_0062.npy,-2.290906,2.8281395,0.031267323,-3.2050934,0.005593644,0.93512124,0.057042927,0.0022421684,L,L
M03_English_L_0016.npy,-0.928268,0.84633243,1.6851237,-5.569109,0.048655108,0.28696412,0.6639112,0.00046950145,M,L
M03_English_L_0057.npy,-3.3738604,-0.2851956,3.0950558,-2.2913854,0.001491015,0.032724418,0.9613831,0.00440144,M,L
M03_English_L_0004.npy,-1.1706995,-0.36509144,2.342561,-4.040999,0.027135396,0.060730543,0.910596,0.0015380867,M,L
M03_English_L_0033.npy,-4.317398,2.1360166,2.4904752,-3.7472174,0.00064826483,0.41156164,0.5866436,0.0011465123,M,L
M03_English_L_0013.npy,-3.1999216,-0.16688995,3.7025723,-3.7130258,0.0009831766,0.02041082,0.97801745,0.0005885635,M,L
M09_English_L_0003.npy,-4.5243187,1.6193663,1.3918544,0.031658225,0.0010718623,0.4992378,0.39764938,0.10204097,L,L
M03_English_L_0031.npy,-3.05839,0.39408922,2.6269329,-2.8346698,0.0030456032,0.09617583,0.8969693,0.003809199,M,L
M03_English_L_0024.npy,-3.2589874,0.49602956,3.2258499,-3.9709399,0.0014298826,0.06110597,0.93676263,0.00070162246,M,L
M03_English_L_0034.npy,-4.5319533,1.3421679,3.11873,-3.2106311,0.00040608444,0.14444907,0.8536227,0.001522157,M,L
M03_English_L_0015.npy,-2.7473707,1.021442,2.3196392,-4.2547736,0.004920069,0.21317968,0.78081053,0.0010897188,M,L
M03_English_L_0006.npy,-2.4211922,-0.36889446,2.9642901,-3.3763478,0.004397811,0.034240343,0.95966977,0.0016920675,M,L
M03_English_L_0030.npy,-1.590308,0.3312378,2.108912,-4.1513696,0.02069344,0.14136742,0.83634114,0.0015980034,M,L
M03_English_L_0068.npy,-3.6981816,2.8786626,1.0978806,-3.046901,0.0011873384,0.85282844,0.14370698,0.002277309,L,L
M03_English_L_0023.npy,-2.8771892,-0.016517982,2.8882108,-2.9766154,0.0029546877,0.051628005,0.9427422,0.0026750462,M,L
M03_English_L_0037.npy,-1.1276371,-1.277095,3.4189253,-5.2616096,0.010396649,0.008953331,0.98048353,0.0001665452,M,L
M03_English_L_0009.npy,-1.9408206,0.23918481,2.2221954,-3.7682822,0.013463986,0.11910717,0.86526364,0.0021652952,M,L
M03_English_L_0036.npy,-2.3715281,1.6199287,1.8514847,-4.6364336,0.00809872,0.43841368,0.55264664,0.00084096985,M,L
M03_English_L_0007.npy,-0.6185281,2.2429554,-0.20494936,-5.2299953,0.04997599,0.8739527,0.07557469,0.00049662276,L,L
M03_English_L_0014.npy,-4.166365,3.218063,1.8763748,-4.815578,0.0004918177,0.79217386,0.2070774,0.00025695356,L,L
M03_English_L_0070.npy,-2.634979,1.8623453,0.8432997,-2.7987003,0.008062599,0.7238328,0.26125968,0.0068449746,L,L
M03_English_L_0069.npy,-1.8858794,1.3567628,1.094197,-3.4984848,0.021510018,0.5506839,0.4235177,0.004288399,L,L
M03_English_L_0066.npy,-2.2214398,0.70025474,1.7301309,-2.6168575,0.013838313,0.25701532,0.71982765,0.009318701,M,L
M03_English_L_0065.npy,-1.4694431,1.9718418,1.0067897,-5.425614,0.022653876,0.70741385,0.26949874,0.00043351026,L,L
M03_English_L_0046.npy,-4.137485,0.7273511,2.8021634,-1.5355468,0.0008499448,0.110195115,0.87748927,0.011465636,M,L
M03_English_L_0044.npy,-4.2121425,1.7163707,2.7436943,-4.0255356,0.0007007428,0.26319596,0.7352587,0.0008445026,M,L
M03_English_L_0032.npy,-2.1981063,0.0895689,2.82384,-4.260272,0.0061468324,0.06055862,0.93251276,0.000781743,M,L
M03_English_L_0028.npy,-1.0367744,1.4228765,0.6939436,-4.1632094,0.05437942,0.6362788,0.30695587,0.0023858394,L,L
M03_English_L_0025.npy,-2.152565,1.806235,1.302289,-4.243984,0.011741006,0.615163,0.37164584,0.0014501518,L,L
M03_English_L_0052.npy,-3.2609973,1.4855444,2.226167,-3.651295,0.0027899186,0.32135758,0.67396414,0.001888372,M,L
M03_English_L_0043.npy,-1.7089624,-0.18663667,3.0440319,-5.0744143,0.008227179,0.037704114,0.95378447,0.00028421948,M,L
M03_English_L_0018.npy,0.31695625,0.46754372,0.56869054,-4.3652844,0.28918204,0.33617902,0.37196162,0.0026773177,M,L
M09_English_L_0009.npy,-3.834111,0.1871951,1.8296468,0.8657443,0.0021981166,0.122597545,0.63356256,0.24164176,M,L
M03_English_L_0002.npy,-1.3296344,1.8401967,0.4739701,-4.0756106,0.03232151,0.769364,0.19623984,0.0020745764,L,L
M03_English_L_0061.npy,-4.060011,3.3530653,0.93456304,-3.2438087,0.0005529782,0.9165711,0.08162514,0.0012507775,L,L
M03_English_L_0022.npy,-1.1100034,1.5853124,1.2520959,-5.5522594,0.03782839,0.5602458,0.40148062,0.00044521582,L,L
M09_English_L_0006.npy,-5.664482,2.1698563,1.243429,1.6317457,0.00019993022,0.5049964,0.19996133,0.29484233,L,L
M03_English_L_0063.npy,-3.3900547,2.649477,1.2076107,-3.3119624,0.0019192751,0.80551296,0.19049254,0.002075164,L,L
M03_English_L_0054.npy,-2.31535,0.5577457,2.1036339,-2.9743366,0.009782729,0.17307311,0.8120828,0.0050613433,M,L
M03_English_L_0010.npy,-3.8622534,1.8643502,1.9819151,-2.6004412,0.0015228293,0.46739456,0.5257042,0.005378354,M,L
M03_English_L_0067.npy,-3.9465237,3.2555432,0.8883171,-3.0223005,0.00067955995,0.9121068,0.085501246,0.0017124304,L,L
M03_English_L_0041.npy,-1.372868,1.3932484,1.2823132,-4.910793,0.03209921,0.510274,0.45669356,0.00093323924,L,L
M03_English_L_0038.npy,-3.1158051,0.32522953,3.272485,-4.2853703,0.0015939594,0.04976222,0.9481489,0.00049492746,M,L
M03_English_L_0035.npy,-3.7586493,2.626631,2.3769007,-5.2536306,0.00094672886,0.5614586,0.43738234,0.0002123067,L,L
M09_English_L_0002.npy,-4.9020157,0.14481269,2.6601112,1.1446997,0.0003994912,0.06213223,0.76859444,0.16887385,M,L
M03_English_L_0051.npy,-3.394892,2.3134413,1.168761,-2.3826485,0.0024934344,0.75144196,0.23920326,0.0068613496,L,L
M03_English_L_0005.npy,-4.415322,4.2425575,1.0699077,-4.412465,0.00016671054,0.95947146,0.0401946,0.00016718739,L,L
M03_English_L_0012.npy,2.9902468,-1.2808193,0.19331676,-6.1042614,0.9301666,0.01299153,0.0567374,0.0001044398,N,L
M03_English_L_0021.npy,-1.519187,-0.2622835,2.6436834,-4.4520507,0.01452993,0.051065754,0.93363076,0.00077363657,M,L
M03_English_L_0045.npy,-4.5746293,2.4873421,1.6500993,-1.7334027,0.00059172785,0.6903945,0.29887348,0.010140304,L,L
M03_English_L_0019.npy,-2.2629433,0.28542835,3.0858982,-4.5590224,0.0044592805,0.057017554,0.93807423,0.00044883892,M,L
M03_English_L_0059.npy,-4.4842815,3.9256084,0.5798574,-2.5627954,0.0002147147,0.96434116,0.03397735,0.0014667388,L,L
M03_English_L_0040.npy,-2.550854,-0.24187092,3.2191644,-3.8120518,0.003013036,0.030323759,0.96580964,0.0008536369,M,L
M03_English_L_0058.npy,-1.7166504,0.90411115,2.0553112,-4.704418,0.017163895,0.23593815,0.7460329,0.00086505717,M,L
M09_English_L_0005.npy,-5.463618,4.8485928,0.8779665,-2.964416,3.2595854e-05,0.98106617,0.018504493,0.00039678175,L,L
M03_English_L_0039.npy,-3.7690916,1.2947415,2.8790996,-3.7737017,0.001073446,0.16981463,0.8280434,0.0010685088,M,L
M03_English_L_0060.npy,-4.1832914,1.9733583,2.4262476,-3.443422,0.0008216379,0.38768542,0.609771,0.0017218748,M,L
M03_English_L_0053.npy,-2.932473,1.5341147,1.909761,-3.09414,0.0046368856,0.4036832,0.58773524,0.0039447104,M,L
M03_English_L_0047.npy,-4.6338115,3.8788278,0.8350588,-2.7474635,0.00019149501,0.9531245,0.045421097,0.001262955,L,L
M03_English_L_0050.npy,-3.8927763,2.0033584,2.377073,-3.5484006,0.0011180204,0.40654483,0.59075946,0.0015776481,M,L
M03_English_L_0056.npy,-3.2887192,2.3095624,1.0137358,-2.860358,0.0028870204,0.7793863,0.21329585,0.0044308277,L,L
M03_English_L_0042.npy,-2.286075,1.1765786,2.4913995,-5.717549,0.0065903165,0.21024108,0.7829554,0.00021312585,M,L
M03_English_L_0027.npy,-0.8118452,2.161386,0.33910453,-5.3264923,0.042145815,0.8241617,0.1332311,0.00046139007,L,L
M03_English_L_0029.npy,-1.6852924,-0.09436624,2.6540685,-4.5556226,0.012103097,0.05940552,0.9278054,0.0006860059,M,L
M03_English_L_0048.npy,-2.8496003,-1.2082453,3.6853006,-2.7792377,0.0014367808,0.0074168877,0.98960483,0.0015415172,M,L
M03_English_L_0020.npy,-3.214368,1.1408206,2.8784106,-4.729594,0.0019166233,0.14926954,0.84839267,0.0004211943,M,L
M09_English_L_0007.npy,-5.1356397,2.1030378,1.285292,1.0890542,0.00039794733,0.5540427,0.24456863,0.20099062,L,L
CF09_Hindi_N_0103.npy,10.29221,-5.690168,-3.1947389,-6.737043,0.99999845,1.14535666e-07,1.388968e-06,4.02058e-08,N,N
CF04_Hindi_N_0047.npy,10.345447,-6.256843,-3.5652847,-5.577813,0.9999988,6.1619325e-08,9.091711e-07,1.2151102e-07,N,N
CM05_Hindi_N_0117.npy,6.6625423,-3.883354,-0.26014486,-7.6780467,0.9989889,2.6274596e-05,0.000984183,5.9091064e-07,N,N
CM24_Gujarati_N_0037.npy,8.8325815,-4.501156,-3.0577679,-6.457772,0.9999912,1.6189282e-06,6.856193e-06,2.2881258e-07,N,N
CF14_Hindi_N_0037.npy,8.543788,-4.866198,-1.8828282,-6.6944213,0.9999685,1.5000413e-06,2.9632225e-05,2.410551e-07,N,N
CM27_Gujarati_N_0052.npy,8.081521,-4.4525595,-2.621585,-5.638305,0.9999728,3.6016888e-06,2.2474414e-05,1.1003823e-06,N,N
CF20_Gujarati_N_0056.npy,9.8242235,-6.092454,-1.9523164,-7.0935283,0.99999225,1.2231266e-07,7.682639e-06,4.4948028e-08,N,N
CF02_English_N_0094.npy,8.811531,-5.411894,-1.7933565,-6.971603,0.99997437,6.650188e-07,2.4793884e-05,1.3978503e-07,N,N
CM38_English_N_0101.npy,8.615787,-4.0072417,-3.7706504,-6.0443087,0.99999213,3.2952266e-06,4.174799e-06,4.2973244e-07,N,N
CM30_Gujarati_N_0048.npy,5.7903876,-1.442377,-2.010696,-7.1373816,0.99886715,0.000721702,0.00040882756,2.4268845e-06,N,N
CM03_English_N_0052.npy,7.963647,-3.9065077,-2.7800415,-6.1391425,0.9999707,6.9959183e-06,2.1580554e-05,7.5028083e-07,N,N
CF14_Gujarati_N_0028.npy,8.606003,-5.3997827,-1.3862741,-6.9919677,0.99995327,8.2669357e-07,4.5749766e-05,1.6821588e-07,N,N
CM38_English_N_0014.npy,8.923539,-4.7142854,-3.274154,-6.1364255,0.99999356,1.194442e-06,5.0420426e-06,2.8809615e-07,N,N
CM38_English_N_0034.npy,8.662579,-4.386382,-3.1349885,-6.6300755,0.9999901,2.1523063e-06,7.5227617e-06,2.2828662e-07,N,N
CM24_Gujarati_N_0013.npy,8.795659,-5.1196995,-2.070112,-6.913629,0.99997985,9.049568e-07,1.9100587e-05,1.5049925e-07,N,N
CM03_English_N_0068.npy,7.636707,-3.8739612,-2.340546,-6.440697,0.99994266,1.0022027e-05,4.644182e-05,7.695489e-07,N,N
CM03_English_N_0007.npy,7.157459,-4.2146,-1.1141453,-6.4602737,0.9997316,1.1509621e-05,0.0002556061,1.2183642e-06,N,N
CM24_Gujarati_N_0050.npy,9.108649,-5.667721,-2.3488045,-6.51821,0.9999888,3.8255965e-07,1.0570273e-05,1.6343166e-07,N,N
CF04_Hindi_N_0017.npy,9.883699,-5.719295,-3.9131577,-5.1659102,0.99999845,1.6738045e-07,1.0188272e-06,2.9109628e-07,N,N
CF02_English_N_0090.npy,8.815672,-4.4954214,-2.813193,-6.597942,0.99998915,1.6560023e-06,8.905192e-06,2.0227755e-07,N,N
CM16_Hindi_N_0088.npy,7.1550217,-5.0306497,-0.16925384,-6.9352765,0.9993352,5.099664e-06,0.0006588989,7.592287e-07,N,N
CM05_English_N_0011.npy,8.240599,-4.9429855,-2.0479763,-6.550271,0.99996376,1.8811628e-06,3.4018318e-05,3.7704322e-07,N,N
CF04_Hindi_N_0061.npy,9.975932,-6.2509465,-2.7300577,-6.719081,0.9999969,8.9692186e-08,3.0328952e-06,5.6162524e-08,N,N
CF18_English_N_0056.npy,9.198127,-5.6068583,-2.4993393,-6.249517,0.99999106,3.717687e-07,8.314789e-06,1.9551041e-07,N,N
CM35_English_N_0082.npy,6.678783,-4.169672,-1.034333,-5.8145194,0.9995301,1.942547e-05,0.0004467168,3.7499337e-06,N,N
CF04_English_N_0003.npy,10.175559,-6.1171246,-2.9445844,-6.524901,0.99999785,8.3980204e-08,2.0044397e-06,5.585747e-08,N,N
CF04_Hindi_N_0093.npy,9.693677,-5.7694497,-3.574992,-4.89026,0.9999976,1.9250774e-07,1.7277829e-06,4.6374126e-07,N,N
CM03_English_N_0026.npy,7.560842,-3.7659454,-2.14174,-6.51706,0.999926,1.2044988e-05,6.112092e-05,7.69153e-07,N,N
CM05_Hindi_N_0090.npy,8.794696,-4.4889927,-3.0223532,-6.8446717,0.9999907,1.7020149e-06,7.3776287e-06,1.6140044e-07,N,N
CM05_English_N_0063.npy,7.5368814,-3.8906662,-1.3265984,-7.7288713,0.9998474,1.0889626e-05,0.0001414404,2.3447768e-07,N,N
CF14_Hindi_N_0124.npy,8.835906,-5.935486,-1.129326,-6.753455,0.99995244,3.8445486e-07,4.7003923e-05,1.6967029e-07,N,N
CF14_English_N_0005.npy,8.85821,-5.831107,-1.2160022,-7.057173,0.9999572,4.1734214e-07,4.2150885e-05,1.2246689e-07,N,N
CF02_English_N_0098.npy,8.021283,-4.344108,-2.4216087,-6.2702937,0.9999659,4.2634797e-06,2.9153774e-05,6.212014e-07,N,N
CM38_English_N_0052.npy,8.263724,-4.769114,-2.119779,-6.626675,0.9999665,2.1872352e-06,3.0937656e-05,3.413241e-07,N,N
CF14_Hindi_N_0081.npy,8.743153,-5.6055803,-1.7066419,-6.451607,0.9999702,5.866938e-07,2.8953355e-05,2.517601e-07,N,N
CM16_Hindi_N_0012.npy,9.413556,-5.9915495,-2.0833957,-6.540591,0.9999895,2.0400606e-07,1.016091e-05,1.178141e-07,N,N
CM05_Hindi_N_0057.npy,6.5692635,-4.1715326,-0.5208183,-6.0453887,0.9991425,2.1625143e-05,0.0008326147,3.3201175e-06,N,N
CM24_Gujarati_N_0001.npy,8.134715,-4.7542167,-2.3948228,-6.059161,0.9999701,2.5257787e-06,2.673417e-05,6.8495945e-07,N,N
CM03_English_N_0059.npy,8.243829,-4.70772,-2.6117449,-5.7153587,0.99997747,2.3724888e-06,1.929632e-05,8.66148e-07,N,N
CM30_English_N_0037.npy,6.021862,-1.5255511,-2.3075595,-7.000449,0.99922967,0.0005270667,0.00024112558,2.2087545e-06,N,N
CM05_Hindi_N_0081.npy,6.7532763,-2.1655662,-2.8519354,-5.67889,0.9997949,0.00013381564,6.736289e-05,3.9873958e-06,N,N
CM30_Gujarati_N_0035.npy,4.6950235,-0.38444215,-2.5667012,-6.071584,0.9931017,0.0061803027,0.0006970547,2.0946698e-05,N,N
CM05_Hindi_N_0110.npy,7.325226,-4.276821,-1.3017333,-6.2481194,0.9998105,9.14561e-06,0.00017917485,1.2737635e-06,N,N
CM30_English_N_0003.npy,7.6394987,-3.2489228,-3.0434825,-5.6890197,0.99995685,1.867238e-05,2.2930915e-05,1.6273443e-06,N,N
CF18_English_N_0033.npy,10.042405,-5.9636674,-3.54326,-5.9844227,0.99999845,1.1185366e-07,1.258404e-06,1.0955596e-07,N,N
CM30_Gujarati_N_0014.npy,4.636521,-0.00873439,-2.3846784,-6.828,0.989599,0.009507155,0.0008834687,1.0386778e-05,N,N
CM38_English_N_0050.npy,7.911861,-3.7907474,-2.5760539,-6.280239,0.99996316,8.271912e-06,2.787022e-05,6.8617214e-07,N,N
CF14_Hindi_N_0021.npy,9.060559,-5.0277863,-3.163713,-6.143721,0.99999416,7.61214e-07,4.909799e-06,2.4938035e-07,N,N
CM05_Hindi_N_0077.npy,8.456281,-4.3907294,-2.9581678,-6.3402686,0.99998593,2.633956e-06,1.1034732e-05,3.749163e-07,N,N
CM30_Gujarati_N_0015.npy,6.3507223,-1.8898013,-2.436769,-6.5810733,0.9995814,0.00026363577,0.00015256656,2.418861e-06,N,N
CF02_English_N_0055.npy,8.22697,-4.2303762,-2.6126716,-6.2137895,0.99997604,3.8889557e-06,1.9606185e-05,5.3511525e-07,N,N
CF02_Gujarati_N_0004.npy,9.570465,-5.723607,-2.7835062,-6.586744,0.99999535,2.2796429e-07,4.312572e-06,9.616368e-08,N,N
CF20_Gujarati_N_0062.npy,8.582001,-5.7378883,-0.8376894,-6.766389,0.9999181,6.038313e-07,8.11045e-05,2.1589545e-07,N,N
CF02_Gujarati_N_0030.npy,7.7033463,-4.721673,-0.96539384,-6.999026,0.99982375,4.016115e-06,0.0001718452,4.118742e-07,N,N
CM27_Gujarati_N_0002.npy,8.921473,-4.495468,-3.2974262,-6.373935,0.99999344,1.489683e-06,4.9362466e-06,2.276595e-07,N,N
CM38_English_N_0060.npy,7.8121867,-4.0716324,-2.2879672,-6.3485055,0.99995124,6.900834e-06,4.1071235e-05,7.080572e-07,N,N
CM35_English_N_0029.npy,8.321566,-4.067218,-3.166977,-5.8857274,0.99998486,4.164982e-06,1.0246671e-05,6.758412e-07,N,N
CM30_Gujarati_N_0041.npy,4.6779838,-0.06972019,-2.5235822,-6.6692014,0.99065924,0.008590583,0.000738455,1.1692419e-05,N,N
CM38_English_N_0013.npy,8.723196,-5.473942,-2.4672902,-5.8603106,0.999985,6.8273926e-07,1.3804706e-05,4.639349e-07,N,N
CM38_English_N_0054.npy,7.900712,-4.3199368,-2.355677,-6.4017324,0.99995935,4.9274477e-06,3.5130903e-05,6.144827e-07,N,N
CF20_Gujarati_N_0046.npy,9.0324135,-5.400491,-2.973279,-5.2158256,0.9999927,5.393439e-07,6.1092915e-06,6.4873154e-07,N,N
CF02_English_N_0010.npy,7.1626973,-3.9257245,-1.2669485,-6.6506495,0.99976546,1.528473e-05,0.00021824766,1.0019309e-06,N,N
CM35_English_N_0101.npy,9.012054,-4.772451,-3.2173643,-6.318864,0.9999939,1.0314841e-06,4.884592e-06,2.1971724e-07,N,N
CM30_Gujarati_N_0069.npy,6.983199,-2.0202925,-2.9369228,-6.729736,0.9998267,0.00012295836,4.9166625e-05,1.1078296e-06,N,N
CF04_English_N_0083.npy,9.771935,-5.4053836,-3.4065206,-6.460484,0.99999774,2.5619659e-07,1.8908981e-06,8.919667e-08,N,N
CM27_Gujarati_N_0038.npy,8.69818,-4.6642637,-2.737757,-5.9129186,0.9999871,1.5731089e-06,1.0800158e-05,4.5130966e-07,N,N
CF09_Hindi_N_0090.npy,9.491769,-5.919342,-1.9532573,-7.0412316,0.99998903,2.0278453e-07,1.0702455e-05,6.6039554e-08,N,N
CM35_English_N_0052.npy,7.8335414,-3.979658,-1.9582039,-6.816259,0.9999362,7.4056834e-06,5.590767e-05,4.3415508e-07,N,N
CF09_Hindi_N_0154.npy,9.484803,-5.730666,-3.030972,-5.701471,0.9999958,2.4660608e-07,3.6683089e-06,2.539121e-07,N,N
CM05_Hindi_N_0042.npy,7.2785225,-4.979945,-0.5504328,-6.691658,0.99959654,4.742855e-06,0.00039788053,8.5635224e-07,N,N
CF20_Gujarati_N_0001.npy,7.5352535,-4.6842637,-1.064146,-5.860054,0.99980944,4.9322894e-06,0.00018418125,1.5219805e-06,N,N
CM35_English_N_0059.npy,9.3210125,-5.006469,-3.0537953,-6.921993,0.9999951,5.993104e-07,4.2236443e-06,8.825719e-08,N,N
CF09_Hindi_N_0143.npy,9.716148,-5.849474,-3.1236353,-6.043978,0.999997,1.7375402e-07,2.653087e-06,1.4304179e-07,N,N
CF14_English_N_0039.npy,9.121647,-5.74868,-1.7815366,-6.7739697,0.99998116,3.4824978e-07,1.8399227e-05,1.2491462e-07,N,N
CM35_English_N_0121.npy,6.601527,-2.939278,-1.1919392,-7.3842053,0.99951506,7.182414e-05,0.00041222072,8.4306805e-07,N,N
CM05_Hindi_N_0094.npy,6.388842,-3.1843364,-1.4654386,-5.893206,0.99953794,6.9537775e-05,0.00038790787,4.632053e-06,N,N
CF18_English_N_0053.npy,10.101536,-5.8615313,-3.3671973,-6.0105786,0.99999833,1.16768945e-07,1.4144999e-06,1.0059979e-07,N,N
CF04_English_N_0008.npy,9.535136,-5.808175,-2.538182,-6.215306,0.9999939,2.1701109e-07,5.709812e-06,1.4443322e-07,N,N
CM05_English_N_0036.npy,7.257348,-2.5921311,-2.7483418,-6.529739,0.99990106,5.276943e-05,4.5137887e-05,1.0287301e-06,N,N
CF04_Hindi_N_0086.npy,10.317687,-5.9441853,-3.9408405,-5.3807254,0.99999917,8.660813e-08,6.420957e-07,1.521479e-07,N,N
CF14_Hindi_N_0006.npy,9.172172,-5.041194,-2.4991786,-6.9671082,0.9999907,6.717532e-07,8.53479e-06,9.790291e-08,N,N
CF14_Hindi_N_0019.npy,9.315042,-5.101332,-2.963434,-7.024094,0.99999475,5.48335e-07,4.6507544e-06,8.016801e-08,N,N
CF02_English_N_0031.npy,9.227129,-5.0541286,-3.1753466,-6.488772,0.9999951,6.276629e-07,4.1083863e-06,1.495096e-07,N,N
CM05_English_N_0080.npy,8.502525,-3.6864355,-3.1965997,-6.716342,0.9999863,5.086225e-06,8.300963e-06,2.457672e-07,N,N
CM16_Hindi_N_0046.npy,8.729386,-5.124302,-2.7970593,-5.733914,0.9999887,9.62531e-07,9.865599e-06,5.231948e-07,N,N
CM03_English_N_0092.npy,8.393992,-4.379524,-2.6772947,-6.615542,0.9999814,2.834811e-06,1.5552241e-05,3.0299384e-07,N,N
CF02_Gujarati_N_0053.npy,9.752102,-5.125681,-3.1261957,-6.819369,0.99999714,3.4566847e-07,2.5528486e-06,6.354782e-08,N,N
CF02_Gujarati_N_0012.npy,9.487668,-5.047777,-2.7281508,-6.674209,0.9999944,4.8678135e-07,4.9514797e-06,9.5715826e-08,N,N
CM30_English_N_0022.npy,5.041947,-0.2689227,-3.0050867,-6.127442,0.99475586,0.004911737,0.00031837163,1.4025313e-05,N,N
CF20_Gujarati_N_0044.npy,10.135543,-5.830612,-3.7509744,-5.2726297,0.9999987,1.1640896e-07,9.314542e-07,2.033832e-07,N,N
CF09_Hindi_N_0017.npy,10.087514,-5.982434,-2.9764073,-6.446396,0.99999774,1.04932305e-07,2.1203632e-06,6.59802e-08,N,N
CF20_Gujarati_N_0048.npy,9.3515835,-5.993597,-2.2070706,-6.2223873,0.9999901,2.1660502e-07,9.55292e-06,1.7230828e-07,N,N
CF02_English_N_0084.npy,8.633877,-4.868618,-1.8301083,-7.4522643,0.9999701,1.3675023e-06,2.8545383e-05,1.0324392e-07,N,N
CM38_English_N_0123.npy,9.204272,-5.55213,-2.4781203,-6.9988527,0.99999106,3.902759e-07,8.441074e-06,9.184771e-08,N,N
CF02_Gujarati_N_0061.npy,8.066283,-3.6832423,-2.494074,-7.0042806,0.9999659,7.892803e-06,2.5922709e-05,2.8505082e-07,N,N
CF09_Hindi_N_0121.npy,10.464771,-5.943837,-3.4509683,-6.6828423,0.9999989,7.478799e-08,9.0462976e-07,3.5717875e-08,N,N
CM05_English_N_0050.npy,7.5206966,-4.406907,-1.8937708,-5.7022395,0.99991,6.6049333e-06,8.152851e-05,1.8084748e-06,N,N
CM05_Hindi_N_0078.npy,7.3222175,-2.1342893,-3.500686,-5.873628,0.9999001,7.817141e-05,1.9935598e-05,1.8581196e-06,N,N
CF04_English_N_0009.npy,10.643789,-6.4458475,-3.3375583,-6.4335437,0.99999905,3.7849855e-08,8.471831e-07,3.831845e-08,N,N
CM30_Gujarati_N_0038.npy,6.751915,-2.2324512,-2.4781327,-6.702031,0.99977523,0.00012532613,9.802657e-05,1.435251e-06,N,N
CF20_Gujarati_N_0027.npy,9.553653,-5.143623,-2.944452,-6.2468014,0.9999957,4.1404985e-07,3.7337056e-06,1.3738779e-07,N,N
CF02_English_N_0066.npy,9.189404,-5.5370116,-2.520808,-6.3044353,0.9999912,4.0215653e-07,8.209483e-06,1.8668406e-07,N,N
CM35_English_N_0023.npy,7.094738,-4.759073,-0.7190988,-6.179134,0.99958724,7.108466e-06,0.0004039377,1.7181109e-06,N,N
CM30_Gujarati_N_0005.npy,6.2989273,-2.5687325,-1.8041642,-6.336964,0.9995535,0.00014080902,0.00030246718,3.251684e-06,N,N
CM05_Hindi_N_0111.npy,6.975937,-3.592967,-1.4682164,-6.608828,0.99975795,2.569675e-05,0.00021510271,1.2592345e-06,N,N
CF02_Gujarati_N_0046.npy,10.381917,-6.107619,-3.1908474,-6.7504787,0.99999857,6.89739e-08,1.2747431e-06,3.626553e-08,N,N
CM35_English_N_0046.npy,8.173424,-4.54667,-2.3767643,-6.663796,0.99997044,2.9903404e-06,2.6187781e-05,3.599687e-07,N,N
CF02_Gujarati_N_0039.npy,10.079543,-5.3190403,-3.420852,-6.4169126,0.99999845,2.0534283e-07,1.3704158e-06,6.849825e-08,N,N
CM38_English_N_0002.npy,7.8325067,-3.9945104,-2.0905588,-6.773816,0.99994326,7.3041083e-06,4.9027858e-05,4.5345038e-07,N,N
CF04_English_N_0011.npy,9.9780855,-6.07905,-3.1880193,-5.199348,0.99999774,1.06285306e-07,1.9143977e-06,2.5616728e-07,N,N
CF09_Hindi_N_0060.npy,8.241462,-4.7302322,-2.002042,-5.8464584,0.99996126,2.3251346e-06,3.5586567e-05,7.615127e-07,N,N
CF02_Gujarati_N_0041.npy,7.85368,-3.548311,-1.8818915,-7.4370704,0.9999294,1.1172429e-05,5.913767e-05,2.287077e-07,N,N
CF09_Hindi_N_0149.npy,9.03671,-5.9587035,-2.7272942,-5.12818,0.9999913,3.073061e-07,7.779548e-06,7.0511913e-07,N,N
CM03_English_N_0038.npy,6.8539076,-2.527552,-2.8184235,-6.1193857,0.9998504,8.425953e-05,6.299341e-05,2.3211614e-06,N,N
CM05_English_N_0081.npy,8.313396,-3.5442271,-2.896262,-7.0342813,0.99997914,7.08419e-06,1.3542475e-05,2.1606252e-07,N,N
CF14_Hindi_N_0044.npy,8.4108515,-5.1031466,-1.7609799,-6.5621533,0.99996006,1.351848e-06,3.8230726e-05,3.1425998e-07,N,N
CF04_English_N_0029.npy,10.544245,-6.516559,-3.2244544,-6.2269063,0.9999988,3.895707e-08,1.0479225e-06,5.204528e-08,N,N
CF04_Hindi_N_0059.npy,8.193747,-4.6485815,-2.5408204,-5.311539,0.99997413,2.6462844e-06,2.1778385e-05,1.3636972e-06,N,N
CM05_Hindi_N_0030.npy,6.819117,-2.8405313,-2.3728487,-5.8578672,0.9998313,6.3796164e-05,0.000101837235,3.1216355e-06,N,N
CM27_Gujarati_N_0029.npy,8.333407,-4.3729525,-2.4981034,-6.451266,0.99997675,3.031712e-06,1.9766265e-05,3.793916e-07,N,N
CM24_Gujarati_N_0068.npy,8.219943,-4.6755724,-1.9678133,-6.4146113,0.99995935,2.509176e-06,3.762668e-05,4.4083527e-07,N,N
CM03_English_N_0076.npy,8.145346,-3.436187,-3.4711533,-6.1764207,0.99998105,9.336759e-06,9.0159265e-06,6.0273703e-07,N,N
CF02_English_N_0086.npy,8.58889,-4.4544406,-2.4712868,-6.823592,0.9999819,2.1644391e-06,1.5726002e-05,2.0250518e-07,N,N
CF14_Hindi_N_0082.npy,7.993045,-5.35279,-0.37252524,-7.499921,0.9997656,1.5991008e-06,0.00023268975,1.8680507e-07,N,N
CM05_Hindi_N_0113.npy,6.7833176,-3.5705533,-0.99656105,-7.0357394,0.9995492,3.185484e-05,0.00041787446,9.960103e-07,N,N
CF02_Gujarati_N_0005.npy,8.99623,-5.327648,-1.501152,-7.842206,0.99997175,6.014596e-07,2.760785e-05,4.865728e-08,N,N
CF02_Gujarati_N_0024.npy,8.692607,-4.684349,-2.3234363,-6.9005656,0.9999819,1.5504365e-06,1.64356e-05,1.6902989e-07,N,N
CF02_English_N_0103.npy,7.20743,-4.8249855,-0.63082266,-6.1731353,0.9995983,5.9458494e-06,0.00039419916,1.5442574e-06,N,N
CF14_Hindi_N_0071.npy,8.902298,-5.95398,-1.113205,-7.31229,0.9999548,3.531678e-07,4.4699507e-05,9.079758e-08,N,N
CF04_English_N_0082.npy,10.012927,-5.9766836,-3.6200984,-5.244794,0.99999845,1.1371026e-07,1.2001948e-06,2.3640426e-07,N,N
CF09_English_N_0057.npy,8.384212,-4.691158,-2.6367,-5.730058,0.9999808,2.0961922e-06,1.635576e-05,7.417242e-07,N,N
CM30_English_N_0047.npy,6.1834393,-1.7707202,-2.098901,-7.19193,0.99939466,0.00035098562,0.0002527915,1.5519869e-06,N,N
CF20_Gujarati_N_0010.npy,7.252548,-4.302759,-1.1762365,-5.9752584,0.9997701,9.582833e-06,0.0002184367,1.7994382e-06,N,N
CF14_Hindi_N_0079.npy,8.876624,-5.239543,-2.5678084,-6.017962,0.9999882,7.403233e-07,1.0708807e-05,3.3990545e-07,N,N
CF14_Gujarati_N_0041.npy,8.478534,-5.5702677,-0.9504302,-7.0460334,0.9999187,7.9185884e-07,8.035591e-05,1.8102187e-07,N,N
CM30_Gujarati_N_0062.npy,7.124873,-2.6787355,-2.5264583,-6.658854,0.99987936,5.5245175e-05,6.433212e-05,1.0321689e-06,N,N
CM16_Hindi_N_0044.npy,9.084292,-5.896924,-1.7336951,-6.884503,0.9999795,3.1169617e-07,2.0035439e-05,1.1609973e-07,N,N
CF09_Hindi_N_0085.npy,9.401196,-5.2479706,-3.677318,-5.508881,0.99999714,4.3445695e-07,2.0896439e-06,3.34684e-07,N,N
CF14_Hindi_N_0038.npy,9.159627,-5.949762,-1.3220013,-7.166975,0.9999716,2.7419762e-07,2.8046217e-05,8.117721e-08,N,N
CM35_English_N_0110.npy,6.870113,-3.9567056,-0.7913161,-7.1066527,0.99950886,1.9849937e-05,0.00047040332,8.50657e-07,N,N
CM24_Gujarati_N_0015.npy,8.819137,-4.701532,-2.7025976,-6.6949167,0.99998856,1.3428995e-06,9.912185e-06,1.8294784e-07,N,N
CF09_Hindi_N_0171.npy,8.981291,-5.067032,-2.6162007,-6.2183604,0.99998975,7.9229426e-07,9.189017e-06,2.5053632e-07,N,N
CM05_Hindi_N_0124.npy,6.628338,-3.674099,-1.136138,-6.162829,0.9995394,3.3535784e-05,0.00042435655,2.7839856e-06,N,N
CF04_Hindi_N_0115.npy,10.197955,-6.095603,-3.5751307,-5.4519677,0.9999987,8.3906784e-08,1.0433364e-06,1.5970704e-07,N,N
CM38_English_N_0119.npy,8.568214,-5.1990995,-1.7328027,-7.008338,0.9999652,1.0493404e-06,3.3597746e-05,1.7185974e-07,N,N
CF02_Gujarati_N_0050.npy,9.915401,-5.3441887,-3.2838943,-5.9740453,0.99999774,2.3596263e-07,1.8519003e-06,1.2568985e-07,N,N
CM03_English_N_0082.npy,9.100907,-4.360196,-3.398494,-6.873008,0.99999475,1.4253278e-06,3.7288662e-06,1.1550866e-07,N,N
CM05_English_N_0059.npy,7.752256,-4.7166705,-1.1544383,-6.6930013,0.99986017,3.8437342e-06,0.00013545998,5.326523e-07,N,N
CM05_English_N_0076.npy,7.6372747,-3.8507311,-1.6943195,-7.1550765,0.9999008,1.0251313e-05,8.857211e-05,3.7646151e-07,N,N
CM30_Gujarati_N_0017.npy,6.4962473,-2.069707,-3.2597785,-5.4996257,0.9997454,0.00019043326,5.7929723e-05,6.1680544e-06,N,N
CF14_Hindi_N_0119.npy,8.970565,-5.090161,-2.1998618,-6.7821326,0.999985,7.82524e-07,1.4084419e-05,1.4410668e-07,N,N
CM05_Hindi_N_0010.npy,7.13721,-2.2014644,-2.6913989,-7.004424,0.9998574,8.794341e-05,5.3880005e-05,7.216132e-07,N,N
CF14_Gujarati_N_0071.npy,7.8970194,-4.695461,-1.3829389,-6.307825,0.9999027,3.3971392e-06,9.32659e-05,6.7744213e-07,N,N
CM27_Gujarati_N_0007.npy,8.312772,-4.489502,-2.1975932,-6.633759,0.9999696,2.7544188e-06,2.7251694e-05,3.2269386e-07,N,N
CF09_Hindi_N_0141.npy,9.214562,-5.761432,-2.402045,-6.1617904,0.99999046,3.1333164e-07,9.0150315e-06,2.0995725e-07,N,N
CM38_English_N_0020.npy,8.679894,-5.030842,-2.7035272,-6.162331,0.99998724,1.1104457e-06,1.1382486e-05,3.5817692e-07,N,N
CM05_English_N_0084.npy,8.232886,-3.6003392,-2.9889202,-6.579498,0.999979,7.2591615e-06,1.3378956e-05,3.690238e-07,N,N
CM05_Hindi_N_0101.npy,5.253295,-2.117969,-1.5249099,-6.120191,0.9982243,0.00062795554,0.0011362951,1.1475884e-05,N,N
CF14_Hindi_N_0147.npy,7.389895,-4.771578,-0.61502016,-7.0552564,0.9996606,5.226275e-06,0.0003337045,5.326023e-07,N,N
CM05_English_N_0049.npy,7.57237,-3.592689,-2.5263216,-5.921621,0.9999434,1.4159627e-05,4.1131e-05,1.3791441e-06,N,N
CM24_Gujarati_N_0056.npy,7.477381,-4.310674,-1.4114287,-6.6496863,0.99985373,7.5936236e-06,0.0001379035,7.3219877e-07,N,N
CM30_English_N_0018.npy,6.8951645,-1.7489967,-3.2964485,-6.449679,0.9997849,0.00017611447,3.7475304e-05,1.6007184e-06,N,N
CF14_Gujarati_N_0001.npy,9.512024,-5.4499717,-2.574676,-7.0714135,0.99999404,3.1774962e-07,5.633912e-06,6.27917e-08,N,N
CM16_Hindi_N_0058.npy,8.528139,-4.9376135,-2.699475,-5.7019978,0.9999846,1.4187023e-06,1.3301553e-05,6.605769e-07,N,N
CM38_English_N_0096.npy,8.08185,-4.166207,-2.5286849,-6.4948335,0.9999701,4.7942835e-06,2.4654168e-05,4.6710443e-07,N,N
CF09_Hindi_N_0080.npy,9.877236,-5.806623,-3.6817253,-5.9397016,0.99999845,1.543782e-07,1.2924596e-06,1.3514197e-07,N,N
CM30_Gujarati_N_0064.npy,6.722879,-2.91067,-1.6407204,-7.1654944,0.99970055,6.54746e-05,0.00023313351,9.2945e-07,N,N
CF04_Hindi_N_0048.npy,9.48785,-5.5904717,-2.4151802,-6.230456,0.9999927,2.8285578e-07,6.7698093e-06,1.4915007e-07,N,N
CM35_English_N_0118.npy,7.9610424,-4.4700537,-1.324162,-7.536156,0.9999031,3.9921006e-06,9.277801e-05,1.8604169e-07,N,N
CM03_English_N_0049.npy,6.1513014,-2.4029348,-1.9686795,-6.130157,0.9995053,0.00019263156,0.00029738716,4.6346368e-06,N,N
CF18_English_N_0059.npy,7.523456,-4.71711,-1.138693,-5.870775,0.99982077,4.829607e-06,0.00017298102,1.5236359e-06,N,N
CM16_Hindi_N_0076.npy,6.951872,-3.8722198,-0.72875124,-7.3323307,0.99951804,1.9904315e-05,0.00046146463,6.255187e-07,N,N
CM03_English_N_0100.npy,8.266826,-4.210107,-3.5758417,-4.882221,0.9999871,3.813568e-06,7.190999e-06,1.9473139e-06,N,N
CM05_English_N_0057.npy,7.2283545,-3.5416439,-2.3684626,-5.953336,0.99990916,2.1018881e-05,6.793849e-05,1.8846263e-06,N,N
CM05_English_N_0091.npy,7.420368,-2.8389409,-2.7167084,-6.373896,0.9999244,3.5027246e-05,3.9581373e-05,1.0213969e-06,N,N
CF14_Hindi_N_0030.npy,9.703888,-5.8130813,-2.9226801,-6.26115,0.9999963,1.8241649e-07,3.2835958e-06,1.1653875e-07,N,N
CF04_Hindi_N_0083.npy,10.3012,-6.1205745,-3.115147,-6.5629277,0.99999833,7.380971e-08,1.4905742e-06,4.742436e-08,N,N
CF18_English_N_0002.npy,8.748398,-5.3885202,-2.5314183,-5.4209304,0.99998593,7.251175e-07,1.2625024e-05,7.0199275e-07,N,N
CM38_English_N_0005.npy,9.125276,-4.8805003,-3.4603434,-6.5647616,0.9999956,8.267365e-07,3.4208435e-06,1.5342697e-07,N,N
CM24_Gujarati_N_0044.npy,7.1202793,-3.9810798,-1.4345021,-6.6650624,0.9997913,1.5088644e-05,0.00019258178,1.030414e-06,N,N
CF04_English_N_0024.npy,10.631219,-6.3054667,-3.2599776,-6.51956,0.9999989,4.4105267e-08,9.271066e-07,3.5604963e-08,N,N
CF18_English_N_0037.npy,9.863289,-5.915796,-3.1849682,-6.2935076,0.9999976,1.4035547e-07,2.1538378e-06,9.620371e-08,N,N
CM27_Gujarati_N_0060.npy,7.5315733,-3.183999,-2.7483957,-6.0785165,0.9999423,2.21953e-05,3.4311608e-05,1.2279703e-06,N,N
CM03_English_N_0073.npy,9.023749,-4.6310253,-3.404632,-6.6142197,0.99999464,1.1743684e-06,4.003321e-06,1.6162704e-07,N,N
CF02_Gujarati_N_0044.npy,9.65029,-5.2033176,-3.0328956,-6.3907037,0.9999964,3.541268e-07,3.102851e-06,1.08014945e-07,N,N
CM35_English_N_0083.npy,7.1229563,-4.6414804,-0.5404056,-6.9250364,0.999522,7.77253e-06,0.000469501,7.9218506e-07,N,N
CF02_English_N_0020.npy,8.134805,-4.472848,-2.2835324,-5.961897,0.999966,3.3461952e-06,2.9878518e-05,7.548585e-07,N,N
CM24_Gujarati_N_0028.npy,9.058065,-5.117379,-2.6746025,-6.7380795,0.9999912,6.977162e-07,8.027185e-06,1.3798052e-07,N,N
CF02_Gujarati_N_0019.npy,8.325784,-4.206288,-2.7502046,-6.8622994,0.9999807,3.6089584e-06,1.5479282e-05,2.534491e-07,N,N
CF09_English_N_0047.npy,9.842675,-5.7884803,-3.559715,-5.7965417,0.9999981,1.6273269e-07,1.5115237e-06,1.6142596e-07,N,N
CF09_Hindi_N_0116.npy,10.01293,-6.039275,-3.4196599,-5.976035,0.99999833,1.0681091e-07,1.4665598e-06,1.13783685e-07,N,N
CM30_English_N_0021.npy,4.228655,0.7056179,-2.8391201,-6.475811,0.9705118,0.028639494,0.0008269995,2.1782633e-05,N,N
CF14_Hindi_N_0122.npy,9.129451,-5.799793,-1.5956409,-7.097092,0.9999776,3.283238e-07,2.1985788e-05,8.9720565e-08,N,N
CF04_English_N_0012.npy,8.702498,-5.071213,-2.666367,-5.6421847,0.99998677,1.0426714e-06,1.1549375e-05,5.8908466e-07,N,N
CF09_Hindi_N_0140.npy,9.548166,-5.332825,-2.735634,-7.0865145,0.999995,3.4456056e-07,4.6260593e-06,5.965507e-08,N,N
CF09_Hindi_N_0009.npy,10.165761,-6.027994,-3.0096626,-6.41863,0.999998,9.271292e-08,1.8966418e-06,6.273209e-08,N,N
CM16_Hindi_N_0055.npy,8.947978,-5.2589207,-2.6102533,-6.075435,0.9999895,6.761106e-07,9.556951e-06,2.988204e-07,N,N
CF20_Gujarati_N_0014.npy,8.0803,-5.4498477,-1.480113,-5.4065495,0.9999268,1.3301475e-06,7.045851e-05,1.389005e-06,N,N
CM24_Gujarati_N_0022.npy,8.580831,-4.335167,-3.2238677,-6.0507884,0.9999896,2.4583803e-06,7.4693066e-06,4.421446e-07,N,N
CF14_Hindi_N_0090.npy,7.973341,-5.324255,-0.693153,-7.1387715,0.9998259,1.6782313e-06,0.00017223194,2.7341196e-07,N,N
CM38_English_N_0116.npy,7.6853876,-4.207991,-1.675337,-7.003049,0.99990666,6.8348736e-06,8.6029715e-05,4.176885e-07,N,N
CF14_Hindi_N_0001.npy,9.099469,-4.744006,-2.7548583,-6.738054,0.9999918,9.724147e-07,7.1076747e-06,1.3238775e-07,N,N
CM24_Gujarati_N_0043.npy,8.431205,-4.51759,-2.6792068,-6.2679315,0.99998236,2.3790412e-06,1.4955533e-05,4.1327428e-07,N,N
CF20_Gujarati_N_0042.npy,10.144266,-6.0742435,-3.1352668,-6.1232705,0.9999982,9.044613e-08,1.7091145e-06,8.611881e-08,N,N
CM16_Hindi_N_0041.npy,8.795335,-6.022496,-1.4684124,-6.4371543,0.9999645,3.6701374e-07,3.487352e-05,2.4243693e-07,N,N
CM05_English_N_0067.npy,6.647147,-2.1365721,-2.136153,-7.561776,0.9996929,0.00015316019,0.00015322432,6.74543e-07,N,N
CM03_English_N_0060.npy,8.267842,-5.0862184,-1.6831138,-6.5801263,0.9999504,1.586293e-06,4.767965e-05,3.561127e-07,N,N
CM03_English_N_0078.npy,8.160595,-4.0897536,-2.9476733,-6.4750857,0.99997973,4.783351e-06,1.4987576e-05,4.403476e-07,N,N
CF09_Hindi_N_0105.npy,9.926338,-5.8936253,-2.770507,-6.284161,0.99999666,1.3473353e-07,3.0607566e-06,9.117345e-08,N,N
CF04_English_N_0086.npy,10.650581,-6.286409,-3.6843357,-6.07881,0.9999993,4.4091824e-08,5.948731e-07,5.4264707e-08,N,N
CF04_Hindi_N_0054.npy,8.70148,-4.8033566,-2.7348106,-5.621253,0.99998724,1.3643263e-06,1.0796339e-05,6.021582e-07,N,N
CM05_Hindi_N_0109.npy,7.674083,-4.662349,-1.2283883,-6.804423,0.9998591,4.3882796e-06,0.00013603308,5.152328e-07,N,N
CM38_English_N_0085.npy,8.830623,-5.132491,-2.3781412,-6.5786757,0.99998534,8.627607e-07,1.355468e-05,2.0315173e-07,N,N
CF14_Hindi_N_0034.npy,8.913367,-6.2086363,-0.8768947,-7.176948,0.9999436,2.707527e-07,5.5991055e-05,1.0281123e-07,N,N
CF09_Hindi_N_0056.npy,9.453831,-5.9793143,-2.8153143,-6.0699716,0.999995,1.983663e-07,4.6943537e-06,1.811742e-07,N,N
CF14_Gujarati_N_0057.npy,8.674532,-5.401427,-2.6683574,-5.5946393,0.99998677,7.7069626e-07,1.1853315e-05,6.352901e-07,N,N
CM05_Hindi_N_0020.npy,6.801439,-2.6142437,-1.7686222,-7.6160746,0.9997284,8.141473e-05,0.00018964961,5.475651e-07,N,N
CF04_Hindi_N_0021.npy,9.879344,-6.0190697,-2.77784,-6.5644226,0.99999654,1.2456762e-07,3.1845898e-06,7.220395e-08,N,N
CF02_English_N_0016.npy,-0.087885655,-1.4689423,2.8320694,-5.626545,0.050516028,0.012695328,0.93659,0.00019861864,M,N
CM35_English_N_0020.npy,7.71233,-3.6751583,-2.550232,-6.514657,0.99995303,1.13359065e-05,3.4914487e-05,6.6264005e-07,N,N
CF14_Hindi_N_0117.npy,8.823892,-4.58664,-2.8107843,-6.3879004,0.9999894,1.4992545e-06,8.853599e-06,2.4751304e-07,N,N
CF09_Hindi_N_0048.npy,9.613207,-5.7752423,-3.158471,-5.946903,0.9999968,2.0743414e-07,2.8400718e-06,1.7471437e-07,N,N
CF14_Hindi_N_0118.npy,9.003584,-5.9840403,-1.2749861,-7.0210238,0.9999652,3.0970085e-07,3.4360426e-05,1.0979581e-07,N,N
CM35_English_N_0086.npy,7.657677,-4.5151944,-1.4594257,-6.5580206,0.99988437,5.1681945e-06,0.00010975958,6.701168e-07,N,N
CF14_Gujarati_N_0010.npy,8.852115,-5.6612334,-1.6895416,-6.749546,0.9999728,4.97647e-07,2.6412223e-05,1.6759962e-07,N,N
CF04_Hindi_N_0045.npy,9.954951,-5.9077654,-2.8314226,-6.2686343,0.999997,1.290947e-07,2.7986398e-06,8.998813e-08,N,N
CF14_Hindi_N_0087.npy,9.210359,-5.100784,-2.8148026,-6.692044,0.9999933,6.0918205e-07,5.991502e-06,1.2407129e-07,N,N
CF14_Hindi_N_0139.npy,9.264259,-5.1081963,-2.5690084,-6.939095,0.999992,5.7295216e-07,7.2589514e-06,9.182678e-08,N,N
CF09_Hindi_N_0101.npy,9.142977,-5.3909664,-2.0320399,-6.834718,0.99998534,4.875086e-07,1.40199245e-05,1.15071735e-07,N,N
CM03_English_N_0027.npy,8.354422,-4.167406,-2.8443248,-6.1676326,0.9999821,3.6461252e-06,1.3691099e-05,4.933374e-07,N,N
CM16_Hindi_N_0038.npy,9.760266,-5.611855,-3.145541,-6.758833,0.99999726,2.108488e-07,2.483578e-06,6.696452e-08,N,N
CF14_Hindi_N_0100.npy,9.487725,-5.7352457,-2.2280142,-6.9578547,0.99999154,2.4476202e-07,8.164234e-06,7.207288e-08,N,N
CF04_Hindi_N_0107.npy,10.303842,-6.0411434,-3.805479,-5.4828725,0.99999905,7.970074e-08,7.454173e-07,1.3928893e-07,N,N
CF02_English_N_0048.npy,6.654949,-4.6048017,-0.07409742,-6.10864,0.9987901,1.2865503e-05,0.0011942254,2.8596808e-06,N,N
CM05_Hindi_N_0089.npy,7.520293,-2.644117,-2.7838073,-7.0320477,0.9999275,3.851422e-05,3.3493056e-05,4.785937e-07,N,N
CF20_Gujarati_N_0041.npy,9.670639,-5.7358046,-2.6635091,-6.133072,0.99999523,2.0373446e-07,4.398913e-06,1.36941e-07,N,N
CF14_Hindi_N_0048.npy,7.8830075,-5.4746284,-1.0882572,-5.9978437,0.99987054,1.5805068e-06,0.000126991,9.366266e-07,N,N
CF04_English_N_0078.npy,10.189847,-5.7294397,-3.733678,-5.950732,0.9999988,1.2199474e-07,8.976137e-07,9.777662e-08,N,N
CF04_English_N_0110.npy,10.407395,-6.0046873,-3.681143,-6.0374026,0.99999917,7.452855e-08,7.6107114e-07,7.2129815e-08,N,N
CF04_Hindi_N_0102.npy,9.786873,-5.4954724,-3.5165203,-5.2399454,0.99999785,2.3065402e-07,1.6688173e-06,2.9780696e-07,N,N
CM35_English_N_0041.npy,9.00385,-5.033054,-2.4505868,-7.052861,0.99998844,8.013925e-07,1.0602202e-05,1.0632954e-07,N,N
CF04_Hindi_N_0139.npy,9.12928,-5.3047066,-3.0549812,-5.5321703,0.9999939,5.387615e-07,5.110224e-06,4.291512e-07,N,N
CF14_Gujarati_N_0030.npy,9.611208,-5.63337,-2.9160416,-6.3287992,0.99999607,2.395314e-07,3.626461e-06,1.1949264e-07,N,N
CM16_Hindi_N_0050.npy,9.363677,-5.3013234,-3.3945882,-5.725323,0.9999964,4.2763128e-07,2.87842e-06,2.798522e-07,N,N
CF18_English_N_0028.npy,10.209681,-5.9964585,-3.4996734,-5.933823,0.9999987,9.157203e-08,1.111994e-06,9.7491125e-08,N,N
CM38_English_N_0067.npy,8.580274,-4.311456,-2.9146192,-6.4451923,0.999987,2.5187637e-06,1.0181828e-05,2.9820671e-07,N,N
CM03_English_N_0033.npy,7.819423,-4.0429387,-2.386914,-5.845116,0.9999548,7.050535e-06,3.6933845e-05,1.1629106e-06,N,N
CF14_Hindi_N_0010.npy,9.82293,-6.6191096,-2.0419724,-6.985163,0.99999285,7.232857e-08,7.032912e-06,5.015733e-08,N,N
CM05_English_N_0058.npy,6.366539,-2.1140578,-2.5860827,-5.7852645,0.999658,0.00020738396,0.00012935326,5.2770356e-06,N,N
CF14_Hindi_N_0085.npy,8.403184,-5.2762055,-1.48875,-6.4929566,0.999948,1.1457605e-06,5.057843e-05,3.3936382e-07,N,N
CF04_Hindi_N_0052.npy,9.167802,-5.698537,-1.6581063,-7.0463243,0.9999796,3.4964094e-07,1.9877363e-05,9.084174e-08,N,N
CM16_Hindi_N_0007.npy,9.420548,-5.7131968,-2.7043028,-6.1265917,0.99999416,2.6760577e-07,5.4230236e-06,1.769947e-07,N,N
CM35_English_N_0005.npy,8.515626,-3.9762723,-2.8432088,-6.9846997,0.9999844,3.7569084e-06,1.1665779e-05,1.8547574e-07,N,N
CM05_English_N_0097.npy,7.3931046,-4.2014265,-1.5225774,-6.430386,0.9998555,9.215022e-06,0.00013424738,9.919088e-07,N,N
CF14_Hindi_N_0069.npy,7.2017565,-5.961112,0.781585,-7.0312343,0.99837166,1.917481e-06,0.001625725,6.5763226e-07,N,N
CM05_English_N_0062.npy,8.490666,-4.9224534,-2.4794416,-6.3931108,0.99998105,1.4953665e-06,1.7208158e-05,3.4359695e-07,N,N
CM35_English_N_0119.npy,7.1662455,-4.4315166,-0.5792492,-7.2975984,0.9995578,9.182562e-06,0.00043249613,5.226851e-07,N,N
CF14_Hindi_N_0062.npy,8.5641365,-5.7547665,-1.2211505,-6.2989135,0.9999428,6.04442e-07,5.6270277e-05,3.5077963e-07,N,N
CF14_Gujarati_N_0069.npy,8.641742,-5.5205564,-1.5557202,-6.5381866,0.99996173,7.0692835e-07,3.7263348e-05,2.5551975e-07,N,N
CM24_Gujarati_N_0038.npy,7.646549,-3.8953025,-2.1334994,-6.2077937,0.99993265,9.714225e-06,5.6565255e-05,9.618467e-07,N,N
CF04_Hindi_N_0066.npy,8.931083,-5.446406,-2.6270978,-5.75547,0.9999895,5.7007406e-07,9.557434e-06,4.1851106e-07,N,N
CF09_Hindi_N_0061.npy,8.5459585,-4.8090262,-2.8938966,-5.898587,0.9999871,1.5848875e-06,1.0757919e-05,5.33099e-07,N,N
CM30_Gujarati_N_0002.npy,6.3222694,-2.0381172,-2.5240204,-6.011559,0.99961793,0.00023386443,0.00014385974,4.3986624e-06,N,N
CF14_Hindi_N_0114.npy,7.611,-5.340885,-0.8028818,-5.965166,0.99977463,2.371209e-06,0.00022171724,1.2701298e-06,N,N
CM05_Hindi_N_0126.npy,6.448618,-2.1706054,-2.7061164,-5.4600143,0.99970704,0.00018054753,0.00010568712,6.730068e-06,N,N
CF02_English_N_0083.npy,9.488643,-5.5788894,-2.8451471,-6.487659,0.99999523,2.8592498e-07,4.4004905e-06,1.1523343e-07,N,N
CF14_Hindi_N_0027.npy,8.752624,-5.955184,-1.3201866,-6.7065654,0.9999572,4.0969604e-07,4.2210017e-05,1.9325964e-07,N,N
CM35_English_N_0045.npy,8.104642,-3.8743286,-2.2481287,-7.0301557,0.9999615,6.274549e-06,3.1903037e-05,2.6731541e-07,N,N
CF14_English_N_0041.npy,9.0508995,-6.0383334,-0.67934376,-7.6428027,0.99994016,2.797713e-07,5.9454247e-05,5.6232974e-08,N,N
CF14_Hindi_N_0033.npy,9.342757,-5.543393,-2.7300594,-6.3136234,0.9999938,3.4278702e-07,5.7126754e-06,1.5867832e-07,N,N
CF09_Hindi_N_0128.npy,10.247182,-6.1204805,-3.1393297,-6.158389,0.99999833,7.79137e-08,1.5357165e-06,7.501537e-08,N,N
CF14_Gujarati_N_0015.npy,7.908396,-5.459192,-0.5857557,-6.67609,0.99979335,1.564734e-06,0.00020461962,4.633919e-07,N,N
CF04_Hindi_N_0124.npy,8.783116,-4.558681,-2.7006788,-6.3984675,0.99998784,1.6059277e-06,1.0295463e-05,2.5510374e-07,N,N
CF02_English_N_0037.npy,9.055112,-4.8086576,-2.8324199,-6.6102095,0.999992,9.528794e-07,6.8755476e-06,1.5726567e-07,N,N
CF04_Hindi_N_0004.npy,10.180305,-6.2190895,-3.5659807,-5.172155,0.9999987,7.548014e-08,1.071676e-06,2.1503601e-07,N,N
CF02_Gujarati_N_0029.npy,8.708735,-4.8739877,-2.3315854,-6.653007,0.9999825,1.2620903e-06,1.604138e-05,2.1304562e-07,N,N
CM30_Gujarati_N_0071.npy,7.510792,-3.0817623,-2.361534,-6.90735,0.99992275,2.5100286e-05,5.157863e-05,5.473269e-07,N,N
CF02_English_N_0102.npy,9.310758,-5.571563,-3.3137136,-5.720947,0.99999607,3.4410317e-07,3.290485e-06,2.9635495e-07,N,N
CF04_Hindi_N_0127.npy,9.993833,-5.4203434,-3.5135992,-6.0334754,0.99999833,2.021658e-07,1.3608058e-06,1.0950351e-07,N,N
CF02_English_N_0013.npy,7.858815,-4.040354,-2.2908533,-6.0394387,0.99995315,6.7957317e-06,3.90872e-05,9.2054387e-07,N,N
CM38_English_N_0038.npy,8.000531,-3.457226,-3.6196249,-5.8686056,0.9999795,1.056697e-05,8.982998e-06,9.4776686e-07,N,N
CF04_English_N_0002.npy,9.483823,-5.729295,-2.785825,-6.417465,0.999995,2.471865e-07,4.6919954e-06,1.2420989e-07,N,N
CF14_Gujarati_N_0021.npy,9.319943,-5.611259,-2.7373765,-5.8532977,0.99999356,3.2768654e-07,5.8018945e-06,2.572424e-07,N,N
CF14_Gujarati_N_0052.npy,9.599086,-5.883211,-1.7189186,-7.253382,0.9999876,1.8885065e-07,1.2151996e-05,4.7980038e-08,N,N
CM24_Gujarati_N_0033.npy,8.140683,-4.2329493,-2.3633752,-6.507455,0.99996793,4.2284946e-06,2.7424032e-05,4.3489112e-07,N,N
CF20_Gujarati_N_0051.npy,9.806498,-5.687735,-2.9649713,-6.046851,0.9999968,1.8661179e-07,2.8406653e-06,1.3030969e-07,N,N
CM16_Hindi_N_0018.npy,7.551056,-4.7357416,-0.92706,-6.8155475,0.9997868,4.6112536e-06,0.0002079258,5.761965e-07,N,N
CM05_English_N_0041.npy,7.2832336,-2.8530343,-2.9273655,-5.4592314,0.9999206,3.9613245e-05,3.6775513e-05,2.9240398e-06,N,N
CM38_English_N_0084.npy,8.735025,-5.379012,-2.1961324,-6.498429,0.99998116,7.418963e-07,1.7891642e-05,2.422071e-07,N,N
CF02_Gujarati_N_0049.npy,9.398105,-5.7647247,-2.7863295,-6.4475083,0.9999945,2.5993484e-07,5.1093443e-06,1.3132127e-07,N,N
CF02_Gujarati_N_0040.npy,9.974509,-5.72943,-2.7699373,-6.518385,0.9999969,1.5130887e-07,2.9184735e-06,6.874263e-08,N,N
CF14_Hindi_N_0061.npy,9.330827,-6.3591967,-1.7013668,-6.4880333,0.99998355,1.5342717e-07,1.6172316e-05,1.3488051e-07,N,N
CF09_Hindi_N_0092.npy,8.407642,-5.5377502,-2.016481,-5.1219974,0.99996805,8.781709e-07,2.970617e-05,1.3308774e-06,N,N
CF18_English_N_0046.npy,8.857519,-5.6053915,-2.7189498,-5.432096,0.9999894,5.2339925e-07,9.38423e-06,6.2243527e-07,N,N
CM24_Gujarati_N_0070.npy,8.672907,-5.3572316,-2.0322874,-6.9077067,0.99997663,8.068231e-07,2.242761e-05,1.7116508e-07,N,N
CF04_English_N_0010.npy,9.529038,-6.2673025,-2.6848843,-5.468448,0.9999945,1.3795388e-07,4.960877e-06,3.0667061e-07,N,N
CM05_Hindi_N_0019.npy,0.15905187,2.1447437,-0.97582936,-4.463907,0.11607165,0.84547573,0.037312426,0.001140252,L,N
CM05_Hindi_N_0092.npy,6.84005,-2.7857234,-2.5067868,-5.7331634,0.99984324,6.59951e-05,8.722725e-05,3.4630173e-06,N,N
CF14_Hindi_N_0111.npy,8.565806,-5.348652,-1.3275099,-7.010477,0.9999484,9.057433e-07,5.050855e-05,1.7190308e-07,N,N
CM16_Hindi_N_0073.npy,6.866115,-3.9944255,-0.8897785,-6.3590283,0.999551,1.9192528e-05,0.00042801906,1.8038405e-06,N,N
CM03_English_N_0006.npy,8.484093,-4.215995,-2.942624,-6.060057,0.9999856,3.0508145e-06,1.090018e-05,4.8255845e-07,N,N
CM05_Hindi_N_0003.npy,7.0713673,-2.4511228,-2.5849693,-6.872501,0.99986196,7.3177136e-05,6.400977e-05,8.794169e-07,N,N
CM30_Gujarati_N_0073.npy,6.1545343,-2.4324563,-2.385925,-5.0397353,0.9996045,0.00018644283,0.00019532314,1.3747347e-05,N,N
CF14_Hindi_N_0109.npy,9.391074,-6.3527966,-1.2432587,-7.367065,0.9999757,1.4538287e-07,2.407451e-05,5.2725692e-08,N,N
CM05_English_N_0077.npy,8.168173,-3.2089365,-3.4700048,-6.2268806,0.99997914,1.1454471e-05,8.822559e-06,5.601424e-07,N,N
CF14_Hindi_N_0057.npy,8.46127,-5.2641187,-1.2881521,-7.13696,0.9999404,1.0942416e-06,5.8324888e-05,1.6817009e-07,N,N
CM03_English_N_0032.npy,7.9283805,-3.967796,-2.43068,-6.1738214,0.9999608,6.8161517e-06,3.1702988e-05,7.5071426e-07,N,N
CM24_Gujarati_N_0011.npy,8.6611,-4.911541,-2.866954,-6.0587883,0.99998844,1.274887e-06,9.849738e-06,4.0478884e-07,N,N
CF18_English_N_0042.npy,10.159923,-6.0380106,-3.3083994,-6.2795014,0.99999845,9.2326495e-08,1.4150817e-06,7.2518354e-08,N,N
CF14_Gujarati_N_0035.npy,7.4641333,-5.4694147,0.16334806,-7.093753,0.99932265,2.414e-06,0.0006745514,4.7565942e-07,N,N
CF14_Hindi_N_0031.npy,8.958255,-5.4217143,-2.4157808,-6.221108,0.9999877,5.686613e-07,1.1489831e-05,2.5567073e-07,N,N
CM30_Gujarati_N_0027.npy,4.8307276,0.10803552,-2.8882706,-6.4950314,0.990739,0.00880887,0.00044019092,1.1946609e-05,N,N
CM05_Hindi_N_0115.npy,7.7139373,-4.512255,-1.4406474,-6.777681,0.9998889,4.899862e-06,0.000105722174,5.085363e-07,N,N
CM24_Gujarati_N_0023.npy,8.211932,-3.934635,-2.3382561,-6.740348,0.9999682,5.306388e-06,2.6187723e-05,3.208437e-07,N,N
CF09_Hindi_N_0095.npy,10.929343,-6.3374434,-3.6573818,-6.5336123,0.9999995,3.170514e-08,4.6245074e-07,2.6057611e-08,N,N
CF04_Hindi_N_0056.npy,9.141017,-5.3358727,-2.4582682,-6.0499153,0.9999901,5.161339e-07,9.172552e-06,2.527305e-07,N,N
CM35_English_N_0073.npy,8.194642,-5.0724373,-1.5600251,-6.830882,0.9999399,1.730432e-06,5.8019737e-05,2.9817534e-07,N,N
CF09_Hindi_N_0028.npy,10.099152,-5.950451,-3.5157573,-5.4982986,0.99999857,1.0708918e-07,1.2221359e-06,1.6831112e-07,N,N
CM24_Gujarati_N_0040.npy,8.528181,-4.8552237,-2.4494865,-6.1446605,0.99998105,1.5404689e-06,1.7078559e-05,4.2428476e-07,N,N
CF20_Gujarati_N_0040.npy,9.655837,-5.612127,-3.1758697,-5.4701567,0.9999969,2.3399491e-07,2.6746018e-06,2.6968888e-07,N,N
CM30_Gujarati_N_0012.npy,7.5547123,-2.9274595,-3.2172625,-5.6990104,0.9999492,2.8030348e-05,2.0978228e-05,1.7537155e-06,N,N
CF02_English_N_0061.npy,7.882762,-3.9343603,-1.9037867,-6.975181,0.9999361,7.376684e-06,5.6198947e-05,3.5257358e-07,N,N
CF18_English_N_0043.npy,9.86812,-5.758332,-3.3702738,-5.6998053,0.99999785,1.6349986e-07,1.7808925e-06,1.7335444e-07,N,N
CM30_Gujarati_N_0029.npy,-0.25493786,3.7757652,-1.8493301,-5.953313,0.01738923,0.97902197,0.003530568,5.8278376e-05,L,N
CF14_Hindi_N_0042.npy,8.349208,-4.734021,-2.3263302,-5.952307,0.99997413,2.0797663e-06,2.3102632e-05,6.1506285e-07,N,N
CF09_Hindi_N_0022.npy,9.474209,-5.8880625,-2.6454263,-6.569163,0.99999416,2.1293536e-07,5.451387e-06,1.0775808e-07,N,N
CM30_Gujarati_N_0058.npy,4.9953756,-1.0489033,-2.1839402,-5.960731,0.99685884,0.002363941,0.0007597952,1.7396313e-05,N,N
CF02_Gujarati_N_0002.npy,8.592423,-4.562429,-2.137116,-7.400466,0.99997604,1.9360207e-06,2.1888181e-05,1.133355e-07,N,N
CF09_Hindi_N_0088.npy,8.996035,-5.924481,-1.4932928,-7.0163426,0.99997175,3.3120003e-07,2.7831122e-05,1.111478e-07,N,N
CM35_English_N_0065.npy,8.947824,-4.873555,-3.1084278,-6.220668,0.99999285,9.941418e-07,5.8080905e-06,2.5846683e-07,N,N
CF02_English_N_0003.npy,8.764045,-4.4607306,-2.639422,-7.007591,0.9999869,1.8052916e-06,1.1156589e-05,1.4140353e-07,N,N
CF14_English_N_0051.npy,6.927769,-4.6549435,-0.21540089,-6.729309,0.9991999,9.318466e-06,0.00078961096,1.1707358e-06,N,N
CM03_English_N_0047.npy,7.139958,-2.980105,-2.3713095,-6.061682,0.9998839,4.025892e-05,7.4004565e-05,1.8473539e-06,N,N
CF14_Hindi_N_0110.npy,8.791734,-5.897951,-1.1517632,-6.84243,0.99995136,4.1718607e-07,4.8036698e-05,1.622362e-07,N,N
CM35_English_N_0104.npy,8.428225,-4.7669225,-1.792445,-6.9744973,0.9999616,1.8595333e-06,3.6408506e-05,2.0448735e-07,N,N
CM03_English_N_0088.npy,8.929618,-4.864291,-3.176135,-5.998232,0.9999932,1.0218296e-06,5.5275837e-06,3.287867e-07,N,N
CF02_Gujarati_N_0022.npy,7.2698855,-3.6493528,-1.7983712,-6.5000653,0.99986553,1.8104094e-05,0.00011525185,1.0464728e-06,N,N
CF14_Hindi_N_0086.npy,8.306735,-5.875394,-0.4025971,-6.8584876,0.99983406,6.929591e-07,0.000165011,2.59272e-07,N,N
CM38_English_N_0023.npy,8.592505,-3.9537914,-3.451129,-6.446373,0.99999034,3.5580188e-06,5.8818214e-06,2.942347e-07,N,N
CM03_English_N_0080.npy,8.055444,-3.6881886,-2.654632,-6.669307,0.99996936,7.939479e-06,2.2318247e-05,4.0281793e-07,N,N
CF04_Hindi_N_0094.npy,9.903123,-5.7010646,-3.4939625,-4.8803926,0.99999785,1.6718094e-07,1.5195636e-06,3.798391e-07,N,N
CF14_Hindi_N_0053.npy,8.932087,-5.9889927,-0.90493894,-7.2111897,0.9999461,3.3100457e-07,5.3433138e-05,9.750813e-08,N,N
CM38_English_N_0053.npy,8.536242,-4.7280354,-2.5125403,-6.5081215,0.9999821,1.7353623e-06,1.5906222e-05,2.9262296e-07,N,N
CM30_Gujarati_N_0049.npy,7.627302,-3.1699703,-2.8961596,-6.1067796,0.9999515,2.0454223e-05,2.6896596e-05,1.0847839e-06,N,N
CF02_English_N_0071.npy,8.034915,-4.4780216,-1.7317278,-6.930966,0.9999386,3.6785277e-06,5.7329e-05,3.1649995e-07,N,N
CF18_English_N_0041.npy,10.346277,-5.982215,-3.4962044,-6.748303,0.9999989,8.1026286e-08,9.733884e-07,3.766326e-08,N,N
CF04_English_N_0094.npy,10.460836,-6.1580014,-3.2346776,-6.538579,0.9999988,6.060802e-08,1.1274919e-06,4.1423494e-08,N,N
CF04_English_N_0074.npy,10.171681,-6.283881,-2.9581735,-6.238942,0.99999785,7.13574e-08,1.9850681e-06,7.463728e-08,N,N
CM05_Hindi_N_0012.npy,7.3910294,-2.6336527,-3.115884,-6.167838,0.99992716,4.4289856e-05,2.7344751e-05,1.2924895e-06,N,N
CF04_Hindi_N_0108.npy,10.128733,-6.2633133,-2.7411416,-6.4048095,0.99999726,7.603678e-08,2.5744448e-06,6.600434e-08,N,N
CF02_English_N_0060.npy,8.329946,-4.0626717,-2.5139925,-6.889748,0.99997604,4.1490084e-06,1.9522131e-05,2.4556158e-07,N,N
CF14_Hindi_N_0012.npy,9.416073,-5.84165,-2.5832477,-6.2816,0.99999344,2.3640263e-07,6.148345e-06,1.5225953e-07,N,N
CF14_English_N_0010.npy,8.30103,-4.7084146,-1.8854718,-7.063163,0.9999598,2.2389906e-06,3.767391e-05,2.1251928e-07,N,N
CM38_English_N_0122.npy,8.781072,-4.9534917,-2.282431,-7.189592,0.9999832,1.0842949e-06,1.5673813e-05,1.1588357e-07,N,N
CM03_English_N_0089.npy,8.522595,-4.1555157,-3.4967492,-5.6990714,0.9999901,3.1186169e-06,6.0264397e-06,6.6619975e-07,N,N
CF02_Gujarati_N_0059.npy,6.750758,-3.2521536,-1.7971215,-6.7306476,0.9997595,4.525705e-05,0.00019390916,1.3963544e-06,N,N
CF02_English_N_0095.npy,7.7077875,-4.8611927,-1.0986061,-6.5685315,0.9998462,3.477719e-06,0.00014974938,6.3067625e-07,N,N
CM30_English_N_0013.npy,7.5511565,-2.9215343,-2.902013,-6.3169656,0.99994195,2.8297174e-05,2.8854984e-05,9.486934e-07,N,N
CF02_English_N_0051.npy,6.598513,-3.3224192,-1.7440262,-5.570272,0.9997075,4.9120936e-05,0.00023809724,5.188439e-06,N,N
CF14_Gujarati_N_0053.npy,8.732934,-5.2848425,-1.473952,-7.124565,0.9999621,8.168467e-07,3.6913832e-05,1.2976548e-07,N,N
CM03_English_N_0084.npy,8.113357,-3.4427598,-2.847397,-7.003324,0.9999727,9.577027e-06,1.7369744e-05,2.722058e-07,N,N
CM30_Gujarati_N_0022.npy,6.29274,-2.214179,-1.996776,-6.6260643,0.99954444,0.00020197341,0.0002510217,2.4503988e-06,N,N
CF04_Hindi_N_0129.npy,7.4298477,-4.495066,-1.6117963,-5.0453067,0.99987113,6.6224693e-06,0.000118360804,3.81991e-06,N,N
CF14_Gujarati_N_0046.npy,8.422238,-5.2418566,-1.0586447,-6.830533,0.9999223,1.1633898e-06,7.6290635e-05,2.3755918e-07,N,N
CF14_Hindi_N_0134.npy,7.639056,-5.4994226,-0.056774102,-7.18636,0.9995432,1.9671277e-06,0.00045451152,3.640868e-07,N,N
CF09_Hindi_N_0010.npy,9.954717,-5.8827534,-3.026139,-6.349248,0.9999975,1.3239546e-07,2.3040125e-06,8.3038024e-08,N,N
CM30_English_N_0016.npy,7.796538,-2.98371,-2.719562,-7.126755,0.99995184,2.0805444e-05,2.709536e-05,3.3027462e-07,N,N
CF14_Gujarati_N_0003.npy,9.12293,-5.4488754,-2.29731,-6.4678226,0.99998844,4.6939718e-07,1.0971046e-05,1.6944064e-07,N,N
CM35_English_N_0062.npy,7.6396885,-3.382851,-3.1538384,-5.6635394,0.9999615,1.632884e-05,2.0531194e-05,1.6690318e-06,N,N
CF09_Hindi_N_0159.npy,8.774075,-4.5938854,-2.812485,-6.3747888,0.9999889,1.564458e-06,9.290015e-06,2.6358921e-07,N,N
CF20_Gujarati_N_0036.npy,9.031534,-4.9882307,-2.5306954,-6.251656,0.9999894,8.152463e-07,9.518819e-06,2.3045726e-07,N,N
CM16_Hindi_N_0051.npy,9.421934,-5.413421,-3.3272722,-5.991011,0.99999654,3.606495e-07,2.9046141e-06,2.0241451e-07,N,N
CM16_Hindi_N_0054.npy,8.373751,-4.9039893,-2.598698,-5.873054,0.99998045,1.7121512e-06,1.716792e-05,6.496548e-07,N,N
CF09_Hindi_N_0043.npy,10.211762,-6.112382,-3.4035246,-5.7997484,0.99999857,8.137923e-08,1.2216743e-06,1.11247076e-07,N,N
CM38_English_N_0011.npy,8.174378,-5.817169,-0.94985706,-6.5141187,0.99988973,8.3849443e-07,0.00010898008,4.1765597e-07,N,N
CF14_English_N_0034.npy,9.115452,-5.202512,-2.3465202,-7.0208178,0.9999888,6.050379e-07,1.0522619e-05,9.8198015e-08,N,N
CF04_Hindi_N_0121.npy,7.4221234,-2.4987185,-3.6270835,-5.3982787,0.9999323,4.9136426e-05,1.589868e-05,2.7048345e-06,N,N
CF14_Hindi_N_0128.npy,9.833583,-5.8203855,-3.0636058,-6.4623046,0.99999726,1.5906204e-07,2.5050774e-06,8.371148e-08,N,N
CM35_English_N_0015.npy,9.265017,-5.8819513,-1.8687272,-7.1999555,0.999985,2.6408813e-07,1.4610672e-05,7.068825e-08,N,N
CM27_Gujarati_N_0045.npy,8.177007,-4.344296,-2.4691813,-6.3946443,0.999972,3.6480012e-06,2.3790702e-05,4.694615e-07,N,N
CF09_Hindi_N_0104.npy,10.249699,-5.8873196,-3.586147,-5.963885,0.9999988,9.812542e-08,9.798689e-07,9.089289e-08,N,N
CF09_Hindi_N_0131.npy,10.240479,-6.3071427,-3.1566913,-5.845202,0.99999833,6.508158e-08,1.519434e-06,1.0329431e-07,N,N
CF14_Gujarati_N_0061.npy,9.432836,-5.829836,-2.7430797,-6.3677735,0.9999945,2.3523592e-07,5.153058e-06,1.3736626e-07,N,N
CF04_Hindi_N_0100.npy,10.8497095,-6.511723,-3.5379758,-6.1814976,0.9999993,2.8841983e-08,5.642962e-07,4.0127308e-08,N,N
CF04_Hindi_N_0023.npy,10.236194,-6.0334806,-3.1215384,-6.262758,0.99999833,8.593489e-08,1.5805567e-06,6.832756e-08,N,N
CM30_English_N_0045.npy,8.489369,-4.010124,-2.9624288,-6.7897625,0.99998546,3.7284867e-06,1.0630184e-05,2.3139341e-07,N,N
CF09_Hindi_N_0019.npy,10.150436,-6.037631,-2.8869412,-6.6733375,0.99999774,9.324171e-08,2.1773988e-06,4.9377228e-08,N,N
CF04_English_N_0106.npy,10.327933,-5.906916,-3.164117,-6.4201,0.99999845,8.898025e-08,1.3818993e-06,5.326241e-08,N,N
CF04_English_N_0046.npy,8.420065,-6.1140003,-0.49492756,-7.159736,0.99986494,4.873905e-07,0.00013434124,1.7128507e-07,N,N
CF14_Gujarati_N_0026.npy,9.552502,-5.669304,-2.710623,-6.4237895,0.9999949,2.4504826e-07,4.7227018e-06,1.15234485e-07,N,N
CM30_English_N_0005.npy,8.444167,-3.2513978,-3.8598096,-6.0975575,0.99998665,8.330571e-06,4.533618e-06,4.8373016e-07,N,N
CF18_English_N_0038.npy,10.257095,-6.088193,-3.560934,-5.8655043,0.9999988,7.967672e-08,9.974832e-07,9.95504e-08,N,N
CF09_Hindi_N_0096.npy,9.72579,-6.0615897,-2.6422594,-6.4324937,0.99999547,1.3919573e-07,4.2522847e-06,9.606049e-08,N,N
CF14_Gujarati_N_0032.npy,8.47802,-5.85995,-0.6711218,-6.9386973,0.99989283,5.929967e-07,0.00010629966,2.0163137e-07,N,N
CM35_English_N_0038.npy,7.4452634,-4.0293984,-1.9863651,-6.3805914,0.99990857,1.0389102e-05,8.014127e-05,9.896181e-07,N,N
CM03_English_N_0008.npy,7.463956,-4.5846496,-2.3113031,-5.321553,0.99993443,5.852331e-06,5.6836914e-05,2.8008863e-06,N,N
CF09_English_N_0004.npy,9.461753,-5.394122,-2.4798317,-7.017528,0.99999297,3.533234e-07,6.5137733e-06,6.9684525e-08,N,N
CF04_Hindi_N_0077.npy,10.805922,-6.333662,-3.6583176,-6.2476754,0.9999994,3.6005858e-08,5.227096e-07,3.9238905e-08,N,N
CF02_English_N_0063.npy,8.317313,-5.9332457,-0.23241623,-7.38415,0.9998056,6.471076e-07,0.00019355986,1.5165493e-07,N,N
CF02_Gujarati_N_0054.npy,9.114078,-4.7946343,-2.7280529,-6.933757,0.9999918,9.1100213e-07,7.194895e-06,1.0727796e-07,N,N
CF04_English_N_0060.npy,9.818143,-5.593383,-3.2737997,-6.1910367,0.9999976,2.0270215e-07,2.061771e-06,1.1150656e-07,N,N
CF04_Hindi_N_0085.npy,10.258001,-6.041428,-3.4006195,-5.958036,0.9999987,8.341562e-08,1.1698651e-06,9.067003e-08,N,N
CM05_Hindi_N_0050.npy,7.4763637,-4.6045966,-1.0887253,-6.730915,0.9998031,5.6652634e-06,0.00019060903,6.7572734e-07,N,N
CF04_Hindi_N_0025.npy,10.284742,-6.1170125,-3.2971714,-6.637654,0.99999857,7.530225e-08,1.2631331e-06,4.4740034e-08,N,N
CM30_English_N_0001.npy,8.455768,-4.149621,-2.800986,-6.5650997,0.99998343,3.353838e-06,1.291953e-05,2.995801e-07,N,N
CF14_Gujarati_N_0054.npy,7.7287493,-5.4033055,-0.6392568,-5.9199767,0.9997646,1.9802437e-06,0.00023212345,1.1812223e-06,N,N
CF04_English_N_0015.npy,10.132489,-6.241799,-2.8804893,-6.219375,0.9999976,7.739908e-08,2.2311779e-06,7.915433e-08,N,N
CM27_Gujarati_N_0021.npy,8.507222,-4.392816,-2.99498,-5.886839,0.99998677,2.497923e-06,1.0107678e-05,5.6070303e-07,N,N
CF02_English_N_0089.npy,9.341228,-5.016313,-2.8623855,-7.2984843,0.9999944,5.815635e-07,5.0122835e-06,5.9355738e-08,N,N
CM03_English_N_0011.npy,6.993613,-3.111923,-2.2265148,-6.213283,0.99985826,4.0847e-05,9.901207e-05,1.8376232e-06,N,N
CM38_English_N_0110.npy,8.143728,-3.4319365,-2.9795086,-6.705172,0.99997544,9.391654e-06,1.476485e-05,3.557903e-07,N,N
CF04_Hindi_N_0125.npy,8.967733,-4.7057,-2.56554,-5.991425,0.9999888,1.1526528e-06,9.798464e-06,3.1865108e-07,N,N
CM35_English_N_0124.npy,7.93285,-4.2507505,-2.4402504,-5.9291015,0.9999627,5.113442e-06,3.126105e-05,9.545851e-07,N,N
CF04_Hindi_N_0084.npy,9.978837,-5.6078672,-4.29286,-4.6285863,0.9999988,1.7012958e-07,6.336949e-07,4.5297676e-07,N,N
CM35_English_N_0048.npy,8.258795,-4.1070585,-2.865421,-5.9599643,0.99998033,4.2615698e-06,1.4750469e-05,6.681326e-07,N,N
CM05_English_N_0016.npy,7.950651,-4.4410386,-1.7140574,-6.8310246,0.99993193,4.152677e-06,6.348054e-05,3.8051382e-07,N,N
CM35_English_N_0129.npy,5.304564,-2.3726976,-1.4298315,-4.892467,0.99831295,0.00046246027,0.0011872875,3.7217946e-05,N,N
CM05_Hindi_N_0001.npy,7.895523,-2.8805492,-3.320358,-6.437806,0.9999651,2.0892769e-05,1.3458276e-05,5.9579804e-07,N,N
CM38_English_N_0140.npy,7.601047,-4.7250705,-1.3267827,-5.667881,0.9998611,4.4337876e-06,0.00013262716,1.7270991e-06,N,N
CM05_Hindi_N_0107.npy,6.730844,-3.1421924,-1.0224421,-7.853547,0.999519,5.1521187e-05,0.00042912277,4.633089e-07,N,N
CM27_Gujarati_N_0019.npy,8.833752,-4.959097,-2.9865232,-5.6848965,0.99999106,1.0229116e-06,7.353874e-06,4.9502523e-07,N,N
CM35_English_N_0107.npy,9.106159,-5.198913,-3.3868237,-5.7253165,0.99999535,6.128918e-07,3.752878e-06,3.6205094e-07,N,N
CF02_Gujarati_N_0047.npy,8.370601,-5.1081285,-2.0832982,-5.883215,0.9999691,1.4003896e-06,2.8834724e-05,6.45109e-07,N,N
CF09_Hindi_N_0082.npy,9.284734,-5.5003343,-2.8927252,-5.7673135,0.99999416,3.7924843e-07,5.145106e-06,2.9038634e-07,N,N
CM24_Gujarati_N_0061.npy,7.472484,-4.454567,-1.1977327,-6.935861,0.99982125,6.607995e-06,0.00017159124,5.5265934e-07,N,N
CM27_Gujarati_N_0034.npy,8.00586,-3.8442123,-2.3754451,-6.5212207,0.9999614,7.1377603e-06,3.100555e-05,4.9085395e-07,N,N
CF04_English_N_0054.npy,9.773339,-6.0122013,-3.3377717,-5.8519588,0.9999976,1.3945234e-07,2.0226278e-06,1.6368861e-07,N,N
CF09_Hindi_N_0150.npy,9.244827,-5.6004014,-2.3406258,-6.7063313,0.9999902,3.5710428e-07,9.30031e-06,1.1816684e-07,N,N
CF04_Hindi_N_0036.npy,10.098015,-5.9455266,-3.215472,-6.298595,0.9999981,1.0774023e-07,1.6520578e-06,7.569058e-08,N,N
CM30_Gujarati_N_0050.npy,7.8877754,-3.1434114,-3.4026556,-5.893349,0.9999703,1.6188384e-05,1.2491518e-05,1.0349538e-06,N,N
CF14_Gujarati_N_0025.npy,9.36684,-6.1717324,-1.856458,-6.7709737,0.9999864,1.785163e-07,1.3359114e-05,9.8046186e-08,N,N
CF02_English_N_0059.npy,7.1741447,-4.334111,-1.1471605,-6.0531883,0.99974495,1.0044242e-05,0.00024321607,1.8002444e-06,N,N
CF02_Gujarati_N_0070.npy,6.2753224,-3.544268,-1.2901126,-5.14722,0.99941695,5.4344142e-05,0.00051775,1.0939551e-05,N,N
CF18_English_N_0030.npy,9.939473,-5.86888,-3.3537686,-5.822796,0.9999981,1.3630712e-07,1.6858455e-06,1.4273574e-07,N,N
CM05_Hindi_N_0034.npy,6.5368156,-2.5140264,-2.2340329,-6.2205853,0.9997247,0.000117259915,0.00015514916,2.880128e-06,N,N
CF02_English_N_0104.npy,8.072597,-3.866946,-2.1916587,-7.3060684,0.9999584,6.5268614e-06,3.4855584e-05,2.0946555e-07,N,N
CF18_English_N_0005.npy,9.442742,-5.8838983,-3.3162022,-5.082484,0.9999964,2.2065959e-07,2.8764662e-06,4.9178203e-07,N,N
CF09_Hindi_N_0021.npy,9.501728,-5.497174,-3.2545712,-5.8327627,0.99999666,3.0623755e-07,2.8840864e-06,2.1893432e-07,N,N
CM30_English_N_0009.npy,8.312882,-3.4668696,-3.663667,-5.928705,0.99998534,7.657949e-06,6.28991e-06,6.530565e-07,N,N
CM03_English_N_0102.npy,8.799537,-4.0730715,-3.711421,-6.1333594,0.99999344,2.5674055e-06,3.6860165e-06,3.2713194e-07,N,N
CM16_Hindi_N_0024.npy,9.591338,-5.4074645,-2.3470538,-6.8958774,0.9999931,3.062668e-07,6.5346053e-06,6.913381e-08,N,N
CM27_Gujarati_N_0062.npy,8.340722,-4.076769,-2.6624954,-6.630472,0.9999789,4.0470914e-06,1.6647697e-05,3.1483555e-07,N,N
CF02_English_N_0015.npy,7.691288,-3.8741045,-1.9138814,-6.7497225,0.99992263,9.488122e-06,6.737432e-05,5.3495256e-07,N,N
CM05_Hindi_N_0105.npy,8.902114,-4.7968864,-2.9926074,-6.3371806,0.9999919,1.1235599e-06,6.8262902e-06,2.4079927e-07,N,N
CM38_English_N_0028.npy,6.829639,-3.3249967,-1.602956,-6.63716,0.9997421,3.8885337e-05,0.00021759977,1.4168752e-06,N,N
CF09_English_N_0043.npy,10.060111,-6.679145,-2.1713064,-6.334964,0.999995,5.3731796e-08,4.874843e-06,7.5806646e-08,N,N
CF20_Gujarati_N_0037.npy,10.261495,-6.191327,-3.061713,-6.1100707,0.9999982,7.155327e-08,1.6360764e-06,7.761022e-08,N,N
CF02_English_N_0001.npy,7.430699,-4.6566844,-0.8524749,-6.5055904,0.9997408,5.6286412e-06,0.00025266834,8.8600075e-07,N,N
CM30_English_N_0048.npy,7.1827602,-2.557606,-3.0074499,-6.011393,0.9999018,5.8853213e-05,3.7532307e-05,1.8612709e-06,N,N
CM35_English_N_0021.npy,7.595999,-4.3197947,-0.97878593,-7.5532537,0.9998043,6.6826956e-06,0.00018877022,2.6343804e-07,N,N
CF02_Gujarati_N_0060.npy,7.199254,-3.1662054,-1.8077921,-6.6834207,0.999845,3.149712e-05,0.00012252436,9.3489643e-07,N,N
CF14_English_N_0029.npy,8.97483,-5.636851,-1.5309533,-7.211212,0.999972,4.5104036e-07,2.7376896e-05,9.3428376e-08,N,N
CM16_Hindi_N_0025.npy,9.121754,-4.653063,-3.4058375,-6.5939403,0.99999523,1.0415284e-06,3.6252168e-06,1.4954041e-07,N,N
CM03_English_N_0005.npy,6.889288,-3.4828823,-1.1867759,-7.163113,0.99965715,3.128057e-05,0.0003107857,7.8880754e-07,N,N
CF02_Gujarati_N_0028.npy,8.01121,-4.9030848,-1.5228112,-6.41233,0.99992466,2.462409e-06,7.234265e-05,5.443815e-07,N,N
CF02_English_N_0082.npy,9.824468,-5.202202,-2.9210842,-7.105619,0.9999968,2.978509e-07,2.915249e-06,4.4397204e-08,N,N
CM16_Hindi_N_0019.npy,8.375716,-5.2821126,-1.4494559,-7.158183,0.99994457,1.1707281e-06,5.4070173e-05,1.7934495e-07,N,N
CF14_English_N_0048.npy,8.798774,-4.886029,-2.828107,-6.1601167,0.9999896,1.1396226e-06,8.922887e-06,3.1873645e-07,N,N
CM35_English_N_0022.npy,7.168237,-3.17157,-1.6440151,-7.3323197,0.9998184,3.231467e-05,0.0001488705,5.039753e-07,N,N
CF14_Hindi_N_0107.npy,9.021004,-5.648097,-1.4371867,-7.4516582,0.9999708,4.2587072e-07,2.8711293e-05,7.014572e-08,N,N
CF09_English_N_0044.npy,9.869253,-5.8434267,-2.7595325,-6.4217134,0.99999654,1.4999209e-07,3.2763205e-06,8.412437e-08,N,N
CF18_English_N_0025.npy,9.239978,-5.5284834,-3.024422,-5.8137736,0.9999945,3.8559944e-07,4.716682e-06,2.8989226e-07,N,N
CM35_English_N_0097.npy,8.42797,-4.1778617,-3.132866,-5.986959,0.9999865,3.3523645e-06,9.532064e-06,5.491238e-07,N,N
CM35_English_N_0096.npy,8.307521,-4.769754,-1.6300392,-6.955625,0.99994934,2.0921361e-06,4.8322625e-05,2.3511383e-07,N,N
CM03_English_N_0045.npy,5.647921,-1.7299143,-2.1789749,-5.9360504,0.9989679,0.00062430726,0.00039845004,9.304581e-06,N,N
CF20_Gujarati_N_0026.npy,9.960445,-5.646361,-3.343047,-6.1307073,0.9999981,1.6674373e-07,1.668652e-06,1.0273077e-07,N,N
CM30_English_N_0024.npy,6.265414,-2.4028437,-1.6823394,-6.812635,0.9994728,0.0001718678,0.0003532688,2.0895202e-06,N,N
CM03_English_N_0009.npy,6.659234,-2.9531305,-1.65817,-6.773345,0.99968755,6.687554e-05,0.0002441528,1.4661193e-06,N,N
CM30_English_N_0002.npy,8.255092,-3.385883,-3.4458818,-6.3889303,0.9999825,8.797943e-06,8.285604e-06,4.3669118e-07,N,N
CF14_Hindi_N_0008.npy,8.975353,-5.7259073,-2.2451682,-5.9691353,0.99998593,4.1239898e-07,1.3396247e-05,3.2335902e-07,N,N
CF04_English_N_0093.npy,10.98661,-6.456323,-3.95262,-6.036377,0.9999995,2.658458e-08,3.2506833e-07,4.0458552e-08,N,N
CM30_Gujarati_N_0053.npy,7.2012644,-2.4056394,-2.7850015,-6.6437454,0.9998858,6.725506e-05,4.602249e-05,9.708208e-07,N,N
CF14_English_N_0026.npy,9.047016,-4.5679893,-2.9822066,-6.575445,0.9999926,1.2220108e-06,5.967217e-06,1.6415271e-07,N,N
CM03_English_N_0085.npy,8.926909,-4.8699274,-2.9436262,-6.677239,0.9999918,1.0188407e-06,6.9933976e-06,1.671863e-07,N,N
CF04_Hindi_N_0024.npy,10.571952,-6.366472,-3.2577794,-6.2988544,0.9999989,4.40287e-08,9.858791e-07,4.7108763e-08,N,N
CM24_Gujarati_N_0005.npy,9.3649,-5.3343806,-3.208661,-6.3466744,0.99999595,4.1322076e-07,3.462344e-06,1.5015786e-07,N,N
CM05_English_N_0001.npy,7.279383,-3.489751,-2.291297,-5.6384606,0.9999068,2.1037002e-05,6.97374e-05,2.453642e-06,N,N
CF14_English_N_0033.npy,8.897109,-5.8251667,-1.4131906,-6.7221994,0.99996614,4.0381477e-07,3.328733e-05,1.6466672e-07,N,N
CF09_English_N_0054.npy,9.935655,-6.2486124,-2.9875705,-5.7439485,0.9999974,9.3596796e-08,2.4406943e-06,1.5503635e-07,N,N
CF04_Hindi_N_0117.npy,10.322384,-6.078214,-3.2139456,-6.3683057,0.99999857,7.538934e-08,1.322045e-06,5.6405987e-08,N,N
CM30_Gujarati_N_0024.npy,6.7063494,-2.3819432,-2.2088192,-6.989714,0.9997516,0.00011295269,0.00013430232,1.1265931e-06,N,N
CM30_English_N_0011.npy,6.3468323,-1.9855937,-2.6602452,-5.8577085,0.999632,0.00024049911,0.0001224944,5.005825e-06,N,N
CF14_English_N_0050.npy,8.78196,-5.4588504,-2.0244095,-6.232406,0.9999788,6.535599e-07,2.0269566e-05,3.015327e-07,N,N
CM16_Hindi_N_0070.npy,8.561783,-4.76377,-2.5808854,-6.351394,0.99998367,1.6322205e-06,1.448084e-05,3.3364316e-07,N,N
CF04_Hindi_N_0112.npy,10.118724,-5.906767,-3.9250994,-5.0748835,0.9999988,1.0970279e-07,7.9587437e-07,2.520575e-07,N,N
CM38_English_N_0004.npy,8.535171,-4.647926,-3.0258186,-6.109065,0.9999882,1.8821277e-06,9.530617e-06,4.3660043e-07,N,N
CF09_Hindi_N_0045.npy,10.161159,-6.2093,-3.1808913,-5.908511,0.9999982,7.769613e-08,1.6055385e-06,1.0496158e-07,N,N
CF04_English_N_0045.npy,10.599488,-6.430949,-3.1070726,-6.6625705,0.9999988,4.0158223e-08,1.1151046e-06,3.185538e-08,N,N
CF14_Gujarati_N_0063.npy,9.207278,-5.458905,-2.0655975,-7.112023,0.99998677,4.2712176e-07,1.2712955e-05,8.1773315e-08,N,N
CM16_Hindi_N_0056.npy,8.865764,-5.490267,-2.1140144,-6.403454,0.9999821,5.8243495e-07,1.704257e-05,2.3369819e-07,N,N
CM16_Hindi_N_0083.npy,9.221065,-6.035192,-1.8118911,-6.75232,0.99998343,2.3674725e-07,1.6159998e-05,1.1556861e-07,N,N
CM24_Gujarati_N_0062.npy,9.043336,-5.142028,-3.0766432,-5.843522,0.99999344,6.9083114e-07,5.4495067e-06,3.425444e-07,N,N
CF02_Gujarati_N_0034.npy,9.132815,-4.5177507,-2.6529043,-7.082336,0.99999106,1.179317e-06,7.6124243e-06,9.0749786e-08,N,N
CM05_English_N_0054.npy,6.775959,-3.7740133,-0.71323085,-6.9414153,0.99941397,2.617885e-05,0.00055876793,1.1024662e-06,N,N
CM38_English_N_0129.npy,7.83722,-3.9251552,-2.3006427,-7.2680893,0.9999523,7.791925e-06,3.955135e-05,2.75313e-07,N,N
CF14_Hindi_N_0135.npy,7.6780825,-4.9600058,-1.0956814,-5.9025884,0.99984074,3.2454795e-06,0.00015471545,1.264504e-06,N,N
CF09_Hindi_N_0083.npy,10.002083,-6.0653353,-2.7114687,-6.5133395,0.9999969,1.0519813e-07,3.0100477e-06,6.7211204e-08,N,N
CF02_English_N_0032.npy,8.726359,-4.6644473,-2.4675117,-6.8539033,0.9999846,1.5291148e-06,1.3758056e-05,1.7122653e-07,N,N
CF14_Gujarati_N_0018.npy,8.853888,-5.427972,-1.8409709,-6.639138,0.9999765,6.272737e-07,2.2660617e-05,1.8683325e-07,N,N
CF02_Gujarati_N_0051.npy,8.436045,-4.374926,-2.1407285,-6.684807,0.9999715,2.730574e-06,2.5500789e-05,2.7107234e-07,N,N
CM38_English_N_0086.npy,9.214808,-5.027847,-3.1190686,-6.6213813,0.99999475,6.5236605e-07,4.400102e-06,1.3256476e-07,N,N
CM38_English_N_0001.npy,9.083692,-5.1323104,-2.9069765,-6.6994796,0.99999297,6.699863e-07,6.2017734e-06,1.3978256e-07,N,N
CF14_Hindi_N_0091.npy,8.508517,-5.598355,-1.2184579,-6.7451096,0.99993944,7.4719986e-07,5.964883e-05,2.3736013e-07,N,N
CF02_Gujarati_N_0038.npy,8.730896,-4.854168,-2.1072354,-6.6228886,0.9999789,1.2591357e-06,1.963588e-05,2.1474692e-07,N,N
CF04_English_N_0065.npy,10.61298,-6.367761,-3.7528546,-5.5635495,0.9999993,4.2204366e-08,5.7676266e-07,9.432405e-08,N,N
CF14_English_N_0014.npy,8.7948065,-5.731556,-1.4000292,-6.8397565,0.9999621,4.912069e-07,3.736136e-05,1.6217312e-07,N,N
CF09_Hindi_N_0166.npy,9.3768835,-5.1983213,-2.944051,-6.3308434,0.999995,4.6780707e-07,4.4574253e-06,1.5073653e-07,N,N
CF04_Hindi_N_0098.npy,9.900337,-5.9051876,-3.339558,-5.6789937,0.99999785,1.3669317e-07,1.7782211e-06,1.7138856e-07,N,N
CM24_Gujarati_N_0007.npy,6.582078,-3.2003155,-0.9693232,-7.3392015,0.99941766,5.6403693e-05,0.00052506756,8.991082e-07,N,N
CM03_English_N_0041.npy,8.208571,-4.22214,-2.6603906,-5.9959846,0.9999763,3.9939277e-06,1.9039668e-05,6.776877e-07,N,N
CF14_Hindi_N_0102.npy,8.058138,-5.3105483,-1.6943959,-5.8548007,0.9999393,1.5632442e-06,5.8143607e-05,9.0711217e-07,N,N
CM30_Gujarati_N_0008.npy,7.662322,-3.520064,-2.3295822,-6.7475924,0.9999398,1.3916345e-05,4.5766217e-05,5.5185853e-07,N,N
CM03_English_N_0061.npy,8.478627,-4.019744,-3.0364275,-6.1389613,0.9999858,3.7326754e-06,9.978588e-06,4.483901e-07,N,N
CM35_English_N_0066.npy,7.1177983,-4.0518117,-1.2865703,-6.2647667,0.99976057,1.4092759e-05,0.00022383356,1.5414239e-06,N,N
CF02_English_N_0028.npy,9.005965,-4.866874,-2.5513856,-6.869466,0.9999894,9.442739e-07,9.565366e-06,1.2746276e-07,N,N
CF04_Hindi_N_0113.npy,10.207175,-6.284584,-3.694004,-4.7601085,0.9999987,6.882068e-08,9.1789707e-07,3.1607553e-07,N,N
CM05_English_N_0031.npy,6.9245214,-2.937114,-2.3994462,-5.724114,0.9998554,5.2129486e-05,8.924613e-05,3.2114744e-06,N,N
CF09_English_N_0034.npy,9.824542,-5.7253337,-3.3907611,-5.38357,0.99999774,1.765119e-07,1.8224922e-06,2.4842745e-07,N,N
CM05_English_N_0072.npy,7.3376713,-3.0646455,-2.3892488,-6.3119445,0.9999088,3.0359284e-05,5.9650305e-05,1.1803407e-06,N,N
CM05_Hindi_N_0062.npy,6.6078043,-2.792491,-1.9778683,-6.6952596,0.99972886,8.267722e-05,0.00018671193,1.6689174e-06,N,N
CF09_English_N_0052.npy,7.843444,-4.8585596,-1.2859643,-5.9140882,0.99988747,3.044676e-06,0.000108417575,1.0595729e-06,N,N
CM05_English_N_0047.npy,6.9528217,-3.3243232,-1.8305756,-6.1826944,0.9998104,3.440409e-05,0.00015322742,1.9734923e-06,N,N
CF02_Gujarati_N_0045.npy,9.733018,-5.6129456,-2.9412973,-6.3744807,0.99999654,2.1643686e-07,3.1304965e-06,1.0106504e-07,N,N
CF14_Hindi_N_0129.npy,8.478223,-5.397833,-1.4359071,-6.4425282,0.9999492,9.412035e-07,4.9468177e-05,3.3111425e-07,N,N
CF02_English_N_0092.npy,8.65628,-4.805106,-2.8626235,-6.049434,0.9999883,1.4249165e-06,9.940289e-06,4.105677e-07,N,N
CF02_Gujarati_N_0069.npy,10.109166,-5.2851386,-3.6541173,-6.5984597,0.9999987,2.0622345e-07,1.0536133e-06,5.545868e-08,N,N
CM30_Gujarati_N_0001.npy,7.117229,-2.2611778,-2.8273942,-6.752606,0.9998665,8.451851e-05,4.7978552e-05,9.4699845e-07,N,N
CF09_Hindi_N_0089.npy,10.240215,-5.9795685,-2.9492276,-6.826897,0.999998,9.0330936e-08,1.8702385e-06,3.8712084e-08,N,N
CF04_Hindi_N_0075.npy,10.327113,-6.0923414,-3.5966632,-5.5678434,0.9999988,7.3981134e-08,8.9738774e-07,1.249993e-07,N,N
CM16_Hindi_N_0089.npy,6.659306,-4.2131176,-0.8474492,-5.4794974,0.9994267,1.896346e-05,0.00054904574,5.3448507e-06,N,N
CM35_English_N_0068.npy,8.607031,-5.0603714,-1.8825536,-7.2299285,0.9999709,1.1596047e-06,2.782396e-05,1.3245949e-07,N,N
CF14_Hindi_N_0149.npy,5.7897663,-2.627386,-2.10913,-4.5794377,0.99937683,0.00022090545,0.0003709217,3.1364718e-05,N,N
CM38_English_N_0027.npy,7.9009547,-3.9186847,-2.5395286,-6.6471972,0.9999629,7.3583396e-06,2.9224002e-05,4.8062e-07,N,N
CF02_English_N_0005.npy,6.820026,-3.2993672,-1.9971302,-5.7513227,0.99980813,4.028283e-05,0.00014814074,3.469361e-06,N,N
CF04_Hindi_N_0133.npy,9.386443,-4.4791446,-3.9313211,-5.7070794,0.99999714,9.5115377e-07,1.6450051e-06,2.7858965e-07,N,N
CM35_English_N_0018.npy,7.4114413,-4.2767363,-1.3394024,-6.4359393,0.9998323,8.391051e-06,0.00015830109,9.6847e-07,N,N
CM03_English_N_0062.npy,8.480479,-4.446535,-2.6729248,-6.046352,0.9999827,2.4314286e-06,1.4326187e-05,4.9098713e-07,N,N
CM05_English_N_0082.npy,7.2294073,-2.539518,-2.3338733,-7.34934,0.9998721,5.719446e-05,7.025297e-05,4.6609577e-07,N,N
CF20_Gujarati_N_0063.npy,9.895662,-5.8857803,-2.9393375,-5.974213,0.99999714,1.4002491e-07,2.6658092e-06,1.2817391e-07,N,N
CF02_English_N_0007.npy,7.3962603,-3.6806855,-2.2770054,-5.4284306,0.99991894,1.5463513e-05,6.293888e-05,2.6932232e-06,N,N
CF20_Gujarati_N_0021.npy,9.112767,-5.229783,-2.578738,-6.121693,0.9999908,5.903446e-07,8.364495e-06,2.4196564e-07,N,N
CM05_Hindi_N_0027.npy,6.691334,-2.0896664,-2.3228366,-7.222567,0.99972385,0.00015358195,0.000121639736,9.060453e-07,N,N
CF14_English_N_0023.npy,9.227994,-5.030271,-3.2672577,-6.365448,0.99999547,6.422623e-07,3.7443738e-06,1.6898659e-07,N,N
CM05_English_N_0014.npy,6.195586,-2.4628966,-1.2845442,-7.3949227,0.99926144,0.00017351937,0.00056376733,1.2513992e-06,N,N
CF02_English_N_0008.npy,7.124356,-4.367474,-1.2541707,-6.096939,0.9997583,1.0210729e-05,0.00022969265,1.8111725e-06,N,N
CM03_English_N_0096.npy,8.852504,-4.8489795,-2.959398,-6.307041,0.9999912,1.1207733e-06,7.415702e-06,2.607891e-07,N,N
CM05_Hindi_N_0088.npy,7.558961,-2.6965795,-3.1283143,-6.3631883,0.999941,3.516006e-05,2.2832308e-05,8.98797e-07,N,N
CF14_Hindi_N_0145.npy,9.569724,-5.877349,-2.1587408,-7.150133,0.99999166,1.9562205e-07,8.060996e-06,5.4784167e-08,N,N
CM38_English_N_0135.npy,8.816356,-4.8582726,-3.084499,-6.1207175,0.9999918,1.1512797e-06,6.7845513e-06,3.257678e-07,N,N
CF14_Gujarati_N_0055.npy,7.8813243,-5.400231,-0.4268718,-7.2240705,0.9997515,1.7052419e-06,0.00024642705,2.7523436e-07,N,N
CM30_Gujarati_N_0068.npy,8.332417,-3.998052,-2.9053662,-6.609121,0.9999821,4.415074e-06,1.3166954e-05,3.2431333e-07,N,N
CM05_English_N_0053.npy,8.331886,-4.182822,-2.3805912,-7.0952687,0.9999739,3.6721449e-06,2.2264796e-05,1.9955405e-07,N,N
CF04_English_N_0034.npy,10.264827,-6.0400314,-3.5600045,-6.0119023,0.9999989,8.296389e-08,9.907218e-07,8.533078e-08,N,N
CF02_Gujarati_N_0009.npy,8.953194,-5.3259306,-2.6235948,-6.2315464,0.99998975,6.290001e-07,9.381244e-06,2.543002e-07,N,N
CM05_Hindi_N_0099.npy,6.528969,-1.781125,-2.7084386,-6.6087737,0.9996549,0.00024593607,9.7295975e-05,1.9687966e-06,N,N
CM38_English_N_0019.npy,7.0879154,-4.0142245,-1.507025,-6.015906,0.9997979,1.5076963e-05,0.00018500228,2.0370194e-06,N,N
CF14_English_N_0007.npy,8.279543,-5.3737535,-0.98155665,-6.7398195,0.99990356,1.1759986e-06,9.504156e-05,3.0000734e-07,N,N
CF02_Gujarati_N_0032.npy,8.539763,-4.3380537,-2.796203,-6.2763286,0.9999851,2.5540453e-06,1.1935647e-05,3.6766028e-07,N,N
CM30_Gujarati_N_0034.npy,3.6772175,0.4747638,-2.1860197,-6.5343647,0.9582757,0.038965702,0.0027234463,3.520924e-05,N,N
CF02_English_N_0038.npy,8.511865,-4.345897,-2.7746375,-6.248027,0.9999845,2.6057842e-06,1.2540873e-05,3.8891423e-07,N,N
CF04_Hindi_N_0014.npy,9.819875,-5.7702875,-3.076649,-6.188746,0.99999726,1.6954203e-07,2.5067432e-06,1.1156885e-07,N,N
CM35_English_N_0030.npy,8.234572,-3.7246356,-2.9365385,-6.911139,0.99997926,6.399899e-06,1.4074697e-05,2.6441853e-07,N,N
CM30_English_N_0035.npy,5.746186,-0.9282923,-2.584978,-6.811849,0.9984951,0.0012608313,0.0002405291,3.5112412e-06,N,N
CF09_Hindi_N_0106.npy,9.33122,-5.064888,-2.8740146,-6.7494197,0.9999943,5.59561e-07,5.0041635e-06,1.0381612e-07,N,N
CF14_Hindi_N_0029.npy,9.048536,-5.9291906,-1.3462957,-6.8529735,0.9999689,3.1278242e-07,3.0589224e-05,1.2417905e-07,N,N
CM35_English_N_0089.npy,7.0493593,-3.7862556,-1.9395471,-5.9173775,0.99985313,1.9682868e-05,0.00012476812,2.3364366e-06,N,N
CM35_English_N_0039.npy,7.6255026,-3.9062932,-1.9176638,-6.67332,0.999918,9.812265e-06,7.168363e-05,6.166869e-07,N,N
CM03_English_N_0050.npy,7.1263895,-2.4671187,-2.6555302,-6.4739757,0.9998741,6.81613e-05,5.6456203e-05,1.2398866e-06,N,N
CF04_Hindi_N_0016.npy,9.963624,-6.1742034,-3.368269,-5.4211946,0.999998,9.8046016e-08,1.621928e-06,2.0818868e-07,N,N
CM24_Gujarati_N_0027.npy,8.196685,-4.1489635,-2.2673924,-6.924292,0.99996686,4.3484943e-06,2.8542678e-05,2.7103698e-07,N,N
CF09_Hindi_N_0006.npy,10.126819,-5.810154,-3.315767,-6.6404963,0.99999845,1.1985608e-07,1.4519727e-06,5.224527e-08,N,N
CM38_English_N_0012.npy,8.641374,-4.0090156,-3.64983,-5.8686714,0.99999166,3.2062865e-06,4.5919223e-06,4.9930264e-07,N,N
CF14_English_N_0037.npy,8.932532,-5.7671847,-1.8144214,-6.665278,0.99997795,4.130329e-07,2.1510356e-05,1.6824698e-07,N,N
CF04_English_N_0105.npy,9.223569,-5.9141684,-2.2559721,-5.8763404,0.99998903,2.665382e-07,1.0339368e-05,2.7681406e-07,N,N
CM38_English_N_0018.npy,7.024909,-3.4702623,-1.9213493,-6.1110168,0.99984014,2.7665308e-05,0.00013020266,1.9727438e-06,N,N
CF14_English_N_0009.npy,7.1989703,-4.3152566,-0.8535367,-7.065992,0.9996712,9.983711e-06,0.00031819814,6.3776815e-07,N,N
CM03_English_N_0081.npy,8.536172,-4.201479,-3.0828085,-6.537083,0.99998784,2.938348e-06,8.993643e-06,2.8429093e-07,N,N
CM35_English_N_0095.npy,7.8814917,-4.454634,-2.0585563,-6.484504,0.99994683,4.3900086e-06,4.820242e-05,5.7663954e-07,N,N
CM16_Hindi_N_0074.npy,7.486659,-4.6014256,-0.65790015,-7.553432,0.9997038,5.624484e-06,0.0002902247,2.9379407e-07,N,N
CM05_Hindi_N_0086.npy,7.107355,-1.902797,-3.2287261,-6.564813,0.9998443,0.00012214428,3.2436146e-05,1.1539446e-06,N,N
CF20_Gujarati_N_0007.npy,8.53273,-5.0950212,-1.7789419,-6.39952,0.9999652,1.206501e-06,3.3241646e-05,3.2733396e-07,N,N
CM38_English_N_0095.npy,8.041232,-4.37964,-2.429579,-6.3636746,0.9999671,4.033385e-06,2.8351125e-05,5.546436e-07,N,N
CF18_English_N_0007.npy,9.119218,-5.1147084,-2.954576,-6.609909,0.99999344,6.5808393e-07,5.707098e-06,1.4754488e-07,N,N
CF09_Hindi_N_0011.npy,9.9605255,-5.734224,-3.5734024,-5.783725,0.99999833,1.5270598e-07,1.3252233e-06,1.45331e-07,N,N
CM38_English_N_0015.npy,8.406438,-4.0983715,-3.7215128,-5.063105,0.9999895,3.7087343e-06,5.406216e-06,1.4133415e-06,N,N
CM24_Gujarati_N_0039.npy,7.3613806,-4.3080645,-0.68021554,-7.5218463,0.99966943,8.548321e-06,0.00032168845,3.4367923e-07,N,N
CM24_Gujarati_N_0066.npy,7.449127,-4.5041947,-1.1559886,-6.1597333,0.9998092,6.436586e-06,0.00018313139,1.2293182e-06,N,N
CM35_English_N_0024.npy,6.9339767,-4.335017,-0.68517137,-6.733068,0.9994954,1.2756136e-05,0.0004907121,1.1594678e-06,N,N
CM30_English_N_0008.npy,8.619455,-3.4816248,-3.8558574,-6.205013,0.9999902,5.553459e-06,3.81976e-06,3.6459514e-07,N,N
CF18_English_N_0050.npy,9.483533,-5.759384,-2.7517066,-6.383797,0.99999475,2.3992914e-07,4.856249e-06,1.2850016e-07,N,N
CM16_Hindi_N_0029.npy,9.306235,-5.2115855,-2.6113265,-7.047282,0.9999927,4.9543604e-07,6.6721477e-06,7.902316e-08,N,N
CM27_Gujarati_N_0066.npy,7.5939264,-3.5832703,-2.5151043,-6.0869503,0.9999441,1.3988816e-05,4.070797e-05,1.1440537e-06,N,N
CF14_Hindi_N_0096.npy,7.9188356,-5.1166954,-0.9216407,-6.906546,0.9998528,2.1811065e-06,0.00014473252,3.642121e-07,N,N
CM30_English_N_0043.npy,5.8318434,-1.0042018,-2.6746693,-6.8213496,0.9987219,0.0010729706,0.0002018892,3.1932498e-06,N,N
CM38_English_N_0133.npy,8.94796,-4.5737906,-3.2250626,-6.6161895,0.9999933,1.3414532e-06,5.1679785e-06,1.7400939e-07,N,N
CF20_Gujarati_N_0022.npy,10.104684,-6.0782557,-3.4716296,-5.6335397,0.99999845,9.372124e-08,1.2702275e-06,1.4620946e-07,N,N
CF14_Gujarati_N_0066.npy,8.478429,-5.5258417,-1.0798807,-6.9486375,0.99992836,8.279258e-07,7.0607006e-05,1.9956249e-07,N,N
CM30_English_N_0058.npy,6.915758,-2.3292906,-2.8341815,-6.170453,0.999843,9.657356e-05,5.8289017e-05,2.0733016e-06,N,N
CF02_English_N_0014.npy,8.671087,-4.62735,-2.7430828,-6.3441677,0.9999869,1.6770904e-06,1.1037816e-05,3.0126725e-07,N,N
CM30_English_N_0010.npy,8.1995125,-3.7744968,-3.219652,-5.8792157,0.999982,6.3058833e-06,1.0982773e-05,7.685611e-07,N,N
CM38_English_N_0077.npy,8.884057,-5.414683,-2.297315,-6.4392285,0.9999852,6.16779e-07,1.3931105e-05,2.2139868e-07,N,N
CF09_Hindi_N_0002.npy,10.60743,-6.295853,-3.530269,-6.214169,0.99999917,4.560334e-08,7.245609e-07,4.9484775e-08,N,N
CF09_Hindi_N_0020.npy,9.725775,-5.841322,-3.5232174,-5.4264483,0.99999774,1.7349814e-07,1.7621177e-06,2.6270715e-07,N,N
CF04_English_N_0058.npy,8.4279585,-5.0770464,-2.3824713,-5.075432,0.9999771,1.3640835e-06,2.018739e-05,1.3662877e-06,N,N
CM24_Gujarati_N_0047.npy,9.020965,-5.0533504,-2.269636,-7.087595,0.99998665,7.7196364e-07,1.2489601e-05,1.0095691e-07,N,N
CM05_English_N_0007.npy,7.5901833,-4.0562263,-1.8755138,-6.7605443,0.9999132,8.749651e-06,7.745727e-05,5.8549165e-07,N,N
CF04_Hindi_N_0072.npy,8.524011,-4.739546,-3.3258932,-4.8517594,0.9999895,1.7366251e-06,7.139166e-06,1.5522874e-06,N,N
CF04_Hindi_N_0022.npy,10.201219,-6.112694,-3.6810815,-5.420539,0.9999988,8.221627e-08,9.3539063e-07,1.642693e-07,N,N
CM35_English_N_0064.npy,8.894761,-4.559694,-3.2641146,-6.586734,0.9999931,1.4348342e-06,5.2416067e-06,1.8900322e-07,N,N
CM03_English_N_0094.npy,8.153192,-4.4968386,-2.3919284,-6.121207,0.99996984,3.2073667e-06,2.6320819e-05,6.319668e-07,N,N
CF09_Hindi_N_0132.npy,10.085629,-5.9211864,-2.5958738,-7.10084,0.9999968,1.11770284e-07,3.1080765e-06,3.435655e-08,N,N
CM30_Gujarati_N_0045.npy,7.2853866,-2.4732482,-3.2934077,-5.768871,0.99991465,5.7788548e-05,2.5447836e-05,2.1407745e-06,N,N
CM35_English_N_0053.npy,8.831466,-5.2506146,-2.1130595,-7.1143384,0.9999815,7.65988e-07,1.7654087e-05,1.1880016e-07,N,N
CM16_Hindi_N_0022.npy,9.123405,-5.717937,-1.8270848,-6.7836356,0.999982,3.5849146e-07,1.7549099e-05,1.234957e-07,N,N
CM05_English_N_0037.npy,6.2585917,-2.6593463,-1.030691,-7.7384596,0.999183,0.00013385472,0.0006822597,8.33303e-07,N,N
CM03_English_N_0002.npy,6.5968294,-1.9664859,-2.3029544,-7.1334534,0.9996717,0.00019092234,0.00013637358,1.0886075e-06,N,N
CF18_English_N_0051.npy,9.473012,-5.6857877,-3.232812,-5.788759,0.99999654,2.6098482e-07,3.0333974e-06,2.3544825e-07,N,N
CF14_Hindi_N_0026.npy,9.416141,-5.8478575,-2.2970834,-6.74024,0.9999914,2.3492332e-07,8.18479e-06,9.624313e-08,N,N
CF18_English_N_0018.npy,9.349154,-5.2469325,-2.9047847,-6.624239,0.99999464,4.5813962e-07,4.766282e-06,1.15568916e-07,N,N
CF09_English_N_0023.npy,9.069663,-5.6068196,-2.8150766,-5.629785,0.99999225,4.2274746e-07,6.894769e-06,4.1314988e-07,N,N
CM35_English_N_0084.npy,9.167376,-5.729118,-2.2125952,-6.8402095,0.9999881,3.3925772e-07,1.1421848e-05,1.1168344e-07,N,N
CM05_English_N_0069.npy,7.494547,-2.5110724,-2.8248885,-7.065342,0.9999213,4.5141987e-05,3.298315e-05,4.7499216e-07,N,N
CF09_English_N_0014.npy,9.073142,-4.8927293,-2.9866838,-6.4198704,0.9999931,8.6039114e-07,5.787369e-06,1.8683885e-07,N,N
CM35_English_N_0043.npy,7.470399,-2.9816394,-2.4170442,-6.918381,0.9999198,2.8887025e-05,5.0804596e-05,5.6363393e-07,N,N
CM05_Hindi_N_0070.npy,4.2934875,-0.20895918,-2.0539792,-6.373554,0.98730683,0.010941186,0.0017289502,2.3004604e-05,N,N
CM38_English_N_0076.npy,8.134803,-4.4117575,-2.0028894,-7.196698,0.9999566,3.5569622e-06,3.955827e-05,2.1958107e-07,N,N
CM16_Hindi_N_0034.npy,8.992437,-5.4611955,-2.1042564,-7.3639746,0.99998426,5.282754e-07,1.5162129e-05,7.879419e-08,N,N
CM24_Gujarati_N_0030.npy,8.181616,-4.8777637,-2.3651583,-5.910477,0.9999709,2.1299572e-06,2.6277356e-05,7.583494e-07,N,N
CF09_English_N_0006.npy,7.7806463,-4.510494,-1.6629487,-6.2294,0.9999155,4.591862e-06,7.9188496e-05,8.231474e-07,N,N
CM30_Gujarati_N_0047.npy,7.430462,-2.4615295,-2.7721276,-7.267087,0.9999119,5.057366e-05,3.707094e-05,4.1390186e-07,N,N
CF18_English_N_0036.npy,9.849313,-5.903186,-3.403879,-6.127354,0.999998,1.4413713e-07,1.7547328e-06,1.15191554e-07,N,N
CM35_English_N_0071.npy,9.672009,-5.8387938,-2.3378112,-7.2556305,0.9999937,1.8354434e-07,6.084127e-06,4.4505846e-08,N,N
CM35_English_N_0054.npy,9.391824,-5.1118464,-3.582388,-6.1816716,0.999997,5.024988e-07,2.3193707e-06,1.7239132e-07,N,N
CF02_Gujarati_N_0036.npy,9.568749,-5.343938,-2.511803,-7.0416026,0.9999939,3.3381016e-07,5.6686576e-06,6.112422e-08,N,N
CF04_Hindi_N_0120.npy,10.291732,-5.9621344,-3.376636,-6.2089047,0.9999987,8.730418e-08,1.1585183e-06,6.821247e-08,N,N
CM03_English_N_0024.npy,8.031377,-3.2901652,-3.156916,-6.3725853,0.99997354,1.210892e-05,1.3834861e-05,5.551716e-07,N,N
CF04_English_N_0025.npy,10.144484,-5.8501587,-3.4754968,-6.014654,0.99999857,1.1313956e-07,1.2159544e-06,9.597874e-08,N,N
CF02_English_N_0004.npy,7.6943636,-4.980266,-0.5057768,-6.795457,0.9997217,3.1286545e-06,0.0002745387,5.093661e-07,N,N
CM38_English_N_0058.npy,8.485984,-3.809236,-3.4867685,-6.268414,0.9999887,4.5735046e-06,6.313857e-06,3.910581e-07,N,N
CM16_Hindi_N_0023.npy,9.30683,-5.458864,-2.7909548,-6.403929,0.9999938,3.866675e-07,5.5718065e-06,1.5027989e-07,N,N
CM03_English_N_0105.npy,7.5657763,-3.1195915,-2.8139122,-6.024174,0.9999448,2.2875989e-05,3.1055224e-05,1.2529551e-06,N,N
CF09_Hindi_N_0072.npy,8.958806,-5.109571,-2.4618285,-6.4511223,0.9999881,7.765626e-07,1.0966711e-05,2.0302427e-07,N,N
CM05_Hindi_N_0080.npy,6.386724,-1.6252052,-2.8174303,-6.488931,0.99956554,0.00033134047,0.00010057684,2.5584993e-06,N,N
CF02_English_N_0057.npy,8.012319,-4.616094,-2.183958,-5.366413,0.9999579,3.277419e-06,3.7307404e-05,1.5476487e-06,N,N
CM24_Gujarati_N_0036.npy,8.13493,-4.446041,-2.600781,-5.735648,0.9999739,3.436707e-06,2.1753494e-05,9.4639677e-07,N,N
CM38_English_N_0066.npy,8.519952,-3.763189,-3.1948106,-6.8115683,0.9999869,4.6290716e-06,8.172173e-06,2.1958351e-07,N,N
CM03_English_N_0037.npy,7.4014964,-3.5677955,-2.3467536,-6.287653,0.9999232,1.7221215e-05,5.839229e-05,1.1346043e-06,N,N
CF09_Hindi_N_0053.npy,8.918126,-5.240654,-2.5732844,-6.1198983,0.9999888,7.09439e-07,1.0217368e-05,2.944855e-07,N,N
CM38_English_N_0017.npy,7.6428995,-2.8394005,-2.8158197,-6.8548226,0.9999428,2.8026585e-05,2.8695322e-05,5.054686e-07,N,N
CF20_Gujarati_N_0050.npy,9.750287,-5.9219065,-3.032904,-5.599933,0.9999968,1.5618937e-07,2.8075624e-06,2.1551767e-07,N,N
CF14_Hindi_N_0150.npy,7.9622087,-4.7824802,-1.3019962,-6.43031,0.9999018,2.9174892e-06,9.4746734e-05,5.615207e-07,N,N
CF09_Hindi_N_0004.npy,10.098615,-5.9421244,-3.320888,-6.2893643,0.99999833,1.0804255e-07,1.4858791e-06,7.634669e-08,N,N
CF09_Hindi_N_0078.npy,8.833999,-5.482052,-2.7762496,-5.463822,0.99998975,6.0619703e-07,9.072536e-06,6.173491e-07,N,N
CF14_Gujarati_N_0049.npy,9.278604,-6.2286434,-1.4035914,-7.1450615,0.99997675,1.8419512e-07,2.2949418e-05,7.366874e-08,N,N
CM05_Hindi_N_0021.npy,7.7594795,-3.5086017,-2.3102682,-6.874229,0.99994445,1.2773508e-05,4.233893e-05,4.4120137e-07,N,N
CM27_Gujarati_N_0005.npy,6.9700327,-3.2004154,-1.3576901,-7.452595,0.99971944,3.827442e-05,0.00024165411,5.447663e-07,N,N
CF02_English_N_0081.npy,9.2124815,-5.0305986,-3.1533945,-6.5125594,0.9999949,6.5208866e-07,4.2615343e-06,1.4814927e-07,N,N
CM38_English_N_0136.npy,6.6235747,-3.4569907,-1.2683125,-6.87964,0.9995832,4.1868265e-05,0.00037360773,1.3659893e-06,N,N
CF04_English_N_0019.npy,10.013852,-6.0729094,-3.2322686,-5.6299806,0.999998,1.0318282e-07,1.7671853e-06,1.6068256e-07,N,N
CF14_English_N_0017.npy,8.860988,-5.5505705,-1.5421844,-7.307068,0.9999691,5.509681e-07,3.033518e-05,9.512374e-08,N,N
CM16_Hindi_N_0035.npy,8.458392,-4.464932,-2.691694,-6.3325195,0.9999827,2.4404164e-06,1.4373797e-05,3.7703458e-07,N,N
CF09_Hindi_N_0087.npy,10.239473,-5.910311,-3.428413,-6.3675313,0.9999987,9.688072e-08,1.1590754e-06,6.1329466e-08,N,N
CF09_English_N_0042.npy,9.99958,-6.048325,-3.0967848,-6.38125,0.99999774,1.07271035e-07,2.052674e-06,7.689438e-08,N,N
CM27_Gujarati_N_0016.npy,7.0078087,-2.3590586,-2.8920326,-6.1812944,0.99986243,8.54991e-05,5.0175746e-05,1.8706198e-06,N,N
CF04_English_N_0085.npy,10.660008,-6.1786203,-3.8039484,-5.806083,0.9999994,4.8649255e-08,5.228572e-07,7.061016e-08,N,N
CF20_Gujarati_N_0052.npy,9.809846,-5.513149,-3.0687394,-6.00723,0.99999714,2.2146591e-07,2.5521138e-06,1.3512324e-07,N,N
CF18_English_N_0011.npy,10.151355,-6.028398,-3.495046,-5.915207,0.99999857,9.402043e-08,1.1842488e-06,1.0528825e-07,N,N
CF09_Hindi_N_0168.npy,9.208908,-5.1900473,-3.0682662,-6.266934,0.99999464,5.5796994e-07,4.6568125e-06,1.9007504e-07,N,N
CM30_Gujarati_N_0006.npy,7.4791737,-3.167117,-2.2423985,-6.872642,0.9999157,2.3786912e-05,5.9970593e-05,5.8485585e-07,N,N
CM30_English_N_0033.npy,7.4942236,-2.7595785,-3.2584107,-6.3147874,0.9999424,3.5221292e-05,2.1387763e-05,1.0064623e-06,N,N
CF14_English_N_0012.npy,8.959195,-5.0133977,-2.32206,-7.0203753,0.9999864,8.5462176e-07,1.2606862e-05,1.1485631e-07,N,N
CM27_Gujarati_N_0012.npy,7.627146,-3.4711332,-2.6081145,-6.080584,0.9999479,1.5137565e-05,3.588066e-05,1.1137461e-06,N,N
CM03_English_N_0029.npy,7.297775,-2.7661679,-2.642016,-6.435407,0.9999082,4.2583884e-05,4.8212973e-05,1.0857128e-06,N,N
CF09_Hindi_N_0162.npy,9.436866,-4.969595,-2.6727374,-6.998752,0.9999939,5.5379746e-07,5.5063474e-06,7.279464e-08,N,N
CF04_English_N_0027.npy,10.128406,-5.8445015,-3.5876179,-5.9785237,0.9999987,1.1562561e-07,1.1046028e-06,1.0112271e-07,N,N
CM30_Gujarati_N_0056.npy,8.11688,-3.0593586,-3.7565954,-5.9434667,0.9999783,1.4002695e-05,6.972772e-06,7.8281585e-07,N,N
CF14_Hindi_N_0077.npy,8.575345,-6.213128,-0.957098,-6.766519,0.9999269,3.7793401e-07,7.2457085e-05,2.1731093e-07,N,N
CF20_Gujarati_N_0049.npy,8.193601,-3.7610343,-2.4054544,-6.0089707,0.99996793,6.4291594e-06,2.493876e-05,6.7902766e-07,N,N
CM05_English_N_0015.npy,7.441591,-3.831583,-2.053768,-6.310613,0.99991095,1.2708197e-05,7.519337e-05,1.0652586e-06,N,N
CF04_Hindi_N_0134.npy,9.400107,-5.465169,-2.692065,-6.5770493,0.9999939,3.500176e-07,5.6031663e-06,1.1513474e-07,N,N
CF09_Hindi_N_0115.npy,10.270763,-6.245401,-2.969136,-6.2370477,0.9999981,6.716144e-08,1.7782132e-06,6.772486e-08,N,N
CF04_Hindi_N_0141.npy,9.151427,-4.9752846,-3.1410356,-5.8288026,0.9999944,7.3256234e-07,4.5861534e-06,3.1200832e-07,N,N
CF04_Hindi_N_0009.npy,10.07021,-5.620831,-3.6669948,-5.709061,0.9999987,1.5327329e-07,1.0814512e-06,1.4032939e-07,N,N
CM03_English_N_0013.npy,7.231324,-2.9396124,-2.3892326,-6.551195,0.99989426,3.8262424e-05,6.6343644e-05,1.0334322e-06,N,N
CF09_Hindi_N_0042.npy,9.854702,-5.920917,-2.9539654,-6.0934033,0.999997,1.4084264e-07,2.7369397e-06,1.1852904e-07,N,N
CF04_Hindi_N_0039.npy,10.335628,-6.084536,-3.8042517,-5.5978894,0.99999905,7.392868e-08,7.229829e-07,1.20271e-07,N,N
CF04_English_N_0072.npy,9.803979,-5.980551,-2.9028866,-6.0705767,0.9999968,1.3959325e-07,3.0302406e-06,1.2757533e-07,N,N
CF09_English_N_0029.npy,9.72206,-5.595692,-3.0147755,-6.5631623,0.99999666,2.2262967e-07,2.9407709e-06,8.460891e-08,N,N
CM38_English_N_0118.npy,7.911022,-4.7073603,-2.1254308,-6.4489865,0.9999523,3.310438e-06,4.377267e-05,5.8010545e-07,N,N
CM16_Hindi_N_0010.npy,8.33339,-5.729668,-1.0099827,-6.802504,0.9999114,7.8064335e-07,8.7535875e-05,2.6700903e-07,N,N
CF14_Hindi_N_0136.npy,8.103536,-3.9517794,-2.5919366,-6.2601924,0.9999709,5.813405e-06,2.2646578e-05,5.7796257e-07,N,N
CF04_English_N_0021.npy,10.038303,-6.0056443,-3.248186,-6.02574,0.9999981,1.0769646e-07,1.6972668e-06,1.0555381e-07,N,N
CF09_Hindi_N_0057.npy,9.50889,-5.6812334,-3.4790156,-5.195396,0.999997,2.529367e-07,2.2878262e-06,4.1115746e-07,N,N
CM35_English_N_0088.npy,6.7574925,-4.0944066,-0.6298701,-6.8956733,0.99936086,1.9355411e-05,0.00061863085,1.1755138e-06,N,N
CM30_Gujarati_N_0065.npy,7.25733,-2.8596544,-2.728401,-5.78785,0.9999114,4.038416e-05,4.6048302e-05,2.1602903e-06,N,N
CM35_English_N_0108.npy,8.55112,-4.2750373,-3.1469011,-6.1218796,0.99998856,2.6894659e-06,8.310154e-06,4.2422118e-07,N,N
CM35_English_N_0050.npy,7.569614,-4.6018777,-1.1338985,-6.891883,0.9998282,5.1750403e-06,0.00016597325,5.2405557e-07,N,N
CM03_English_N_0014.npy,8.080786,-3.5017898,-2.8710911,-6.551959,0.9999727,9.326945e-06,1.7524617e-05,4.416394e-07,N,N
CM05_Hindi_N_0073.npy,7.188882,-2.2865736,-3.3220818,-6.0676956,0.9998944,7.670368e-05,2.723333e-05,1.7486209e-06,N,N
CM35_English_N_0112.npy,8.14055,-4.387866,-1.622727,-7.3544683,0.9999386,3.6220258e-06,5.7522266e-05,1.8645434e-07,N,N
CF04_Hindi_N_0135.npy,8.8093605,-5.5777407,-2.1985102,-5.3153625,0.9999821,5.6461647e-07,1.6570466e-05,7.340114e-07,N,N
CM05_Hindi_N_0058.npy,6.630021,-3.5734088,-1.2910545,-5.9699945,0.9995968,3.70281e-05,0.0003628652,3.3706028e-06,N,N
CM16_Hindi_N_0087.npy,6.103982,-3.3791661,-0.83542114,-6.1157064,0.9989512,7.604404e-05,0.00096783164,4.92721e-06,N,N
CM03_English_N_0030.npy,6.654216,-1.8361781,-3.3196833,-5.8319745,0.99974424,0.00020537984,4.65886e-05,3.777506e-06,N,N
CF14_Gujarati_N_0064.npy,8.029236,-5.2994256,-0.76765317,-7.090388,0.99984694,1.6269329e-06,0.00015117956,2.7137176e-07,N,N
CF04_English_N_0050.npy,9.878308,-5.987932,-2.9365985,-6.3021092,0.999997,1.286406e-07,2.7199146e-06,9.395772e-08,N,N
CM35_English_N_0067.npy,8.994857,-4.244005,-3.6859357,-6.5908647,0.999995,1.7800537e-06,3.11028e-06,1.7029613e-07,N,N
CF02_Gujarati_N_0023.npy,8.41227,-5.489843,-1.0088753,-7.466804,0.999918,9.169665e-07,8.0986625e-05,1.2699019e-07,N,N
CF04_English_N_0039.npy,10.287513,-6.346359,-3.1143374,-6.12872,0.99999833,5.9703645e-08,1.5123417e-06,7.421981e-08,N,N
CF02_English_N_0054.npy,8.602708,-4.855864,-2.6705487,-5.976249,0.99998534,1.4289267e-06,1.27081e-05,4.6605078e-07,N,N
CF09_Hindi_N_0124.npy,9.216004,-5.0980544,-2.5788054,-6.8750615,0.9999918,6.074071e-07,7.543551e-06,1.0273895e-07,N,N
CF02_English_N_0041.npy,8.37445,-4.458248,-2.1950562,-6.8634286,0.9999715,2.6718849e-06,2.5686779e-05,2.4113538e-07,N,N
CF20_Gujarati_N_0028.npy,9.9807005,-5.864497,-2.9736583,-6.3415074,0.9999974,1.3137628e-07,2.3658774e-06,8.1536825e-08,N,N
CF14_Hindi_N_0002.npy,8.645724,-5.506839,-1.402928,-7.0390463,0.9999559,7.138398e-07,4.3242067e-05,1.5423096e-07,N,N
CF09_Hindi_N_0144.npy,9.526914,-6.030509,-2.7224095,-5.738792,0.9999949,1.7518421e-07,4.788334e-06,2.3452344e-07,N,N
CM05_English_N_0055.npy,4.5703287,-1.8696812,-0.6420484,-6.597228,0.99299026,0.0015852003,0.005410512,1.4026094e-05,N,N
CM05_English_N_0023.npy,8.366088,-3.9977438,-3.05179,-6.34161,0.9999844,4.270212e-06,1.0996938e-05,4.0975212e-07,N,N
CF09_Hindi_N_0079.npy,9.263119,-4.686931,-3.1795402,-6.9595313,0.9999951,8.741138e-07,3.946568e-06,9.007209e-08,N,N
CF02_English_N_0067.npy,8.234732,-5.239232,-1.3118926,-6.8462024,0.9999269,1.4070197e-06,7.1436814e-05,2.8209905e-07,N,N
CF14_English_N_0042.npy,7.9086123,-5.4047747,-0.6991206,-6.047109,0.9998149,1.6519206e-06,0.00018265382,8.690145e-07,N,N
CM27_Gujarati_N_0055.npy,7.5694413,-3.5949152,-2.1693013,-6.7016835,0.9999262,1.416934e-05,5.8950256e-05,6.340116e-07,N,N
CM03_English_N_0087.npy,8.461644,-4.968781,-2.7146122,-6.0630984,0.99998415,1.4697158e-06,1.4002538e-05,4.9201435e-07,N,N
CF04_Hindi_N_0090.npy,9.9031515,-5.764109,-3.1974351,-6.3187118,0.99999774,1.569618e-07,2.044026e-06,9.014332e-08,N,N
CM35_English_N_0106.npy,8.713792,-4.819426,-2.4285977,-6.659037,0.9999839,1.3261447e-06,1.4484878e-05,2.1069684e-07,N,N
CM27_Gujarati_N_0061.npy,8.3653,-3.4929407,-3.4378092,-6.2804694,0.999985,7.0798624e-06,7.481149e-06,4.3593002e-07,N,N
CM05_Hindi_N_0047.npy,7.0124917,-4.266953,-0.66272813,-7.3245797,0.9995228,1.2623858e-05,0.00046396692,5.9331006e-07,N,N
CM05_English_N_0028.npy,5.9807253,-1.3674129,-2.5574872,-6.869749,0.9991584,0.000643248,0.00019567514,2.6226735e-06,N,N
CF04_Hindi_N_0070.npy,10.015086,-5.918371,-2.7653196,-6.7125974,0.999997,1.2027797e-07,2.8153922e-06,5.4357297e-08,N,N
CF14_English_N_0046.npy,8.582907,-4.2314544,-2.8290966,-6.5999126,0.99998593,2.721369e-06,1.10617475e-05,2.5478815e-07,N,N
CF04_English_N_0090.npy,10.2219305,-6.0281644,-3.388102,-5.8236737,0.99999857,8.7634e-08,1.2281097e-06,1.07518154e-07,N,N
CF20_Gujarati_N_0013.npy,7.6155415,-4.444516,-1.3327614,-6.2166543,0.99986327,5.7852762e-06,0.00012993971,9.833192e-07,N,N
CM38_English_N_0048.npy,8.816981,-4.815721,-3.1095994,-6.447408,0.999992,1.2005752e-06,6.612238e-06,2.3483162e-07,N,N
CM30_English_N_0004.npy,6.8869104,-1.9526992,-2.8795702,-6.803278,0.9997967,0.00014484991,5.7330155e-05,1.1332831e-06,N,N
CF04_Hindi_N_0006.npy,10.757766,-6.5439897,-3.3950517,-6.5563545,0.99999917,3.0615585e-08,7.13689e-07,3.023934e-08,N,N
CM03_English_N_0075.npy,9.307095,-5.108672,-3.2097929,-6.6805615,0.9999956,5.4866865e-07,3.664231e-06,1.1393245e-07,N,N
CM30_Gujarati_N_0020.npy,5.989807,-1.0278242,-2.8522694,-6.487486,0.9989568,0.00089501037,0.0001443716,3.8082658e-06,N,N
CM38_English_N_0025.npy,8.367624,-4.414168,-2.573462,-6.2283897,0.999979,2.8114432e-06,1.771486e-05,4.581657e-07,N,N
CM05_English_N_0038.npy,7.21436,-2.489975,-2.677616,-6.724253,0.9998876,6.101154e-05,5.05732e-05,8.840729e-07,N,N
CM05_English_N_0029.npy,7.222059,-2.6861832,-2.7031684,-6.241944,0.9999,4.975785e-05,4.8919857e-05,1.4210669e-06,N,N
CM27_Gujarati_N_0024.npy,7.8539515,-3.7928917,-2.6101475,-6.21139,0.999962,8.7462895e-06,2.8541912e-05,7.7890246e-07,N,N
CM24_Gujarati_N_0063.npy,6.955868,-4.1587005,-1.198228,-5.947393,0.9996952,1.4889212e-05,0.00028746756,2.4891579e-06,N,N
CM16_Hindi_N_0005.npy,9.614703,-5.5390043,-3.0838854,-6.4506955,0.99999654,2.6231731e-07,3.0554252e-06,1.054106e-07,N,N
CF14_Hindi_N_0050.npy,9.111625,-5.940629,-1.5693252,-6.8707952,0.99997663,2.9032142e-07,2.2977996e-05,1.1452836e-07,N,N
CM16_Hindi_N_0042.npy,8.60497,-4.68347,-2.8041208,-6.7126274,0.999987,1.693941e-06,1.1094024e-05,2.2266211e-07,N,N
CM38_English_N_0108.npy,8.579529,-4.643529,-2.787501,-6.5829883,0.9999864,1.8083942e-06,1.15705925e-05,2.6001382e-07,N,N
CF14_Hindi_N_0013.npy,9.051791,-5.87559,-1.5477686,-6.780296,0.9999746,3.289346e-07,2.4926348e-05,1.3310708e-07,N,N
CF04_Hindi_N_0040.npy,9.867509,-5.7387643,-3.6478443,-5.6122317,0.99999833,1.6683252e-07,1.350069e-06,1.8933616e-07,N,N
CF09_English_N_0035.npy,8.988652,-5.176781,-2.106678,-6.959971,0.999984,7.047309e-07,1.5182817e-05,1.18466026e-07,N,N
CF04_English_N_0092.npy,9.30525,-5.6892962,-3.0913792,-4.957043,0.9999949,3.0757346e-07,4.1324734e-06,6.3967985e-07,N,N
CF04_English_N_0049.npy,9.884744,-5.61858,-3.127554,-6.770194,0.9999975,1.8492304e-07,2.2326972e-06,5.8458998e-08,N,N
CM05_English_N_0089.npy,6.015358,-2.5329149,-1.4135107,-6.8028884,0.9992101,0.00019372649,0.00059338985,2.7087128e-06,N,N
CF14_Hindi_N_0076.npy,9.018168,-5.447892,-2.5235937,-6.216,0.9999895,5.2175324e-07,9.715647e-06,2.4203595e-07,N,N
CM35_English_N_0061.npy,6.9704123,-3.1753476,-1.7995512,-6.683319,0.9998043,3.9234452e-05,0.00015529888,1.1753706e-06,N,N
CF14_Hindi_N_0083.npy,9.289849,-5.5265656,-2.292145,-6.5553355,0.9999902,3.6754332e-07,9.332536e-06,1.3137709e-07,N,N
CF04_English_N_0075.npy,10.667151,-6.22998,-3.4483433,-6.1072497,0.99999917,4.5884807e-08,7.4082936e-07,5.187642e-08,N,N
CM05_English_N_0073.npy,8.072257,-3.2485833,-3.2259512,-6.584988,0.9999751,1.2117429e-05,1.2394804e-05,4.3095136e-07,N,N
CF14_Hindi_N_0052.npy,9.362272,-5.4049096,-2.7641923,-6.8766446,0.99999416,3.8609312e-07,5.4142797e-06,8.861877e-08,N,N
CF04_English_N_0041.npy,10.632844,-6.4946265,-3.164052,-6.805945,0.9999988,3.644465e-08,1.0187877e-06,2.6694973e-08,N,N
CM27_Gujarati_N_0043.npy,9.415261,-5.430043,-2.61922,-6.6113873,0.99999356,3.5707825e-07,5.9359263e-06,1.09575076e-07,N,N
CF09_English_N_0002.npy,9.700633,-5.9617786,-2.3926523,-6.9894824,0.99999416,1.5772426e-07,5.5969354e-06,5.6438132e-08,N,N
CM05_Hindi_N_0022.npy,1.7171286,0.2956329,-0.9588708,-4.1700134,0.7616346,0.18382262,0.052429393,0.0021134564,N,N
CM05_English_N_0061.npy,6.8858128,-3.0844796,-1.803576,-6.907991,0.99978393,4.6758796e-05,0.0001683266,1.0217229e-06,N,N
CF02_Gujarati_N_0063.npy,8.335248,-4.710935,-2.261645,-6.2719703,0.99997234,2.1582555e-06,2.4992845e-05,4.5305808e-07,N,N
CM16_Hindi_N_0026.npy,9.227294,-5.9136915,-2.2082856,-6.2200303,0.9999887,2.6567375e-07,1.0804038e-05,1.9557223e-07,N,N
CF02_Gujarati_N_0008.npy,8.978341,-4.651299,-2.8377159,-6.6333995,0.9999913,1.2042552e-06,7.3849537e-06,1.6592186e-07,N,N
CM05_Hindi_N_0112.npy,6.9575615,-4.258603,-0.87756085,-6.6347713,0.99959,1.3449418e-05,0.00039543182,1.2495302e-06,N,N
CM27_Gujarati_N_0030.npy,7.0337887,-3.3100321,-1.7833889,-6.7617574,0.9998186,3.218526e-05,0.00014813905,1.0199805e-06,N,N
CM30_Gujarati_N_0018.npy,4.7300487,-0.38029253,-2.015989,-6.874171,0.992833,0.0059907786,0.0011671035,9.062078e-06,N,N
CM38_English_N_0134.npy,8.419555,-3.6585777,-3.5624819,-5.9606004,0.9999876,5.6823537e-06,6.255503e-06,5.685549e-07,N,N
CM05_English_N_0003.npy,6.9779124,-3.8402598,-1.0048876,-7.019234,0.99963796,2.002489e-05,0.00034115894,8.3360294e-07,N,N
CF18_English_N_0009.npy,9.28587,-5.630311,-3.004555,-5.695751,0.99999475,3.3264635e-07,4.5955153e-06,3.115749e-07,N,N
CF09_English_N_0013.npy,9.352544,-6.322877,-1.482457,-7.0201807,0.9999801,1.5568351e-07,1.9697458e-05,7.751887e-08,N,N
CM24_Gujarati_N_0067.npy,7.3829775,-3.9348428,-1.7198212,-6.5687976,0.99987566,1.2152874e-05,0.000111339905,8.7250373e-07,N,N
CF20_Gujarati_N_0038.npy,9.571735,-5.3391423,-2.7575552,-6.47714,0.9999951,3.3441532e-07,4.420334e-06,1.0716665e-07,N,N
CF02_English_N_0096.npy,7.54076,-3.6919758,-2.0568085,-5.8186617,0.99991727,1.3232715e-05,6.7888e-05,1.57776e-06,N,N
CF14_Hindi_N_0099.npy,8.7564535,-5.3425093,-2.40083,-6.2266693,0.9999846,7.531675e-07,1.4270741e-05,3.1110412e-07,N,N
CF14_Hindi_N_0127.npy,9.282068,-6.0233655,-2.3369515,-6.1647635,0.9999906,2.2538796e-07,8.993316e-06,1.9566905e-07,N,N
CM27_Gujarati_N_0056.npy,6.8323846,-2.5596485,-2.5878172,-6.0062933,0.99983287,8.337186e-05,8.1056074e-05,2.6555851e-06,N,N
CF14_Gujarati_N_0006.npy,9.227247,-5.0577183,-2.5319166,-6.965692,0.9999914,6.253377e-07,7.817292e-06,9.278802e-08,N,N
CM35_English_N_0035.npy,7.0611973,-3.359053,-1.3513099,-7.3892856,0.9997476,2.9814897e-05,0.00022201636,5.298162e-07,N,N
CM30_Gujarati_N_0039.npy,5.9001656,-1.1889704,-2.9292295,-6.5573053,0.9990165,0.00083329726,0.00014622278,3.8847384e-06,N,N
CF09_Hindi_N_0074.npy,9.306014,-6.049287,-2.398846,-6.0898414,0.9999913,2.144242e-07,8.25354e-06,2.0590238e-07,N,N
CF02_Gujarati_N_0055.npy,6.0662746,-3.4071732,-1.1115187,-5.6125927,0.99915206,7.680075e-05,0.0007627031,8.463771e-06,N,N
CM30_Gujarati_N_0026.npy,7.035924,-2.5531933,-2.998514,-6.305352,0.99988604,6.846205e-05,4.385806e-05,1.6066003e-06,N,N
CM05_Hindi_N_0121.npy,6.7890177,-2.6125498,-2.2206123,-6.331551,0.99979323,8.2577426e-05,0.00012220177,2.0031773e-06,N,N
CM27_Gujarati_N_0028.npy,7.9416666,-5.1223884,-1.116435,-7.0757146,0.99988115,2.1198327e-06,0.000116429976,3.0059545e-07,N,N
CM35_English_N_0114.npy,8.674142,-5.120935,-1.7934151,-7.013636,0.9999703,1.0206141e-06,2.8443621e-05,1.5376996e-07,N,N
CF04_Hindi_N_0012.npy,10.33813,-6.1910067,-3.257087,-6.1982923,0.9999987,6.629589e-08,1.2464412e-06,6.58146e-08,N,N
CM30_Gujarati_N_0013.npy,3.539768,-1.7044332,-0.20354618,-5.6949773,0.971769,0.005129032,0.023007121,9.483403e-05,N,N
CF14_English_N_0040.npy,9.498746,-6.242669,-1.8567922,-6.8731833,0.9999881,1.4574215e-07,1.1704346e-05,7.758117e-08,N,N
CF14_Hindi_N_0098.npy,8.667253,-5.571961,-1.1398647,-7.3041835,0.9999442,6.545815e-07,5.5055258e-05,1.1578957e-07,N,N
CF14_Gujarati_N_0067.npy,8.410961,-5.561262,-1.0917857,-7.110698,0.9999243,8.5488495e-07,7.464088e-05,1.8154986e-07,N,N
CM38_English_N_0043.npy,8.948614,-5.5154386,-2.4207275,-6.670467,0.9999877,5.228012e-07,1.1543892e-05,1.6470764e-07,N,N
CM27_Gujarati_N_0037.npy,7.827752,-3.7059095,-2.3416986,-6.841103,0.9999515,9.794297e-06,3.832151e-05,4.259669e-07,N,N
CF09_English_N_0009.npy,9.645508,-5.796673,-3.215895,-5.7978272,0.999997,1.965825e-07,2.5963461e-06,1.9635578e-07,N,N
CF14_Gujarati_N_0044.npy,9.205748,-6.1186056,-1.3439381,-7.2804627,0.99997354,2.2115995e-07,2.6201029e-05,6.920198e-08,N,N
CM16_Hindi_N_0017.npy,8.857768,-5.0281186,-2.4598234,-6.4741426,0.99998665,9.3203033e-07,1.2157006e-05,2.1949762e-07,N,N
CF09_Hindi_N_0033.npy,9.853637,-5.7231894,-2.6032865,-6.886347,0.9999958,1.7181799e-07,3.890676e-06,5.3692812e-08,N,N
CF09_Hindi_N_0125.npy,9.765208,-6.084399,-2.7336137,-6.4782314,0.99999607,1.3079804e-07,3.7310301e-06,8.821907e-08,N,N
CF14_Gujarati_N_0005.npy,7.9930573,-5.917211,-0.09677794,-6.5163813,0.9996921,9.093127e-07,0.00030654587,4.994559e-07,N,N
CM03_English_N_0107.npy,7.4540114,-2.9786036,-2.7668228,-6.28005,0.9999331,2.945396e-05,3.6401463e-05,1.0847857e-06,N,N
CM27_Gujarati_N_0068.npy,7.486076,-3.094285,-2.8791864,-6.0606904,0.9999418,2.5408708e-05,3.1506388e-05,1.3082445e-06,N,N
CF14_English_N_0047.npy,8.649142,-4.622421,-2.2150798,-6.689081,0.999979,1.7227588e-06,1.9130195e-05,2.1811476e-07,N,N
CF04_English_N_0044.npy,10.4538355,-6.192923,-3.2019868,-6.4988685,0.9999987,5.8939147e-08,1.1731429e-06,4.340441e-08,N,N
CF14_Gujarati_N_0050.npy,9.362737,-5.92056,-1.2848612,-7.319042,0.99997604,2.3042956e-07,2.3757266e-05,5.6909595e-08,N,N
CF02_Gujarati_N_0033.npy,9.501703,-4.981322,-2.9002256,-6.889359,0.99999535,5.1297985e-07,4.1106327e-06,7.6111505e-08,N,N
CF04_Hindi_N_0041.npy,10.12244,-6.2366266,-3.2501583,-6.1763306,0.99999833,7.858637e-08,1.5572325e-06,8.3470496e-08,N,N
CF14_Hindi_N_0092.npy,9.122653,-6.61133,-1.0828445,-7.134685,0.9999628,1.4682561e-07,3.696515e-05,8.6998526e-08,N,N
CF04_Hindi_N_0055.npy,10.1119585,-5.8800735,-2.7324378,-6.9589934,0.99999726,1.1343512e-07,2.6408775e-06,3.856371e-08,N,N
CM05_English_N_0017.npy,7.2708645,-3.8117392,-1.4433231,-6.912349,0.9998197,1.5374755e-05,0.00016420944,6.921975e-07,N,N
CF04_Hindi_N_0007.npy,10.313829,-6.052906,-3.795481,-5.2795677,0.99999905,7.798601e-08,7.454251e-07,1.6899477e-07,N,N
CF04_English_N_0043.npy,10.905554,-6.599263,-3.4964087,-6.4366345,0.9999994,2.4989289e-08,5.562973e-07,2.940243e-08,N,N
CF20_Gujarati_N_0033.npy,10.034762,-6.0007763,-3.624698,-5.308641,0.99999845,1.08605995e-07,1.1688834e-06,2.169922e-07,N,N
CF02_English_N_0068.npy,7.9906507,-4.425035,-1.7194853,-6.8592334,0.9999349,4.0542263e-06,6.066149e-05,3.5542587e-07,N,N
CF14_English_N_0032.npy,7.9208636,-5.674054,0.07933251,-7.5004535,0.9996057,1.2463246e-06,0.0003929117,2.0064844e-07,N,N
CM35_English_N_0093.npy,7.3688784,-4.291437,-1.2363453,-6.8931875,0.99980766,8.627913e-06,0.00018311136,6.397053e-07,N,N
CF04_English_N_0095.npy,10.526034,-6.385031,-3.3323193,-6.1000996,0.9999989,4.524982e-08,9.580608e-07,6.016747e-08,N,N
CF14_Hindi_N_0067.npy,8.119834,-5.7530136,-0.42670962,-6.848044,0.99980456,9.440912e-07,0.00019417735,3.1582618e-07,N,N
CF04_Hindi_N_0128.npy,10.197685,-6.1475964,-3.681175,-5.0364184,0.9999987,7.967716e-08,9.3861377e-07,2.420539e-07,N,N
CF02_Gujarati_N_0064.npy,9.4653635,-5.339403,-2.5954523,-6.403439,0.9999937,3.7185086e-07,5.781646e-06,1.2831093e-07,N,N
CF04_Hindi_N_0073.npy,10.503868,-6.074132,-3.734782,-5.8079524,0.9999993,6.3134415e-08,6.5498665e-07,8.238836e-08,N,N
CF20_Gujarati_N_0019.npy,9.857348,-6.053933,-2.9940088,-5.885001,0.99999714,1.2297504e-07,2.6225582e-06,1.4560732e-07,N,N
CF20_Gujarati_N_0071.npy,8.861817,-4.5172853,-2.58233,-6.2202883,0.9999875,1.5471204e-06,1.0711854e-05,2.8178593e-07,N,N
CF04_Hindi_N_0101.npy,9.751735,-5.9390464,-3.5717041,-5.037668,0.99999785,1.5331324e-07,1.6356984e-06,3.7760952e-07,N,N
CF02_English_N_0079.npy,8.464708,-5.313627,-1.3508275,-6.857185,0.9999441,1.0378167e-06,5.4593736e-05,2.2169803e-07,N,N
CF14_Hindi_N_0123.npy,9.293243,-5.7562904,-1.7729143,-7.148711,0.999984,2.911143e-07,1.5632268e-05,7.2334e-08,N,N
CF04_English_N_0014.npy,10.05211,-6.2585487,-2.7771373,-6.419337,0.99999726,8.248411e-08,2.6811917e-06,7.023285e-08,N,N
CM05_English_N_0024.npy,7.6763487,-3.8547251,-2.0209477,-6.843852,0.99992824,9.819451e-06,6.144501e-05,4.942262e-07,N,N
CM35_English_N_0033.npy,6.671833,-1.8794584,-2.7370598,-6.448249,0.9997228,0.00019324172,8.196896e-05,2.0040125e-06,N,N
CF02_English_N_0047.npy,8.282639,-4.213958,-2.5834608,-6.3842196,0.99997675,3.7392722e-06,1.9094265e-05,4.268292e-07,N,N
CF02_English_N_0097.npy,9.412068,-4.7105317,-2.720299,-7.5761375,0.9999938,7.355798e-07,5.3824156e-06,4.1890317e-08,N,N
CM35_English_N_0014.npy,8.038829,-4.5797095,-1.8691821,-6.8112617,0.9999465,3.3099038e-06,4.97717e-05,3.5535678e-07,N,N
CM30_English_N_0015.npy,8.161178,-3.9035122,-2.9474518,-6.193628,0.99997866,5.759206e-06,1.4982157e-05,5.8314714e-07,N,N
CF04_English_N_0059.npy,10.018377,-6.124456,-2.801521,-6.427166,0.99999714,9.755627e-08,2.7063722e-06,7.20759e-08,N,N
CF02_English_N_0075.npy,9.632877,-5.8477054,-3.1045678,-6.353875,0.99999666,1.8917629e-07,2.9389794e-06,1.1403552e-07,N,N
CM05_Hindi_N_0035.npy,6.238925,-2.094124,-1.9877222,-6.626742,0.9994898,0.0002403152,0.000267295,2.5839854e-06,N,N
CF04_Hindi_N_0097.npy,10.022909,-5.3321486,-4.0154257,-5.048443,0.9999987,2.1447792e-07,8.002544e-07,2.8483572e-07,N,N
CM35_English_N_0099.npy,6.4316225,-3.3299356,-1.1046808,-6.784457,0.99940753,5.75906e-05,0.0005330495,1.820003e-06,N,N
CM27_Gujarati_N_0051.npy,8.105746,-3.9576442,-2.7510612,-5.8032527,0.999974,5.7666643e-06,1.9272455e-05,9.107254e-07,N,N
CF14_Gujarati_N_0036.npy,9.234633,-5.483176,-2.5237467,-6.4863567,0.99999154,4.0563253e-07,7.8234225e-06,1.4875002e-07,N,N
CM05_English_N_0099.npy,6.458701,-3.1319082,-1.7783831,-5.57571,0.9996612,6.8344576e-05,0.0002645651,5.934372e-06,N,N
CF09_Hindi_N_0041.npy,10.319608,-5.8123503,-3.520585,-6.320648,0.9999989,9.8623225e-08,9.75619e-07,5.9323757e-08,N,N
CM30_English_N_0056.npy,6.4020543,-2.0236642,-2.7672355,-5.6633186,0.999671,0.00021908575,0.00010415621,5.753504e-06,N,N
CF04_English_N_0088.npy,9.885879,-6.1511035,-2.9944704,-5.9368944,0.99999726,1.08449164e-07,2.5476174e-06,1.3435562e-07,N,N
CM03_English_N_0056.npy,7.9108124,-3.8392694,-2.3329813,-6.6650543,0.99995613,7.888332e-06,3.557607e-05,4.674794e-07,N,N
CF09_English_N_0058.npy,8.473176,-5.2503123,-2.5957491,-5.26516,0.99998224,1.0963703e-06,1.5589038e-05,1.0802107e-06,N,N
CM05_Hindi_N_0026.npy,6.2587857,-2.8675978,-1.6130567,-6.2636404,0.9995065,0.000108704495,0.00038114298,3.6422089e-06,N,N
CF09_Hindi_N_0164.npy,8.661878,-5.60296,-1.3725524,-6.6571984,0.9999553,6.3802906e-07,4.3861473e-05,2.2232597e-07,N,N
CM16_Hindi_N_0016.npy,8.936931,-5.2980027,-1.8153348,-6.7453732,0.9999778,6.574113e-07,2.1396394e-05,1.5461518e-07,N,N
CF20_Gujarati_N_0018.npy,10.166689,-5.9957623,-3.1161838,-6.1852536,0.9999982,9.566125e-08,1.7034159e-06,7.9148194e-08,N,N
CF04_English_N_0109.npy,10.438995,-5.921377,-3.9603794,-5.8368206,0.9999993,7.848382e-08,5.577384e-07,8.54088e-08,N,N
CF14_English_N_0025.npy,8.552493,-5.63897,-1.047612,-7.3518248,0.99993145,6.865876e-07,6.771697e-05,1.2382627e-07,N,N
CM05_Hindi_N_0052.npy,6.3260655,-3.1388683,-1.5332041,-6.172625,0.9995328,7.748698e-05,0.0003859754,3.7297928e-06,N,N
CM30_English_N_0038.npy,5.370825,-1.573832,-1.9547069,-6.8345246,0.9983753,0.0009622052,0.00065743946,4.99549e-06,N,N
CM24_Gujarati_N_0031.npy,7.1037927,-4.9624577,-0.03668984,-7.2362876,0.99920195,5.745761e-06,0.0007917374,5.9133765e-07,N,N
CF02_English_N_0076.npy,7.8920383,-4.4287753,-1.6179538,-7.0953264,0.9999211,4.457631e-06,7.410174e-05,3.0976753e-07,N,N
CF04_Hindi_N_0068.npy,10.027435,-5.742358,-3.9393837,-5.228466,0.9999988,1.4166585e-07,8.595817e-07,2.368349e-07,N,N
CF04_Hindi_N_0106.npy,10.208412,-5.823857,-3.5520666,-6.035812,0.9999987,1.0896166e-07,1.0565726e-06,8.815001e-08,N,N
CM05_English_N_0030.npy,8.056236,-3.8746314,-3.0088224,-5.805244,0.9999769,6.583847e-06,1.5649339e-05,9.550484e-07,N,N
CM16_Hindi_N_0002.npy,8.768864,-5.3486667,-1.7476443,-6.9662347,0.9999721,7.3930244e-07,2.708485e-05,1.4666338e-07,N,N
CM03_English_N_0103.npy,9.154609,-5.020239,-3.389805,-5.9952993,0.99999547,6.981358e-07,3.5647447e-06,2.6331557e-07,N,N
CF04_English_N_0040.npy,10.089906,-5.8287506,-3.6107082,-5.9044127,0.9999987,1.2207165e-07,1.121756e-06,1.1317627e-07,N,N
CF18_English_N_0055.npy,8.894744,-5.1542225,-2.780988,-6.214711,0.99999046,7.91785e-07,8.497478e-06,2.741845e-07,N,N
CF20_Gujarati_N_0011.npy,7.5819874,-4.3753624,-1.4298093,-6.1963005,0.99987066,6.4111036e-06,0.00012194672,1.0377898e-06,N,N
CM35_English_N_0044.npy,8.2502775,-3.8787296,-3.3086722,-5.476709,0.999984,5.4004768e-06,9.550038e-06,1.0925437e-06,N,N
CF09_English_N_0056.npy,9.116151,-5.4838257,-2.3889809,-6.515342,0.9999893,4.5635844e-07,1.00781335e-05,1.6267632e-07,N,N
CM05_Hindi_N_0059.npy,6.7999463,-4.213454,-0.7790764,-6.494115,0.9994711,1.6470673e-05,0.00051079004,1.6835756e-06,N,N
CF04_Hindi_N_0122.npy,10.052978,-6.233815,-3.4279063,-5.7332864,0.99999833,8.447633e-08,1.3974167e-06,1.3935153e-07,N,N
CF09_English_N_0016.npy,8.441038,-5.4954348,-0.9930775,-6.678842,0.9999188,8.859954e-07,7.9943005e-05,2.7132137e-07,N,N
CM38_English_N_0029.npy,9.275931,-4.7892632,-3.6066725,-6.338161,0.99999654,7.7904383e-07,2.5418785e-06,1.65533e-07,N,N
CF04_Hindi_N_0003.npy,10.169621,-6.2089343,-3.146335,-5.849934,0.9999981,7.706958e-08,1.6479837e-06,1.103556e-07,N,N
CF20_Gujarati_N_0003.npy,8.246246,-5.3007526,-1.1545051,-6.6955876,0.9999157,1.3079059e-06,8.2654995e-05,3.2419595e-07,N,N
CF04_English_N_0031.npy,10.186563,-6.2109413,-2.6745636,-6.821566,0.99999726,7.562298e-08,2.5970648e-06,4.1064087e-08,N,N
CF14_Gujarati_N_0009.npy,8.455135,-5.182821,-1.4841595,-6.8175607,0.9999503,1.1942332e-06,4.8238915e-05,2.3287936e-07,N,N
CM38_English_N_0114.npy,7.105834,-3.151788,-1.4487748,-7.7545424,0.999772,3.508104e-05,0.00019261113,3.5165883e-07,N,N
CM35_English_N_0057.npy,6.395107,-2.9738188,-1.984582,-5.913486,0.99968076,8.530782e-05,0.00022940821,4.5113593e-06,N,N
CF02_English_N_0099.npy,9.253491,-4.966549,-3.2922802,-6.255963,0.9999956,6.6728757e-07,3.5599076e-06,1.8379238e-07,N,N
CF20_Gujarati_N_0029.npy,10.001966,-5.9446263,-2.8865263,-6.105183,0.99999726,1.18708485e-07,2.5269555e-06,1.0110039e-07,N,N
CM16_Hindi_N_0065.npy,9.002634,-6.093057,-1.9587191,-6.3847566,0.9999821,2.7798197e-07,1.735949e-05,2.076508e-07,N,N
CM16_Hindi_N_0037.npy,9.517073,-5.302277,-3.2487743,-6.6624465,0.99999666,3.6646875e-07,2.8566797e-06,9.404213e-08,N,N
CF09_Hindi_N_0118.npy,10.028655,-5.9284854,-3.1005943,-6.153484,0.99999774,1.1746303e-07,1.9862705e-06,9.3796274e-08,N,N
CF04_Hindi_N_0076.npy,9.701771,-5.5764494,-3.5289948,-5.3388896,0.99999774,2.3160732e-07,1.7945297e-06,2.937129e-07,N,N
CF09_Hindi_N_0169.npy,9.516198,-5.3374057,-3.0522583,-6.5654764,0.99999607,3.5412805e-07,3.4800617e-06,1.0370884e-07,N,N
CM16_Hindi_N_0068.npy,7.5879755,-4.505676,-1.0910324,-7.239699,0.999824,5.593939e-06,0.00017008987,3.6336758e-07,N,N
CM30_English_N_0029.npy,6.004355,-0.8233005,-3.3049932,-6.3972173,0.9988232,0.0010821205,9.046699e-05,4.1072794e-06,N,N
CF09_Hindi_N_0136.npy,9.801103,-5.9567018,-2.9752483,-6.055074,0.9999969,1.433742e-07,2.8268314e-06,1.2994177e-07,N,N
CM27_Gujarati_N_0054.npy,7.966037,-3.735246,-2.5946543,-6.877029,0.99996555,8.282904e-06,2.5914049e-05,3.5786866e-07,N,N
CF18_English_N_0016.npy,9.525588,-5.6862707,-3.0782416,-6.0078583,0.9999962,2.4749818e-07,3.3591145e-06,1.7943549e-07,N,N
CM30_Gujarati_N_0030.npy,3.390048,1.2979437,-2.5979612,-6.657996,0.888116,0.1096176,0.0022279746,3.842904e-05,N,N
CM27_Gujarati_N_0040.npy,8.335725,-4.084573,-2.7060091,-6.7332606,0.99997973,4.0357518e-06,1.6018697e-05,2.8550528e-07,N,N
CM16_Hindi_N_0084.npy,8.155669,-5.1685257,-1.1209985,-6.924129,0.9999045,1.6343091e-06,9.357353e-05,2.824136e-07,N,N
CM16_Hindi_N_0021.npy,8.9004,-5.8291626,-1.8179066,-6.5001426,0.99997723,4.008873e-07,2.213547e-05,2.0493644e-07,N,N
CF02_English_N_0021.npy,8.434833,-4.509988,-2.292164,-6.5346484,0.9999753,2.3885e-06,2.1943906e-05,3.1537445e-07,N,N
CF09_Hindi_N_0156.npy,9.454141,-5.6964755,-2.6698518,-6.578968,0.99999416,2.6312898e-07,5.4276798e-06,1.0886975e-07,N,N
CF09_Hindi_N_0071.npy,8.366107,-4.722757,-2.5053632,-6.074906,0.9999784,2.0680905e-06,1.8992014e-05,5.349808e-07,N,N
CM38_English_N_0063.npy,8.874932,-4.4182334,-4.018392,-5.188209,0.999995,1.6859689e-06,2.5147708e-06,7.806446e-07,N,N
CF09_Hindi_N_0055.npy,7.3269897,-2.727355,-2.8585927,-6.1631594,0.999918,4.2995027e-05,3.7707025e-05,1.3844183e-06,N,N
CM05_English_N_0033.npy,6.283831,-2.1738517,-2.0204456,-6.6223865,0.99953806,0.00021216534,0.000247342,2.4814199e-06,N,N
CM24_Gujarati_N_0009.npy,8.526016,-4.9015718,-2.5271819,-6.203943,0.99998224,1.4738903e-06,1.5836144e-05,4.0073027e-07,N,N
CF02_English_N_0091.npy,9.083846,-5.222677,-2.6089957,-6.596546,0.99999094,6.120007e-07,8.353328e-06,1.5491312e-07,N,N
CF04_Hindi_N_0126.npy,8.320253,-4.527755,-2.4206686,-5.8049254,0.99997497,2.6312982e-06,2.1640435e-05,7.336716e-07,N,N
CM30_Gujarati_N_0051.npy,7.568217,-3.1248314,-2.8206036,-6.131554,0.9999454,2.2700968e-05,3.0772928e-05,1.1226422e-06,N,N
CM05_Hindi_N_0053.npy,7.114165,-4.275747,-1.0991957,-6.3655114,0.99971634,1.1305792e-05,0.00027093152,1.3987103e-06,N,N
CM38_English_N_0026.npy,9.249011,-5.0140843,-3.3376834,-6.5274696,0.9999957,6.3916696e-07,3.4171662e-06,1.4072124e-07,N,N
CM05_Hindi_N_0055.npy,7.300991,-4.4076843,-1.1688392,-6.5686183,0.9997812,8.220379e-06,0.00020965456,9.4713073e-07,N,N
CF09_English_N_0030.npy,9.793109,-6.009694,-3.1554432,-5.9990044,0.9999974,1.3706568e-07,2.3796558e-06,1.3853872e-07,N,N
CM35_English_N_0085.npy,8.208558,-4.145727,-2.8382494,-6.035523,0.999979,4.3111486e-06,1.593762e-05,6.5142575e-07,N,N
CF02_English_N_0074.npy,8.496606,-4.3665943,-2.7559576,-6.4362063,0.99998415,2.5916495e-06,1.297379e-05,3.2715633e-07,N,N
CF04_English_N_0091.npy,10.2452135,-6.08292,-3.4398859,-6.033609,0.9999987,8.105532e-08,1.139295e-06,8.5152394e-08,N,N
CM05_English_N_0026.npy,7.270838,-2.93585,-2.8198767,-5.958842,0.9999198,3.6919595e-05,4.145945e-05,1.79634e-06,N,N
CM27_Gujarati_N_0042.npy,7.820422,-3.9766796,-2.4983695,-5.9790835,0.9999584,7.5260245e-06,3.3005614e-05,1.0160919e-06,N,N
CF18_English_N_0032.npy,9.4821825,-5.744394,-2.734919,-5.944735,0.99999464,2.4388203e-07,4.9451296e-06,1.9960542e-07,N,N
CM05_Hindi_N_0032.npy,6.097768,-1.4784088,-2.272433,-7.021532,0.9992544,0.0005121349,0.00023149622,2.0046407e-06,N,N
CM03_English_N_0034.npy,5.438428,-1.4105717,-1.9355423,-6.5438433,0.99830866,0.0010587225,0.0006263114,6.243535e-06,N,N
CF14_Hindi_N_0093.npy,9.141258,-4.9182177,-2.4675872,-7.0515666,0.9999901,7.8350706e-07,9.0852745e-06,9.2798516e-08,N,N
CM38_English_N_0071.npy,8.997939,-4.8749704,-3.171417,-6.260025,0.99999356,9.442112e-07,5.18696e-06,2.3634563e-07,N,N
CM38_English_N_0082.npy,7.6542063,-4.1898155,-1.9966824,-6.047479,0.9999273,7.180838e-06,6.4363674e-05,1.1204752e-06,N,N
CM30_English_N_0052.npy,7.3765574,-2.872704,-2.6775372,-6.3037715,0.9999205,3.5380795e-05,4.3005875e-05,1.1446542e-06,N,N
CF02_English_N_0080.npy,8.04269,-4.5590286,-1.3957746,-7.240778,0.9999168,3.3659437e-06,7.959587e-05,2.3037637e-07,N,N
CM30_Gujarati_N_0007.npy,7.4987373,-3.372401,-2.4001625,-6.426271,0.9999299,1.8997394e-05,5.0226383e-05,8.96221e-07,N,N
CM35_English_N_0056.npy,8.53267,-4.263273,-3.0083244,-5.9305644,0.9999869,2.7719614e-06,9.723084e-06,5.232287e-07,N,N
CF20_Gujarati_N_0053.npy,8.691758,-5.499772,-1.8011858,-6.171227,0.99997115,6.865691e-07,2.773064e-05,3.5081231e-07,N,N
CM05_English_N_0044.npy,6.5517883,-3.2380273,-1.5390319,-6.519051,0.9996356,5.5998797e-05,0.00030622675,2.1049825e-06,N,N
CM35_English_N_0094.npy,8.061762,-4.767359,-1.1202221,-7.2472153,0.99989426,2.681253e-06,0.00010286536,2.2456899e-07,N,N
CF14_Hindi_N_0140.npy,8.175027,-5.1956515,-1.0709641,-6.5922475,0.99990165,1.5600756e-06,9.648827e-05,3.8602133e-07,N,N
CM05_Hindi_N_0095.npy,8.368642,-3.6704834,-3.4547632,-6.031623,0.9999863,5.9083786e-06,7.3308506e-06,5.572352e-07,N,N
CF14_Hindi_N_0089.npy,9.296088,-5.5359244,-2.7350874,-6.2619925,0.99999344,3.6185628e-07,5.9555787e-06,1.7506873e-07,N,N
CM03_English_N_0057.npy,8.103205,-4.42582,-2.27356,-6.02487,0.9999645,3.619916e-06,3.1146777e-05,7.315428e-07,N,N
CM30_English_N_0031.npy,4.9974294,0.05754985,-2.9279644,-6.52401,0.99252933,0.0071020047,0.00035874714,9.841148e-06,N,N
CF09_Hindi_N_0094.npy,9.013743,-5.113212,-2.2006593,-7.0961523,0.9999857,7.323778e-07,1.3478462e-05,1.0082192e-07,N,N
CF09_Hindi_N_0117.npy,9.986621,-5.7854176,-3.3459234,-6.0817866,0.9999981,1.4134808e-07,1.6208722e-06,1.0509417e-07,N,N
CF04_Hindi_N_0103.npy,10.010606,-5.6231656,-3.149155,-6.3071227,0.99999785,1.6230734e-07,1.926583e-06,8.1903e-08,N,N
CF14_Hindi_N_0116.npy,8.478558,-5.4422913,-1.4258823,-6.784721,0.99994886,8.99974e-07,4.9949853e-05,2.3508233e-07,N,N
CM27_Gujarati_N_0026.npy,8.336093,-4.5986166,-2.111453,-6.4100227,0.9999682,2.4127548e-06,2.9018476e-05,3.9430248e-07,N,N
CM24_Gujarati_N_0060.npy,8.288991,-4.6094227,-1.8716199,-6.925602,0.99995863,2.5019128e-06,3.866203e-05,2.4681316e-07,N,N
CF14_Gujarati_N_0062.npy,8.892459,-4.785531,-2.7106185,-6.7122383,0.9999895,1.1474133e-06,9.1378315e-06,1.6709427e-07,N,N
CM24_Gujarati_N_0042.npy,8.630735,-4.6686945,-2.768623,-6.189653,0.99998677,1.675426e-06,1.1202518e-05,3.660844e-07,N,N
CM27_Gujarati_N_0009.npy,8.335256,-4.270739,-2.5974796,-6.435152,0.9999784,3.3517877e-06,1.7863393e-05,3.8484342e-07,N,N
CF20_Gujarati_N_0064.npy,9.808574,-5.928481,-3.0649297,-5.76539,0.999997,1.463803e-07,2.5651166e-06,1.7231079e-07,N,N
CF09_English_N_0005.npy,9.421598,-5.4090104,-3.1360543,-6.06958,0.9999958,3.6236548e-07,3.5178634e-06,1.8718232e-07,N,N
CM05_English_N_0022.npy,6.866905,-2.3966475,-2.3013701,-7.002358,0.9998,9.479891e-05,0.00010427532,9.474775e-07,N,N
CF02_English_N_0034.npy,8.568016,-4.961949,-2.137779,-6.6073365,0.99997604,1.3304566e-06,2.2414126e-05,2.566953e-07,N,N
CM27_Gujarati_N_0036.npy,7.5827494,-3.3326886,-3.0047119,-5.699441,0.9999548,1.8174649e-05,2.5229247e-05,1.7045056e-06,N,N
CM30_English_N_0053.npy,8.236302,-3.8553855,-2.9343822,-6.4324336,0.99997985,5.605803e-06,1.4080707e-05,4.2603017e-07,N,N
CM38_English_N_0109.npy,7.705637,-3.7199557,-1.8331537,-7.1563134,0.9999168,1.0911693e-05,7.1997885e-05,3.5115676e-07,N,N
CF02_English_N_0044.npy,8.137745,-4.6283827,-2.095597,-6.0870075,0.9999604,2.8557754e-06,3.5949994e-05,6.641273e-07,N,N
CF09_English_N_0053.npy,9.08412,-5.329853,-2.2720287,-6.8383846,0.9999876,5.4964937e-07,1.16972005e-05,1.2160146e-07,N,N
CM24_Gujarati_N_0049.npy,8.013406,-4.8644695,-1.5370872,-6.2879434,0.9999256,2.553745e-06,7.116085e-05,6.1513504e-07,N,N
CF02_Gujarati_N_0052.npy,9.784535,-5.610474,-2.7544777,-7.028106,0.9999962,2.0607744e-07,3.5840515e-06,4.992994e-08,N,N
CF14_Gujarati_N_0068.npy,8.4364195,-4.9963417,-1.6914692,-6.9295745,0.9999584,1.4662495e-06,3.9948067e-05,2.1213668e-07,N,N
CM24_Gujarati_N_0018.npy,8.522179,-4.966177,-2.7739015,-5.637316,0.99998546,1.3869962e-06,1.2421345e-05,7.089301e-07,N,N
CF09_English_N_0031.npy,9.798367,-5.452957,-3.5136414,-5.7610908,0.999998,2.3792134e-07,1.6545031e-06,1.748286e-07,N,N
CM24_Gujarati_N_0046.npy,8.565808,-5.266493,-1.9299216,-6.879703,0.99997115,9.833212e-07,2.76535e-05,1.9592386e-07,N,N
CM03_English_N_0091.npy,8.656194,-4.7919717,-3.0086162,-6.164883,0.9999896,1.4438805e-06,8.590784e-06,3.6583347e-07,N,N
CF18_English_N_0052.npy,9.964765,-5.745003,-3.74631,-5.627563,0.99999857,1.5042974e-07,1.1100825e-06,1.691756e-07,N,N
CF09_Hindi_N_0130.npy,10.395802,-6.576017,-3.141657,-5.739816,0.99999857,4.258259e-08,1.3205531e-06,9.8262866e-08,N,N
CF04_Hindi_N_0137.npy,9.255943,-5.050214,-3.0765097,-6.144446,0.99999475,6.1222727e-07,4.406376e-06,2.0497168e-07,N,N
CM38_English_N_0046.npy,6.965915,-3.2616088,-2.0062356,-6.1657233,0.999835,3.6155237e-05,0.00012687405,1.9812085e-06,N,N
CF04_Hindi_N_0029.npy,10.217533,-6.1276875,-3.3194396,-5.6042056,0.99999845,7.9682e-08,1.3211942e-06,1.3449473e-07,N,N
CM03_English_N_0104.npy,8.695507,-4.1123276,-3.1926491,-6.5685887,0.9999901,2.7392005e-06,6.8712407e-06,2.3490016e-07,N,N
CF18_English_N_0014.npy,9.728688,-5.9538846,-2.9516766,-6.5139966,0.99999666,1.5457651e-07,3.1116172e-06,8.828562e-08,N,N
CM05_English_N_0098.npy,8.457074,-5.4662256,-1.7614387,-6.5531464,0.99996233,8.97783e-07,3.6487156e-05,3.0278036e-07,N,N
CM03_English_N_0031.npy,9.050923,-4.6514277,-3.5566998,-6.2065454,0.99999535,1.1198058e-06,3.3463925e-06,2.3646307e-07,N,N
CM05_Hindi_N_0096.npy,6.829699,-3.106158,-2.074276,-6.017246,0.99981314,4.8398404e-05,0.00013582253,2.6336716e-06,N,N
CM05_Hindi_N_0069.npy,7.3640323,-2.8988867,-2.4481812,-7.0180287,0.99990964,3.490052e-05,5.4773493e-05,5.674284e-07,N,N
CF18_English_N_0020.npy,9.011154,-5.1084113,-2.8689156,-6.2506866,0.99999213,7.378142e-07,6.9270423e-06,2.3543082e-07,N,N
CF04_English_N_0038.npy,10.543815,-6.149491,-3.5329225,-6.258602,0.99999917,5.625861e-08,7.701056e-07,5.0443166e-08,N,N
CF09_English_N_0032.npy,10.149428,-5.9850564,-3.5149488,-5.7110305,0.99999857,9.8374265e-08,1.16315e-06,1.2938676e-07,N,N
CF04_English_N_0042.npy,10.290698,-6.207289,-2.9786909,-6.475519,0.9999982,6.83934e-08,1.7265405e-06,5.230269e-08,N,N
CM16_Hindi_N_0062.npy,7.60001,-4.536419,-1.2107792,-6.865862,0.999845,5.3598e-06,0.00014909243,5.217763e-07,N,N
CF20_Gujarati_N_0066.npy,9.511878,-5.67901,-2.7033393,-6.0613723,0.9999945,2.5274292e-07,4.9544565e-06,1.724333e-07,N,N
CM16_Hindi_N_0039.npy,9.415026,-5.299216,-2.8380868,-7.0412984,0.99999475,4.0708397e-07,4.7702206e-06,7.130289e-08,N,N
CM35_English_N_0036.npy,7.9503365,-3.1926863,-2.733569,-6.9746103,0.99996233,1.4475395e-05,2.2909859e-05,3.297324e-07,N,N
CF04_Hindi_N_0028.npy,9.991194,-6.1094747,-3.1471179,-5.6279345,0.99999774,1.0175781e-07,1.9683525e-06,1.647016e-07,N,N
CF09_Hindi_N_0050.npy,9.386625,-5.9452124,-1.5621235,-7.2191825,0.99998224,2.1951278e-07,1.7579689e-05,6.140184e-08,N,N
CM35_English_N_0063.npy,7.496795,-3.6677754,-2.8112242,-5.528732,0.9999503,1.4166641e-05,3.336279e-05,2.2032505e-06,N,N
CM38_English_N_0081.npy,8.401436,-3.4627435,-3.172693,-6.7959065,0.9999833,7.0379315e-06,9.40616e-06,2.5111407e-07,N,N
CF02_English_N_0011.npy,7.159496,-5.0061283,-0.004985055,-7.041496,0.9992212,5.2023315e-06,0.0007729782,6.795937e-07,N,N
CM30_Gujarati_N_0036.npy,3.3853118,0.7185556,-2.3960176,-6.018295,0.9322755,0.06477192,0.0028757087,7.6843986e-05,N,N
CF14_Hindi_N_0073.npy,9.03761,-6.11019,-1.3157922,-6.8723135,0.9999678,2.6386383e-07,3.1883104e-05,1.2313853e-07,N,N
CF20_Gujarati_N_0070.npy,9.565621,-5.7046027,-1.935704,-6.9410505,0.9999895,2.334649e-07,1.0116568e-05,6.7801444e-08,N,N
CF20_Gujarati_N_0060.npy,10.34749,-6.291749,-2.9271748,-6.614115,0.9999982,5.938394e-08,1.7174557e-06,4.3019735e-08,N,N
CF02_English_N_0023.npy,9.2942,-5.21378,-3.424779,-6.077287,0.9999963,5.003369e-07,2.9937535e-06,2.1098255e-07,N,N
CF04_English_N_0005.npy,9.635398,-5.825711,-2.8767843,-6.000422,0.99999595,1.9289628e-07,3.6815145e-06,1.6197491e-07,N,N
CM05_English_N_0056.npy,5.4911776,-1.7074684,-1.3652186,-7.370762,0.9982003,0.00074625196,0.0010508063,2.59029e-06,N,N
CM35_English_N_0115.npy,7.6577425,-4.6943145,-1.0550559,-7.184745,0.99983084,4.320127e-06,0.0001644396,3.5802734e-07,N,N
CM35_English_N_0069.npy,8.072672,-5.29768,-0.7869343,-6.841287,0.9998561,1.5605134e-06,0.00014199059,3.333398e-07,N,N
CF18_English_N_0027.npy,10.1431675,-5.9525247,-3.378255,-6.3182364,0.99999857,1.0226554e-07,1.3419003e-06,7.094192e-08,N,N
CM16_Hindi_N_0008.npy,8.429049,-5.576476,-1.4066739,-6.267387,0.9999453,8.2690224e-07,5.3502794e-05,4.143766e-07,N,N
CM03_English_N_0043.npy,7.4931307,-3.7674637,-2.461744,-5.7870746,0.999938,1.2869424e-05,4.7492587e-05,1.7078647e-06,N,N
CF20_Gujarati_N_0017.npy,7.569704,-4.494917,-1.078399,-6.134167,0.99981767,5.758674e-06,0.00017542743,1.1179061e-06,N,N
CF09_Hindi_N_0152.npy,7.45393,-3.996127,-1.7790946,-6.0216813,0.9998902,1.0647698e-05,9.774638e-05,1.4046526e-06,N,N
CF02_Gujarati_N_0017.npy,9.608628,-5.559165,-3.5427935,-5.40033,0.9999975,2.5864853e-07,1.942715e-06,3.0317327e-07,N,N
CF09_Hindi_N_0025.npy,9.639151,-5.6524134,-3.1513712,-6.174817,0.9999969,2.2853715e-07,2.787056e-06,1.3554383e-07,N,N
CM16_Hindi_N_0014.npy,8.444476,-4.705792,-2.2139897,-6.8360085,0.99997437,1.9449114e-06,2.3500428e-05,2.3107793e-07,N,N
CF09_Hindi_N_0100.npy,9.843985,-5.409979,-3.3659723,-6.4052553,0.99999785,2.3729409e-07,1.832262e-06,8.770886e-08,N,N
CM30_Gujarati_N_0016.npy,6.5820956,-1.2337183,-3.323301,-6.4363313,0.9995447,0.00040312274,4.988192e-05,2.2180495e-06,N,N
CF20_Gujarati_N_0005.npy,7.753789,-4.6936326,-1.2204396,-7.070499,0.9998691,3.927322e-06,0.00012661498,3.6461702e-07,N,N
CF04_Hindi_N_0069.npy,7.8793054,-4.425805,-2.0329013,-5.619305,0.99994445,4.5282886e-06,4.9563187e-05,1.3727891e-06,N,N
CF09_Hindi_N_0034.npy,10.5490885,-6.2387366,-3.0542228,-7.0471406,0.9999987,5.1184664e-08,1.2363923e-06,2.2806258e-08,N,N
CM03_English_N_0036.npy,7.703014,-3.1485584,-2.6645825,-6.485952,0.9999485,1.937313e-05,3.143313e-05,6.8831633e-07,N,N
CM05_Hindi_N_0024.npy,6.85723,-2.4629185,-2.5506353,-6.20575,0.99982625,8.958503e-05,8.206169e-05,2.121994e-06,N,N
CF02_English_N_0078.npy,9.14581,-4.6521797,-3.290268,-6.6346927,0.9999949,1.0176699e-06,3.972626e-06,1.4015632e-07,N,N
CM30_English_N_0041.npy,6.4340525,-2.4307144,-1.6883979,-7.735122,0.99956137,0.00014121801,0.00029667045,7.018031e-07,N,N
CF14_English_N_0043.npy,9.103435,-5.9311147,-1.4912772,-7.221811,0.9999746,2.9550645e-07,2.5047495e-05,8.128777e-08,N,N
CM05_English_N_0004.npy,7.518786,-4.1209064,-1.6544974,-6.423615,0.9998865,8.808392e-06,0.00010376342,8.807303e-07,N,N
CF14_Gujarati_N_0045.npy,8.923236,-5.6134973,-2.4467843,-5.790113,0.9999876,4.861513e-07,1.1536065e-05,4.0744462e-07,N,N
CF20_Gujarati_N_0020.npy,9.912666,-6.083214,-3.2055225,-5.491648,0.9999976,1.12999494e-07,2.0083617e-06,2.0416928e-07,N,N
CF14_Hindi_N_0095.npy,9.121043,-5.9338493,-1.7571931,-6.715856,0.9999807,2.895575e-07,1.8863984e-05,1.3246888e-07,N,N
CF02_English_N_0062.npy,8.814425,-5.357935,-1.8725128,-6.550897,0.99997616,6.9986083e-07,2.2840803e-05,2.1228293e-07,N,N
CM05_English_N_0008.npy,6.8803596,-3.148039,-1.760444,-6.4550586,0.9997775,4.411896e-05,0.00017670552,1.6158634e-06,N,N
CM16_Hindi_N_0040.npy,9.114634,-5.343228,-2.055791,-6.909007,0.99998534,5.260468e-07,1.408445e-05,1.0990446e-07,N,N
CF02_Gujarati_N_0016.npy,6.8562098,-4.2418647,-0.47419986,-6.8633275,0.999329,1.5131298e-05,0.0006548654,1.0999905e-06,N,N
CM05_Hindi_N_0025.npy,7.899891,-3.942036,-2.2503953,-6.349382,0.99995303,7.196084e-06,3.906309e-05,6.4803555e-07,N,N
CF09_Hindi_N_0013.npy,10.22098,-6.1514783,-3.1387596,-6.5343223,0.99999833,7.754099e-08,1.5773869e-06,5.2876644e-08,N,N
CM24_Gujarati_N_0032.npy,8.677337,-4.5974345,-2.1826618,-7.150374,0.9999789,1.7172407e-06,1.9211147e-05,1.3369132e-07,N,N
CM24_Gujarati_N_0045.npy,6.8140244,-4.007823,-0.70100087,-7.148503,0.99943465,1.9947367e-05,0.0005445283,8.6279147e-07,N,N
CF04_Hindi_N_0131.npy,9.894928,-5.939935,-3.7758555,-4.829745,0.99999833,1.3274108e-07,1.1557215e-06,4.028611e-07,N,N
CF09_Hindi_N_0046.npy,9.213619,-5.4875193,-3.1223118,-5.773604,0.9999949,4.12453e-07,4.3910777e-06,3.098344e-07,N,N
CF04_Hindi_N_0110.npy,10.579691,-5.9876266,-3.6684935,-6.017981,0.9999993,6.381238e-08,6.4877173e-07,6.190455e-08,N,N
CF02_English_N_0052.npy,7.6926003,-4.041881,-1.7440333,-6.2414556,0.9999113,8.011998e-06,7.9741316e-05,8.8813323e-07,N,N
CF09_Hindi_N_0112.npy,9.276524,-5.3164654,-2.5590985,-6.6603847,0.99999213,4.5955977e-07,7.24188e-06,1.1986299e-07,N,N
CF04_Hindi_N_0053.npy,8.511035,-4.621246,-2.302972,-6.593277,0.9999776,1.9802198e-06,2.0115313e-05,2.7559477e-07,N,N
CF04_English_N_0111.npy,10.190913,-6.343283,-2.9861271,-6.2357583,0.999998,6.596122e-08,1.8935785e-06,7.344904e-08,N,N
CF14_Hindi_N_0055.npy,8.792189,-5.6244044,-1.1049036,-7.250719,0.999949,5.4818963e-07,5.031824e-05,1.07803174e-07,N,N
CM35_English_N_0122.npy,8.842708,-4.815659,-2.5153768,-6.730388,0.999987,1.1701482e-06,1.1674569e-05,1.7245866e-07,N,N
CF09_Hindi_N_0086.npy,9.511884,-5.2668347,-2.9399927,-6.778908,0.9999956,3.816647e-07,3.91036e-06,8.413906e-08,N,N
CM38_English_N_0117.npy,8.60124,-4.8794675,-2.4411361,-6.7216,0.99998236,1.397641e-06,1.6008446e-05,2.2149686e-07,N,N
CM35_English_N_0111.npy,7.7822905,-4.268589,-1.7774458,-6.8299627,0.9999232,5.838969e-06,7.050598e-05,4.5076035e-07,N,N
CM03_English_N_0020.npy,6.4857345,-2.1883194,-2.4410555,-6.6165156,0.99969435,0.00017091232,0.00013274296,2.04001e-06,N,N
CF20_Gujarati_N_0067.npy,9.727422,-6.001816,-1.8861856,-6.914387,0.9999907,1.4752814e-07,9.042122e-06,5.923112e-08,N,N
CM24_Gujarati_N_0012.npy,8.372233,-4.4353356,-2.3644826,-6.5257416,0.9999752,2.739886e-06,2.1731646e-05,3.3875125e-07,N,N
CF14_Hindi_N_0068.npy,8.819303,-6.1823587,-1.1897533,-6.763222,0.9999546,3.053807e-07,4.49886e-05,1.7083448e-07,N,N
CF09_Hindi_N_0099.npy,9.367384,-4.900989,-2.657258,-6.890381,0.9999933,6.3580103e-07,5.994617e-06,8.696401e-08,N,N
CM05_Hindi_N_0063.npy,6.7414613,-2.7915356,-1.9778262,-6.395983,0.99976224,7.240502e-05,0.00016336466,1.9695956e-06,N,N
CM05_Hindi_N_0118.npy,5.93986,-3.49963,-0.56811,-6.568851,0.99842775,7.939598e-05,0.0014891595,3.6885235e-06,N,N
CF14_Hindi_N_0022.npy,9.139518,-5.29429,-2.7854397,-6.1976976,0.9999926,5.388574e-07,6.622983e-06,2.1833772e-07,N,N
CF04_English_N_0108.npy,10.333497,-5.9008517,-3.0447426,-7.1958804,0.99999833,8.902488e-08,1.548473e-06,2.4383024e-08,N,N
CF14_English_N_0018.npy,8.793733,-5.426412,-1.9236028,-6.801983,0.999977,6.672058e-07,2.2156964e-05,1.6859971e-07,N,N
CM35_English_N_0006.npy,8.804122,-5.137786,-2.0721653,-7.2095084,0.9999801,8.8124705e-07,1.890078e-05,1.1100952e-07,N,N
CM05_English_N_0096.npy,7.163957,-2.1005304,-2.9051435,-7.0688176,0.9998623,9.471626e-05,4.236288e-05,6.587561e-07,N,N
CF14_Hindi_N_0120.npy,9.62128,-5.744229,-2.1774948,-6.9614625,0.99999225,2.1224666e-07,7.5137004e-06,6.28352e-08,N,N
CM27_Gujarati_N_0011.npy,8.6769,-4.385962,-3.1236694,-6.2068706,0.99999,2.1225924e-06,7.50021e-06,3.4360264e-07,N,N
CM35_English_N_0037.npy,7.2476397,-3.7407262,-1.5633731,-6.830107,0.9998332,1.6894322e-05,0.00014905742,7.6920054e-07,N,N
CF04_Hindi_N_0130.npy,10.330453,-5.679717,-3.5632164,-6.5839252,0.9999989,1.11396375e-07,9.2481685e-07,4.5100155e-08,N,N
CM35_English_N_0098.npy,7.1694546,-3.625331,-2.2567258,-5.639484,0.99989617,2.0504027e-05,8.05781e-05,2.7359201e-06,N,N
CM03_English_N_0017.npy,6.6474442,-2.8291786,-2.1071062,-6.1624146,0.99976295,7.660413e-05,0.00015770443,2.7330418e-06,N,N
CF09_Hindi_N_0109.npy,10.220804,-5.976828,-3.085533,-6.7827735,0.9999982,9.23543e-08,1.663912e-06,4.1251432e-08,N,N
CM03_English_N_0028.npy,7.5477524,-3.4035516,-3.0724828,-5.3531537,0.99995553,1.7534365e-05,2.4415805e-05,2.4956782e-06,N,N
CM16_Hindi_N_0006.npy,7.500086,-5.077264,-0.8034054,-6.900534,0.9997484,3.4483962e-06,0.0002475883,5.5690504e-07,N,N
CF09_Hindi_N_0038.npy,9.410064,-5.205886,-3.2172046,-5.764378,0.99999595,4.491299e-07,3.2812968e-06,2.5693404e-07,N,N
CF04_Hindi_N_0079.npy,9.876629,-5.524624,-3.81507,-5.1457663,0.99999845,2.0479543e-07,1.1318008e-06,2.991273e-07,N,N
CF14_Gujarati_N_0020.npy,8.780579,-5.657315,-1.5323088,-6.6450634,0.999966,5.3664616e-07,3.3201315e-05,1.9985454e-07,N,N
CF14_English_N_0006.npy,8.487094,-5.251992,-1.9878137,-6.114309,0.9999702,1.0793884e-06,2.8235298e-05,4.5569956e-07,N,N
CM35_English_N_0007.npy,8.311839,-4.700963,-1.6577505,-7.1492314,0.99995077,2.231467e-06,4.6799483e-05,1.9289493e-07,N,N
CF14_Gujarati_N_0043.npy,8.751151,-4.8157415,-2.2197073,-6.7329288,0.9999814,1.2822283e-06,1.7195252e-05,1.8851318e-07,N,N
CF09_Hindi_N_0126.npy,9.864263,-5.6599493,-3.4148812,-5.745369,0.999998,1.8110046e-07,1.7097793e-06,1.662732e-07,N,N
CM30_Gujarati_N_0021.npy,4.7485123,-0.061082974,-2.4951866,-6.839152,0.99120295,0.008079453,0.00070837635,9.198228e-06,N,N
CF09_Hindi_N_0155.npy,8.877818,-4.285687,-3.065763,-6.5607295,0.9999913,1.9193687e-06,6.500774e-06,1.9729697e-07,N,N
CF09_Hindi_N_0016.npy,10.344958,-5.9642396,-3.5330482,-6.201471,0.9999989,8.2604686e-08,9.3941634e-07,6.515937e-08,N,N
CM38_English_N_0113.npy,8.465116,-4.5301247,-3.1920698,-5.9396167,0.99998844,2.2710876e-06,8.656526e-06,5.547527e-07,N,N
CM05_Hindi_N_0123.npy,7.526331,-3.6804848,-1.9708269,-6.5317783,0.9999105,1.3580097e-05,7.505813e-05,7.8451603e-07,N,N
CF14_English_N_0028.npy,8.396273,-4.510553,-2.5270066,-6.4722695,0.99997914,2.4810047e-06,1.8033134e-05,3.4887137e-07,N,N
CF14_Gujarati_N_0070.npy,8.506875,-5.131295,-1.403027,-7.4194703,0.999949,1.1939765e-06,4.9677743e-05,1.2113055e-07,N,N
CM05_English_N_0074.npy,8.153798,-3.635738,-2.9375594,-6.471086,0.99997675,7.5833254e-06,1.5243148e-05,4.4512666e-07,N,N
CM05_Hindi_N_0082.npy,7.780038,-2.408416,-3.3040938,-6.9642234,0.9999466,3.7599977e-05,1.5353231e-05,3.9502603e-07,N,N
CF09_Hindi_N_0107.npy,9.94812,-5.5094013,-2.715938,-7.08726,0.99999654,1.935897e-07,3.1627708e-06,3.996016e-08,N,N
CM38_English_N_0022.npy,7.863588,-3.0875373,-2.757199,-6.798865,0.99995756,1.7537528e-05,2.4402401e-05,4.287057e-07,N,N
CM30_English_N_0055.npy,8.510856,-3.414564,-3.5237405,-6.5100074,0.9999871,6.619884e-06,5.9352033e-06,2.9958267e-07,N,N
CM05_English_N_0066.npy,8.852188,-4.4979405,-2.7381175,-7.088088,0.99998903,1.5926056e-06,9.25528e-06,1.1945966e-07,N,N
CM30_Gujarati_N_0055.npy,8.237904,-3.8927796,-2.9079652,-6.642426,0.99997985,5.3914127e-06,1.4434513e-05,3.4478347e-07,N,N
CM35_English_N_0100.npy,7.546238,-4.3572044,-1.2143368,-7.1186357,0.9998361,6.7659607e-06,0.00015676883,4.2761738e-07,N,N
CF04_English_N_0087.npy,10.397204,-6.216427,-3.1073396,-6.692905,0.99999857,6.092431e-08,1.3647414e-06,3.783201e-08,N,N
CM24_Gujarati_N_0053.npy,8.080569,-5.0930843,-1.0304232,-7.1985416,0.99988747,1.8997921e-06,0.00011043262,2.313756e-07,N,N
CM03_English_N_0012.npy,7.939933,-3.8627079,-2.436052,-6.1997533,0.99996066,7.4844706e-06,3.1170934e-05,7.230945e-07,N,N
CM38_English_N_0062.npy,7.9316235,-4.4278226,-1.9285798,-7.234586,0.99994326,4.2888055e-06,5.2208798e-05,2.590445e-07,N,N
CM35_English_N_0116.npy,7.499138,-4.580014,-1.2066848,-6.6070895,0.999828,5.6756576e-06,0.00016559013,7.475984e-07,N,N
CF04_Hindi_N_0099.npy,10.622544,-6.1924057,-3.8740227,-5.426402,0.9999994,4.9815007e-08,5.060819e-07,1.0715955e-07,N,N
CM05_English_N_0075.npy,8.170964,-5.1416073,-1.6290586,-6.8604083,0.99994266,1.6534793e-06,5.5447144e-05,2.964375e-07,N,N
CF04_English_N_0055.npy,8.531102,-5.064022,-2.4335518,-5.7306294,0.9999808,1.2465343e-06,1.7302264e-05,6.4002967e-07,N,N
CF04_Hindi_N_0105.npy,10.21668,-6.2831163,-3.208524,-5.6102242,0.99999833,6.826985e-08,1.4774322e-06,1.3380183e-07,N,N
CM30_English_N_0027.npy,5.2097607,-0.38830912,-2.874091,-6.360863,0.99599314,0.0036901634,0.0003072445,9.401529e-06,N,N
CF14_Gujarati_N_0019.npy,8.447124,-5.952067,-0.36662164,-7.5035524,0.99985063,5.577582e-07,0.00014865314,1.1820738e-07,N,N
CF04_English_N_0070.npy,9.789429,-6.0650845,-3.4943113,-5.217858,0.99999785,1.3015818e-07,1.7019394e-06,3.0368093e-07,N,N
CF14_Gujarati_N_0016.npy,8.34359,-4.8242445,-1.8505559,-6.3485,0.9999602,1.9110187e-06,3.7387093e-05,4.1618796e-07,N,N
CM38_English_N_0092.npy,8.042596,-4.10995,-1.6032431,-7.873929,0.9999299,5.2745563e-06,6.468968e-05,1.2232371e-07,N,N
CF04_Hindi_N_0074.npy,9.780921,-5.5198536,-3.6776226,-5.213906,0.9999981,2.2644211e-07,1.4289857e-06,3.074882e-07,N,N
CF09_English_N_0037.npy,10.160461,-5.895752,-3.3497317,-6.3474865,0.99999857,1.0638357e-07,1.3570542e-06,6.771559e-08,N,N
CF04_English_N_0017.npy,10.515073,-6.515741,-3.6311543,-5.1085963,0.99999905,4.0143146e-08,7.184083e-07,1.6395569e-07,N,N
CM05_English_N_0079.npy,7.422469,-2.578312,-3.3515644,-6.196832,0.9999324,4.536142e-05,2.0934729e-05,1.2166998e-06,N,N
CF02_Gujarati_N_0021.npy,9.2903805,-4.8914356,-2.8796775,-6.4563756,0.99999404,6.932868e-07,5.1833226e-06,1.4496672e-07,N,N
CF14_Hindi_N_0011.npy,9.531312,-5.711595,-2.710936,-6.4444156,0.9999949,2.3993167e-07,4.8223287e-06,1.15299564e-07,N,N
CM24_Gujarati_N_0024.npy,6.7327576,-3.8028147,-0.8226076,-7.203826,0.99944955,2.6559512e-05,0.00052300695,8.854816e-07,N,N
CM05_Hindi_N_0061.npy,6.3010488,-3.6254454,-1.0886478,-5.4178343,0.9993259,4.8829843e-05,0.0006171669,8.133185e-06,N,N
CM38_English_N_0091.npy,8.718009,-4.5844913,-2.5752819,-6.8803267,0.9999858,1.670289e-06,1.2456035e-05,1.6816007e-07,N,N
CF20_Gujarati_N_0057.npy,9.201303,-5.7932153,-2.6297104,-5.65045,0.999992,3.0758136e-07,7.2753346e-06,3.547824e-07,N,N
CM30_English_N_0040.npy,6.555749,-2.0821173,-2.1853561,-7.3841243,0.99966216,0.0001772049,0.00015982309,8.8276164e-07,N,N
CM27_Gujarati_N_0017.npy,7.8211718,-3.5553043,-2.4204464,-6.5836673,0.9999523,1.14614195e-05,3.5653407e-05,5.546735e-07,N,N
CM30_Gujarati_N_0043.npy,7.1219673,-3.475569,-1.9110941,-6.8668633,0.9998547,2.4973848e-05,0.00011937911,8.407463e-07,N,N
CM24_Gujarati_N_0004.npy,9.245134,-5.1242123,-3.256648,-6.126383,0.99999547,5.7473824e-07,3.7199998e-06,2.1097595e-07,N,N
CF09_Hindi_N_0129.npy,8.973266,-5.40449,-3.0145028,-5.5169506,0.9999927,5.6992366e-07,6.2197837e-06,5.093026e-07,N,N
CM05_Hindi_N_0011.npy,8.067562,-3.4976766,-3.3195598,-5.9581943,0.9999784,9.490108e-06,1.1340347e-05,8.1036717e-07,N,N
CF04_English_N_0099.npy,10.306058,-6.4106565,-3.1834352,-5.746426,0.99999845,5.4956914e-08,1.3854371e-06,1.0678098e-07,N,N
CM35_English_N_0060.npy,7.54079,-3.4699364,-2.7733264,-6.002791,0.999949,1.6522657e-05,3.315996e-05,1.3124276e-06,N,N
CM16_Hindi_N_0031.npy,8.955087,-5.4986863,-2.7316034,-6.3067465,0.9999908,5.2820434e-07,8.404868e-06,2.3543232e-07,N,N
CF04_Hindi_N_0065.npy,10.075084,-5.8667483,-3.015942,-5.955688,0.99999774,1.1927503e-07,2.063662e-06,1.0912481e-07,N,N
CF04_Hindi_N_0060.npy,8.457949,-5.045499,-2.5754566,-5.5536265,0.99998164,1.3662158e-06,1.6152695e-05,8.219436e-07,N,N
CF02_English_N_0043.npy,6.6379294,-4.200439,-0.46563557,-6.6269813,0.9991572,1.9615087e-05,0.0008214755,1.7328315e-06,N,N
CM38_English_N_0040.npy,8.134432,-3.3950598,-3.3811576,-6.0908637,0.9999795,9.835503e-06,9.973188e-06,6.63779e-07,N,N
CF14_English_N_0038.npy,8.55731,-5.301703,-2.1483982,-5.9362235,0.99997616,9.574077e-07,2.2416074e-05,5.076072e-07,N,N
CF09_Hindi_N_0062.npy,9.236088,-5.683157,-2.5786316,-6.3496475,0.99999213,3.3162775e-07,7.3948477e-06,1.7029338e-07,N,N
CF09_Hindi_N_0014.npy,10.313188,-6.1835504,-3.0676682,-6.3695064,0.99999833,6.847891e-08,1.5444275e-06,5.685878e-08,N,N
CF02_English_N_0070.npy,9.034149,-5.060064,-2.3890169,-6.838463,0.9999882,7.567558e-07,1.0938979e-05,1.2782243e-07,N,N
CF04_English_N_0001.npy,9.506143,-5.793485,-2.6171327,-5.890611,0.99999404,2.2670113e-07,5.4315738e-06,2.0571805e-07,N,N
CF04_English_N_0047.npy,9.988844,-5.761983,-2.8189352,-6.784719,0.999997,1.4437816e-07,2.739371e-06,5.1919763e-08,N,N
CM38_English_N_0078.npy,7.621507,-3.9948242,-2.1983576,-6.1298122,0.9999355,9.017031e-06,5.4357453e-05,1.0662269e-06,N,N
CF14_English_N_0052.npy,7.701232,-4.690955,-1.1529751,-6.049665,0.99985194,4.1502785e-06,0.00014275865,1.0665893e-06,N,N
CM05_Hindi_N_0041.npy,6.0443153,-4.158344,-0.3021212,-6.1177073,0.9982079,3.7005153e-05,0.0017498414,5.2158093e-06,N,N
CF04_Hindi_N_0136.npy,9.278609,-4.998661,-3.1302242,-5.880058,0.9999951,6.301707e-07,4.082347e-06,2.610193e-07,N,N
CM24_Gujarati_N_0034.npy,8.606151,-4.921209,-2.1214,-6.993098,0.9999765,1.333928e-06,2.1931777e-05,1.6800495e-07,N,N
CF14_Gujarati_N_0059.npy,9.25343,-5.851336,-1.9361312,-6.775879,0.9999858,2.7547168e-07,1.3817481e-05,1.0928327e-07,N,N
CM27_Gujarati_N_0020.npy,6.9030037,-3.2527924,-2.0891213,-6.0235977,0.9998344,3.8843817e-05,0.00012436496,2.432072e-06,N,N
CF04_English_N_0036.npy,10.116609,-6.2521467,-2.8673768,-6.3734713,0.9999976,7.782853e-08,2.2968127e-06,6.893635e-08,N,N
CM35_English_N_0087.npy,8.244858,-4.536057,-2.8281229,-5.63672,0.9999808,2.8139157e-06,1.5525913e-05,9.3604933e-07,N,N
CM05_Hindi_N_0087.npy,6.2058907,-2.7063167,-1.6099322,-6.3737655,0.99945885,0.00013466115,0.00040308468,3.4394538e-06,N,N
CF14_English_N_0027.npy,9.759807,-5.5927877,-2.7877333,-6.8029723,0.9999962,2.1500638e-07,3.5536207e-06,6.4102515e-08,N,N
CM30_Gujarati_N_0040.npy,6.5686107,-1.8675176,-2.6548173,-6.580286,0.99968255,0.00021681933,9.866845e-05,1.9470122e-06,N,N
CM05_Hindi_N_0044.npy,7.3156247,-4.169542,-1.0155536,-7.235294,0.9997484,1.0278892e-05,0.00024082734,4.7918934e-07,N,N
CM38_English_N_0016.npy,9.499066,-5.765866,-3.3723621,-5.525106,0.9999969,2.3470517e-07,2.5704448e-06,2.9859584e-07,N,N
CF04_English_N_0081.npy,9.767976,-5.9172707,-3.4626434,-5.1489596,0.99999774,1.5416401e-07,1.7947916e-06,3.3239652e-07,N,N
CF09_Hindi_N_0151.npy,7.6735926,-3.6436977,-2.4344068,-5.8571873,0.99994576,1.21601715e-05,4.0750027e-05,1.3293319e-06,N,N
CF14_Hindi_N_0032.npy,8.90462,-6.1591277,-1.4649384,-6.372858,0.9999682,2.8700126e-07,3.1372147e-05,2.3177239e-07,N,N
CM03_English_N_0042.npy,6.985537,-2.6517491,-2.2598097,-6.640618,0.99983704,6.5239255e-05,9.654417e-05,1.2082738e-06,N,N
CM03_English_N_0064.npy,7.195159,-2.8800805,-2.8357213,-5.60036,0.99991107,4.2105672e-05,4.4015494e-05,2.772925e-06,N,N
CF14_Gujarati_N_0012.npy,8.635544,-5.387748,-1.4209738,-7.2204113,0.99995613,8.1234924e-07,4.2903317e-05,1.2996522e-07,N,N
CF02_English_N_0077.npy,9.02897,-5.21713,-3.0770996,-5.753695,0.99999344,6.501219e-07,5.525835e-06,3.8016066e-07,N,N
CM05_English_N_0068.npy,7.192953,-2.7359114,-2.2910993,-7.130733,0.9998746,4.8741007e-05,7.604555e-05,6.0151643e-07,N,N
CF04_Hindi_N_0043.npy,10.412863,-6.430089,-3.1745696,-6.0460033,0.99999857,4.843931e-08,1.2561811e-06,7.1122116e-08,N,N
CF09_English_N_0051.npy,10.271918,-6.2852783,-2.8037207,-6.90842,0.99999774,6.446136e-08,2.095662e-06,3.4567908e-08,N,N
CM35_English_N_0079.npy,8.314091,-4.252378,-2.6766667,-6.274906,0.99997926,3.4869265e-06,1.6856442e-05,4.6139206e-07,N,N
CM35_English_N_0078.npy,9.651313,-6.1483254,-2.2188537,-6.8606677,0.9999927,1.3749946e-07,6.9959856e-06,6.7442706e-08,N,N
CF14_Hindi_N_0121.npy,8.945747,-5.3908715,-2.448705,-6.601113,0.9999881,5.9385513e-07,1.1257634e-05,1.7704328e-07,N,N
CF02_Gujarati_N_0014.npy,9.630874,-5.352721,-3.1458573,-6.5055466,0.9999968,3.1096107e-07,2.825756e-06,9.818382e-08,N,N
CF04_English_N_0030.npy,9.076958,-5.2973175,-2.7982566,-5.887472,0.99999225,5.7191073e-07,6.9607568e-06,3.169767e-07,N,N
CM05_Hindi_N_0005.npy,3.2599232,-0.1894537,-1.3249228,-5.6104894,0.95959055,0.0304818,0.0097929295,0.00013480768,N,N
CM24_Gujarati_N_0059.npy,7.4084773,-3.608899,-1.8178926,-6.859975,0.9998845,1.6412105e-05,9.8398465e-05,6.3568217e-07,N,N
CF14_Hindi_N_0130.npy,7.216503,-6.085397,0.75657094,-6.817022,0.9984351,1.6686995e-06,0.0015624526,8.028551e-07,N,N
CF02_English_N_0012.npy,9.39243,-5.7043567,-2.8992584,-5.640026,0.99999475,2.7768132e-07,4.5897077e-06,2.9613165e-07,N,N
CM03_English_N_0099.npy,8.844264,-4.9643617,-2.9534621,-5.9279838,0.99999106,1.0068991e-06,7.521578e-06,3.8414095e-07,N,N
CM30_English_N_0039.npy,7.275491,-2.4319875,-2.727649,-7.033555,0.9998933,6.0820406e-05,4.525275e-05,6.103993e-07,N,N
CM38_English_N_0070.npy,8.863821,-5.3427076,-2.3200078,-6.776511,0.9999852,6.763579e-07,1.3896923e-05,1.6124402e-07,N,N
CM38_English_N_0093.npy,8.396522,-3.8857353,-3.412461,-6.1967316,0.9999875,4.6331684e-06,7.4373543e-06,4.5943625e-07,N,N
CM35_English_N_0034.npy,6.76234,-3.9392087,-1.2727165,-6.0871415,0.9996511,2.25022e-05,0.00032379304,2.6265732e-06,N,N
CM27_Gujarati_N_0031.npy,8.013106,-3.9740741,-2.429382,-6.447291,0.999964,6.2232593e-06,2.9165485e-05,5.247029e-07,N,N
CM38_English_N_0059.npy,8.455542,-4.283415,-3.1867769,-6.038639,0.9999877,2.9345142e-06,8.786175e-06,5.0728494e-07,N,N
CF09_Hindi_N_0063.npy,9.40269,-5.1843686,-3.1286342,-6.3535495,0.9999958,4.6229474e-07,3.6117124e-06,1.4359873e-07,N,N
CM38_English_N_0003.npy,8.599301,-4.8458977,-2.404349,-6.7873206,0.99998164,1.4481592e-06,1.6640535e-05,2.0781039e-07,N,N
CF04_English_N_0016.npy,9.861867,-5.835001,-2.725502,-6.6120887,0.9999963,1.5238255e-07,3.4148648e-06,7.005684e-08,N,N
CF14_English_N_0035.npy,8.049624,-5.170356,-0.6139449,-7.640436,0.9998253,1.8136757e-06,0.00017273634,1.5339718e-07,N,N
CM27_Gujarati_N_0006.npy,8.844022,-4.650695,-3.038552,-6.2251134,0.9999914,1.3782096e-06,6.909712e-06,2.854656e-07,N,N
CM27_Gujarati_N_0067.npy,7.485575,-4.3993716,-1.4712231,-6.864647,0.9998636,6.8924555e-06,0.00012884056,5.857587e-07,N,N
CF04_Hindi_N_0089.npy,9.935425,-5.366762,-3.8338442,-5.656941,0.99999857,2.2612261e-07,1.0473259e-06,1.6916917e-07,N,N
CF04_Hindi_N_0011.npy,9.947949,-5.9205856,-3.9550035,-4.729791,0.99999845,1.2834595e-07,9.1627004e-07,4.2221902e-07,N,N
CM16_Hindi_N_0061.npy,8.707518,-5.6905303,-1.7410591,-6.478188,0.9999702,5.584626e-07,2.8988634e-05,2.5404995e-07,N,N
CF02_English_N_0029.npy,8.047381,-4.3133106,-2.192956,-6.1242337,0.99995935,4.283532e-06,3.569935e-05,7.0037055e-07,N,N
CF18_English_N_0015.npy,9.459337,-5.52174,-3.0792317,-6.0638127,0.99999595,3.117447e-07,3.5856435e-06,1.8129259e-07,N,N
CF09_Hindi_N_0070.npy,9.604146,-5.403288,-3.5952618,-5.753326,0.9999976,3.03636e-07,1.8516935e-06,2.1396062e-07,N,N
CF20_Gujarati_N_0061.npy,9.91026,-5.651539,-3.0375211,-6.1378236,0.9999974,1.7441965e-07,2.3814903e-06,1.0725176e-07,N,N
CM38_English_N_0112.npy,7.9578314,-4.7399664,-1.3150011,-7.205461,0.9999027,3.0575547e-06,9.393287e-05,2.597908e-07,N,N
CM16_Hindi_N_0043.npy,8.41282,-5.2486973,-1.5890174,-6.338557,0.99995315,1.1664285e-06,4.5314493e-05,3.9222743e-07,N,N
CM30_English_N_0059.npy,6.805561,-1.6545695,-3.508282,-5.9059515,0.9997521,0.0002116919,3.3162505e-05,3.015453e-06,N,N
CF20_Gujarati_N_0006.npy,7.993738,-4.7745905,-1.2191008,-7.1295238,0.9998971,2.8493162e-06,9.974017e-05,2.7039948e-07,N,N
CF04_English_N_0079.npy,10.421538,-6.014061,-3.4793565,-6.3508224,0.9999989,7.2796254e-08,9.181582e-07,5.1982283e-08,N,N
CF14_Hindi_N_0023.npy,9.003364,-5.124179,-2.3267062,-6.7723193,0.9999871,7.319487e-07,1.200626e-05,1.408324e-07,N,N
CF02_English_N_0065.npy,8.192885,-5.129716,-0.97500867,-7.39082,0.9998939,1.6368982e-06,0.00010432491,1.7062256e-07,N,N
CF02_English_N_0085.npy,8.683275,-4.99144,-2.7031677,-6.1001873,0.9999871,1.1511744e-06,1.1348147e-05,3.7985532e-07,N,N
CF14_Hindi_N_0084.npy,9.082139,-5.672848,-1.4785572,-7.248384,0.99997365,3.9082184e-07,2.591411e-05,8.0859806e-08,N,N
CM16_Hindi_N_0047.npy,8.744365,-5.0377765,-2.7483442,-6.367888,0.99998844,1.0339209e-06,1.0204102e-05,2.734178e-07,N,N
CF04_English_N_0069.npy,8.690368,-5.294344,-2.9839818,-4.6915574,0.99998915,8.443299e-07,8.509218e-06,1.5427618e-06,N,N
CM03_English_N_0083.npy,8.756681,-4.222008,-3.1139367,-6.805323,0.99999046,2.3089938e-06,6.9928146e-06,1.7438269e-07,N,N
CF04_English_N_0076.npy,9.872916,-5.506638,-3.34028,-6.2957215,0.99999785,2.092875e-07,1.8263377e-06,9.507114e-08,N,N
CF04_Hindi_N_0080.npy,9.834473,-5.772827,-3.3144057,-5.6239867,0.99999774,1.6666132e-07,1.9476631e-06,1.9340834e-07,N,N
CM38_English_N_0006.npy,7.610626,-4.01816,-2.5818167,-5.710608,0.9999521,8.905567e-06,3.745049e-05,1.6392338e-06,N,N
CM30_Gujarati_N_0061.npy,7.119357,-2.3405976,-3.0685458,-5.8328156,0.9998821,7.79009e-05,3.7618283e-05,2.370781e-06,N,N
CM05_English_N_0042.npy,8.467509,-4.699338,-2.2332017,-6.950064,0.9999753,1.9129347e-06,2.2528351e-05,2.0147539e-07,N,N
CM05_Hindi_N_0075.npy,7.6540103,-2.806543,-3.1415603,-6.1482253,0.9999498,2.8642946e-05,2.0489038e-05,1.0133126e-06,N,N
CF14_Hindi_N_0051.npy,8.362472,-4.2966423,-2.934649,-5.6262727,0.99998355,3.1784073e-06,1.2408394e-05,8.409268e-07,N,N
CM38_English_N_0024.npy,7.962289,-2.922219,-3.1495826,-6.733297,0.9999659,1.8745775e-05,1.49334655e-05,4.1473777e-07,N,N
CM03_English_N_0086.npy,8.79709,-4.3138123,-3.7959726,-5.3365602,0.9999939,2.0230427e-06,3.3954695e-06,7.27497e-07,N,N
CF14_Hindi_N_0113.npy,8.003232,-5.522367,-0.84077394,-6.760859,0.9998541,1.3361149e-06,0.00014422277,3.8723374e-07,N,N
CM05_Hindi_N_0049.npy,6.883918,-4.550752,-0.45796415,-6.8572335,0.9993407,1.0806864e-05,0.00064740324,1.0764829e-06,N,N
CM35_English_N_0092.npy,8.161055,-3.8230755,-2.5916922,-6.6682954,0.9999721,6.242325e-06,2.1385991e-05,3.6281332e-07,N,N
CM38_English_N_0139.npy,8.796389,-5.228652,-2.0427856,-7.0300107,0.9999794,8.1094856e-07,1.9615414e-05,1.3386695e-07,N,N
CF14_Gujarati_N_0033.npy,9.108873,-5.5758066,-2.3391912,-6.062156,0.99998856,4.1929485e-07,1.0669982e-05,2.5781037e-07,N,N
CM35_English_N_0123.npy,7.5439177,-4.6024227,-1.1095381,-7.0213804,0.9998198,5.306805e-06,0.00017449126,4.7238177e-07,N,N
CF09_English_N_0046.npy,10.596908,-5.970324,-3.4359164,-6.312944,0.99999905,6.381783e-08,8.0467726e-07,4.530484e-08,N,N
CM24_Gujarati_N_0055.npy,8.684507,-5.0824738,-2.0996332,-6.7880177,0.99997807,1.0497032e-06,2.072515e-05,1.9070339e-07,N,N
CM35_English_N_0126.npy,8.497336,-4.8697395,-2.6099825,-6.1659446,0.99998295,1.5658323e-06,1.5001867e-05,4.2836186e-07,N,N
CF20_Gujarati_N_0072.npy,7.1112466,-3.8067284,-1.4123478,-6.3617053,0.9997818,1.8125464e-05,0.00019868059,1.4082397e-06,N,N
CM03_English_N_0069.npy,8.801503,-4.4323125,-3.6311302,-6.0065403,0.9999939,1.7890563e-06,3.9863303e-06,3.7063447e-07,N,N
CM38_English_N_0041.npy,7.639774,-3.0232842,-2.6178832,-7.068115,0.9999411,2.3391985e-05,3.5085737e-05,4.0965583e-07,N,N
CF20_Gujarati_N_0068.npy,7.6618237,-3.2754076,-2.3326983,-6.6458726,0.999936,1.7782511e-05,4.564639e-05,6.1124973e-07,N,N
CM16_Hindi_N_0069.npy,8.098842,-4.8376007,-1.5195055,-6.856397,0.99993074,2.4084875e-06,6.649283e-05,3.1988392e-07,N,N
CF14_Hindi_N_0064.npy,8.738938,-5.934079,-0.7606614,-7.464092,0.99992466,4.2418642e-07,7.487618e-05,9.185037e-08,N,N
CM05_Hindi_N_0043.npy,7.081464,-4.0395527,-1.1930331,-6.5563235,0.9997291,1.479402e-05,0.0002548672,1.1941717e-06,N,N
CM35_English_N_0076.npy,8.132403,-5.3250637,-0.7697968,-7.0306964,0.9998622,1.4303307e-06,0.00013607048,2.598303e-07,N,N
CM05_Hindi_N_0051.npy,6.4031124,-3.589932,-0.76982266,-6.645645,0.9991856,4.5679604e-05,0.0007664434,2.1510118e-06,N,N
CM38_English_N_0090.npy,9.649714,-5.6389914,-3.451992,-6.3517156,0.9999976,2.2919146e-07,2.0417388e-06,1.1237404e-07,N,N
CM38_English_N_0045.npy,8.308038,-4.639047,-2.4970555,-6.321934,0.9999769,2.3831021e-06,2.0295389e-05,4.4286736e-07,N,N
CF09_Hindi_N_0018.npy,10.103466,-6.2082095,-3.1290987,-6.0506186,0.999998,8.2400184e-08,1.7913036e-06,9.6464845e-08,N,N
CM38_English_N_0131.npy,8.560295,-4.6667185,-2.7074769,-6.2962255,0.9999851,1.8012522e-06,1.2777988e-05,3.5309256e-07,N,N
CM16_Hindi_N_0030.npy,9.208399,-5.166669,-3.1643493,-6.497872,0.999995,5.714592e-07,4.232349e-06,1.5095634e-07,N,N
CF20_Gujarati_N_0039.npy,8.98604,-5.194012,-2.8443139,-5.7366567,0.99999166,6.945094e-07,7.280128e-06,4.0365524e-07,N,N
CM16_Hindi_N_0057.npy,8.973819,-5.474328,-2.896219,-5.2157197,0.9999918,5.311852e-07,6.9968796e-06,6.879517e-07,N,N
CM35_English_N_0113.npy,8.7474375,-4.6646914,-2.454826,-6.8795924,0.99998474,1.4968559e-06,1.3643067e-05,1.6340327e-07,N,N
CM05_English_N_0086.npy,7.0613546,-3.0748584,-1.7659558,-7.3447328,0.99981326,3.9611143e-05,0.00014664479,5.539039e-07,N,N
CF14_Gujarati_N_0029.npy,8.908447,-6.006778,-0.95416147,-7.2602725,0.9999474,3.3294862e-07,5.2083542e-05,9.505856e-08,N,N
CF04_Hindi_N_0044.npy,9.798839,-5.8916454,-3.3877676,-5.403519,0.99999774,1.533587e-07,1.8755499e-06,2.4986116e-07,N,N
CM35_English_N_0117.npy,9.325688,-5.3040476,-3.4545653,-5.9286532,0.9999964,4.4298073e-07,2.8158204e-06,2.3720413e-07,N,N
CM35_English_N_0070.npy,7.366386,-4.611514,-1.0321999,-6.2491927,0.99976736,6.2800523e-06,0.00022513306,1.2210355e-06,N,N
CM30_Gujarati_N_0052.npy,7.996043,-3.467726,-2.8609722,-6.5290017,0.9999697,1.050353e-05,1.9268366e-05,4.9185803e-07,N,N
CM38_English_N_0105.npy,7.373843,-2.8621914,-2.5905643,-6.8733077,0.99991643,3.5851757e-05,4.704102e-05,6.4938894e-07,N,N
CM16_Hindi_N_0053.npy,9.30075,-5.7431617,-2.2351935,-6.6301947,0.99998987,2.9275756e-07,9.772355e-06,1.2057973e-07,N,N
CF09_Hindi_N_0167.npy,8.525137,-4.725749,-2.0324683,-6.508797,0.999972,1.7587382e-06,2.5994288e-05,2.956878e-07,N,N
CM05_Hindi_N_0084.npy,7.0669136,-1.8331406,-3.0627134,-6.7398314,0.9998227,0.00013635737,3.9873263e-05,1.0086246e-06,N,N
CM05_Hindi_N_0119.npy,5.947725,-4.1771703,0.3076308,-6.76198,0.9964173,3.992594e-05,0.0035398076,3.010831e-06,N,N
CM30_English_N_0057.npy,7.81524,-2.6136785,-3.582176,-6.235038,0.9999584,2.9563784e-05,1.1223983e-05,7.90722e-07,N,N
CF14_Hindi_N_0078.npy,8.80793,-5.457628,-2.3007104,-5.6089144,0.9999838,6.3758745e-07,1.4982062e-05,5.480713e-07,N,N
CM27_Gujarati_N_0015.npy,7.8243437,-3.7186542,-2.2519968,-7.039034,0.9999479,9.7032525e-06,4.206087e-05,3.506667e-07,N,N
CF09_Hindi_N_0001.npy,9.759887,-5.8744802,-2.7732215,-6.576031,0.9999962,1.6221051e-07,3.6052784e-06,8.0426496e-08,N,N
CF02_English_N_0019.npy,8.483817,-4.7110057,-2.212088,-6.489442,0.9999752,1.8601618e-06,2.263687e-05,3.1418503e-07,N,N
CF09_Hindi_N_0059.npy,8.983954,-5.2398334,-2.5323093,-6.5083017,0.99998915,6.6478765e-07,9.966563e-06,1.8697946e-07,N,N
CF14_Hindi_N_0103.npy,8.681992,-5.2900496,-1.6941037,-6.7795405,0.9999678,8.550778e-07,3.116774e-05,1.9280918e-07,N,N
CF04_Hindi_N_0035.npy,10.330681,-5.9641027,-3.7448328,-5.8313107,0.99999905,8.380397e-08,7.710483e-07,9.570531e-08,N,N
CM03_English_N_0071.npy,7.8256497,-3.4563425,-2.910537,-6.369856,0.9999651,1.2597315e-05,2.174293e-05,6.838412e-07,N,N
CF09_Hindi_N_0161.npy,7.3606453,-3.715552,-1.8164961,-5.8427844,0.99987936,1.5474481e-05,0.00010336318,1.8440417e-06,N,N
CF04_English_N_0033.npy,10.241144,-6.1265535,-3.4700046,-5.7636113,0.9999987,7.7910904e-08,1.11e-06,1.1200119e-07,N,N
CM05_Hindi_N_0046.npy,6.039575,-3.625765,-0.7042549,-5.8690925,0.9987532,6.336569e-05,0.001176657,6.723409e-06,N,N
CM16_Hindi_N_0066.npy,8.249869,-5.1152396,-1.2307522,-7.149837,0.9999219,1.5688205e-06,7.631054e-05,2.0509675e-07,N,N
CF14_Hindi_N_0112.npy,8.762748,-6.025613,-1.2712343,-6.700956,0.99995553,3.7798736e-07,4.388111e-05,1.9238878e-07,N,N
CF14_English_N_0001.npy,7.493346,-5.3056364,-0.2773207,-6.4450917,0.9995746,2.7624073e-06,0.00042175222,8.8395126e-07,N,N
CM03_English_N_0051.npy,7.8431864,-3.2598164,-2.7212584,-6.3738737,0.9999584,1.5066389e-05,2.5816775e-05,6.692543e-07,N,N
CM38_English_N_0080.npy,8.478645,-5.442485,-1.6278241,-6.7447886,0.99995804,8.997291e-07,4.081295e-05,2.446404e-07,N,N
CF09_English_N_0025.npy,10.4075365,-6.064974,-3.178658,-6.4884496,0.99999857,7.015823e-08,1.2577372e-06,4.5937323e-08,N,N
CF09_Hindi_N_0108.npy,9.681054,-5.6975307,-2.4272497,-6.835895,0.9999943,2.0948984e-07,5.5135065e-06,6.710855e-08,N,N
CM35_English_N_0042.npy,9.127191,-5.28661,-3.3937888,-5.6126566,0.99999535,5.49748e-07,3.6492693e-06,3.967927e-07,N,N
CF09_English_N_0041.npy,9.208148,-5.8029733,-1.8061861,-6.8609886,0.9999832,3.025139e-07,1.6463735e-05,1.05015864e-07,N,N
CF04_English_N_0096.npy,9.943942,-6.041936,-3.026087,-6.012036,0.9999974,1.1413538e-07,2.3290934e-06,1.1759951e-07,N,N
CF09_English_N_0015.npy,9.685708,-5.443041,-2.9688227,-6.935184,0.9999964,2.6894674e-07,3.1930497e-06,6.048351e-08,N,N
CF14_Gujarati_N_0072.npy,6.532602,-3.3407795,-1.5366501,-6.0015807,0.999632,5.1509225e-05,0.00031290212,3.600094e-06,N,N
CF09_Hindi_N_0133.npy,10.036706,-5.8881626,-3.0945408,-6.3094745,0.99999774,1.2131555e-07,1.9823078e-06,7.9605535e-08,N,N
CM05_Hindi_N_0065.npy,7.4204264,-4.0958166,-1.4495548,-7.41227,0.9998491,9.965376e-06,0.00014052409,3.6155637e-07,N,N
CF04_Hindi_N_0032.npy,10.156966,-5.9754553,-3.0637968,-6.4969625,0.9999981,9.8577445e-08,1.8125696e-06,5.8518047e-08,N,N
CF09_Hindi_N_0039.npy,10.462541,-5.984797,-3.610984,-6.3593807,0.99999917,7.194679e-08,7.7258386e-07,4.9468827e-08,N,N
CM38_English_N_0103.npy,8.232873,-4.466498,-2.8729033,-5.9636703,0.9999813,3.0529873e-06,1.5025008e-05,6.831431e-07,N,N
CF14_Gujarati_N_0056.npy,9.08273,-6.0321903,-1.2408091,-7.2740355,0.99996674,2.7268354e-07,3.2849533e-05,7.876485e-08,N,N
CM05_Hindi_N_0104.npy,9.007414,-5.1504006,-3.03525,-6.089612,0.9999932,7.1012784e-07,5.8875517e-06,2.7761442e-07,N,N
CM35_English_N_0075.npy,8.486403,-5.130615,-1.5980172,-7.3601837,0.99995697,1.2195096e-06,4.1722742e-05,1.3118856e-07,N,N
CF14_Hindi_N_0133.npy,7.7537184,-5.1383724,-0.795997,-6.588937,0.99980336,2.517391e-06,0.00019356218,5.90172e-07,N,N
CM05_English_N_0046.npy,7.35227,-3.414217,-1.9323835,-7.167161,0.99988556,2.109232e-05,9.282746e-05,4.945856e-07,N,N
CM05_Hindi_N_0091.npy,9.4491825,-5.2371016,-3.402465,-6.3420506,0.9999968,4.1862626e-07,2.621797e-06,1.3866065e-07,N,N
CF18_English_N_0023.npy,9.654618,-5.7352443,-3.395768,-5.871001,0.9999975,2.0714133e-07,2.1492558e-06,1.8084563e-07,N,N
CM30_Gujarati_N_0070.npy,6.6882706,-3.134852,-1.4686574,-6.9852185,0.9996581,5.416563e-05,0.00028664386,1.1522078e-06,N,N
CM05_English_N_0039.npy,6.8852553,-2.279608,-2.584082,-6.8437257,0.9998172,0.00010463354,7.716842e-05,1.0901841e-06,N,N
CM05_Hindi_N_0076.npy,7.8630524,-3.1368442,-3.4194405,-6.1249647,0.99996984,1.6702917e-05,1.2591069e-05,8.415274e-07,N,N
CF14_Hindi_N_0125.npy,8.975872,-6.165828,-1.5821342,-6.3556857,0.99997354,2.6547977e-07,2.5983918e-05,2.195722e-07,N,N
CM30_English_N_0026.npy,4.5273824,-0.0065962523,-2.5649476,-6.416324,0.9885457,0.010614876,0.0008219341,1.746648e-05,N,N
CF04_Hindi_N_0013.npy,9.985577,-5.9575877,-3.181356,-5.8465734,0.99999785,1.1911613e-07,1.912814e-06,1.3310179e-07,N,N
CF04_English_N_0048.npy,10.493091,-6.06339,-3.5891173,-6.308295,0.99999917,6.4507695e-08,7.6590436e-07,5.0495245e-08,N,N
CM38_English_N_0065.npy,8.714497,-4.622277,-3.0679598,-6.4933815,0.99999046,1.6140203e-06,7.6373035e-06,2.4848396e-07,N,N
CM05_Hindi_N_0125.npy,8.024194,-4.6627746,-1.440649,-7.249308,0.9999192,3.0908986e-06,7.752395e-05,2.3268431e-07,N,N
CF09_Hindi_N_0003.npy,10.058476,-6.0047636,-3.083374,-6.2185965,0.99999785,1.0563858e-07,1.9613988e-06,8.5301394e-08,N,N
CF04_Hindi_N_0001.npy,9.875417,-5.8300576,-3.2564528,-5.7107606,0.9999976,1.5107685e-07,1.9810734e-06,1.7021895e-07,N,N
CF14_Hindi_N_0054.npy,9.76018,-5.9924936,-2.763944,-6.816878,0.99999607,1.4411157e-07,3.6378124e-06,6.31936e-08,N,N
CF09_Hindi_N_0026.npy,9.873927,-5.658201,-3.232466,-6.114195,0.99999774,1.796724e-07,2.032193e-06,1.1387958e-07,N,N
CM35_English_N_0081.npy,8.784009,-5.907108,-1.4209588,-6.9129586,0.99996245,4.1659393e-07,3.6984744e-05,1.5236215e-07,N,N
CF09_Hindi_N_0037.npy,10.355352,-6.156249,-3.7618258,-5.146723,0.99999905,6.746874e-08,7.3958336e-07,1.8515433e-07,N,N
CM05_Hindi_N_0038.npy,7.2557073,-4.9401593,-0.6017874,-6.2535415,0.9996069,5.0493054e-06,0.0003866897,1.357804e-06,N,N
CF09_Hindi_N_0084.npy,9.381576,-5.5405912,-3.5454116,-5.521294,0.9999969,3.3066172e-07,2.4315302e-06,3.3710435e-07,N,N
CF04_Hindi_N_0062.npy,10.203353,-6.226494,-2.4667025,-7.1694074,0.9999968,7.321607e-08,3.1438617e-06,2.851704e-08,N,N
CF04_Hindi_N_0114.npy,9.850674,-5.7184443,-3.5112932,-5.57408,0.9999981,1.7314778e-07,1.5738765e-06,2.0003868e-07,N,N
CF14_Gujarati_N_0060.npy,8.304163,-5.143359,-1.5228453,-6.8367176,0.9999443,1.444745e-06,5.397099e-05,2.6568983e-07,N,N
CM05_English_N_0013.npy,8.230746,-4.3126416,-2.115629,-6.6758666,0.999964,3.5682888e-06,3.2107804e-05,3.3583416e-07,N,N
CF04_Hindi_N_0033.npy,9.954355,-5.8428755,-2.7888901,-6.750691,0.9999968,1.378315e-07,2.9219823e-06,5.5601877e-08,N,N
CF04_Hindi_N_0031.npy,10.402529,-6.1954527,-2.9715164,-6.6576715,0.99999833,6.188536e-08,1.5549813e-06,3.8980613e-08,N,N
CM38_English_N_0064.npy,9.036814,-4.2567463,-4.2728825,-5.6410127,0.9999962,1.6853053e-06,1.6583291e-06,4.221818e-07,N,N
CM38_English_N_0132.npy,7.7824316,-3.9872406,-2.5762832,-5.925909,0.99995947,7.735325e-06,3.17139e-05,1.1130783e-06,N,N
CM35_English_N_0105.npy,9.071822,-4.7736554,-3.007239,-6.8110137,0.9999932,9.704704e-07,5.6771096e-06,1.2652295e-07,N,N
CF09_Hindi_N_0077.npy,8.217884,-4.5824876,-2.5244951,-5.2731614,0.99997425,2.7596768e-06,2.1608908e-05,1.3832557e-06,N,N
CF04_Hindi_N_0067.npy,9.537427,-5.2296047,-3.7597926,-5.3791447,0.9999976,3.861523e-07,1.6791521e-06,3.3251726e-07,N,N
CM16_Hindi_N_0015.npy,8.813419,-5.659351,-1.9432188,-6.556005,0.99997795,5.1825793e-07,2.1303043e-05,2.1141413e-07,N,N
CM27_Gujarati_N_0041.npy,8.64248,-4.8791013,-2.2418482,-6.702414,0.99997973,1.3416613e-06,1.8749412e-05,2.1666473e-07,N,N
CF09_English_N_0007.npy,9.534469,-6.0012794,-2.821658,-6.0707407,0.99999535,1.7902288e-07,4.303287e-06,1.6700969e-07,N,N
CM30_Gujarati_N_0031.npy,7.4731555,-3.1613038,-2.8742516,-5.999367,0.9999424,2.4070658e-05,3.2073996e-05,1.4090705e-06,N,N
CM03_English_N_0108.npy,7.5943823,-3.4501812,-2.60568,-5.8186064,0.9999453,1.5972886e-05,3.7165988e-05,1.4955098e-06,N,N
CF20_Gujarati_N_0025.npy,9.978364,-5.77052,-3.3540382,-5.640844,0.999998,1.4465905e-07,1.6211022e-06,1.6468861e-07,N,N
CM30_Gujarati_N_0059.npy,7.5953493,-3.599702,-2.2251947,-6.4021964,0.9999311,1.3741088e-05,5.4320266e-05,8.33515e-07,N,N
CF14_Hindi_N_0040.npy,8.006722,-4.949182,-1.2211647,-6.528219,0.9998989,2.3619923e-06,9.82507e-05,4.8698e-07,N,N
CF04_English_N_0104.npy,10.082723,-6.044981,-3.0580425,-6.1576695,0.99999785,9.90435e-08,1.9635286e-06,8.8488356e-08,N,N
CF02_Gujarati_N_0066.npy,7.449002,-4.060368,-1.908102,-5.2460914,0.9999006,1.0034622e-05,8.634128e-05,3.0658289e-06,N,N
CF14_Gujarati_N_0038.npy,8.02464,-5.5394616,-0.44207343,-7.0190835,0.9997881,1.2855626e-06,0.00021031045,2.9275319e-07,N,N
CM05_Hindi_N_0029.npy,6.2763004,-2.1763327,-2.4678857,-5.7051573,0.99962115,0.00021325717,0.00015932486,6.256832e-06,N,N
CF14_Gujarati_N_0040.npy,8.56989,-5.9428716,-0.75998133,-6.8918986,0.9999106,4.9790754e-07,8.8725734e-05,1.9274889e-07,N,N
CM05_Hindi_N_0033.npy,4.8387,-2.454216,-0.5724797,-6.2848964,0.994865,0.0006768478,0.004443434,1.4684112e-05,N,N
CM05_English_N_0002.npy,5.498996,-2.839392,-0.53602207,-6.7932324,0.99736965,0.0002385286,0.002387158,4.5751895e-06,N,N
CM05_English_N_0034.npy,7.2602205,-2.288088,-2.8623583,-6.9746203,0.9998878,7.1313814e-05,4.0157927e-05,6.574136e-07,N,N
CF09_English_N_0038.npy,10.657568,-6.1595025,-3.5058239,-6.6350636,0.99999917,4.9709445e-08,7.0618194e-07,3.089622e-08,N,N
CF09_Hindi_N_0122.npy,10.352392,-6.2344465,-3.5690274,-5.921052,0.9999989,6.257883e-08,8.9950595e-07,8.5611504e-08,N,N
CM38_English_N_0073.npy,8.03601,-4.9203067,-1.8023446,-6.418437,0.99994373,2.3611253e-06,5.3362073e-05,5.2782394e-07,N,N
CF09_Hindi_N_0098.npy,9.910549,-5.6873665,-3.17156,-6.2603154,0.99999774,1.6823267e-07,2.0821453e-06,9.485975e-08,N,N
CM16_Hindi_N_0013.npy,9.27678,-5.2806826,-3.202072,-6.4128222,0.9999956,4.7618136e-07,3.8062858e-06,1.534937e-07,N,N
CM05_Hindi_N_0009.npy,5.5801544,-1.1954232,-2.787402,-5.689264,0.9986155,0.001139731,0.00023196082,1.2739487e-05,N,N
CF09_Hindi_N_0110.npy,10.293761,-6.121705,-2.9741719,-6.9213047,0.9999981,7.427672e-08,1.7290564e-06,3.3388076e-08,N,N
CF09_Hindi_N_0111.npy,9.8596325,-5.823798,-3.356598,-5.5490274,0.99999785,1.5444422e-07,1.8208038e-06,2.0328395e-07,N,N
CM38_English_N_0120.npy,8.3163395,-4.7740083,-2.048498,-7.079826,0.99996626,2.0649986e-06,3.1520536e-05,2.0583323e-07,N,N
CF02_Gujarati_N_0011.npy,8.798681,-4.7043777,-3.0788586,-6.0753627,0.9999914,1.3667595e-06,6.944586e-06,3.4696114e-07,N,N
CM16_Hindi_N_0086.npy,8.026296,-5.1698236,-1.6595541,-6.421779,0.9999355,1.8576769e-06,6.21528e-05,5.3119385e-07,N,N
CF02_English_N_0036.npy,8.477434,-4.308632,-2.7631085,-6.377806,0.9999838,2.799465e-06,1.3130686e-05,3.5354464e-07,N,N
CF14_Hindi_N_0056.npy,9.610042,-5.7772794,-2.6699276,-6.6857686,0.9999951,2.0766777e-07,4.643816e-06,8.371769e-08,N,N
CF14_Hindi_N_0144.npy,7.604767,-4.7833924,-1.2248609,-6.0970683,0.99984837,4.167016e-06,0.00014631047,1.120218e-06,N,N
CF09_Hindi_N_0147.npy,8.58102,-4.693315,-2.4293535,-6.645796,0.9999815,1.7179921e-06,1.6529028e-05,2.438202e-07,N,N
CM27_Gujarati_N_0049.npy,7.9378963,-3.7649925,-2.4086137,-6.8036313,0.99995923,8.26956e-06,3.2103333e-05,3.961122e-07,N,N
CF09_Hindi_N_0035.npy,10.256202,-6.0417695,-3.395048,-6.0803356,0.9999987,8.3537266e-08,1.1785199e-06,8.0377006e-08,N,N
CM30_English_N_0030.npy,2.8011303,1.5917991,-2.7326686,-6.017495,0.7677568,0.22909619,0.003033369,0.000113590846,N,N
CF14_Hindi_N_0104.npy,7.4570756,-5.8609815,0.6185429,-7.197045,0.9989274,1.6427643e-06,0.0010705255,4.3184738e-07,N,N
CM38_English_N_0069.npy,8.945899,-4.9193974,-3.2090929,-6.193078,0.99999356,9.5142707e-07,5.262005e-06,2.6620918e-07,N,N
CF09_Hindi_N_0024.npy,9.721993,-5.9112043,-2.941506,-5.8550067,0.9999964,1.6240033e-07,3.1645382e-06,1.7178826e-07,N,N
CM03_English_N_0044.npy,6.248926,-2.89453,-2.0787766,-5.243452,0.9996412,0.000106878775,0.00024164004,1.0203936e-05,N,N
CF14_Hindi_N_0009.npy,9.56928,-5.8351517,-2.1642227,-7.3452926,0.9999918,2.0414413e-07,8.020493e-06,4.5091145e-08,N,N
CM16_Hindi_N_0033.npy,8.829843,-4.921736,-2.9079077,-6.09647,0.9999906,1.0660101e-06,7.986488e-06,3.292917e-07,N,N
CF04_English_N_0026.npy,10.170406,-6.0419836,-3.5840955,-6.189054,0.9999988,9.10013e-08,1.0629075e-06,7.855538e-08,N,N
CM05_Hindi_N_0023.npy,3.8988256,-0.36914778,-1.9839096,-5.639488,0.98341054,0.013777726,0.002740914,7.084313e-05,N,N
CM35_English_N_0003.npy,7.63111,-4.474176,-1.627705,-6.4495883,0.99989843,5.5296437e-06,9.525849e-05,7.6698433e-07,N,N
CF14_Hindi_N_0043.npy,8.691405,-5.8426814,-0.88196033,-7.4104667,0.9999299,4.874119e-07,6.955204e-05,1.0162852e-07,N,N
CM38_English_N_0115.npy,7.6754723,-3.595493,-2.5966427,-6.4469824,0.99995196,1.27368185e-05,3.45825e-05,7.3565633e-07,N,N
CM38_English_N_0042.npy,7.610084,-4.2080894,-1.7054088,-6.776891,0.999902,7.3686842e-06,9.0009926e-05,5.646424e-07,N,N
CM16_Hindi_N_0052.npy,9.114385,-5.1034384,-3.1061752,-6.219944,0.9999943,6.6876794e-07,4.928057e-06,2.1896929e-07,N,N
CF14_Hindi_N_0035.npy,8.855696,-5.7368503,-1.4936272,-6.8042016,0.99996734,4.597518e-07,3.2013402e-05,1.5811716e-07,N,N
CF04_Hindi_N_0058.npy,7.935421,-5.39433,-0.95044184,-6.89683,0.9998597,1.6251811e-06,0.00013831143,3.6172162e-07,N,N
CM05_Hindi_N_0122.npy,6.7376013,-3.6196482,-0.8563631,-7.15113,0.9994641,3.1744683e-05,0.00050321117,9.288979e-07,N,N
CF04_English_N_0101.npy,10.1570635,-5.9762063,-3.095101,-6.3972187,0.9999981,9.849381e-08,1.7565363e-06,6.4649534e-08,N,N
CF04_Hindi_N_0057.npy,8.063983,-4.453591,-2.4364626,-5.570708,0.9999676,3.6616132e-06,2.7523296e-05,1.1981598e-06,N,N
CF09_Hindi_N_0058.npy,9.459869,-6.0393662,-2.8033972,-5.6447186,0.99999475,1.8568012e-07,4.72203e-06,2.7552352e-07,N,N
CM27_Gujarati_N_0023.npy,8.686753,-5.134495,-1.8636813,-6.8522716,0.9999726,9.942516e-07,2.6181395e-05,1.7843315e-07,N,N
CM05_Hindi_N_0106.npy,5.304744,-3.2241693,-0.48360738,-5.5497503,0.9967307,0.00019702337,0.0030530146,1.9254443e-05,N,N
CF18_English_N_0013.npy,7.9667053,-4.2408814,-2.2859447,-5.4123874,0.99995816,4.9922287e-06,3.526244e-05,1.5470898e-06,N,N
CF04_Hindi_N_0026.npy,10.393773,-6.273614,-3.1625144,-6.237495,0.99999857,5.77358e-08,1.2959207e-06,5.98593e-08,N,N
CM38_English_N_0007.npy,8.980863,-4.981427,-3.0897577,-5.9639373,0.9999931,8.634786e-07,5.7252323e-06,3.2326082e-07,N,N
CF14_Hindi_N_0080.npy,8.607032,-5.8629436,-0.7566852,-7.0675864,0.99991345,5.196751e-07,8.577323e-05,1.5579819e-07,N,N
CM30_Gujarati_N_0054.npy,6.963548,-2.6026404,-2.115697,-7.107999,0.9998153,7.004494e-05,0.00011398663,7.7397107e-07,N,N
CM38_English_N_0100.npy,7.2264695,-3.1144607,-1.9853082,-6.88844,0.9998671,3.2279997e-05,9.98431e-05,7.411647e-07,N,N
CF14_Gujarati_N_0034.npy,9.300237,-6.1797347,-1.4733111,-7.0650516,0.9999788,1.8928877e-07,2.0945863e-05,7.809741e-08,N,N
CM38_English_N_0032.npy,9.090794,-4.3476543,-3.5999484,-6.39055,0.99999523,1.4579887e-06,3.079488e-06,1.8903211e-07,N,N
CF09_Hindi_N_0068.npy,9.949065,-5.7950883,-3.3422883,-6.634167,0.9999981,1.4534496e-07,1.6890318e-06,6.280477e-08,N,N
CF09_Hindi_N_0138.npy,9.526315,-5.4164286,-2.7512705,-6.5858274,0.9999949,3.2392674e-07,4.6549e-06,1.00596566e-07,N,N
CM35_English_N_0102.npy,7.74049,-4.0899076,-1.6814646,-6.9509473,0.9999113,7.2792236e-06,8.0920545e-05,4.1643915e-07,N,N
CM03_English_N_0023.npy,7.5513115,-3.3182878,-2.6070862,-6.0958905,0.999941,1.9026871e-05,3.874702e-05,1.1832325e-06,N,N
CF09_Hindi_N_0005.npy,10.160987,-5.8182373,-3.439436,-6.129595,0.99999857,1.14897475e-07,1.2399688e-06,8.4156966e-08,N,N
CM30_Gujarati_N_0003.npy,7.03546,-3.4846687,-1.3204359,-7.4075418,0.99973756,2.6980648e-05,0.00023494517,5.3378955e-07,N,N
CF02_English_N_0053.npy,8.055835,-4.33398,-1.9729993,-6.7772875,0.99995136,4.1605513e-06,4.41074e-05,3.614396e-07,N,N
CM05_Hindi_N_0040.npy,7.0663013,-3.40851,-1.7787806,-6.3932395,0.99982625,2.8233952e-05,0.00014406354,1.4273155e-06,N,N
CM24_Gujarati_N_0069.npy,6.917197,-4.282357,-0.75545985,-6.3601837,0.99951947,1.3673715e-05,0.00046515604,1.7119771e-06,N,N
CF04_Hindi_N_0088.npy,10.587938,-6.3570137,-3.253044,-6.517382,0.9999989,4.3742176e-08,9.748488e-07,3.726091e-08,N,N
CM05_English_N_0078.npy,8.779641,-4.3372936,-2.7407093,-6.8736467,0.99998796,2.0108625e-06,9.925906e-06,1.5916889e-07,N,N
CF09_English_N_0010.npy,7.916232,-4.6536126,-1.4239116,-6.9260073,0.9999083,3.4749278e-06,8.7818815e-05,3.5814386e-07,N,N
CF02_Gujarati_N_0037.npy,9.011435,-5.2652106,-3.0222461,-6.0049195,0.9999931,6.305631e-07,5.940675e-06,3.0093832e-07,N,N
CF02_Gujarati_N_0006.npy,9.424039,-5.153385,-2.9728253,-6.0336037,0.9999951,4.6677013e-07,4.131505e-06,1.9356597e-07,N,N
CF09_English_N_0022.npy,10.177179,-5.790942,-2.843757,-6.9874296,0.9999976,1.1618014e-07,2.2134939e-06,3.511595e-08,N,N
CF18_English_N_0029.npy,9.868558,-6.043782,-3.4556649,-5.705094,0.9999981,1.2284505e-07,1.6344169e-06,1.7236455e-07,N,N
CM35_English_N_0055.npy,7.345876,-4.4560747,-1.3241974,-6.4184003,0.9998198,7.488585e-06,0.00017161554,1.0523796e-06,N,N
CM05_Hindi_N_0064.npy,6.8497167,-4.2632194,-0.36287412,-7.2571063,0.9992478,1.4906866e-05,0.0007366901,7.4672005e-07,N,N
CF02_English_N_0009.npy,6.2104073,-3.17106,-1.3882754,-5.49301,0.9994067,8.4221414e-05,0.00050081394,8.260625e-06,N,N
CF20_Gujarati_N_0069.npy,9.754767,-5.799949,-3.1136894,-5.575402,0.999997,1.7565938e-07,2.578095e-06,2.1988248e-07,N,N
CM05_Hindi_N_0028.npy,6.5414667,-2.0980268,-2.2463894,-6.9216866,0.9996691,0.00017691788,0.00015252423,1.4219451e-06,N,N
CF18_English_N_0031.npy,8.397457,-5.092844,-2.2938201,-6.1041875,0.9999753,1.3842865e-06,2.2741886e-05,5.0350667e-07,N,N
CF14_English_N_0003.npy,9.02422,-5.7124786,-1.5727894,-6.9661913,0.9999745,3.980355e-07,2.4989991e-05,1.1361648e-07,N,N
CF14_Hindi_N_0014.npy,9.26688,-5.3532176,-2.4107902,-6.720629,0.99999094,4.472683e-07,8.481023e-06,1.13948666e-07,N,N
CM35_English_N_0004.npy,9.2953005,-5.0017443,-3.418124,-6.724673,0.9999963,6.178325e-07,3.0104277e-06,1.1030932e-07,N,N
CF02_English_N_0027.npy,7.502061,-3.8828242,-1.8549718,-5.9134874,0.9999008,1.1364865e-05,8.634739e-05,1.4916205e-06,N,N
CM38_English_N_0130.npy,8.52935,-5.13812,-2.3860078,-6.2449274,0.99998033,1.159536e-06,1.8176568e-05,3.8335773e-07,N,N
CF02_English_N_0022.npy,7.421549,-3.8871253,-1.7553995,-6.409834,0.9998834,1.2264638e-05,0.00010338351,9.841384e-07,N,N
CF02_English_N_0024.npy,8.4359455,-4.3934503,-2.609753,-6.438205,0.99998105,2.6807493e-06,1.5955338e-05,3.4692084e-07,N,N
CF09_English_N_0021.npy,10.05177,-5.598382,-3.7259767,-6.022947,0.9999987,1.5967049e-07,1.0384841e-06,1.0443324e-07,N,N
CF14_Hindi_N_0137.npy,9.211848,-5.4184976,-2.3219378,-6.5470214,0.9999896,4.4270743e-07,9.793455e-06,1.4322062e-07,N,N
CF04_Hindi_N_0050.npy,8.775001,-5.006977,-3.00932,-5.9762993,0.99999094,1.0340922e-06,7.6230813e-06,3.9227257e-07,N,N
CM30_English_N_0032.npy,5.9309688,-0.77812696,-3.2774436,-6.1019406,0.9986759,0.0012181513,0.000100060344,5.9374293e-06,N,N
CF02_English_N_0058.npy,8.544791,-4.3365965,-2.7266076,-6.7940536,0.9999845,2.5449408e-06,1.2731719e-05,2.179806e-07,N,N
CF09_Hindi_N_0174.npy,7.7759504,-4.41376,-2.4310362,-5.3190923,0.9999559,5.0822587e-06,3.6909903e-05,2.055303e-06,N,N
CF02_English_N_0039.npy,8.23228,-4.4694147,-1.933648,-6.6394134,0.99995816,3.0458325e-06,3.8457005e-05,3.4776653e-07,N,N
CM05_Hindi_N_0102.npy,7.6073956,-4.81443,-1.219662,-6.4666734,0.9998485,4.0290624e-06,0.00014668702,7.720469e-07,N,N
CF14_English_N_0002.npy,8.209342,-4.298779,-2.5095773,-5.9836726,0.9999734,3.6964116e-06,2.2121816e-05,6.8555255e-07,N,N
CF14_Hindi_N_0143.npy,7.471534,-5.313336,-0.21987368,-7.090033,0.9995403,2.8015718e-06,0.00045652484,4.740149e-07,N,N
CM38_English_N_0036.npy,8.678401,-4.5450363,-2.9412565,-6.6076455,0.99998903,1.8077127e-06,8.987567e-06,2.2979968e-07,N,N
CM05_Hindi_N_0015.npy,6.8849688,-2.6411827,-2.4722245,-5.866237,0.9998379,7.290788e-05,8.6328124e-05,2.898354e-06,N,N
CM03_English_N_0093.npy,7.0316114,-3.7017796,-1.941066,-6.551991,0.99985015,2.1801308e-05,0.00012680919,1.2608144e-06,N,N
CF04_English_N_0057.npy,8.590023,-4.7449183,-2.2438617,-6.1313834,0.9999783,1.6169586e-06,1.9719415e-05,4.0417063e-07,N,N
CF02_Gujarati_N_0026.npy,8.257014,-4.4843006,-2.1818767,-6.254728,0.9999672,2.9275411e-06,2.927071e-05,4.9844414e-07,N,N
CF09_English_N_0026.npy,9.377787,-5.5048456,-2.6595519,-6.5015326,0.99999356,3.4399503e-07,5.9189906e-06,1.2696866e-07,N,N
CF04_Hindi_N_0087.npy,9.570651,-4.334193,-4.2294507,-5.5684867,0.99999774,9.1453836e-07,1.0155254e-06,2.6616763e-07,N,N
CM30_Gujarati_N_0004.npy,7.760791,-4.223196,-1.7809644,-6.787955,0.99992156,6.2429026e-06,7.178506e-05,4.803146e-07,N,N
CM30_English_N_0051.npy,8.586476,-4.3808694,-3.2799947,-6.077246,0.9999902,2.3353334e-06,7.0218694e-06,4.2817547e-07,N,N
CF02_English_N_0087.npy,9.44346,-4.876526,-3.267405,-6.95251,0.9999963,6.0381984e-07,3.0181434e-06,7.573897e-08,N,N
CF09_Hindi_N_0097.npy,10.284399,-6.3972273,-2.7815435,-6.5798535,0.99999774,5.6919514e-08,2.1160804e-06,4.7418457e-08,N,N
CM24_Gujarati_N_0021.npy,7.8703094,-4.358796,-1.7140967,-6.788216,0.99992585,4.885792e-06,6.878808e-05,4.3037898e-07,N,N
CF09_Hindi_N_0163.npy,8.498609,-5.4660454,-1.3053665,-6.6876736,0.99994373,8.6139704e-07,5.5228502e-05,2.538967e-07,N,N
CM27_Gujarati_N_0014.npy,8.627524,-4.7689314,-2.3505476,-6.663549,0.99998116,1.5204951e-06,1.7071656e-05,2.2864583e-07,N,N
CM05_English_N_0021.npy,4.7349563,-1.6536715,-1.3711061,-5.651453,0.9960748,0.0016739639,0.0022205613,3.07278e-05,N,N
CM30_Gujarati_N_0019.npy,4.365959,0.35237205,-2.5375202,-6.824135,0.98127085,0.017730061,0.0009854755,1.355167e-05,N,N
CF18_English_N_0001.npy,8.442464,-5.745324,-0.8667614,-7.0659356,0.99990857,6.8910003e-07,9.057644e-05,1.8397031e-07,N,N
CM38_English_N_0098.npy,8.314409,-4.9352813,-2.088937,-6.321997,0.9999676,1.7608332e-06,3.032984e-05,4.400232e-07,N,N
CF18_English_N_0039.npy,9.887111,-5.868825,-3.356724,-5.831237,0.999998,1.4364258e-07,1.7712296e-06,1.491446e-07,N,N
CM38_English_N_0099.npy,8.082854,-3.6394472,-2.9694982,-6.4634604,0.99997556,8.110704e-06,1.5849424e-05,4.815101e-07,N,N
CF02_English_N_0030.npy,8.061036,-4.637474,-1.9786376,-6.3917994,0.9999528,3.0555307e-06,4.3631946e-05,5.286801e-07,N,N
CF14_Hindi_N_0041.npy,8.504363,-5.290535,-1.1457534,-7.3443713,0.99993443,1.0207594e-06,6.441388e-05,1.3090428e-07,N,N
CF04_Hindi_N_0051.npy,9.371175,-5.74393,-2.969912,-5.755126,0.999995,2.7264107e-07,4.3684936e-06,2.6960558e-07,N,N
CF02_Gujarati_N_0007.npy,8.942741,-4.9131217,-3.0785851,-6.2399,0.99999285,9.604436e-07,6.0145244e-06,2.548351e-07,N,N
CF18_English_N_0054.npy,9.249521,-5.299028,-3.0168512,-5.855222,0.99999464,4.804441e-07,4.7073845e-06,2.754804e-07,N,N
CF09_English_N_0020.npy,10.048853,-6.156806,-2.8170197,-6.992947,0.99999726,9.161593e-08,2.5847671e-06,3.970446e-08,N,N
CF18_English_N_0004.npy,9.085312,-5.3849626,-2.873518,-6.229131,0.99999285,5.1956124e-07,6.402404e-06,2.2336677e-07,N,N
CF18_English_N_0012.npy,8.967636,-5.2434154,-2.6990879,-5.6969094,0.99999034,6.7330893e-07,8.574363e-06,4.2782366e-07,N,N
CF04_Hindi_N_0030.npy,9.097492,-4.99742,-2.422895,-6.5975637,0.99998915,7.562284e-07,9.9255485e-06,1.5265783e-07,N,N
CF14_Hindi_N_0072.npy,8.752717,-5.114942,-2.2918174,-6.154882,0.9999827,9.491719e-07,1.597394e-05,3.3550944e-07,N,N
CF09_English_N_0040.npy,9.650847,-5.503432,-3.1208751,-6.082726,0.9999968,2.621673e-07,2.8399447e-06,1.468907e-07,N,N
CF02_Gujarati_N_0067.npy,7.633148,-5.2639976,-0.11068877,-7.5654225,0.999564,2.5040972e-06,0.00043321645,2.5070065e-07,N,N
CM30_English_N_0046.npy,5.5874496,-1.0516909,-2.1103117,-7.156239,0.9982382,0.0013058463,0.0004530424,2.9155506e-06,N,N
CM35_English_N_0091.npy,7.5035543,-4.534254,-1.2814679,-6.327469,0.99984,5.9153e-06,0.00015298316,9.844496e-07,N,N
CM05_English_N_0064.npy,8.395542,-3.9515665,-3.0472598,-6.4967837,0.9999846,4.3422224e-06,1.0726237e-05,3.4067338e-07,N,N
CF18_English_N_0034.npy,10.269766,-5.995788,-3.752086,-6.1153,0.99999905,8.628972e-08,8.135548e-07,7.656943e-08,N,N
CM30_English_N_0025.npy,4.6282873,0.2224551,-2.8796294,-6.1309295,0.9873853,0.012051968,0.00054180116,2.0980622e-05,N,N
CF04_Hindi_N_0081.npy,10.290738,-6.159209,-3.3061702,-5.9572473,0.9999987,7.175928e-08,1.2443344e-06,8.7819075e-08,N,N
CF09_Hindi_N_0170.npy,9.258367,-5.8444076,-1.8078785,-6.858054,0.999984,2.7602078e-07,1.5630896e-05,1.00166034e-07,N,N
CF04_Hindi_N_0008.npy,9.701882,-5.880582,-3.2182767,-5.782026,0.99999714,1.7085219e-07,2.4481885e-06,1.885485e-07,N,N
CF20_Gujarati_N_0002.npy,6.8715067,-4.3467994,-1.2137139,-5.0156426,0.9996718,1.3421752e-05,0.00030795755,6.8759687e-06,N,N
CF14_English_N_0015.npy,8.091495,-4.835043,-1.1792423,-7.2607427,0.9999032,2.4323947e-06,9.413003e-05,2.1506307e-07,N,N
CM05_Hindi_N_0074.npy,7.253551,-2.6482913,-2.9848845,-6.0623627,0.9999125,5.007796e-05,3.5765628e-05,1.647912e-06,N,N
CF09_Hindi_N_0069.npy,9.650748,-5.9198337,-3.05603,-6.0089116,0.99999666,1.728944e-07,3.0305036e-06,1.5815921e-07,N,N
CF18_English_N_0048.npy,9.676212,-5.8625727,-2.9317815,-6.484524,0.9999964,1.7848012e-07,3.3451545e-06,9.582526e-08,N,N
CF20_Gujarati_N_0043.npy,9.715847,-5.4757624,-3.066224,-6.038162,0.9999968,2.525611e-07,2.8107074e-06,1.4391938e-07,N,N
CF09_Hindi_N_0160.npy,10.372669,-6.1005797,-2.9946349,-6.86496,0.99999833,7.0106445e-08,1.5654997e-06,3.2643158e-08,N,N
CF09_Hindi_N_0029.npy,10.20955,-6.0913663,-3.1766918,-6.263706,0.99999833,8.3291575e-08,1.5361311e-06,7.010605e-08,N,N
CF14_Hindi_N_0105.npy,8.580187,-6.0357165,-0.7968762,-6.7079215,0.99991465,4.4911394e-07,8.463623e-05,2.293093e-07,N,N
CM27_Gujarati_N_0001.npy,8.659852,-4.5103045,-2.822595,-6.269035,0.9999875,1.9066383e-06,1.0309352e-05,3.2844417e-07,N,N
CM27_Gujarati_N_0050.npy,6.5998683,-2.7881725,-1.5610057,-7.2912602,0.99962986,8.3688356e-05,0.00028550683,9.2682717e-07,N,N
CM38_English_N_0056.npy,8.577317,-4.3086233,-2.8450751,-6.473598,0.9999862,2.5333845e-06,1.0947431e-05,2.9071322e-07,N,N
CM16_Hindi_N_0048.npy,9.064136,-5.3895392,-1.7905555,-7.429648,0.9999801,5.2825106e-07,1.9313418e-05,6.868027e-08,N,N
CM30_English_N_0054.npy,8.015559,-3.6624162,-2.8483934,-6.351353,0.99997175,8.478272e-06,1.9135203e-05,5.761251e-07,N,N
CF09_English_N_0008.npy,10.151618,-6.1191597,-2.5326574,-7.058127,0.9999968,8.583991e-08,3.0994718e-06,3.356612e-08,N,N
CF14_Hindi_N_0106.npy,8.541833,-5.3461432,-1.6469375,-6.4601197,0.99996126,9.300622e-07,3.7588627e-05,3.052936e-07,N,N
CM35_English_N_0002.npy,7.798179,-4.0327992,-2.5566413,-5.859956,0.9999597,7.2753496e-06,3.1837662e-05,1.1703886e-06,N,N
CM30_Gujarati_N_0010.npy,7.721901,-3.2848914,-2.7348683,-6.4516253,0.999954,1.6587883e-05,2.8751663e-05,6.9902956e-07,N,N
CM16_Hindi_N_0004.npy,8.963684,-4.873688,-3.0884724,-6.268827,0.99999297,9.78369e-07,5.8319247e-06,2.424383e-07,N,N
CM16_Hindi_N_0071.npy,4.983309,-4.039901,0.6696785,-6.7281394,0.9866666,0.00011897078,0.013206407,8.090082e-06,N,N
CM24_Gujarati_N_0065.npy,7.511508,-4.622819,-1.1913645,-6.730182,0.99982786,5.3709864e-06,0.00016607942,6.5288697e-07,N,N
CF20_Gujarati_N_0016.npy,8.334251,-5.0326133,-1.5041659,-6.470183,0.9999447,1.5661026e-06,5.3358766e-05,3.7195642e-07,N,N
CM30_Gujarati_N_0023.npy,5.476536,-0.6902067,-2.6855118,-6.5899367,0.99761665,0.0020930592,0.0002845978,5.735365e-06,N,N
CM24_Gujarati_N_0019.npy,8.779869,-4.6923747,-2.7546098,-6.7907186,0.9999887,1.4095282e-06,9.786659e-06,1.7289204e-07,N,N
CF14_Hindi_N_0097.npy,8.661319,-5.099575,-1.7478285,-7.1030593,0.99996865,1.0561026e-06,3.0154433e-05,1.4243089e-07,N,N
CM27_Gujarati_N_0008.npy,7.967617,-4.0785995,-2.3447704,-6.74423,0.9999604,5.8664755e-06,3.3217722e-05,4.0804562e-07,N,N
CF20_Gujarati_N_0058.npy,10.15864,-6.052029,-3.0088243,-6.1780972,0.999998,9.115809e-08,1.9117983e-06,8.036085e-08,N,N
CF04_English_N_0102.npy,10.158934,-6.2057223,-2.7643309,-6.406585,0.9999975,7.814819e-08,2.4405992e-06,6.392714e-08,N,N
CM03_English_N_0004.npy,7.636042,-4.5831947,-1.562202,-6.2691255,0.99989295,4.9340847e-06,0.00010120614,9.141468e-07,N,N
CF09_Hindi_N_0054.npy,8.367644,-4.745407,-1.916018,-6.0499887,0.99996316,2.0186365e-06,3.4185818e-05,5.4762785e-07,N,N
CM30_Gujarati_N_0011.npy,7.974171,-5.2963705,-1.3125873,-6.3884664,0.9999051,1.7243904e-06,9.2634094e-05,5.785549e-07,N,N
CM05_English_N_0035.npy,7.3663073,-2.6397266,-2.7316003,-6.83627,0.9999131,4.5122895e-05,4.1162006e-05,6.7898657e-07,N,N
CF04_Hindi_N_0049.npy,7.4697294,-3.8060882,-2.3585293,-5.256901,0.9999305,1.2674894e-05,5.3902808e-05,2.9707394e-06,N,N
CF14_Gujarati_N_0065.npy,8.482153,-4.809267,-2.0964556,-6.2847304,0.99997246,1.6888757e-06,2.5454043e-05,3.8619964e-07,N,N
CM05_English_N_0005.npy,6.845033,-3.8696764,-1.2201777,-6.521806,0.99966216,2.220824e-05,0.00031417885,1.565702e-06,N,N
CM30_Gujarati_N_0033.npy,5.679405,-1.4723686,-1.8701432,-7.276137,0.9986896,0.0007824464,0.00052565814,2.3599907e-06,N,N
CM27_Gujarati_N_0003.npy,8.073639,-4.312331,-2.5019233,-6.215544,0.9999697,4.176653e-06,2.5531623e-05,6.2269254e-07,N,N
CM38_English_N_0072.npy,8.915854,-4.7113924,-3.228505,-6.133289,0.9999931,1.2071436e-06,5.3182484e-06,2.912308e-07,N,N
CF04_Hindi_N_0119.npy,9.577029,-5.836344,-3.308932,-5.2013545,0.9999969,2.0232793e-07,2.5333584e-06,3.8179334e-07,N,N
CF04_Hindi_N_0064.npy,10.051577,-5.7669883,-2.927414,-6.2993264,0.9999975,1.3492215e-07,2.3083144e-06,7.923045e-08,N,N
CF14_Hindi_N_0131.npy,8.722402,-4.981827,-2.8794737,-5.966312,0.9999893,1.1176983e-06,9.148816e-06,4.176075e-07,N,N
CF14_Hindi_N_0075.npy,9.546047,-6.2895303,-1.7450639,-7.304449,0.99998724,1.3264496e-07,1.2483238e-05,4.807473e-08,N,N
CM05_Hindi_N_0120.npy,4.4408007,-2.0011375,-0.513422,-6.1968293,0.99140364,0.0015796185,0.006992926,2.3789555e-05,N,N
CM16_Hindi_N_0045.npy,8.762855,-5.878196,-1.8156648,-6.1782236,0.9999738,4.37987e-07,2.5456333e-05,3.2445973e-07,N,N
CF14_Hindi_N_0148.npy,8.888537,-5.41259,-2.380912,-5.741137,0.9999862,6.15309e-07,1.2756583e-05,4.4300324e-07,N,N
CF14_Hindi_N_0058.npy,8.77743,-5.6591835,-1.4200692,-6.86031,0.999962,5.373313e-07,3.726201e-05,1.616589e-07,N,N
CM03_English_N_0065.npy,8.124195,-4.002155,-2.763602,-6.317191,0.9999753,5.4147977e-06,1.8684394e-05,5.3477976e-07,N,N
CF09_Hindi_N_0113.npy,9.61045,-5.7874503,-2.7883565,-6.292933,0.99999547,2.0548266e-07,4.123488e-06,1.2394996e-07,N,N
CM24_Gujarati_N_0010.npy,8.306226,-5.154715,-1.6014485,-6.953931,0.9999485,1.425493e-06,4.9788512e-05,2.3581738e-07,N,N
CM03_English_N_0070.npy,9.090691,-5.0227633,-3.2728674,-6.3290777,0.99999475,7.423396e-07,4.271425e-06,2.0103766e-07,N,N
CM30_English_N_0028.npy,6.8560047,-2.6712613,-2.7938423,-5.90571,0.9998598,7.282831e-05,6.442639e-05,2.8681163e-06,N,N
CF04_Hindi_N_0143.npy,9.664026,-5.0631776,-4.2891345,-5.069933,0.99999833,4.018427e-07,8.7140154e-07,3.9913712e-07,N,N
CM38_English_N_0075.npy,8.528012,-4.8746843,-2.7801635,-5.8375278,0.9999856,1.5110421e-06,1.22719985e-05,5.769248e-07,N,N
CM27_Gujarati_N_0013.npy,8.711797,-4.2066946,-3.0559518,-6.611927,0.9999896,2.4522571e-06,7.750454e-06,2.2130274e-07,N,N
CF09_English_N_0012.npy,8.85099,-4.707041,-2.7108061,-6.0675616,0.9999888,1.2936507e-06,9.522935e-06,3.3185637e-07,N,N
CF02_Gujarati_N_0043.npy,10.0612,-5.6807995,-3.5161526,-6.558252,0.99999845,1.4565848e-07,1.2689078e-06,6.057079e-08,N,N
CF04_English_N_0089.npy,9.761963,-5.7225924,-3.140942,-6.0156627,0.99999714,1.8842644e-07,2.4907981e-06,1.4056036e-07,N,N
CM05_Hindi_N_0002.npy,8.088668,-3.2531693,-3.0472624,-6.9082384,0.9999733,1.1865642e-05,1.4578587e-05,3.0684197e-07,N,N
CM05_English_N_0088.npy,7.5220337,-3.1116214,-2.2437856,-7.316438,0.9999182,2.4089433e-05,5.7375033e-05,3.594991e-07,N,N
CF14_Hindi_N_0108.npy,8.002243,-5.818088,-0.37632403,-6.349093,0.9997688,9.949605e-07,0.00022968587,5.8505105e-07,N,N
CF04_English_N_0113.npy,9.755874,-6.154516,-3.0780923,-5.8923516,0.99999714,1.2308475e-07,2.6685666e-06,1.5997814e-07,N,N
CM24_Gujarati_N_0064.npy,7.3719506,-4.618401,-0.78040206,-7.3988843,0.9997055,6.201954e-06,0.0002879721,3.8457407e-07,N,N
CF09_English_N_0036.npy,10.528949,-6.1611695,-3.385788,-6.51276,0.9999989,5.6438186e-08,9.055369e-07,3.9708087e-08,N,N
CF14_Gujarati_N_0058.npy,7.7230673,-4.602276,-1.6901488,-6.2178493,0.999913,4.4374524e-06,8.163091e-05,8.8206235e-07,N,N
CF09_Hindi_N_0172.npy,9.052145,-4.923884,-3.226969,-6.6247935,0.9999944,8.5169785e-07,4.647787e-06,1.5544956e-07,N,N
CF14_Hindi_N_0066.npy,9.439771,-6.237525,-1.7806239,-7.0208015,0.9999864,1.5539287e-07,1.3397965e-05,7.100008e-08,N,N
CF18_English_N_0040.npy,9.587708,-5.9567304,-2.9392426,-5.903795,0.99999607,1.7747374e-07,3.6275437e-06,1.8712169e-07,N,N
CF14_Hindi_N_0018.npy,8.9931135,-5.010027,-2.4229352,-6.588775,0.9999881,8.2891154e-07,1.1017111e-05,1.709491e-07,N,N
CM05_Hindi_N_0097.npy,6.5276694,-2.525822,-1.7062562,-7.153913,0.9996165,0.000116937015,0.0002653902,1.1428722e-06,N,N
CF14_Hindi_N_0004.npy,8.840687,-5.281615,-2.6413891,-6.070791,0.99998856,7.357962e-07,1.0313188e-05,3.3421227e-07,N,N
CM03_English_N_0066.npy,8.155662,-4.385539,-3.0025947,-5.3570633,0.9999808,3.576164e-06,1.42568115e-05,1.3535983e-06,N,N
CF04_English_N_0080.npy,10.092395,-6.187484,-3.0481193,-5.8818865,0.99999785,8.5062396e-08,1.9640213e-06,1.15466726e-07,N,N
CM30_English_N_0044.npy,6.4843707,-2.7602618,-1.2031612,-7.812245,0.99944454,9.657522e-05,0.00045825375,6.1775665e-07,N,N
CF18_English_N_0057.npy,8.410869,-5.015492,-2.399565,-5.692952,0.9999776,1.475692e-06,2.018732e-05,7.495122e-07,N,N
CM05_English_N_0052.npy,7.6792665,-4.016731,-2.122373,-6.379709,0.9999356,8.326549e-06,5.5357195e-05,7.838567e-07,N,N
CF04_English_N_0068.npy,10.296731,-6.407083,-4.047532,-4.538263,0.99999905,5.5670554e-08,5.8933915e-07,3.6078114e-07,N,N
CM03_English_N_0053.npy,7.5907307,-3.6991918,-2.3813794,-6.360753,0.9999399,1.2497489e-05,4.668116e-05,8.728136e-07,N,N
CF14_Hindi_N_0088.npy,8.003755,-6.320276,0.5732825,-7.4618692,0.9994066,6.010285e-07,0.0005925555,1.919142e-07,N,N
CF09_Hindi_N_0158.npy,9.679595,-5.0270066,-3.2672594,-6.6915545,0.99999714,4.1020658e-07,2.383698e-06,7.7642426e-08,N,N
CM38_English_N_0031.npy,8.309083,-3.8920376,-3.0234425,-6.4792504,0.9999827,5.024736e-06,1.1976758e-05,3.780077e-07,N,N
CM03_English_N_0101.npy,8.164079,-4.1005373,-2.7536914,-6.0959444,0.9999765,4.715576e-06,1.8132696e-05,6.411217e-07,N,N
CF14_Hindi_N_0005.npy,7.844545,-4.900726,-2.1484392,-5.610832,0.99994993,2.9159328e-06,4.5717297e-05,1.4334483e-06,N,N
CM27_Gujarati_N_0032.npy,8.147811,-5.0803695,-1.2001522,-7.252345,0.99991083,1.799019e-06,8.713495e-05,2.050022e-07,N,N
CM05_English_N_0032.npy,7.2478395,-3.12336,-2.1672533,-6.737986,0.9998863,3.1318134e-05,8.147567e-05,8.4330316e-07,N,N
CM03_English_N_0055.npy,5.1110916,-1.403959,-2.3519883,-5.0598583,0.9979113,0.001477887,0.00057268725,3.818603e-05,N,N
CF14_Hindi_N_0039.npy,8.03886,-4.918762,-1.4149082,-6.734535,0.9999188,2.3579835e-06,7.8387195e-05,3.8367241e-07,N,N
CM03_English_N_0016.npy,7.7548456,-3.5416799,-2.702914,-6.2867513,0.99995804,1.2415461e-05,2.8723305e-05,7.976153e-07,N,N
CF04_Hindi_N_0005.npy,10.573239,-6.297142,-3.7970185,-5.476129,0.9999993,4.7128825e-08,5.742167e-07,1.0711438e-07,N,N
CM05_English_N_0071.npy,8.799155,-4.192037,-3.017617,-7.009879,0.9999902,2.2803042e-06,7.3796655e-06,1.3621325e-07,N,N
CF04_Hindi_N_0096.npy,10.584317,-6.285142,-3.5857978,-5.9931693,0.99999917,4.7172254e-08,7.0145063e-07,6.3166816e-08,N,N
CF04_Hindi_N_0002.npy,10.056125,-5.843061,-3.6019156,-5.8876157,0.99999857,1.244718e-07,1.1705446e-06,1.1904762e-07,N,N
CF02_English_N_0045.npy,8.362948,-4.7901464,-2.569706,-5.3248944,0.999979,1.9394304e-06,1.7864852e-05,1.136151e-06,N,N
CF09_Hindi_N_0047.npy,9.817275,-5.741272,-3.1364527,-6.4622602,0.9999974,1.749878e-07,2.3673715e-06,8.509157e-08,N,N
CF04_Hindi_N_0140.npy,9.321978,-5.521717,-2.6550157,-6.4007425,0.9999932,3.576534e-07,6.2871645e-06,1.4849316e-07,N,N
CM35_English_N_0008.npy,7.6367893,-3.152622,-3.0964854,-5.8364677,0.99995613,2.0615747e-05,2.1806156e-05,1.4080555e-06,N,N
CM03_English_N_0063.npy,9.174004,-5.201354,-3.227156,-5.771278,0.9999949,5.7129347e-07,4.1137955e-06,3.2310547e-07,N,N
CF09_English_N_0018.npy,8.95894,-5.3181353,-2.9633205,-5.557918,0.99999225,6.3029205e-07,6.6408675e-06,4.959132e-07,N,N
CF02_English_N_0025.npy,8.418511,-4.6254973,-2.2276537,-6.6064796,0.99997365,2.1629562e-06,2.3791285e-05,2.983444e-07,N,N
CF14_Hindi_N_0045.npy,8.499378,-5.2134075,-1.7997205,-6.494455,0.99996495,1.1081476e-06,3.3662236e-05,3.077837e-07,N,N
CF02_English_N_0100.npy,9.307689,-5.2949247,-3.1028314,-6.5381284,0.99999535,4.5515944e-07,4.0754667e-06,1.312946e-07,N,N
CM24_Gujarati_N_0003.npy,7.7079716,-3.9463623,-1.7833261,-6.7692337,0.99991536,8.68061e-06,7.5499665e-05,5.159325e-07,N,N
CM05_Hindi_N_0060.npy,7.838892,-4.4937644,-1.6730651,-6.355478,0.99992096,4.4051517e-06,7.3956304e-05,6.845876e-07,N,N
CM03_English_N_0022.npy,7.2457848,-2.4496734,-3.0484607,-6.506807,0.99990356,6.1556515e-05,3.3823926e-05,1.0648373e-06,N,N
CM30_Gujarati_N_0009.npy,8.041005,-4.348486,-1.7448933,-7.01411,0.9999393,4.1618464e-06,5.6235695e-05,2.8948122e-07,N,N
CF04_Hindi_N_0144.npy,8.369211,-4.5988674,-2.8309991,-5.4848056,0.99998295,2.3336065e-06,1.3671084e-05,9.622089e-07,N,N
CM30_Gujarati_N_0066.npy,6.5442076,-2.4743843,-2.3621275,-5.912906,0.99973947,0.000121105026,0.00013549234,3.8889402e-06,N,N
CM27_Gujarati_N_0027.npy,8.247095,-3.9851854,-2.4348705,-6.7027316,0.99997175,4.870524e-06,2.2954557e-05,3.2163277e-07,N,N
CM05_Hindi_N_0056.npy,6.5064654,-3.9781687,-0.70555896,-6.5237584,0.99923277,2.7941374e-05,0.00073709653,2.1913531e-06,N,N
CF09_Hindi_N_0145.npy,8.804565,-4.8561225,-2.3655055,-6.58034,0.9999845,1.1674323e-06,1.4089423e-05,2.08168e-07,N,N
CM05_Hindi_N_0083.npy,7.200567,-1.9535507,-3.2575738,-6.5414295,0.99986446,0.000105769,2.870969e-05,1.0761376e-06,N,N
CM38_English_N_0047.npy,8.135979,-4.2041726,-2.815056,-5.9040236,0.99997735,4.3725095e-06,1.7539465e-05,7.9890367e-07,N,N
CF02_Gujarati_N_0062.npy,8.174773,-4.109163,-2.1964457,-6.877053,0.99996376,4.6252885e-06,3.131996e-05,2.904418e-07,N,N
CF14_Gujarati_N_0039.npy,9.1275625,-6.033741,-1.2340038,-7.4452558,0.99996805,2.6032487e-07,3.1623862e-05,6.346034e-08,N,N
CM38_English_N_0061.npy,9.3518915,-5.466689,-2.7936728,-6.6774983,0.99999416,3.6674962e-07,5.3118524e-06,1.0927521e-07,N,N
CF18_English_N_0024.npy,8.66565,-4.71326,-3.2683456,-5.7446632,0.9999913,1.5474244e-06,6.5633794e-06,5.5166646e-07,N,N
CM03_English_N_0003.npy,7.5757637,-4.2486334,-1.4011285,-7.022811,0.999866,7.322703e-06,0.00012627778,4.5694233e-07,N,N
CM30_English_N_0019.npy,6.4456253,-1.2120744,-3.0098355,-6.7922325,0.99944776,0.00047213203,7.821783e-05,1.7808671e-06,N,N
CM30_Gujarati_N_0032.npy,6.5791826,-1.5429491,-3.0364473,-6.718926,0.99963486,0.00029678678,6.6654015e-05,1.67705e-06,N,N
CF04_English_N_0013.npy,10.089776,-6.0145607,-3.5487595,-5.5238166,0.99999857,1.0138535e-07,1.1935996e-06,1.6561606e-07,N,N
CF04_Hindi_N_0116.npy,10.249309,-6.081652,-3.7305768,-5.0858274,0.9999988,8.0826375e-08,8.4842316e-07,2.1879347e-07,N,N
CM24_Gujarati_N_0026.npy,8.442873,-4.361453,-2.7988486,-6.341491,0.9999838,2.7488109e-06,1.3115205e-05,3.795115e-07,N,N
CF14_English_N_0019.npy,8.637709,-5.849172,-1.4955091,-6.309963,0.99995947,5.109869e-07,3.9735787e-05,3.2232276e-07,N,N
CM38_English_N_0039.npy,8.3073,-4.4638762,-3.0149357,-5.8513,0.99998426,2.841464e-06,1.2100657e-05,7.095637e-07,N,N
CF18_English_N_0006.npy,9.57422,-6.2307644,-2.2531502,-6.418143,0.9999925,1.3676639e-07,7.301891e-06,1.1339704e-07,N,N
CF09_Hindi_N_0030.npy,9.858542,-5.821018,-3.083748,-6.5582128,0.9999974,1.55043e-07,2.3946034e-06,7.418096e-08,N,N
CF09_Hindi_N_0139.npy,10.167057,-5.8298807,-3.3000526,-6.6837115,0.99999845,1.1288013e-07,1.416798e-06,4.8062166e-08,N,N
CM16_Hindi_N_0003.npy,8.580347,-5.303335,-1.3925219,-7.0466614,0.9999523,9.3405555e-07,4.6646317e-05,1.634014e-07,N,N
CM30_Gujarati_N_0046.npy,8.369871,-3.939407,-2.6810153,-6.8061776,0.9999794,4.5096135e-06,1.5872749e-05,2.5651752e-07,N,N
CM03_English_N_0095.npy,8.112314,-4.405894,-2.3705802,-6.506644,0.99996793,3.6592967e-06,2.8010616e-05,4.4776849e-07,N,N
CF04_English_N_0073.npy,10.1625185,-6.203147,-2.980134,-6.1720777,0.999998,7.806942e-08,1.9598267e-06,8.0533006e-08,N,N
CM16_Hindi_N_0036.npy,9.217571,-5.2661633,-2.9937856,-6.362832,0.9999943,5.126155e-07,4.9736186e-06,1.7120416e-07,N,N
CF14_Gujarati_N_0047.npy,8.111713,-4.6209345,-2.2523203,-6.2108016,0.99996483,2.9530172e-06,3.154584e-05,6.022756e-07,N,N
CM05_Hindi_N_0116.npy,6.6475306,-3.298947,-1.5139362,-6.3464236,0.99966455,4.7879963e-05,0.00028534772,2.2732745e-06,N,N
CF02_Gujarati_N_0020.npy,7.8988733,-4.893053,-0.859337,-7.3052487,0.9998399,2.7827068e-06,0.0001571405,2.4938134e-07,N,N
CM16_Hindi_N_0049.npy,9.3111315,-5.4414763,-2.572245,-6.6446786,0.9999926,3.9176066e-07,6.9041803e-06,1.1761869e-07,N,N
CM05_English_N_0070.npy,7.414024,-3.6079457,-2.1480756,-6.5168195,0.9999124,1.6337337e-05,7.033879e-05,8.909915e-07,N,N
CF04_Hindi_N_0091.npy,10.779087,-6.263916,-3.775704,-5.9990845,0.9999994,3.965679e-08,4.774573e-07,5.168118e-08,N,N
CF09_Hindi_N_0065.npy,9.576089,-5.12631,-3.2518759,-6.672118,0.9999968,4.1193445e-07,2.6846292e-06,8.779948e-08,N,N
CF09_English_N_0048.npy,9.977137,-5.6235576,-2.8606322,-6.7198067,0.99999714,1.6776569e-07,2.6584391e-06,5.6054237e-08,N,N
CF02_English_N_0006.npy,7.7792745,-4.828,-1.3943154,-6.656608,0.99989235,3.3472124e-06,0.000103732265,5.376865e-07,N,N
CM35_English_N_0025.npy,6.8098,-3.8553553,-1.3112798,-6.26226,0.99967754,2.3336825e-05,0.00029711155,2.1025028e-06,N,N
CF20_Gujarati_N_0032.npy,10.322835,-6.1646247,-3.1277142,-6.3751473,0.99999845,6.9117306e-08,1.4404562e-06,5.5996072e-08,N,N
CM24_Gujarati_N_0020.npy,8.308284,-5.0845833,-1.2940564,-7.103934,0.9999306,1.5258843e-06,6.756571e-05,2.0254829e-07,N,N
CM24_Gujarati_N_0041.npy,8.79723,-5.202547,-1.7704613,-6.81146,0.9999733,8.316921e-07,2.5733483e-05,1.6642568e-07,N,N
CM35_English_N_0080.npy,7.8919435,-4.044844,-2.7504742,-5.769315,0.9999684,6.5449344e-06,2.3880471e-05,1.1667479e-06,N,N
CF09_Hindi_N_0142.npy,10.286094,-6.2593517,-3.1009676,-6.4690266,0.99999833,6.522349e-08,1.5348733e-06,5.2886328e-08,N,N
CM38_English_N_0127.npy,7.749823,-4.420072,-1.3973584,-6.97081,0.9998878,5.1836178e-06,0.000106507665,4.0444718e-07,N,N
CF14_Hindi_N_0024.npy,9.796033,-6.249486,-2.504453,-6.601893,0.99999523,1.0752703e-07,4.549513e-06,7.559081e-08,N,N
CM27_Gujarati_N_0033.npy,7.664419,-5.027747,-0.7538417,-7.031351,0.9997758,3.0744316e-06,0.00022074887,4.1458225e-07,N,N
CF14_Hindi_N_0003.npy,9.176511,-5.239397,-3.3819802,-5.346976,0.99999547,5.485912e-07,3.5149146e-06,4.926378e-07,N,N
CF20_Gujarati_N_0065.npy,9.009342,-5.26794,-2.5664356,-6.134728,0.9999896,6.301594e-07,9.390722e-06,2.6485586e-07,N,N
CF09_English_N_0001.npy,10.012118,-5.5889707,-3.2854636,-6.4595213,0.9999981,1.6769962e-07,1.6785444e-06,7.021937e-08,N,N
CF18_English_N_0008.npy,7.9909678,-4.494232,-2.5977395,-5.085093,0.999969,3.7821007e-06,2.5198202e-05,2.0947166e-06,N,N
CF04_English_N_0006.npy,8.734666,-4.986131,-2.3208816,-6.4492707,0.99998283,1.0993256e-06,1.5798985e-05,2.545027e-07,N,N
CM16_Hindi_N_0081.npy,6.5529156,-4.3877983,-0.3893588,-6.1797004,0.99901426,1.7704351e-05,0.0009651175,2.950303e-06,N,N
CM16_Hindi_N_0078.npy,7.726663,-4.8975263,-0.74691993,-7.3857646,0.9997875,3.2907276e-06,0.00020887057,2.7331518e-07,N,N
CF04_English_N_0022.npy,10.488627,-6.0589576,-3.3683784,-6.574242,0.9999989,6.5084095e-08,9.593526e-07,3.8876685e-08,N,N
CM05_English_N_0083.npy,8.464676,-3.728841,-3.0961008,-6.672996,0.9999851,5.0630997e-06,9.532614e-06,2.6655442e-07,N,N
CF09_Hindi_N_0137.npy,10.02877,-6.0553207,-2.951989,-6.562263,0.9999976,1.0345868e-07,2.3042346e-06,6.23167e-08,N,N
CF04_Hindi_N_0104.npy,9.906416,-5.8960357,-3.2148645,-5.895189,0.99999774,1.3711384e-07,2.002162e-06,1.3723e-07,N,N
CF18_English_N_0058.npy,9.060696,-4.950965,-2.8179715,-6.2740917,0.999992,8.218824e-07,6.936766e-06,2.1886838e-07,N,N
CF02_Gujarati_N_0010.npy,8.4645815,-4.5016766,-2.3817236,-6.861364,0.99997807,2.3378475e-06,1.9476016e-05,2.208092e-07,N,N
CM16_Hindi_N_0028.npy,9.499413,-6.2121706,-2.060695,-6.8063674,0.9999902,1.5015573e-07,9.539046e-06,8.288678e-08,N,N
CF18_English_N_0045.npy,9.985184,-6.1258807,-3.4140875,-6.043007,0.9999982,1.0070537e-07,1.5162464e-06,1.0940684e-07,N,N
CM03_English_N_0106.npy,7.8559265,-3.9241762,-2.8311756,-5.669565,0.9999682,7.65513e-06,2.2836872e-05,1.3364102e-06,N,N
CM05_Hindi_N_0114.npy,7.1362977,-4.389628,-1.0957189,-6.5461955,0.99972314,9.868107e-06,0.00026592574,1.1419536e-06,N,N
CM03_English_N_0079.npy,8.118349,-3.9987047,-3.0082054,-6.008925,0.99997914,5.4653915e-06,1.4715998e-05,7.3213977e-07,N,N
CM24_Gujarati_N_0058.npy,8.660338,-4.6487336,-2.9962866,-5.6473036,0.99998903,1.6593519e-06,8.661386e-06,6.1131533e-07,N,N
CM05_Hindi_N_0007.npy,8.007733,-3.618227,-3.193106,-5.968775,0.9999765,8.930984e-06,1.3662407e-05,8.5127414e-07,N,N
CF20_Gujarati_N_0030.npy,9.736188,-5.977739,-2.7844756,-5.574814,0.99999595,1.4980515e-07,3.6504237e-06,2.2413758e-07,N,N
CF02_English_N_0017.npy,7.635862,-3.7451608,-2.0612013,-6.398165,0.9999263,1.1409136e-05,6.14592e-05,8.036509e-07,N,N
CF14_Gujarati_N_0024.npy,8.362962,-5.1218295,-1.3027866,-7.187857,0.99993503,1.3918793e-06,6.341478e-05,1.7633427e-07,N,N
CF02_English_N_0035.npy,8.167506,-4.118281,-2.5217936,-6.4532857,0.9999722,4.6167693e-06,2.2786842e-05,4.4694954e-07,N,N
CM27_Gujarati_N_0057.npy,8.861017,-4.504178,-2.8523533,-6.869813,0.9999901,1.5687912e-06,8.183585e-06,1.4729328e-07,N,N
CM27_Gujarati_N_0044.npy,8.776618,-4.1070294,-3.1721337,-6.717932,0.9999908,2.539211e-06,6.467243e-06,1.8655123e-07,N,N
CF04_English_N_0084.npy,10.4795885,-6.150081,-3.4690764,-6.1879797,0.99999905,5.9955084e-08,8.753293e-07,5.7725366e-08,N,N
CM35_English_N_0120.npy,8.853827,-5.0420485,-2.3006241,-7.0662394,0.9999846,9.227649e-07,1.4311219e-05,1.2189787e-07,N,N
CF04_English_N_0007.npy,8.900229,-5.1617236,-2.584048,-6.0454345,0.9999887,7.815678e-07,1.0290505e-05,3.2298018e-07,N,N
CM03_English_N_0054.npy,5.69409,-2.6493843,-1.2308972,-6.182357,0.99877375,0.0002376524,0.0009817109,6.9437147e-06,N,N
CF02_Gujarati_N_0057.npy,7.794499,-3.6194088,-2.2744298,-6.1742635,0.99994576,1.1040257e-05,4.2373686e-05,8.5786706e-07,N,N
CF14_Hindi_N_0015.npy,9.2961645,-5.7618985,-2.7962394,-6.077451,0.9999939,2.8864463e-07,5.6018735e-06,2.1053343e-07,N,N
CM16_Hindi_N_0075.npy,7.509103,-4.6078215,-0.7824294,-7.294407,0.99974364,5.464813e-06,0.0002505658,3.7222546e-07,N,N
CM35_English_N_0016.npy,7.6814365,-4.275907,-1.6390488,-6.786449,0.99990356,6.4113515e-06,8.9561814e-05,5.2075694e-07,N,N
CF18_English_N_0026.npy,9.359082,-5.475191,-3.467909,-5.331331,0.9999964,3.6104007e-07,2.6872435e-06,4.1690143e-07,N,N
CF04_English_N_0032.npy,10.32974,-6.0914145,-3.2786124,-6.2800856,0.9999987,7.3855496e-08,1.2301765e-06,6.11567e-08,N,N
CM03_English_N_0001.npy,7.4622407,-2.9579751,-3.004608,-6.1161795,0.9999404,2.9821673e-05,2.846293e-05,1.2674794e-06,N,N
CM05_Hindi_N_0079.npy,7.3348403,-2.6118433,-2.5769036,-7.0085487,0.9999019,4.7881473e-05,4.958401e-05,5.897969e-07,N,N
CF20_Gujarati_N_0045.npy,9.997202,-5.830047,-3.062968,-6.2577167,0.9999976,1.3375556e-07,2.1283308e-06,8.7212214e-08,N,N
CF14_English_N_0045.npy,8.591552,-5.089308,-1.7357613,-7.163876,0.9999659,1.1440984e-06,3.2725773e-05,1.4371086e-07,N,N
CF20_Gujarati_N_0004.npy,7.2890115,-4.6488285,-0.9861967,-6.2304044,0.99973744,6.5365434e-06,0.00025468806,1.3442444e-06,N,N
CM38_English_N_0051.npy,8.646735,-4.434418,-3.0000474,-6.5865493,0.9999889,2.0841176e-06,8.747051e-06,2.4225014e-07,N,N
CM27_Gujarati_N_0025.npy,8.487653,-5.055545,-1.490871,-7.038582,0.9999521,1.3129348e-06,4.6383295e-05,1.8072623e-07,N,N
CM35_English_N_0032.npy,8.864129,-4.468083,-3.439554,-6.0872073,0.99999356,1.6214027e-06,4.534981e-06,3.211549e-07,N,N
CF04_English_N_0098.npy,10.297141,-6.211661,-3.2038357,-6.377007,0.99999857,6.765775e-08,1.3696191e-06,5.7346735e-08,N,N
CF09_English_N_0055.npy,8.85717,-5.814257,-2.6569529,-5.013527,0.99998856,4.2488887e-07,9.987917e-06,9.4629786e-07,N,N
CM05_Hindi_N_0100.npy,7.645891,-3.4296777,-2.232755,-6.7578397,0.99993265,1.5485035e-05,5.1254185e-05,5.5527755e-07,N,N
CM05_English_N_0051.npy,6.5446324,-3.4212363,-1.5895467,-5.4344697,0.99965346,4.6959944e-05,0.00029323806,6.2717904e-06,N,N
CF02_Gujarati_N_0048.npy,9.770776,-5.3540354,-3.293259,-6.0740023,0.9999975,2.7000814e-07,2.120122e-06,1.3143143e-07,N,N
CF04_Hindi_N_0071.npy,8.9228,-4.632043,-3.2493467,-5.8139033,0.9999932,1.2977873e-06,5.172504e-06,3.9804104e-07,N,N
CF04_English_N_0116.npy,9.981257,-6.0576506,-3.2086217,-5.73675,0.99999785,1.0824051e-07,1.8694215e-06,1.4919522e-07,N,N
CM35_English_N_0109.npy,8.18271,-4.1083083,-2.4108503,-6.73933,0.9999701,4.592677e-06,2.5076233e-05,3.3069514e-07,N,N
CM05_English_N_0025.npy,7.4032393,-3.2875254,-2.2057817,-6.787606,0.9999094,2.2752058e-05,6.711441e-05,6.869969e-07,N,N
CM38_English_N_0106.npy,8.432855,-4.2667,-2.9842916,-6.084206,0.99998546,3.0524411e-06,1.1004996e-05,4.9580865e-07,N,N
CM05_English_N_0009.npy,7.104423,-3.2701519,-1.7559621,-6.5011296,0.9998258,3.1210722e-05,0.0001418757,1.2334111e-06,N,N
CF09_Hindi_N_0123.npy,9.655948,-5.868284,-3.0727756,-6.223884,0.99999666,1.810966e-07,2.9647233e-06,1.2690404e-07,N,N
CM27_Gujarati_N_0064.npy,8.971208,-4.6801744,-2.972656,-6.645511,0.99999213,1.178356e-06,6.4989385e-06,1.6509807e-07,N,N
CF09_English_N_0050.npy,9.7783575,-5.6582584,-3.2073514,-6.140138,0.9999974,1.9767955e-07,2.2928573e-06,1.2209117e-07,N,N
CF02_English_N_0056.npy,8.912417,-5.0728693,-2.7115989,-6.1783304,0.99999,8.4384516e-07,8.948489e-06,2.7936187e-07,N,N
CM16_Hindi_N_0001.npy,9.231836,-5.3514085,-2.155607,-7.140704,0.9999881,4.64058e-07,1.13368105e-05,7.7533834e-08,N,N
CM38_English_N_0037.npy,6.9285007,-1.9964811,-2.8307502,-6.690784,0.999808,0.0001329983,5.7746798e-05,1.2165682e-06,N,N
CF14_English_N_0004.npy,7.821935,-5.248912,-0.6368207,-6.2245746,0.9997851,2.1052813e-06,0.00021199022,7.9356954e-07,N,N
CF14_English_N_0008.npy,7.3025675,-4.675194,-0.9899625,-5.9154596,0.9997416,6.280759e-06,0.0002503155,1.8170695e-06,N,N
CM27_Gujarati_N_0039.npy,7.915376,-4.0044584,-2.0348165,-6.8095756,0.9999453,6.6566854e-06,4.7715836e-05,4.0272718e-07,N,N
CF04_English_N_0020.npy,10.385009,-6.2442136,-3.567226,-5.6170735,0.99999905,5.998185e-08,8.722103e-07,1.1230092e-07,N,N
CM38_English_N_0010.npy,7.8740807,-4.801757,-1.4579561,-6.741317,0.99990785,3.125458e-06,8.853354e-05,4.4933836e-07,N,N
CM05_Hindi_N_0054.npy,4.5870876,-3.5522215,0.3699056,-5.5236526,0.98515123,0.00028750536,0.01452125,4.003723e-05,N,N
CM03_English_N_0098.npy,8.253177,-4.2124724,-2.9128487,-6.0582924,0.9999814,3.856821e-06,1.4146494e-05,6.089756e-07,N,N
CF09_Hindi_N_0120.npy,9.81458,-5.656944,-3.1315486,-6.924047,0.9999974,1.9089813e-07,2.385429e-06,5.3765756e-08,N,N
CM27_Gujarati_N_0004.npy,8.610343,-4.439413,-2.9018652,-6.1148357,0.9999875,2.1505896e-06,1.0007052e-05,4.0265277e-07,N,N
CF14_Hindi_N_0094.npy,8.959844,-5.661655,-1.5683234,-7.1134925,0.9999726,4.4663437e-07,2.6770924e-05,1.04574816e-07,N,N
CM24_Gujarati_N_0006.npy,7.9361877,-4.3395357,-1.6100554,-7.013958,0.99992347,4.6632404e-06,7.146375e-05,3.2151482e-07,N,N
CF09_Hindi_N_0134.npy,10.152056,-5.8619566,-3.7571974,-5.90066,0.9999988,1.1096927e-07,9.1051606e-07,1.06756374e-07,N,N
CF04_Hindi_N_0037.npy,10.64244,-6.402706,-3.0520678,-6.8593583,0.9999988,3.9571837e-08,1.1286269e-06,2.5064839e-08,N,N
CM27_Gujarati_N_0065.npy,8.471987,-4.333884,-2.7656868,-6.5727963,0.9999839,2.7445703e-06,1.3168409e-05,2.9250072e-07,N,N
CF02_English_N_0088.npy,9.098485,-5.06474,-3.1846213,-6.6137033,0.9999945,7.0629653e-07,4.62927e-06,1.5006547e-07,N,N
CF02_Gujarati_N_0031.npy,8.63283,-4.81813,-2.574467,-6.172132,0.9999846,1.4398444e-06,1.3574578e-05,3.717748e-07,N,N
CF04_Hindi_N_0018.npy,10.425732,-6.275738,-3.0517304,-6.452947,0.99999845,5.5801173e-08,1.4022067e-06,4.6739284e-08,N,N
CF04_English_N_0062.npy,9.554173,-5.84432,-3.0035884,-5.5883946,0.99999595,2.053609e-07,3.5174783e-06,2.652554e-07,N,N
CF20_Gujarati_N_0035.npy,9.612452,-5.483918,-3.6231163,-5.207626,0.9999976,2.7779788e-07,1.7859314e-06,3.6620216e-07,N,N
CM05_Hindi_N_0004.npy,8.166472,-3.295573,-3.209606,-6.4374266,0.9999776,1.0521729e-05,1.1466268e-05,4.545666e-07,N,N
CM35_English_N_0049.npy,7.3378916,-3.5366666,-2.119241,-6.47742,0.999902,1.893201e-05,7.812267e-05,1.0001012e-06,N,N
CM35_English_N_0127.npy,7.027053,-4.2357764,-0.67369443,-7.232097,0.99953425,1.2835514e-05,0.00045227807,6.413982e-07,N,N
CF09_Hindi_N_0049.npy,9.559278,-5.7700834,-3.0862586,-6.2070284,0.9999964,2.2006024e-07,3.2218977e-06,1.4216045e-07,N,N
CM38_English_N_0088.npy,8.6433525,-4.448354,-3.2283385,-5.945276,0.99999046,2.0622442e-06,6.9853163e-06,4.615671e-07,N,N
CF02_English_N_0049.npy,7.3084373,-3.9191158,-1.5695637,-6.7043605,0.99984646,1.3300528e-05,0.00013940115,8.2082835e-07,N,N
CF02_English_N_0050.npy,7.909236,-4.4182935,-2.093648,-5.7812014,0.9999491,4.427919e-06,4.526689e-05,1.1331739e-06,N,N
CM38_English_N_0079.npy,8.152898,-4.324195,-2.7940772,-5.9107785,0.9999777,3.812921e-06,1.761082e-05,7.8021276e-07,N,N
CM03_English_N_0015.npy,7.4948626,-3.1078174,-2.332151,-7.175011,0.9999207,2.484735e-05,5.396946e-05,4.255202e-07,N,N
CM38_English_N_0021.npy,9.088244,-4.4563956,-3.9906213,-5.5463753,0.99999607,1.3111008e-06,2.0889063e-06,4.4082245e-07,N,N
CF09_Hindi_N_0073.npy,7.817809,-4.015866,-2.3590782,-5.6575446,0.99995327,7.2557077e-06,3.803764e-05,1.4051029e-06,N,N
CF04_Hindi_N_0092.npy,9.330829,-5.486641,-3.5485148,-4.9382544,0.99999654,3.6715818e-07,2.5501804e-06,6.353521e-07,N,N
CM05_Hindi_N_0031.npy,7.9835157,-3.0056627,-3.2329204,-6.4943213,0.9999691,1.6882896e-05,1.3450863e-05,5.156346e-07,N,N
CM27_Gujarati_N_0059.npy,6.4061937,-2.1050022,-2.797983,-5.3481154,0.9996904,0.00020114072,0.000100587094,7.852974e-06,N,N
CF20_Gujarati_N_0055.npy,8.0823345,-4.851697,-1.6069643,-6.0067987,0.9999348,2.414311e-06,6.1938794e-05,7.605694e-07,N,N
CF04_English_N_0103.npy,10.1573,-6.0941877,-2.8387363,-6.619826,0.9999976,8.751199e-08,2.2693005e-06,5.1735135e-08,N,N
CF02_Gujarati_N_0018.npy,10.06453,-5.586496,-3.6484907,-6.326572,0.9999987,1.5953107e-07,1.1079239e-06,7.610871e-08,N,N
CF02_English_N_0073.npy,9.011975,-4.624273,-3.3717587,-6.159962,0.9999944,1.1963285e-06,4.1861067e-06,2.575779e-07,N,N
CM16_Hindi_N_0027.npy,8.248751,-4.248276,-1.9306254,-7.01508,0.99995816,3.7375946e-06,3.794327e-05,2.3495495e-07,N,N
CM38_English_N_0121.npy,7.5620437,-4.71294,-0.97694916,-6.891251,0.9997991,4.666108e-06,0.00019564792,5.283559e-07,N,N
CM16_Hindi_N_0032.npy,8.213351,-4.886028,-1.5039237,-6.7998757,0.9999374,2.046374e-06,6.023017e-05,3.0186376e-07,N,N
CM05_Hindi_N_0039.npy,6.9718013,-3.5954766,-2.188019,-5.331145,0.9998646,2.5741316e-05,0.00010516753,4.53774e-06,N,N
CM38_English_N_0107.npy,6.2081976,-1.883933,-1.9088949,-7.169116,0.99939454,0.00030575198,0.00029821444,1.5489718e-06,N,N
CF09_Hindi_N_0075.npy,7.4023223,-5.1674814,-0.087375484,-7.139837,0.9994375,3.4734373e-06,0.00055849744,4.832548e-07,N,N
CM38_English_N_0126.npy,7.302106,-3.8685176,-1.4502056,-7.03858,0.9998273,1.4079418e-05,0.00015806813,5.9134953e-07,N,N
CM05_Hindi_N_0068.npy,6.6928587,-1.7240269,-3.051171,-6.7388687,0.99971884,0.00022104007,5.8627236e-05,1.4674144e-06,N,N
CF09_Hindi_N_0040.npy,10.179565,-6.1535835,-3.2217553,-6.0422525,0.99999833,8.064971e-08,1.5131423e-06,9.0147495e-08,N,N
CF14_Hindi_N_0036.npy,9.33719,-5.7594533,-1.8154023,-7.0476894,0.99998534,2.777184e-07,1.4337868e-05,7.6582694e-08,N,N
CF20_Gujarati_N_0054.npy,8.5435095,-5.463264,-1.4552467,-6.190191,0.9999534,8.2587735e-07,4.5454304e-05,3.992227e-07,N,N
CM16_Hindi_N_0059.npy,9.060534,-5.242263,-2.5248594,-6.668257,0.99999,6.142853e-07,9.3008675e-06,1.4759404e-07,N,N
CM38_English_N_0137.npy,8.314757,-4.355882,-2.7954333,-6.2111,0.9999815,3.1419797e-06,1.4958828e-05,4.914644e-07,N,N
CM38_English_N_0087.npy,9.377383,-4.9170966,-3.6875186,-6.277554,0.999997,6.1941995e-07,2.1182836e-06,1.5890797e-07,N,N
CM35_English_N_0027.npy,7.243046,-3.524031,-1.7347242,-6.6252203,0.9998517,2.1079177e-05,0.00012616522,9.4847127e-07,N,N
CF09_English_N_0011.npy,9.68079,-6.0604534,-2.839988,-5.994557,0.99999595,1.457683e-07,3.650006e-06,1.5569756e-07,N,N
CM38_English_N_0044.npy,8.723298,-3.8360791,-3.7584984,-5.9680753,0.99999225,3.5117873e-06,3.7950842e-06,4.164991e-07,N,N
CF09_Hindi_N_0119.npy,10.290196,-5.6924458,-3.111419,-6.7931676,0.99999833,1.14505404e-07,1.5126965e-06,3.8088018e-08,N,N
CF14_Gujarati_N_0037.npy,8.703383,-5.175967,-1.837244,-6.737739,0.99997234,9.381291e-07,2.6439404e-05,1.9678586e-07,N,N
CF09_Hindi_N_0015.npy,9.905438,-5.5732694,-3.554684,-5.906503,0.9999982,1.895316e-07,1.4267323e-06,1.3581896e-07,N,N
CF09_English_N_0017.npy,9.655945,-5.299285,-3.552704,-5.8669868,0.99999774,3.1990814e-07,1.8346608e-06,1.8133234e-07,N,N
CM38_English_N_0057.npy,8.883391,-4.416555,-3.3548257,-6.4568467,0.9999932,1.6745726e-06,4.8417996e-06,2.1767879e-07,N,N
CF14_English_N_0022.npy,8.475855,-4.9118676,-1.493217,-7.3849883,0.9999515,1.5337872e-06,4.6823712e-05,1.2933081e-07,N,N
CM05_English_N_0101.npy,5.6843643,-1.9496686,-2.0851855,-5.1596,0.9990753,0.00048325877,0.0004220128,1.9504045e-05,N,N
CF14_Gujarati_N_0002.npy,9.209254,-5.578297,-2.2235484,-6.522195,0.9999887,3.783057e-07,1.0834084e-05,1.4720194e-07,N,N
CM16_Hindi_N_0064.npy,6.8644166,-5.1467843,0.3850194,-6.9210534,0.99846053,6.066422e-06,0.0015323727,1.02891e-06,N,N
CF14_Hindi_N_0016.npy,8.687705,-5.12394,-2.5496213,-6.057445,0.99998534,1.003858e-06,1.3173e-05,3.9469035e-07,N,N
CF04_English_N_0023.npy,10.40795,-6.338308,-3.0886762,-6.5297456,0.99999845,5.3357073e-08,1.3755892e-06,4.4060684e-08,N,N
CF20_Gujarati_N_0034.npy,9.773946,-5.9291954,-3.1153457,-5.648138,0.99999714,1.5142975e-07,2.5249365e-06,2.0057318e-07,N,N
CF02_Gujarati_N_0035.npy,9.649924,-4.7500463,-3.6106412,-6.48546,0.9999975,5.574051e-07,1.7418406e-06,9.828581e-08,N,N
CF09_Hindi_N_0114.npy,10.349907,-6.253331,-2.8552082,-6.7367406,0.9999981,6.156088e-08,1.8411556e-06,3.7963186e-08,N,N
CF04_Hindi_N_0118.npy,10.329429,-6.287292,-3.5680993,-5.4323134,0.9999988,6.0736475e-08,9.212551e-07,1.4281113e-07,N,N
CM16_Hindi_N_0079.npy,7.096894,-4.730538,-0.54991394,-6.777397,0.99951446,7.2979483e-06,0.0004773344,9.424565e-07,N,N
CF04_Hindi_N_0095.npy,9.950667,-5.998245,-3.6216888,-5.0635586,0.9999982,1.1843359e-07,1.2752631e-06,3.0158085e-07,N,N
CF18_English_N_0049.npy,8.184661,-4.5514636,-2.7635608,-5.5927105,0.9999784,2.9428102e-06,1.7588894e-05,1.0388534e-06,N,N
CM24_Gujarati_N_0071.npy,6.515756,-2.8253486,-2.3342826,-5.279525,0.9997614,8.772154e-05,0.000143342,7.5382604e-06,N,N
CF04_English_N_0052.npy,10.437352,-6.4112577,-3.0398405,-6.3833385,0.99999845,4.816605e-08,1.402584e-06,4.952978e-08,N,N
CF14_Hindi_N_0047.npy,9.367173,-6.127531,-1.6962553,-7.0684543,0.99998415,1.8652135e-07,1.567498e-05,7.279324e-08,N,N
CM24_Gujarati_N_0052.npy,7.5631256,-4.160597,-1.7161173,-6.395234,0.9998977,8.0985565e-06,9.333226e-05,8.667961e-07,N,N
CF18_English_N_0003.npy,8.9373045,-5.082563,-2.7002578,-6.094417,0.9999901,8.151637e-07,8.828091e-06,2.9634813e-07,N,N
CF09_Hindi_N_0044.npy,10.345171,-5.995939,-3.7438638,-5.7844486,0.99999905,8.0010246e-08,7.6069296e-07,9.885414e-08,N,N
CF18_English_N_0022.npy,10.059468,-5.9370823,-3.547829,-6.2805963,0.99999857,1.12923864e-07,1.2314745e-06,8.0093876e-08,N,N
CF09_Hindi_N_0157.npy,8.645587,-5.2738724,-1.4880576,-6.7759604,0.99995923,9.012348e-07,3.971884e-05,2.0067328e-07,N,N
CM05_English_N_0006.npy,7.1528187,-2.681026,-2.472234,-6.753035,0.9998795,5.359978e-05,6.604508e-05,9.1350796e-07,N,N
CM35_English_N_0031.npy,8.503569,-4.0195813,-2.9643555,-6.4840555,0.9999856,3.6413214e-06,1.0460141e-05,3.0970716e-07,N,N
CF14_Hindi_N_0138.npy,7.663862,-5.2344456,-0.54954207,-6.134159,0.9997255,2.501594e-06,0.00027092212,1.0173637e-06,N,N
CM38_English_N_0138.npy,8.631026,-4.76734,-2.5618222,-6.422847,0.9999844,1.5175968e-06,1.3772127e-05,2.8985394e-07,N,N
CF14_Hindi_N_0060.npy,8.643499,-5.6314363,-1.1792521,-6.662283,0.9999449,6.3161184e-07,5.4201224e-05,2.2529902e-07,N,N
CF04_Hindi_N_0042.npy,10.203685,-6.6008973,-2.6817062,-6.1581326,0.9999974,5.033399e-08,2.534805e-06,7.8370434e-08,N,N
CF02_Gujarati_N_0001.npy,9.873789,-5.2910795,-2.792743,-7.2743096,0.99999666,2.5940597e-07,3.1549596e-06,3.570049e-08,N,N
CF02_Gujarati_N_0015.npy,8.593528,-4.4978514,-3.0004568,-6.3014207,0.99998844,2.0629145e-06,9.221285e-06,3.3978236e-07,N,N
CF09_Hindi_N_0031.npy,9.768655,-6.073337,-3.301793,-5.6266637,0.9999975,1.317982e-07,2.106568e-06,2.0601406e-07,N,N
CM16_Hindi_N_0080.npy,6.614816,-4.0739417,-0.44464466,-6.812998,0.9991172,2.2779694e-05,0.00085848285,1.4722809e-06,N,N
CM05_Hindi_N_0071.npy,7.990838,-2.851802,-3.980992,-5.5957646,0.9999728,1.9547422e-05,6.3195816e-06,1.2571915e-06,N,N
CM05_English_N_0048.npy,6.8974833,-3.5359108,-1.652167,-5.9309535,0.9997744,2.942635e-05,0.00019356913,2.6827652e-06,N,N
CF02_English_N_0002.npy,6.8373375,-4.5664287,-0.42281553,-5.568274,0.9992823,1.1145389e-05,0.0007024961,4.0926043e-06,N,N
CF14_Hindi_N_0141.npy,8.713921,-5.6199045,-1.4270645,-7.1550736,0.9999598,5.954995e-07,3.9428345e-05,1.2828211e-07,N,N
CF04_English_N_0107.npy,10.483447,-6.2027483,-3.4652865,-6.133926,0.99999905,5.666006e-08,8.752692e-07,6.0696884e-08,N,N
CF04_Hindi_N_0034.npy,10.2545595,-6.2245154,-2.8188286,-6.3676667,0.99999774,6.969922e-08,2.100384e-06,6.040288e-08,N,N
CF04_Hindi_N_0123.npy,9.113517,-5.630761,-3.207395,-5.2077255,0.99999464,3.950382e-07,4.4575254e-06,6.0306087e-07,N,N
CM16_Hindi_N_0072.npy,7.296999,-4.244494,-1.0155156,-7.1046615,0.99974436,9.715887e-06,0.00024536345,5.563231e-07,N,N
CF14_English_N_0030.npy,8.799928,-5.7248497,-1.558049,-6.380421,0.9999676,4.9198877e-07,3.1737574e-05,2.554136e-07,N,N
CF14_Gujarati_N_0007.npy,7.528758,-6.478218,1.194382,-7.514098,0.9982278,8.2428465e-07,0.0017711077,2.9255006e-07,N,N
CM30_English_N_0042.npy,7.737252,-3.8694766,-2.071781,-6.854242,0.9999355,9.104033e-06,5.4949396e-05,4.6022146e-07,N,N
CM03_English_N_0097.npy,9.20017,-5.183525,-3.1334085,-6.396892,0.9999949,5.6655045e-07,4.4014205e-06,1.6837599e-07,N,N
CM27_Gujarati_N_0063.npy,8.569882,-4.8815694,-2.1454322,-6.803082,0.99997616,1.4391238e-06,2.2201768e-05,2.1066668e-07,N,N
CM03_English_N_0021.npy,7.360133,-3.7698164,-2.1332245,-6.1156564,0.99990857,1.4665086e-05,7.5343785e-05,1.4044266e-06,N,N
CM05_English_N_0087.npy,6.541905,-1.8874259,-2.409464,-6.9513097,0.99965084,0.00021829132,0.00012951452,1.3798112e-06,N,N
CF02_English_N_0026.npy,8.189672,-4.327478,-2.2432022,-6.4313383,0.9999665,3.6631602e-06,2.9447307e-05,4.4684938e-07,N,N
CF04_English_N_0097.npy,10.015544,-6.085134,-2.7328775,-6.473949,0.999997,1.0175677e-07,2.9068963e-06,6.897682e-08,N,N
CF04_English_N_0071.npy,9.711882,-6.317543,-3.0570927,-5.2736096,0.99999666,1.09271745e-07,2.8477607e-06,3.1037203e-07,N,N
CM03_English_N_0018.npy,6.831541,-3.275535,-1.4200802,-7.1065435,0.99969757,4.077754e-05,0.00026075644,8.843728e-07,N,N
CM05_English_N_0043.npy,8.079988,-3.8249812,-2.6961944,-6.7596927,0.999972,6.7565625e-06,2.0890622e-05,3.5908462e-07,N,N
CM30_Gujarati_N_0060.npy,7.702334,-3.86148,-2.2956977,-6.263902,0.9999441,9.503313e-06,4.548684e-05,8.6003564e-07,N,N
CM27_Gujarati_N_0018.npy,8.63016,-4.2668414,-2.9740617,-6.5935583,0.9999881,2.5055228e-06,9.127359e-06,2.4457825e-07,N,N
CF14_Gujarati_N_0027.npy,8.544464,-4.5503445,-2.2391484,-6.469435,0.9999769,2.0558284e-06,2.0736079e-05,3.0167308e-07,N,N
CM05_English_N_0040.npy,6.695154,-3.134043,-1.8351952,-5.7236276,0.9997447,5.3842243e-05,0.00019733552,4.0409263e-06,N,N
CM05_Hindi_N_0036.npy,4.7222023,-1.5114177,-1.4681075,-5.5967584,0.99597174,0.0019544302,0.0020409378,3.2868473e-05,N,N
CF14_Hindi_N_0017.npy,9.097203,-5.343947,-2.5612106,-6.581819,0.9999906,5.3491385e-07,8.645917e-06,1.5512552e-07,N,N
CM35_English_N_0047.npy,8.096382,-4.106036,-2.5847743,-6.6463904,0.9999716,5.018163e-06,2.2973149e-05,3.9562406e-07,N,N
CF20_Gujarati_N_0047.npy,8.168712,-4.7662153,-2.1402633,-5.694604,0.9999633,2.4122182e-06,3.333136e-05,9.5328465e-07,N,N
CM05_Hindi_N_0045.npy,8.344708,-4.4189067,-2.5275745,-6.507424,0.9999778,2.8630106e-06,1.8976576e-05,3.546427e-07,N,N
CF09_Hindi_N_0008.npy,10.284707,-5.883204,-3.6721215,-5.960406,0.9999989,9.5140365e-08,8.682118e-07,8.8071715e-08,N,N
CM38_English_N_0094.npy,7.3521323,-3.9765475,-1.2760677,-7.3347135,0.9998087,1.2020809e-05,0.00017895219,4.1831248e-07,N,N
CM03_English_N_0010.npy,7.1065197,-2.9828558,-2.1825879,-6.690362,0.99986506,4.151273e-05,9.241306e-05,1.018666e-06,N,N
CM24_Gujarati_N_0016.npy,7.7464666,-4.6950684,-1.0382178,-7.2735977,0.99984264,3.9504052e-06,0.00015303536,2.9977858e-07,N,N
CF20_Gujarati_N_0012.npy,8.614052,-5.1165895,-1.800296,-6.834706,0.99996865,1.0885406e-06,2.9998026e-05,1.9528838e-07,N,N
CF14_Hindi_N_0115.npy,6.197094,-5.3751736,0.9294785,-5.7403502,0.9948547,9.375355e-06,0.0051293625,6.507187e-06,N,N
CF02_English_N_0069.npy,10.002116,-5.753158,-3.0019178,-6.812767,0.9999975,1.4373762e-07,2.2512238e-06,4.9818137e-08,N,N
CF14_Hindi_N_0142.npy,8.22358,-5.229871,-1.5314881,-6.059052,0.9999399,1.436198e-06,5.7996444e-05,6.267658e-07,N,N
CM24_Gujarati_N_0025.npy,6.9219217,-3.5012124,-1.122954,-7.268539,0.9996489,2.9726103e-05,0.00032062858,6.870826e-07,N,N
CM24_Gujarati_N_0051.npy,8.658669,-4.618919,-2.699958,-6.3102684,0.9999863,1.7124225e-06,1.1668227e-05,3.1554907e-07,N,N
CM38_English_N_0055.npy,8.355083,-3.7265275,-3.3868854,-5.9269114,0.9999857,5.662614e-06,7.9528245e-06,6.2719454e-07,N,N
CF14_Gujarati_N_0022.npy,8.478093,-5.5544953,-1.137993,-6.8738604,0.9999323,8.048123e-07,6.664346e-05,2.1513046e-07,N,N
CF14_Gujarati_N_0048.npy,9.261527,-5.490163,-1.8961995,-7.392807,0.9999852,3.9211733e-07,1.4264436e-05,5.8493526e-08,N,N
CF14_Hindi_N_0126.npy,8.738178,-5.534573,-0.9047931,-7.2473016,0.99993443,6.329867e-07,6.4875756e-05,1.14173694e-07,N,N
CM38_English_N_0128.npy,9.162599,-5.6461368,-2.5655787,-6.57409,0.9999914,3.7037734e-07,8.063316e-06,1.464331e-07,N,N
CM05_Hindi_N_0066.npy,5.639588,-1.1701752,-2.5217676,-6.1486735,0.9986059,0.0011014167,0.00028507703,7.582584e-06,N,N
CF04_Hindi_N_0078.npy,10.041204,-5.8903027,-3.4770815,-5.7802606,0.99999845,1.2051295e-07,1.3461158e-06,1.3453167e-07,N,N
CF14_English_N_0021.npy,9.414042,-5.4237676,-2.99763,-6.409904,0.99999547,3.597649e-07,4.070775e-06,1.3419786e-07,N,N
CF20_Gujarati_N_0023.npy,8.091811,-4.1370997,-2.3732073,-5.714117,0.99996567,4.8869374e-06,2.8515791e-05,1.0095937e-06,N,N
CM24_Gujarati_N_0035.npy,8.029663,-4.476777,-2.5297534,-5.666136,0.9999691,3.7026157e-06,2.5947182e-05,1.127137e-06,N,N
CF09_Hindi_N_0091.npy,8.608066,-5.4179597,-1.3153894,-6.728735,0.99994993,8.1012615e-07,4.9009064e-05,2.1841898e-07,N,N
CM38_English_N_0009.npy,6.6783504,-2.9963646,-2.3511894,-6.1985126,0.9998148,6.2841165e-05,0.00011979539,2.5560469e-06,N,N
CF02_Gujarati_N_0058.npy,8.830248,-4.5281796,-2.5114486,-7.3800964,0.9999864,1.5794394e-06,1.1867461e-05,9.118661e-08,N,N
CF09_Hindi_N_0148.npy,8.799264,-5.29235,-2.7793603,-5.5103664,0.9999893,7.587265e-07,9.364025e-06,6.101011e-07,N,N
CF04_English_N_0004.npy,10.297587,-6.235938,-3.2623184,-5.8016515,0.99999857,6.6005555e-08,1.2912401e-06,1.0190337e-07,N,N
CF09_English_N_0039.npy,9.462746,-5.782856,-2.888859,-6.0814767,0.99999535,2.39286e-07,4.322792e-06,1.775122e-07,N,N
CM05_Hindi_N_0108.npy,5.9278526,-2.805974,-1.345089,-6.2462435,0.9991405,0.0001609066,0.0006934708,5.158029e-06,N,N
CM03_English_N_0058.npy,8.1834,-4.664357,-2.047436,-6.565069,0.999961,2.6319217e-06,3.6040226e-05,3.933727e-07,N,N
CM35_English_N_0028.npy,7.0659328,-3.773356,-1.4353894,-6.8107295,0.9997763,1.9609186e-05,0.00020315414,9.404701e-07,N,N
CM35_English_N_0072.npy,7.470064,-3.3963013,-2.2489269,-6.699492,0.9999201,1.9088104e-05,6.0125825e-05,7.0178726e-07,N,N
CM30_English_N_0014.npy,7.2358484,-2.3693097,-2.9269912,-6.3918777,0.99989283,6.737308e-05,3.8573424e-05,1.2064448e-06,N,N
CF14_Gujarati_N_0023.npy,8.406064,-5.296764,-1.4781898,-6.426378,0.99994755,1.1192185e-06,5.0968338e-05,3.616844e-07,N,N
CM27_Gujarati_N_0053.npy,7.3322496,-4.634513,-1.3923182,-5.45778,0.9998282,6.350771e-06,0.00016251518,2.7879576e-06,N,N
CF02_Gujarati_N_0042.npy,10.057179,-5.7426844,-3.7094018,-5.80922,0.9999987,1.3746931e-07,1.0501444e-06,1.2862031e-07,N,N
CF09_Hindi_N_0081.npy,9.5066595,-5.7416553,-2.9515712,-5.7541404,0.9999956,2.386377e-07,3.885591e-06,2.3567695e-07,N,N
CM38_English_N_0049.npy,8.816211,-4.6739035,-3.3672435,-5.837518,0.9999931,1.3845698e-06,5.114344e-06,4.3247755e-07,N,N
CM35_English_N_0090.npy,6.6812096,-4.2036715,-0.16887827,-7.1439004,0.998922,1.8719222e-05,0.0010582209,9.893793e-07,N,N
CM38_English_N_0104.npy,8.365208,-4.3698964,-2.360134,-6.869977,0.99997485,2.945804e-06,2.1980237e-05,2.417867e-07,N,N
CF04_Hindi_N_0132.npy,9.599416,-6.095398,-2.9919617,-5.7443795,0.9999962,1.5269589e-07,3.4012041e-06,2.1690647e-07,N,N
CF09_Hindi_N_0023.npy,10.060689,-6.040298,-3.1325486,-6.069635,0.99999785,1.0172541e-07,1.8631547e-06,9.878446e-08,N,N
CF09_Hindi_N_0067.npy,10.089311,-5.6072516,-2.932647,-7.0384173,0.9999975,1.5242941e-07,2.211234e-06,3.6435218e-08,N,N
CF04_Hindi_N_0020.npy,10.21073,-6.053257,-3.5724766,-5.8642516,0.9999987,8.642508e-08,1.0328307e-06,1.0440556e-07,N,N
CF14_English_N_0024.npy,9.001117,-5.2101316,-2.4274275,-6.3508325,0.9999883,6.731753e-07,1.08803115e-05,2.1514334e-07,N,N
CF14_Gujarati_N_0011.npy,9.224944,-6.141839,-1.0870502,-7.463618,0.9999665,2.1197094e-07,3.3230976e-05,5.652426e-08,N,N
CM35_English_N_0077.npy,8.698646,-4.795194,-3.349995,-5.76928,0.99999225,1.3794207e-06,5.852463e-06,5.2078224e-07,N,N
CF14_Hindi_N_0020.npy,8.545918,-4.1829004,-2.8256648,-6.242917,0.9999851,2.9644066e-06,1.1518019e-05,3.7781908e-07,N,N
CF04_English_N_0100.npy,10.219657,-6.148562,-3.9361875,-4.903786,0.9999989,7.7870354e-08,7.1153175e-07,2.7037805e-07,N,N
CM16_Hindi_N_0060.npy,7.7584987,-4.3819275,-1.2518733,-7.606231,0.9998722,5.338561e-06,0.0001221208,2.123866e-07,N,N
CM35_English_N_0074.npy,8.120672,-4.7474585,-1.7340307,-6.6807613,0.99994457,2.5788008e-06,5.2496798e-05,3.7307402e-07,N,N
CF20_Gujarati_N_0024.npy,9.630439,-5.5466204,-3.149332,-5.989399,0.99999666,2.5626275e-07,2.81718e-06,1.645846e-07,N,N
CM30_English_N_0012.npy,8.674954,-3.8956218,-3.8056433,-5.38795,0.9999919,3.4726804e-06,3.799635e-06,7.8082684e-07,N,N
CF14_English_N_0031.npy,9.769599,-5.9033103,-2.9965672,-6.577991,0.9999969,1.5607769e-07,2.855768e-06,7.949333e-08,N,N
CM24_Gujarati_N_0014.npy,8.926045,-4.8631234,-2.5996244,-6.938584,0.9999889,1.0266799e-06,9.8732535e-06,1.288469e-07,N,N
CF14_English_N_0020.npy,8.77045,-5.052391,-2.9157193,-5.866576,0.9999901,9.926869e-07,8.409248e-06,4.397604e-07,N,N
CF09_Hindi_N_0076.npy,9.6634035,-5.8480706,-3.1483355,-6.031239,0.9999969,1.8342176e-07,2.728545e-06,1.5272207e-07,N,N
CM05_English_N_0010.npy,2.833465,-1.6013576,0.51243234,-5.587726,0.9006984,0.010679734,0.088423505,0.0001982908,N,N
CM05_Hindi_N_0085.npy,7.426977,-3.3586056,-2.133629,-6.7241807,0.9999081,2.0693838e-05,7.044362e-05,7.148098e-07,N,N
CM30_Gujarati_N_0072.npy,6.894832,-2.2055926,-2.8161318,-6.443154,0.99982625,0.00011159899,6.0604707e-05,1.6117988e-06,N,N
CM27_Gujarati_N_0058.npy,7.665313,-3.3997152,-3.1878645,-5.8507967,0.99996364,1.564961e-05,1.9342353e-05,1.3490016e-06,N,N
CM35_English_N_0125.npy,8.717557,-4.6860704,-2.9598796,-6.4527173,0.99998975,1.5096426e-06,8.482994e-06,2.580055e-07,N,N
CF09_English_N_0024.npy,10.2993555,-6.2448993,-2.852801,-6.8702917,0.999998,6.530114e-08,1.9412882e-06,3.493945e-08,N,N
CF04_Hindi_N_0010.npy,10.49297,-6.307045,-3.1231015,-6.681539,0.9999987,5.0564513e-08,1.2207161e-06,3.4770018e-08,N,N
CM03_English_N_0074.npy,8.846263,-4.3951535,-3.0606887,-6.7740116,0.9999913,1.7755051e-06,6.743304e-06,1.6451185e-07,N,N
CF09_Hindi_N_0135.npy,9.479989,-5.7482405,-3.3029115,-5.235341,0.99999654,2.4347952e-07,2.8083757e-06,4.0664162e-07,N,N
CM16_Hindi_N_0077.npy,7.1985664,-4.3510604,-1.0486627,-6.369536,0.9997271,9.637004e-06,0.0002619121,1.280353e-06,N,N
CM05_Hindi_N_0037.npy,6.5300226,-3.945182,-0.8724336,-5.896569,0.9993585,2.8209655e-05,0.00060936203,4.007938e-06,N,N
CM24_Gujarati_N_0017.npy,7.735518,-4.5950327,-1.1177562,-6.958489,0.9998522,4.4141334e-06,0.00014289189,4.1534568e-07,N,N
CF04_Hindi_N_0142.npy,9.697772,-5.1232047,-3.618213,-6.120596,0.99999785,3.6587343e-07,1.6479362e-06,1.3494885e-07,N,N
CM30_English_N_0017.npy,8.915216,-4.0172997,-3.88082,-5.8173347,0.9999944,2.4181163e-06,2.7717206e-06,3.9969774e-07,N,N
CM03_English_N_0046.npy,8.023076,-4.3057423,-2.0904353,-6.6055617,0.9999546,4.422242e-06,4.0526418e-05,4.4344912e-07,N,N
CF09_Hindi_N_0153.npy,9.198787,-5.3798485,-2.7892873,-5.49923,0.99999297,4.662041e-07,6.2178815e-06,4.1374162e-07,N,N
CF14_Hindi_N_0046.npy,9.349938,-5.4381123,-2.7910087,-6.488569,0.99999416,3.7811913e-07,5.336432e-06,1.3225784e-07,N,N
CF04_English_N_0053.npy,8.378687,-5.222458,-2.6083014,-5.1474843,0.99998045,1.2390516e-06,1.6920112e-05,1.3355193e-06,N,N
CF02_English_N_0018.npy,7.637227,-3.6085212,-2.0726364,-6.639462,0.9999256,1.3061744e-05,6.067747e-05,6.3049293e-07,N,N
CF02_Gujarati_N_0003.npy,9.186437,-5.063683,-3.2326214,-5.8416395,0.999995,6.475141e-07,4.0408204e-06,2.9743174e-07,N,N
CF09_Hindi_N_0007.npy,10.231059,-5.8547945,-3.7397857,-5.790802,0.9999989,1.0327664e-07,8.561285e-07,1.1010151e-07,N,N
CF20_Gujarati_N_0031.npy,9.842521,-5.6247177,-3.3476658,-5.8321433,0.99999774,1.9171792e-07,1.8688472e-06,1.5580419e-07,N,N
CF14_Hindi_N_0146.npy,7.6091285,-5.214361,-0.21684231,-7.424315,0.99959797,2.6955934e-06,0.00039907038,2.9572215e-07,N,N
CF18_English_N_0047.npy,7.7648563,-4.0980806,-2.435691,-5.206943,0.9999534,7.046471e-06,3.7148253e-05,2.32487e-06,N,N
CM30_English_N_0050.npy,8.1616,-3.8054829,-2.8484366,-6.0660777,0.9999764,6.349677e-06,1.6534523e-05,6.621975e-07,N,N
CM30_English_N_0036.npy,7.12814,-1.8829032,-3.60115,-6.3066607,0.99985456,0.000122036676,2.1890992e-05,1.4631097e-06,N,N
CF09_English_N_0045.npy,8.882818,-4.98166,-2.586095,-6.0145926,0.9999882,9.5220076e-07,1.04498295e-05,3.3894665e-07,N,N
CM03_English_N_0048.npy,5.948956,-1.8740168,-1.8444583,-6.9306245,0.99918526,0.00040010328,0.00041210634,2.5475065e-06,N,N
CF09_Hindi_N_0052.npy,10.241593,-6.192581,-3.3013766,-5.985537,0.99999857,7.290016e-08,1.3132952e-06,8.9669754e-08,N,N
CF14_Hindi_N_0065.npy,7.8153257,-6.0367584,0.3771625,-7.23443,0.9994106,9.635189e-07,0.0005880181,2.90883e-07,N,N
CF20_Gujarati_N_0008.npy,8.50619,-4.7374773,-1.9642125,-6.8541775,0.9999696,1.771475e-06,2.8362772e-05,2.1333585e-07,N,N
CF14_English_N_0011.npy,8.703929,-5.6491184,-1.2379165,-6.813479,0.9999511,5.841569e-07,4.81161e-05,1.8232825e-07,N,N
CM30_Gujarati_N_0057.npy,7.951929,-3.5418746,-2.8475573,-6.318459,0.99996877,1.0192736e-05,2.0409352e-05,6.345061e-07,N,N
CM27_Gujarati_N_0035.npy,7.7098136,-5.6814404,0.023954848,-7.259713,0.99953914,1.5277486e-06,0.00045906455,3.1522245e-07,N,N
CM30_Gujarati_N_0063.npy,7.6512494,-3.1471012,-3.0303338,-6.118746,0.99995553,2.0432275e-05,2.2962968e-05,1.0465211e-06,N,N
CM35_English_N_0019.npy,8.82269,-4.7836766,-3.1558683,-6.045255,0.99999213,1.2326122e-06,6.2773265e-06,3.4908422e-07,N,N
CM35_English_N_0051.npy,7.643122,-4.1474485,-2.2678592,-5.9233036,0.9999416,7.5752087e-06,4.962382e-05,1.2827765e-06,N,N
CM05_Hindi_N_0006.npy,5.133193,-0.53466636,-2.4795115,-6.4977098,0.9960574,0.0034416304,0.0004921856,8.85212e-06,N,N
CF04_English_N_0037.npy,10.118585,-6.191869,-2.8517342,-6.2555714,0.9999975,8.250096e-08,2.3284185e-06,7.7409254e-08,N,N
CF09_Hindi_N_0027.npy,10.31593,-5.8715596,-3.1525335,-6.9647927,0.99999845,9.329568e-08,1.4148807e-06,3.1266293e-08,N,N
CF14_Hindi_N_0028.npy,9.629556,-5.6997533,-2.9091942,-6.2734127,0.99999607,2.2007148e-07,3.5849946e-06,1.2400149e-07,N,N
CM35_English_N_0011.npy,9.209351,-5.390687,-3.0353374,-6.3031363,0.99999464,4.5633305e-07,4.810577e-06,1.8323567e-07,N,N
CF14_Gujarati_N_0013.npy,7.8743687,-5.5514593,-0.11514404,-7.091658,0.9996593,1.476009e-06,0.00033888366,3.1636569e-07,N,N
CF04_English_N_0035.npy,10.212656,-6.213456,-2.818014,-6.6728053,0.99999774,7.349008e-08,2.192052e-06,4.6423313e-08,N,N
CM38_English_N_0035.npy,7.4401474,-3.7898018,-1.9928529,-6.834227,0.99990606,1.3269492e-05,8.003116e-05,6.3194216e-07,N,N
CM27_Gujarati_N_0048.npy,7.702732,-3.963906,-2.0642526,-5.980797,0.9999329,8.574606e-06,5.730905e-05,1.1410108e-06,N,N
CF09_Hindi_N_0064.npy,9.611713,-5.268669,-3.1761186,-6.17687,0.9999968,3.4477088e-07,2.7945612e-06,1.3902849e-07,N,N
CM05_English_N_0065.npy,7.0592837,-2.9208465,-1.8283083,-7.5513396,0.9998153,4.6302484e-05,0.00013806623,4.5144685e-07,N,N
CF18_English_N_0021.npy,9.355697,-5.2212243,-3.1419868,-6.407069,0.9999957,4.6700504e-07,3.7352797e-06,1.426645e-07,N,N
CF14_Hindi_N_0059.npy,8.921202,-5.7649364,-1.3693882,-7.112967,0.99996555,4.186743e-07,3.3949895e-05,1.0875125e-07,N,N
CF04_Hindi_N_0138.npy,10.199644,-5.5740585,-3.9497864,-5.620011,0.99999905,1.4111319e-07,7.161106e-07,1.3477549e-07,N,N
CM05_English_N_0093.npy,7.3003826,-2.1579688,-3.0966845,-6.585269,0.99989057,7.802662e-05,3.051853e-05,9.321603e-07,N,N
CM27_Gujarati_N_0046.npy,7.1889296,-2.7513564,-2.0125353,-7.2753053,0.9998504,4.8186324e-05,0.00010087643,5.226337e-07,N,N
CF04_English_N_0117.npy,8.613877,-5.0862384,-2.3614476,-5.797547,0.99998116,1.122296e-06,1.7118626e-05,5.5104823e-07,N,N
CF02_English_N_0093.npy,8.654648,-5.176717,-2.3501015,-6.0742116,0.999982,9.842532e-07,1.6622269e-05,4.0117143e-07,N,N
CM38_English_N_0124.npy,8.013366,-4.300496,-1.6770568,-7.192002,0.99993336,4.488785e-06,6.1869156e-05,2.490942e-07,N,N
CM38_English_N_0097.npy,7.2866554,-3.358174,-1.829822,-6.9723506,0.9998658,2.3820501e-05,0.00010982623,6.4170274e-07,N,N
CF09_Hindi_N_0012.npy,10.664062,-6.343123,-3.2989652,-6.447005,0.99999905,4.110295e-08,8.6284746e-07,3.7047396e-08,N,N
CM38_English_N_0008.npy,9.175569,-4.8320045,-3.6682215,-5.8649697,0.9999963,8.252522e-07,2.6424773e-06,2.9374831e-07,N,N
CM05_Hindi_N_0016.npy,2.9097717,0.4932698,-1.6814982,-5.7709565,0.90946877,0.08115482,0.009221989,0.0001544527,N,N
CF20_Gujarati_N_0009.npy,8.669225,-4.3728876,-2.9271274,-5.808545,0.9999881,2.1670921e-06,9.19948e-06,5.156788e-07,N,N
CF09_Hindi_N_0032.npy,9.873055,-6.015065,-2.812661,-6.274929,0.99999666,1.2585643e-07,3.0950087e-06,9.705511e-08,N,N
CM30_Gujarati_N_0037.npy,6.2753305,-1.6665535,-3.1718268,-5.7571697,0.9995598,0.0003553795,7.887887e-05,5.945116e-06,N,N
CM05_Hindi_N_0017.npy,7.809407,-3.2754953,-3.1120603,-5.864474,0.9999654,1.5341679e-05,1.8065577e-05,1.1521093e-06,N,N
CM05_Hindi_N_0067.npy,8.199532,-3.7383044,-3.1724138,-6.1577954,0.9999813,6.5381623e-06,1.1513802e-05,5.8168007e-07,N,N
CM16_Hindi_N_0082.npy,8.189912,-5.2784953,-1.157448,-7.083711,0.9999112,1.414838e-06,8.7187604e-05,2.326545e-07,N,N
CF04_English_N_0066.npy,9.563922,-6.321258,-2.413859,-6.2008996,0.99999344,1.2622674e-07,6.282215e-06,1.4237114e-07,N,N
CM05_Hindi_N_0014.npy,6.153832,-1.3670186,-2.699087,-6.6520057,0.9993131,0.0005412995,0.00014286567,2.742818e-06,N,N
CF09_English_N_0033.npy,9.852545,-5.960371,-3.0856192,-5.999406,0.9999974,1.3568655e-07,2.4045053e-06,1.3049208e-07,N,N
CM35_English_N_0128.npy,8.266709,-4.9107003,-1.533571,-6.7667985,0.9999424,1.8927727e-06,5.5432854e-05,2.9580488e-07,N,N
CM38_English_N_0125.npy,8.315338,-4.7947435,-1.5403817,-7.112718,0.9999453,2.0246043e-06,5.244349e-05,1.993684e-07,N,N
CF18_English_N_0010.npy,8.61397,-5.3457685,-2.7020566,-5.1213274,0.99998593,8.656789e-07,1.2176037e-05,1.083503e-06,N,N
CF14_Gujarati_N_0014.npy,7.504116,-5.472569,-0.022467097,-6.8030725,0.99945873,2.3123969e-06,0.00053828384,6.1126855e-07,N,N
CF18_English_N_0035.npy,10.02506,-5.983328,-3.4103234,-5.9469333,0.99999833,1.11594936e-07,1.462469e-06,1.1573137e-07,N,N
CF04_Hindi_N_0015.npy,10.218183,-6.049396,-3.3696544,-5.9667416,0.99999845,8.6115215e-08,1.2556732e-06,9.353533e-08,N,N
CM30_English_N_0049.npy,8.156423,-3.9424894,-3.5609348,-5.072907,0.9999845,5.5654777e-06,8.150973e-06,1.7970834e-06,N,N
CM05_English_N_0100.npy,6.9500813,-4.109961,-0.7652691,-7.2523236,0.9995378,1.5721133e-05,0.00044572298,6.788489e-07,N,N
CM03_English_N_0067.npy,7.118338,-3.678413,-1.4879379,-6.856912,0.99979573,2.0461708e-05,0.00018291667,8.5219153e-07,N,N
CM05_English_N_0012.npy,8.031539,-4.021156,-2.3951278,-6.435961,0.999964,5.82862e-06,2.9630623e-05,5.2098966e-07,N,N
CF02_Gujarati_N_0065.npy,9.161701,-4.844941,-3.195442,-5.861567,0.99999464,8.260193e-07,4.2989113e-06,2.9886525e-07,N,N
CF04_Hindi_N_0046.npy,10.14582,-6.0349083,-3.441795,-5.78826,0.99999845,9.392865e-08,1.2559522e-06,1.2020327e-07,N,N
CM05_English_N_0094.npy,8.904381,-4.143054,-3.5399325,-6.452212,0.9999937,2.1556007e-06,3.940041e-06,2.1414799e-07,N,N
CM05_English_N_0085.npy,6.9441385,-1.9462692,-2.739414,-7.1360927,0.9997992,0.00013767587,6.228726e-05,7.6726656e-07,N,N
CM16_Hindi_N_0020.npy,8.16011,-4.703542,-2.209163,-6.3316894,0.99996555,2.5904276e-06,3.1381012e-05,5.084827e-07,N,N
CF14_Hindi_N_0007.npy,8.228842,-5.021722,-2.558873,-5.720035,0.99997675,1.7593135e-06,2.0651178e-05,8.751237e-07,N,N
CM05_English_N_0027.npy,7.002519,-2.6809645,-2.1958551,-7.256296,0.99983585,6.229389e-05,0.00010118724,6.418059e-07,N,N
CM05_English_N_0095.npy,8.240685,-4.631057,-1.4659157,-7.513662,0.99993634,2.569483e-06,6.0876413e-05,1.4386212e-07,N,N
CF09_Hindi_N_0165.npy,8.512696,-4.2949047,-2.6423013,-5.906678,0.99998236,2.7398194e-06,1.4303369e-05,5.466855e-07,N,N
CM30_English_N_0006.npy,7.0903153,-3.142893,-2.962194,-5.0795283,0.99991584,3.5953184e-05,4.30739e-05,5.1840298e-06,N,N
CF14_English_N_0049.npy,8.995879,-5.4012737,-2.7250717,-5.408962,0.9999908,5.589744e-07,8.121788e-06,5.546937e-07,N,N
CF02_Gujarati_N_0013.npy,8.638602,-4.9566045,-2.0529482,-6.906489,0.9999758,1.2464246e-06,2.2735696e-05,1.7735441e-07,N,N
CM27_Gujarati_N_0022.npy,8.629268,-4.295117,-3.1281023,-5.869373,0.99998915,2.4378458e-06,7.83131e-06,5.0502854e-07,N,N
CM30_English_N_0034.npy,6.573601,-1.3059727,-3.2657924,-6.429949,0.99956626,0.00037823035,5.3286505e-05,2.2513436e-06,N,N
CM35_English_N_0040.npy,8.162742,-4.136461,-2.7835696,-6.282715,0.99997723,4.5552747e-06,1.7622506e-05,5.3260845e-07,N,N
CM35_English_N_0010.npy,8.95378,-5.1641307,-3.119781,-5.9145007,0.9999932,7.3903755e-07,5.7084244e-06,3.4896743e-07,N,N
CF02_English_N_0033.npy,7.652581,-3.9331954,-2.0085998,-6.3330154,0.9999262,9.296709e-06,6.370457e-05,8.435299e-07,N,N
CF02_Gujarati_N_0025.npy,9.071912,-4.927321,-2.6303768,-6.644075,0.9999908,8.3215895e-07,8.274783e-06,1.4949612e-07,N,N
CF14_Hindi_N_0049.npy,8.137037,-4.540999,-2.5560162,-5.5077252,0.99997306,3.1187985e-06,2.2701486e-05,1.1861604e-06,N,N
CF18_English_N_0019.npy,9.62824,-5.635219,-3.1559734,-6.4213085,0.9999968,2.3505143e-07,2.8046936e-06,1.070947e-07,N,N
CF14_Gujarati_N_0017.npy,8.818654,-5.542836,-1.5216987,-6.9602304,0.999967,5.792549e-07,3.2301854e-05,1.4037929e-07,N,N
CF14_Gujarati_N_0031.npy,8.782862,-4.865623,-2.5227752,-6.4452085,0.9999863,1.181768e-06,1.2303201e-05,2.435158e-07,N,N
CF09_English_N_0027.npy,10.357755,-6.1058016,-3.0681233,-6.6629195,0.99999845,7.078932e-08,1.4764352e-06,4.055222e-08,N,N
CF14_Hindi_N_0132.npy,9.027403,-6.203403,-1.3420126,-6.768813,0.9999683,2.4284606e-07,3.137664e-05,1.3796749e-07,N,N
CF14_Gujarati_N_0004.npy,9.571338,-6.031638,-2.5710437,-6.1144633,0.9999943,1.6738295e-07,5.3287845e-06,1.5407811e-07,N,N
CM27_Gujarati_N_0047.npy,8.326373,-4.360764,-2.882152,-5.740523,0.9999826,3.09057e-06,1.3557887e-05,7.7770864e-07,N,N
CF04_English_N_0115.npy,9.462528,-6.151234,-2.441116,-6.082164,0.99999285,1.6558701e-07,6.765654e-06,1.7742832e-07,N,N
CM05_Hindi_N_0008.npy,6.7197027,-2.5322645,-2.1600168,-6.4569907,0.99976295,9.59e-05,0.00013915017,1.8937908e-06,N,N
CM30_Gujarati_N_0044.npy,3.3269467,1.2076848,-2.5173361,-6.615998,0.8904206,0.10695755,0.0025790236,4.279857e-05,N,N
CF04_English_N_0051.npy,10.153148,-6.0208993,-2.9923146,-6.584759,0.999998,9.4558274e-08,1.9543281e-06,5.3804463e-08,N,N
CM30_English_N_0023.npy,2.217572,1.8825392,-2.3506253,-6.254511,0.57940763,0.41445878,0.0060123093,0.00012122866,N,N
CM38_English_N_0074.npy,8.774792,-5.5517874,-2.6597235,-5.5768476,0.99998796,5.9984706e-07,1.0815535e-05,5.850018e-07,N,N
CM38_English_N_0102.npy,8.227808,-3.8336952,-2.6682994,-6.9696136,0.99997544,5.7775665e-06,1.8529765e-05,2.5109196e-07,N,N
CM24_Gujarati_N_0008.npy,8.930503,-4.755218,-2.9681685,-6.5694275,0.9999919,1.1385802e-06,6.799379e-06,1.8555055e-07,N,N
CF02_English_N_0046.npy,7.875943,-3.4273973,-3.0050614,-5.755266,0.9999676,1.2331256e-05,1.8811603e-05,1.2023388e-06,N,N
CF02_English_N_0042.npy,7.6394205,-3.7162468,-1.6809468,-7.4631505,0.99989855,1.1701793e-05,8.957187e-05,2.7605302e-07,N,N
CM05_Hindi_N_0048.npy,6.934843,-4.228508,-1.2322443,-6.0474067,0.99969983,1.41803785e-05,0.00028375827,2.300117e-06,N,N
CM24_Gujarati_N_0002.npy,8.150206,-4.8834157,-2.467014,-5.6173835,0.99997234,2.185538e-06,2.4489955e-05,1.0490588e-06,N,N
CM35_English_N_0009.npy,8.493246,-5.1328335,-1.7726322,-7.2927575,0.9999639,1.208518e-06,3.4799246e-05,1.3938315e-07,N,N
CF04_Hindi_N_0082.npy,10.799033,-6.3870344,-4.220847,-5.328275,0.9999995,3.437047e-08,2.998808e-07,9.908295e-08,N,N
CM38_English_N_0033.npy,8.623409,-4.0201273,-3.1509879,-6.5733557,0.9999888,3.228323e-06,7.699093e-06,2.5126036e-07,N,N
CF02_Gujarati_N_0068.npy,8.493665,-4.9221735,-2.2074995,-5.9654765,0.99997544,1.4912994e-06,2.2518152e-05,5.2536876e-07,N,N
CM35_English_N_0017.npy,7.0145583,-4.2335806,-0.97698087,-7.0044775,0.999648,1.3026946e-05,0.00033819393,8.155628e-07,N,N
CF14_English_N_0016.npy,9.155342,-5.722336,-1.55451,-7.2527194,0.99997723,3.4569786e-07,2.2323404e-05,7.482717e-08,N,N
CF04_English_N_0077.npy,10.692168,-6.293332,-3.218694,-6.893197,0.9999989,4.2003983e-08,9.0905246e-07,2.3055387e-08,N,N
CF04_English_N_0018.npy,9.735784,-5.6970387,-3.1562655,-5.7231073,0.99999714,1.9843087e-07,2.5179847e-06,1.9332488e-07,N,N
CM03_English_N_0035.npy,8.078904,-3.404809,-3.1006312,-6.537087,0.9999753,1.02961785e-05,1.3956578e-05,4.491018e-07,N,N
CM16_Hindi_N_0011.npy,8.724166,-4.6315546,-2.8931613,-6.415425,0.99998903,1.5837242e-06,9.008538e-06,2.660445e-07,N,N
CM05_English_N_0092.npy,6.7949524,-2.5265915,-1.8712306,-7.5534062,0.9997378,8.945222e-05,0.00017227032,5.8677733e-07,N,N
CF14_Hindi_N_0025.npy,8.910343,-6.1000443,-1.5818036,-6.6424785,0.99997175,3.0273264e-07,2.7752774e-05,1.7598795e-07,N,N
CM05_Hindi_N_0103.npy,7.7726345,-4.9286227,-1.6546475,-5.7193627,0.9999151,3.0470321e-06,8.049084e-05,1.3818579e-06,N,N
CF14_English_N_0044.npy,9.059753,-5.763042,-1.5614166,-6.9571557,0.9999751,3.6519998e-07,2.4393474e-05,1.10645594e-07,N,N
CF04_Hindi_N_0027.npy,10.309789,-6.2856655,-3.0252059,-6.3128858,0.9999982,6.204183e-08,1.6169062e-06,6.037584e-08,N,N
CF04_English_N_0063.npy,10.372422,-6.4556293,-3.3926852,-5.960652,0.9999988,4.9166488e-08,1.051694e-06,8.0655745e-08,N,N
CF09_Hindi_N_0102.npy,8.972871,-5.107429,-2.6463716,-5.9821014,0.99999,7.673603e-07,8.991304e-06,3.19988e-07,N,N
CM05_English_N_0019.npy,5.071128,-1.609245,-1.1946316,-6.5353537,0.99684525,0.0012513498,0.0018942747,9.07814e-06,N,N
CF04_Hindi_N_0111.npy,10.120313,-6.105605,-3.077549,-5.9628863,0.99999785,8.977853e-08,1.8545587e-06,1.035511e-07,N,N
CM35_English_N_0058.npy,8.605459,-4.157672,-2.9748237,-6.602224,0.9999876,2.8644233e-06,9.348492e-06,2.4853156e-07,N,N
CF20_Gujarati_N_0059.npy,7.5371237,-5.355055,-0.44564196,-6.2691727,0.99965525,2.5167976e-06,0.00034117655,1.0089088e-06,N,N
CF04_English_N_0067.npy,10.210643,-6.22212,-3.0613425,-6.225525,0.9999982,7.300311e-08,1.7220642e-06,7.275484e-08,N,N
CF18_English_N_0044.npy,10.581938,-6.288551,-3.5935864,-6.1129346,0.99999917,4.712369e-08,6.976665e-07,5.6170578e-08,N,N
CF09_Hindi_N_0051.npy,9.885575,-5.882865,-3.2060301,-5.798567,0.99999774,1.4185754e-07,2.0624675e-06,1.5433436e-07,N,N
CF04_English_N_0112.npy,10.161014,-6.162552,-3.28206,-5.585022,0.99999833,8.142625e-08,1.4512651e-06,1.4507177e-07,N,N
CM16_Hindi_N_0063.npy,6.078192,-3.8057868,-0.48120287,-5.679566,0.9985267,5.0909897e-05,0.0014146549,7.816822e-06,N,N
CF04_Hindi_N_0063.npy,9.844199,-5.9053974,-3.0324087,-6.4431343,0.99999726,1.4455593e-07,2.557167e-06,8.4430496e-08,N,N
CF02_English_N_0040.npy,8.222478,-4.2188277,-1.922232,-7.1529613,0.9999565,3.951763e-06,3.9281647e-05,2.1014203e-07,N,N
CM38_English_N_0111.npy,8.626506,-4.5480223,-2.852493,-6.481313,0.9999875,1.8983212e-06,1.0344955e-05,2.7463273e-07,N,N
CF14_Gujarati_N_0051.npy,9.262816,-5.133857,-2.496991,-6.642224,0.9999914,5.59243e-07,7.81226e-06,1.2374419e-07,N,N
CF09_English_N_0003.npy,6.225725,-4.459425,0.20376055,-6.2235165,0.99755424,2.282626e-05,0.0024189705,3.9111055e-06,N,N
CF04_English_N_0061.npy,10.059279,-6.135107,-3.4983547,-5.359805,0.99999845,9.2654616e-08,1.2941765e-06,2.0117592e-07,N,N
CM03_English_N_0072.npy,8.595187,-4.197367,-3.2833233,-6.341508,0.99999,2.781376e-06,6.937837e-06,3.2589026e-07,N,N
CM30_Gujarati_N_0028.npy,1.9032592,1.1342803,-1.7271912,-5.3661017,0.6708316,0.31092116,0.017779889,0.00046727248,N,N
CM03_English_N_0077.npy,8.748525,-4.27495,-3.372205,-5.9656425,0.9999919,2.2078689e-06,5.44541e-06,4.0711313e-07,N,N
CF09_Hindi_N_0173.npy,7.5258303,-4.214938,-2.0408514,-5.477535,0.9999198,7.961855e-06,7.0017726e-05,2.2525564e-06,N,N
CM05_Hindi_N_0127.npy,7.2331643,-4.1778107,-1.2708095,-6.349752,0.9997851,1.10709125e-05,0.00020261784,1.2615983e-06,N,N
CF14_Hindi_N_0063.npy,8.929546,-6.1194944,-1.2769451,-6.810131,0.99996257,2.912516e-07,3.6928428e-05,1.4599188e-07,N,N
CF09_Hindi_N_0146.npy,7.3799925,-4.075719,-1.7570524,-5.636605,0.9998796,1.058755e-05,0.00010759189,2.222855e-06,N,N
CF04_Hindi_N_0109.npy,10.281985,-5.9471307,-3.5969732,-6.024988,0.9999989,8.949192e-08,9.385218e-07,8.2788745e-08,N,N
CM05_English_N_0045.npy,7.1179996,-3.9409645,-1.1919903,-6.5140615,0.9997371,1.5741236e-05,0.00024598182,1.2010386e-06,N,N
CF09_English_N_0049.npy,9.991073,-6.3334904,-2.6028724,-6.7317834,0.99999654,8.134508e-08,3.3924844e-06,5.4620315e-08,N,N
CF04_Hindi_N_0019.npy,10.920247,-6.198856,-4.1947813,-5.6884327,0.99999964,3.675091e-08,2.7266313e-07,6.1226785e-08,N,N
CM16_Hindi_N_0067.npy,7.0020285,-4.303411,-0.5211268,-7.2999845,0.99944705,1.2299006e-05,0.0005401259,6.144327e-07,N,N
CM05_Hindi_N_0018.npy,7.3573403,-3.1973405,-2.490173,-5.9375386,0.9999193,2.6069056e-05,5.287426e-05,1.6829546e-06,N,N
CF14_Hindi_N_0101.npy,9.073147,-5.789024,-1.7728758,-6.856321,0.9999801,3.511013e-07,1.9481555e-05,1.207567e-07,N,N
CM30_English_N_0007.npy,5.1281643,-1.1738406,-2.435644,-5.060232,0.9976165,0.001828259,0.00051765854,3.751451e-05,N,N
CM24_Gujarati_N_0054.npy,7.8311777,-4.5360475,-1.1291325,-7.365524,0.9998671,4.2552433e-06,0.00012838938,2.5124584e-07,N,N
CF20_Gujarati_N_0015.npy,8.231088,-5.1919336,-1.4448342,-5.966736,0.99993503,1.4805659e-06,6.277288e-05,6.8223716e-07,N,N
CM35_English_N_0001.npy,7.9458694,-4.235225,-2.536198,-5.861961,0.9999659,5.126286e-06,2.8033757e-05,1.007675e-06,N,N
CF04_English_N_0056.npy,9.560101,-5.9155254,-2.5662608,-6.460707,0.9999943,1.9011594e-07,5.414838e-06,1.1021718e-07,N,N
CM03_English_N_0039.npy,8.0158205,-3.8368866,-2.8731554,-6.38769,0.99997365,7.1190716e-06,1.8662351e-05,5.554222e-07,N,N
CM30_Gujarati_N_0067.npy,6.921442,-2.6121962,-2.5591137,-6.3920846,0.9998497,7.2364965e-05,7.631005e-05,1.6517481e-06,N,N
CM03_English_N_0019.npy,6.1425047,-1.7657274,-2.018193,-7.4050894,0.99934584,0.0003674635,0.00028547607,1.3063828e-06,N,N
CF02_English_N_0072.npy,9.482612,-5.6780586,-2.9283738,-6.0828576,0.99999547,2.604969e-07,4.073571e-06,1.7378026e-07,N,N
CF04_English_N_0114.npy,10.091567,-6.1853123,-3.193682,-6.4440913,0.9999982,8.531803e-08,1.6993741e-06,6.586493e-08,N,N
CF14_English_N_0013.npy,8.6762085,-5.660775,-1.0719801,-7.001626,0.9999409,5.936103e-07,5.839688e-05,1.5530209e-07,N,N
CF09_English_N_0019.npy,9.562882,-6.0721803,-2.538654,-6.147269,0.99999404,1.620973e-07,5.550943e-06,1.5037139e-07,N,N
CF14_Hindi_N_0074.npy,9.268849,-5.266005,-2.370951,-6.748135,0.9999906,4.870669e-07,8.808358e-06,1.10638865e-07,N,N
CF04_English_N_0064.npy,9.604243,-5.9824247,-3.0092165,-5.968674,0.9999963,1.7013534e-07,3.3269212e-06,1.7249086e-07,N,N
CF02_English_N_0064.npy,9.648885,-5.62227,-2.711925,-6.814223,0.99999535,2.3324907e-07,4.283184e-06,7.082083e-08,N,N
CF14_Hindi_N_0070.npy,8.884282,-5.5533504,-1.5435326,-6.829927,0.9999697,5.3678787e-07,2.9596787e-05,1.4975895e-07,N,N
CF18_English_N_0017.npy,9.285734,-5.42277,-3.2523863,-6.035583,0.9999958,4.0942672e-07,3.5872508e-06,2.2183725e-07,N,N
CM30_English_N_0020.npy,5.38581,-1.7792648,-1.6620939,-6.1598134,0.9983506,0.00077184604,0.00086779526,9.662342e-06,N,N
CM27_Gujarati_N_0010.npy,8.467401,-4.3053617,-3.0531116,-6.088676,0.99998677,2.8369657e-06,9.924294e-06,4.768379e-07,N,N
CM38_English_N_0089.npy,7.213558,-4.0696306,-1.4901371,-6.1339645,0.99981993,1.2580419e-05,0.00016594147,1.5964905e-06,N,N
CM35_English_N_0012.npy,8.024999,-3.6111462,-2.8180075,-6.2426763,0.99997103,8.840442e-06,1.9540232e-05,6.362308e-07,N,N
CF09_Hindi_N_0036.npy,9.699173,-5.801503,-3.4031355,-5.72896,0.9999976,1.854133e-07,2.0405103e-06,1.9936364e-07,N,N
CM30_Gujarati_N_0025.npy,5.6361265,-1.3402436,-2.1329567,-6.9174895,0.998642,0.00093241857,0.00042202673,3.5273122e-06,N,N
CF09_Hindi_N_0093.npy,7.3971653,-3.995403,-1.9699014,-5.312757,0.9999002,1.1277868e-05,8.54853e-05,3.0206982e-06,N,N
CM24_Gujarati_N_0048.npy,8.351824,-5.1519146,-1.5275201,-6.743201,0.9999471,1.3657711e-06,5.1219162e-05,2.7815787e-07,N,N
CM05_English_N_0020.npy,6.3713083,-2.5229614,-1.8354406,-6.477617,0.9995876,0.00013711612,0.00027269367,2.6278694e-06,N,N
CM03_English_N_0040.npy,7.2140417,-3.4539201,-2.0118651,-6.61955,0.9998772,2.327607e-05,9.8443365e-05,9.81961e-07,N,N
CF14_Gujarati_N_0008.npy,7.3267937,-4.894708,-0.5145604,-6.6698804,0.9996013,4.921481e-06,0.00039297968,8.339667e-07,N,N
CM05_English_N_0018.npy,6.938266,-3.087839,-1.9367051,-6.18547,0.999814,4.4221873e-05,0.00013981962,1.9968863e-06,N,N
CM05_English_N_0060.npy,7.712636,-4.289939,-1.6308103,-6.9072733,0.99990594,6.127836e-06,8.752897e-05,4.4731476e-07,N,N
CM16_Hindi_N_0009.npy,7.6051946,-4.5857315,-1.6298227,-6.0907345,0.9998963,5.075785e-06,9.7552336e-05,1.1269087e-06,N,N
CM03_English_N_0025.npy,7.8178616,-3.7358534,-2.4239395,-6.5352964,0.9999542,9.599875e-06,3.5646946e-05,5.8409415e-07,N,N
CM05_Hindi_N_0013.npy,7.28305,-2.3209796,-3.0344727,-6.57816,0.99989855,6.7449524e-05,3.3045526e-05,9.552324e-07,N,N
CF02_Gujarati_N_0056.npy,8.827134,-4.830742,-2.5570838,-6.4388876,0.99998724,1.1707233e-06,1.1373426e-05,2.3444741e-07,N,N
CM30_Gujarati_N_0042.npy,5.5035496,-2.004413,-1.3433285,-6.954989,0.99838734,0.0005478132,0.0010610545,3.8781513e-06,N,N
CM35_English_N_0026.npy,8.478942,-4.0523586,-3.1660075,-6.3871818,0.99998724,3.6117674e-06,8.763092e-06,3.4971896e-07,N,N
CM24_Gujarati_N_0057.npy,7.0317097,-4.5134068,-0.5993147,-6.329497,0.99950385,9.678412e-06,0.00048492293,1.5742961e-06,N,N
CM05_Hindi_N_0098.npy,5.909354,-3.037706,-0.81813323,-6.9053893,0.9986714,0.00012994632,0.0011959468,2.7167548e-06,N,N
CF04_English_N_0028.npy,10.411166,-6.4132442,-2.8742995,-6.432466,0.9999982,4.9345893e-08,1.6990062e-06,4.8406417e-08,N,N
CM03_English_N_0090.npy,8.438525,-4.63513,-2.7795417,-6.185729,0.999984,2.0997943e-06,1.3429146e-05,4.454102e-07,N,N
CF02_English_N_0101.npy,8.406691,-4.6917534,-1.7397739,-7.112757,0.9999585,2.0483305e-06,3.921286e-05,1.819582e-07,N,N
CM24_Gujarati_N_0029.npy,7.0950704,-3.2158515,-1.7119572,-6.859321,0.99981624,3.3261647e-05,0.00014964996,8.7017173e-07,N,N
CF14_Gujarati_N_0042.npy,8.870795,-4.8596015,-2.2100916,-6.9104857,0.99998343,1.0888234e-06,1.5403692e-05,1.400457e-07,N,N
CF09_Hindi_N_0066.npy,9.635493,-5.6469216,-3.4207485,-5.958398,0.9999975,2.3063767e-07,2.1367073e-06,1.6891103e-07,N,N
CM35_English_N_0103.npy,7.9372654,-4.3727813,-2.3243043,-6.126271,0.9999598,4.5060606e-06,3.4949368e-05,7.8030894e-07,N,N
CF09_Hindi_N_0127.npy,9.343777,-5.390354,-2.4494836,-6.829636,0.999992,3.990661e-07,7.5552443e-06,9.4617796e-08,N,N
CF02_Gujarati_N_0027.npy,7.549791,-3.4544709,-2.4159253,-6.525376,0.9999356,1.66296e-05,4.698037e-05,7.7126714e-07,N,N
CM05_Hindi_N_0093.npy,6.5499473,-1.2790786,-3.4541132,-6.165369,0.999554,0.00039783554,4.519578e-05,3.0034082e-06,N,N
CF04_Hindi_N_0038.npy,10.270219,-6.285302,-3.415671,-5.459593,0.99999857,6.456958e-08,1.1383945e-06,1.4744464e-07,N,N
CM05_English_N_0090.npy,7.2729526,-3.9313176,-1.2360063,-7.132952,0.9997842,1.3612988e-05,0.00020161015,5.539892e-07,N,N
CM05_Hindi_N_0072.npy,7.7136936,-3.5350616,-2.1358163,-6.7037535,0.9999336,1.3022631e-05,5.276953e-05,5.477135e-07,N,N
CM16_Hindi_N_0085.npy,7.907148,-5.2023253,-0.74040824,-7.028747,0.9998221,2.0255866e-06,0.00017552408,3.2609634e-07,N,N
CM35_English_N_0013.npy,8.249122,-4.248063,-2.7980692,-6.4227376,0.99997985,3.7370842e-06,1.5931524e-05,4.2470123e-07,N,N
CM38_English_N_0068.npy,8.737048,-4.6135144,-3.0724638,-6.3878746,0.9999907,1.5919159e-06,7.433443e-06,2.699762e-07,N,N
CM38_English_N_0083.npy,8.3348055,-4.862927,-2.6147563,-5.787032,0.99997985,1.854764e-06,1.7565351e-05,7.3613097e-07,N,N
CM38_English_N_0030.npy,7.1539803,-3.3092582,-2.2639582,-6.4240394,0.9998889,2.8564386e-05,8.124435e-05,1.267922e-06,N,N
CF14_English_N_0036.npy,8.763867,-5.5056143,-2.0269375,-6.6118245,0.99997854,6.350875e-07,2.0587504e-05,2.1009336e-07,N,N
CF09_English_N_0028.npy,9.809117,-6.13041,-2.589646,-6.6873817,0.9999956,1.1954991e-07,4.123666e-06,6.8495176e-08,N,N
M22_Hindi_H_0004.npy,-2.1877646,-1.9079719,4.058563,-3.2000825,0.001927524,0.002549836,0.99482226,0.0007004153,M,H
M22_Hindi_H_0035.npy,-3.8176746,-1.6190377,4.8325453,-3.1214797,0.00017472067,0.0015747086,0.9979,0.00035050788,M,H
M22_Hindi_H_0028.npy,-3.9935827,-0.9824197,5.358005,-5.2347383,8.666496e-05,0.0017602523,0.9981281,2.5050507e-05,M,H
M22_Hindi_H_0026.npy,-2.2160113,-1.0992949,3.6246822,-3.8732903,0.0028713911,0.008771544,0.98780966,0.0005474509,M,H
M22_Hindi_H_0001.npy,-3.3510797,1.5305889,2.3911622,-3.809383,0.0022459526,0.29612994,0.7002039,0.0014202405,M,H
M22_Hindi_H_0025.npy,-3.9582982,-0.38091117,4.71588,-4.929292,0.00016986439,0.0060777343,0.99368805,6.432874e-05,M,H
M22_Hindi_H_0046.npy,1.9601974,-1.448721,0.549584,-3.7648506,0.7810464,0.025834642,0.19057028,0.0025487079,N,H
M22_Hindi_H_0039.npy,0.13366774,-1.5943305,2.1029723,-3.5135224,0.119482934,0.021224907,0.85617787,0.0031142347,M,H
M22_Hindi_H_0059.npy,-1.9282408,1.5713824,0.36921123,-1.7610694,0.022107394,0.7318206,0.21994205,0.026129985,L,H
M22_Hindi_H_0056.npy,-1.1549959,0.77608776,0.5469387,-2.5926554,0.073426776,0.506423,0.40271264,0.017437603,L,H
M22_Hindi_H_0024.npy,-4.1571445,0.5122194,3.4679065,-2.7474368,0.00046283234,0.04935177,0.9482903,0.0018951864,M,H
M22_Hindi_H_0009.npy,-3.5940833,0.43144256,2.9164653,-2.4012275,0.0013651852,0.07646369,0.91767085,0.004500309,M,H
M22_Hindi_H_0005.npy,-1.8902845,-1.6510204,3.8798087,-3.8955872,0.0030962394,0.0039331955,0.9925538,0.0004168142,M,H
M22_Hindi_H_0029.npy,-1.8556862,-0.976354,3.4344304,-4.6094627,0.004954433,0.011936665,0.98279345,0.0003155324,M,H
M22_Hindi_H_0041.npy,-0.9092603,1.1594957,0.33077964,-2.9356377,0.07998378,0.6330693,0.27640408,0.010542836,L,H
M22_Hindi_H_0047.npy,0.21398148,-0.3006503,1.3550252,-4.87379,0.21124116,0.12626322,0.66119194,0.0013037297,M,H
M22_Hindi_H_0043.npy,-1.6296086,1.8569605,0.42619625,-2.6876316,0.023904044,0.7810326,0.18676528,0.008298087,L,H
M22_Hindi_H_0016.npy,-2.7471113,-0.8995285,4.2274933,-5.0303164,0.0009288667,0.005893162,0.99308324,9.4704366e-05,M,H
M22_Hindi_H_0027.npy,-2.891743,-0.24205111,3.5472705,-3.980713,0.0015593923,0.0220649,0.9758508,0.0005248337,M,H
M22_Hindi_H_0055.npy,0.58840334,-0.98273146,1.020354,-3.1820009,0.36086607,0.07499129,0.55582726,0.008315346,M,H
M22_Hindi_H_0011.npy,-4.427473,0.61767215,3.552124,-2.9710133,0.00032453713,0.050389864,0.94789314,0.0013925056,M,H
M22_Hindi_H_0006.npy,-1.7914517,-1.74272,4.050878,-4.5753675,0.0028843964,0.0030284398,0.993909,0.00017824437,M,H
M22_Hindi_H_0057.npy,-0.18461311,1.1504971,0.12728219,-3.9599714,0.16156772,0.61402434,0.22070338,0.003704566,L,H
M22_Hindi_H_0030.npy,1.6827848,-2.0354698,1.8441154,-5.6205797,0.4545407,0.011034567,0.5341187,0.00030602852,M,H
M22_Hindi_H_0051.npy,-0.8864618,-0.009998724,1.7665572,-4.011786,0.05667924,0.1361655,0.80466574,0.0024895046,M,H
M22_Hindi_H_0044.npy,-1.6035168,-0.68523765,1.5408697,-0.34734255,0.033088073,0.082884826,0.7678231,0.11620399,M,H
M22_Hindi_H_0008.npy,-3.327712,-0.30729437,3.9044316,-3.9118104,0.0007116215,0.014588128,0.9843035,0.0003968059,M,H
M22_Hindi_H_0031.npy,-2.0179615,0.38232076,2.4830654,-4.3313775,0.009781402,0.10785256,0.8813985,0.0009676036,M,H
M22_Hindi_H_0012.npy,-2.6542196,0.6218195,2.3821552,-2.9220498,0.005490076,0.1453263,0.8449836,0.0042001163,M,H
M22_Hindi_H_0054.npy,4.219708,-2.815332,0.11789087,-5.02266,0.9827818,0.00086532277,0.016257754,9.518046e-05,N,H
M22_Hindi_H_0022.npy,-2.6172762,-1.5669719,4.1641607,-3.4461458,0.0011291406,0.0032276723,0.99515027,0.0004929177,M,H
M22_Hindi_H_0050.npy,-0.8732189,0.4724946,1.5564141,-4.083413,0.061591562,0.23656864,0.69935465,0.0024851442,M,H
M22_Hindi_H_0032.npy,-1.1082731,-2.3041403,4.124286,-4.8857527,0.005302318,0.0016036406,0.99297273,0.0001213186,M,H
M22_Hindi_H_0019.npy,-1.8057172,0.99170554,1.4242456,-3.2845836,0.02330517,0.38225883,0.5891248,0.005311154,M,H
M22_Hindi_H_0037.npy,-1.276886,1.3302778,0.42134407,-2.494248,0.04921062,0.66732246,0.26890004,0.014566838,L,H
M22_Hindi_H_0045.npy,3.9027803,-1.7110339,-0.6692669,-4.550969,0.98600173,0.003596078,0.0101920795,0.00021011685,N,H
M22_Hindi_H_0002.npy,-1.1876001,1.1318319,0.19731607,-2.107969,0.06425595,0.6534764,0.25666985,0.02559778,L,H
M22_Hindi_H_0042.npy,-1.3098178,1.67666,0.5516837,-3.55194,0.036555868,0.7243825,0.23517817,0.0038834328,L,H
M22_Hindi_H_0052.npy,-0.9183497,-1.5036274,2.3484242,-2.3079329,0.035672594,0.01986789,0.93557066,0.00888887,M,H
M22_Hindi_H_0053.npy,-1.1711243,-0.3733589,2.1214335,-3.6783125,0.03309759,0.07349562,0.89070946,0.0026973567,M,H
M22_Hindi_H_0015.npy,-3.0256004,0.8064288,2.8027036,-3.9877563,0.0025818432,0.11916786,0.8772639,0.0009864409,M,H
M22_Hindi_H_0017.npy,-1.2111284,-1.3362142,3.162122,-4.179074,0.012309995,0.0108626,0.97619456,0.00063284225,M,H
M22_Hindi_H_0038.npy,-4.208466,0.4056853,2.5001745,-0.02025681,0.0010129015,0.10220397,0.8300281,0.06675494,M,H
M22_Hindi_H_0003.npy,-3.6350594,3.0227187,1.0399675,-3.1914315,0.0011253504,0.8764435,0.120677434,0.0017536894,L,H
M22_Hindi_H_0040.npy,-1.7226961,0.05588536,1.9295695,-2.7246742,0.021809999,0.12914681,0.8410356,0.008007596,M,H
M22_Hindi_H_0023.npy,-3.5090356,-0.12194942,3.6889918,-3.6565785,0.0007308692,0.02161885,0.97701967,0.0006306124,M,H
M22_Hindi_H_0010.npy,-4.469157,-0.7726786,4.807933,-3.5295146,9.316068e-05,0.0037548535,0.99591357,0.00023840443,M,H
M22_Hindi_H_0048.npy,-2.5042405,1.3654388,1.51486,-2.6419806,0.009483223,0.45450264,0.52775115,0.0082629705,M,H
M22_Hindi_H_0036.npy,-4.8865366,2.7099054,2.0949376,-2.402112,0.00032461228,0.64633536,0.34944656,0.0038934702,L,H
M22_Hindi_H_0007.npy,-2.204352,-1.0695134,3.6855934,-3.8241813,0.0027345265,0.00850621,0.9882181,0.0005412515,M,H
M22_Hindi_H_0018.npy,-2.0940568,-1.5581181,3.942813,-3.936752,0.0023727703,0.0040551894,0.9931961,0.00037582297,M,H
M22_Hindi_H_0049.npy,-2.6923313,3.1076124,0.14317776,-3.1124616,0.0028655175,0.9464261,0.048825774,0.0018825349,L,H
M22_Hindi_H_0014.npy,-3.579311,1.7697881,2.1224005,-3.1511905,0.0019518577,0.41070732,0.584346,0.0029948743,M,H
M22_Hindi_H_0021.npy,-1.9443265,-0.93859243,3.2256482,-3.7902,0.0055616666,0.015205114,0.97835505,0.00087811693,M,H
M22_Hindi_H_0013.npy,-3.1370957,1.7936944,1.7442629,-3.0910585,0.0036718054,0.5085042,0.48397923,0.0038447964,L,H
M22_Hindi_H_0058.npy,-2.3123517,0.48065752,1.6987511,-1.6778178,0.013436538,0.21941979,0.7418005,0.025343226,M,H
M22_Hindi_H_0020.npy,-0.98303294,-2.0567608,3.7485347,-4.772883,0.008707949,0.002975786,0.98811954,0.0001967908,M,H
M22_Hindi_H_0034.npy,-1.7587253,-2.4069636,4.4626656,-4.5225863,0.0019802416,0.0010355997,0.9968593,0.00012484995,M,H
M22_Hindi_H_0033.npy,-2.2948837,-2.0950348,4.540248,-4.123439,0.0010725787,0.0013098529,0.99744534,0.00017230494,M,H
M04_English_M_0046.npy,-4.698741,2.6757658,1.8021692,-2.168742,0.00043973315,0.7012888,0.29275125,0.005520189,L,M
M04_English_M_0054.npy,-3.3966699,2.58239,1.3174796,-3.3403168,0.001966024,0.7767149,0.21923909,0.0020799977,L,M
F04_English_M_0018.npy,7.781693,-5.748564,-0.03591623,-6.5937724,0.9995957,1.3295623e-06,0.00040242018,5.710039e-07,N,M
M17_English_M_0059.npy,-4.4199467,-1.0123762,5.041483,-3.7927516,7.7595694e-05,0.0023427536,0.9974343,0.00014528645,M,M
M30_Hindi_M_0050.npy,-3.7081573,-0.22655986,3.3952892,-2.5442502,0.0007981703,0.025949808,0.97069585,0.0025560774,M,M
M30_Hindi_M_0069.npy,-4.4297695,2.1402524,2.1856654,-2.4588733,0.0006811564,0.48592696,0.50850314,0.0048887297,M,M
M32_Marathi_M_0005.npy,-4.7561154,3.1119938,-0.13930841,0.9528926,0.00033152505,0.86614937,0.03354055,0.099978596,L,M
F04_Hindi_M_0065.npy,-1.6783125,-3.307398,4.9392686,-4.571384,0.0013344277,0.00026169303,0.99832994,7.3935014e-05,M,M
M17_English_M_0074.npy,-3.3955798,1.1650367,2.9133215,-4.437167,0.0015469426,0.14795336,0.8499537,0.0005459069,M,M
F04_Hindi_M_0115.npy,-3.6799016,-1.5245112,5.105479,-3.975309,0.0001527106,0.0013180847,0.9984156,0.00011365156,M,M
M17_English_M_0055.npy,-4.6574125,-1.5225673,5.9275765,-4.1928077,2.5276484e-05,0.00058098225,0.9993536,4.022464e-05,M,M
M30_Hindi_M_0084.npy,-4.0834107,0.990285,2.9538782,-2.9181168,0.00076789135,0.1226811,0.87408847,0.0024625235,M,M
M17_Hindi_M_0007.npy,-4.3626714,-1.2103809,5.303548,-3.8206902,6.3284286e-05,0.0014801932,0.99834764,0.0001088117,M,M
M17_English_M_0034.npy,-4.1030045,0.8078453,4.0782833,-5.779489,0.00026951308,0.036587678,0.9630925,5.0407092e-05,M,M
M04_English_M_0039.npy,-5.865122,2.1935446,1.1636862,2.0607321,0.00014166952,0.4478274,0.15990013,0.3921308,L,M
M17_English_M_0096.npy,-4.453519,2.0430233,3.3097134,-5.0768747,0.0003314685,0.21971247,0.7797783,0.00017771425,M,M
F04_Hindi_M_0026.npy,-3.1647267,-2.9940424,5.6940618,-3.354026,0.0001420663,0.00016850706,0.99957186,0.000117565345,M,M
M30_Hindi_M_0018.npy,-4.0817137,-0.14359139,4.397826,-4.561996,0.0002054158,0.010542379,0.98912513,0.00012707207,M,M
F04_Hindi_M_0046.npy,-5.2210674,-1.503059,5.996423,-3.1718016,1.3428098e-05,0.00055299996,0.9993293,0.000104231585,M,M
M30_Hindi_M_0052.npy,-3.9120374,3.03079,0.8263553,-2.3631172,0.00086531317,0.8961998,0.09886236,0.0040724953,L,M
M04_English_M_0002.npy,-3.746746,-0.9248476,4.0704737,-2.2653086,0.00039916966,0.006709536,0.99113524,0.0017560535,M,M
M04_English_M_0045.npy,-4.9337835,2.930539,2.0501285,-2.7890952,0.0002708986,0.7050805,0.29233533,0.0023133066,L,M
M17_English_M_0006.npy,-2.0921042,-1.71136,4.059948,-4.162495,0.0021174343,0.0030985961,0.9945169,0.00026708574,M,M
M17_English_M_0010.npy,-1.5596213,-0.8643518,3.068821,-4.3076544,0.009485614,0.019011535,0.9708953,0.0006075889,M,M
F04_Hindi_M_0059.npy,-4.80922,-0.8413858,5.7405734,-4.818794,2.6161297e-05,0.0013831449,0.9985648,2.5912024e-05,M,M
M17_English_M_0001.npy,5.114718,-3.7468393,0.31155753,-5.517957,0.9916999,0.00014055781,0.008135685,2.3914876e-05,N,M
M32_Marathi_M_0002.npy,-4.567086,2.1115804,0.8965568,0.6231428,0.00082527107,0.6563034,0.19472721,0.14814411,L,M
M30_English_M_0044.npy,-4.465635,1.0923792,2.462545,-0.8772395,0.0007592336,0.19687484,0.77489996,0.027466018,M,M
F04_Hindi_M_0035.npy,-0.063106544,-3.1421082,4.116682,-5.851855,0.015059992,0.0006928376,0.98420113,4.611089e-05,M,M
M30_Hindi_M_0098.npy,-1.7788007,0.15748318,2.2343042,-4.2684336,0.015789248,0.10946589,0.8734353,0.0013095663,M,M
M30_English_M_0034.npy,-3.4966016,-1.8132089,4.5633135,-2.2929852,0.00031498654,0.0016958223,0.99693966,0.0010495818,M,M
M30_Hindi_M_0093.npy,-4.9068613,1.6882348,2.458243,-1.3309113,0.00042587478,0.3115271,0.6728311,0.0152158905,M,M
F04_English_M_0008.npy,7.631589,-5.122923,-1.2745111,-5.530396,0.9998597,2.8888496e-06,0.00013554044,1.9220356e-06,N,M
M30_English_M_0003.npy,-2.9865098,-1.1783257,3.5658062,-2.3158412,0.001408609,0.008591612,0.98724514,0.0027545972,M,M
M04_English_M_0036.npy,-4.5806723,3.1154363,1.1718568,-1.9701537,0.0003953563,0.8696935,0.12453183,0.0053792614,L,M
F04_Hindi_M_0051.npy,0.28229505,-2.70663,3.0180929,-4.8281765,0.060685445,0.0030549977,0.9358935,0.0003661296,M,M
F04_Hindi_M_0037.npy,3.9841318,-5.5946813,2.8259194,-6.5856185,0.7609528,5.2641935e-05,0.23897499,1.954221e-05,N,M
F04_Hindi_M_0075.npy,-2.6211157,-2.1289084,4.7226768,-3.980425,0.0006453866,0.0010558027,0.9981331,0.0001657598,M,M
M04_English_M_0023.npy,-4.085019,3.0657735,1.3505003,-3.0650454,0.0006629975,0.8453988,0.15209955,0.0018385727,L,M
M17_English_M_0064.npy,-3.0052314,-0.53182703,3.5786202,-3.5626047,0.0013573024,0.016101358,0.981764,0.00077734276,M,M
M30_Hindi_M_0066.npy,-4.001325,2.6042006,1.1740096,-2.099462,0.0010825759,0.80020607,0.19145986,0.007251486,L,M
M17_English_M_0083.npy,-3.8059883,2.5385816,2.5519273,-5.798405,0.0008714055,0.4961718,0.50283796,0.00011882965,M,M
M30_English_M_0023.npy,-3.109696,-2.4451075,5.07877,-3.3626525,0.00027755284,0.0005394768,0.9989674,0.00021552027,M,M
F04_Hindi_M_0085.npy,-4.480933,-1.389535,5.3997164,-3.5361104,5.1088187e-05,0.0011243401,0.99869317,0.00013141702,M,M
M30_Hindi_M_0086.npy,-3.2492166,0.37115484,2.7733474,-3.26693,0.0022125407,0.08264157,0.9129722,0.0021736939,M,M
F04_Hindi_M_0055.npy,-3.8920255,-1.2461534,5.217602,-4.560417,0.0001104054,0.0015562442,0.9982767,5.6586294e-05,M,M
M30_Hindi_M_0003.npy,-2.0219288,0.63184804,1.3565052,-2.4786036,0.02214065,0.31456542,0.64927036,0.014023583,M,M
M17_Hindi_M_0003.npy,-4.8347683,0.23879065,4.618881,-4.7256675,7.742044e-05,0.012367281,0.98746896,8.6345026e-05,M,M
M17_English_M_0097.npy,-4.6529884,-1.1759369,5.4714775,-3.6978025,4.0028994e-05,0.0012955047,0.9985605,0.00010404151,M,M
M17_English_M_0047.npy,-4.2528024,-1.6768954,5.44879,-3.1587195,6.112193e-05,0.0008033394,0.998953,0.0001825371,M,M
M30_Hindi_M_0049.npy,-3.4421113,-0.83694917,3.637082,-2.1383832,0.0008297195,0.011228936,0.9848856,0.0030558582,M,M
M30_English_M_0072.npy,-2.828824,1.3991212,1.9138354,-3.490929,0.005410351,0.3710212,0.620778,0.002790468,M,M
F04_English_M_0010.npy,0.4076708,-3.9456534,4.0496497,-4.382602,0.02551771,0.0003282593,0.973942,0.000212057,M,M
M32_Marathi_M_0004.npy,-4.3668404,2.8510976,0.25784424,-0.09316113,0.00065001333,0.8864064,0.06628225,0.04666138,L,M
F04_Hindi_M_0016.npy,-3.601071,-1.6189327,5.4629703,-4.9145417,0.0001156401,0.00083934434,0.9990139,3.109391e-05,M,M
F04_Hindi_M_0079.npy,-3.8444312,0.19404317,3.2465215,-2.5106869,0.00079202495,0.044939276,0.9512629,0.0030059156,M,M
M17_English_M_0050.npy,-3.2836738,-0.3869353,4.0098615,-3.8760834,0.0006709477,0.012154197,0.9868038,0.00037102954,M,M
F04_English_M_0017.npy,7.5640826,-5.6079288,0.0010786448,-6.590297,0.9994784,1.902136e-06,0.00051904196,7.1220387e-07,N,M
F04_Hindi_M_0013.npy,-3.0985637,-1.5835748,4.566046,-4.03375,0.00046783566,0.0021283578,0.9972203,0.00018363143,M,M
F04_Hindi_M_0107.npy,-4.449888,-2.2573702,6.003788,-3.2089727,2.8830893e-05,0.0002582597,0.9996132,9.971965e-05,M,M
M17_English_M_0057.npy,-4.849238,-0.54769933,5.1950397,-4.050044,4.328876e-05,0.003195283,0.9966652,9.6263226e-05,M,M
M30_English_M_0058.npy,-4.4775853,-0.9864111,5.17219,-3.9441242,6.4292835e-05,0.0021103781,0.9977157,0.00010960793,M,M
M30_Hindi_M_0039.npy,-3.0622375,1.6618328,1.3112793,-2.1996424,0.0051198765,0.57663006,0.4061195,0.012130534,L,M
M17_English_M_0026.npy,1.2509811,-1.5479009,2.1893694,-6.217568,0.27644867,0.016829668,0.70656383,0.00015778467,M,M
M17_English_M_0068.npy,-3.0020318,-1.6719043,4.675746,-3.91213,0.00046189406,0.0017466636,0.99760556,0.00018590521,M,M
F04_Hindi_M_0012.npy,-2.9015145,-2.971164,5.640946,-3.7440028,0.00019492004,0.0001818059,0.9995394,8.393989e-05,M,M
M04_English_M_0021.npy,-4.718118,3.7513816,1.1398005,-3.1630988,0.00019520348,0.93056023,0.068320215,0.0009243232,L,M
F04_Hindi_M_0098.npy,-3.6407924,-2.202825,5.654807,-4.171815,9.177859e-05,0.00038658275,0.9994677,5.39661e-05,M,M
M17_English_M_0013.npy,-4.207493,1.5112271,3.307416,-4.734068,0.0004670048,0.14220992,0.85704726,0.0002758244,M,M
M30_English_M_0014.npy,-3.5203452,-0.58429086,4.0939064,-3.4951897,0.00048834225,0.009201029,0.98980975,0.00050078257,M,M
M17_English_M_0103.npy,-1.2917888,-1.0123187,3.3152018,-4.9617534,0.00975323,0.012897956,0.97710025,0.00024848685,M,M
M30_English_M_0030.npy,-1.3290033,-2.8209426,4.4309845,-4.803126,0.003138728,0.0007060128,0.996058,9.726614e-05,M,M
M04_English_M_0037.npy,-4.255021,3.14156,1.2776138,-2.8469377,0.0005295774,0.8634234,0.13388202,0.002164972,L,M
M17_English_M_0098.npy,-2.7148404,-0.21465622,2.9719896,-2.6571443,0.0032341396,0.039407145,0.9539325,0.003426224,M,M
M17_English_M_0066.npy,-4.052578,2.7041621,2.00039,-4.210429,0.0007769632,0.6680599,0.3304997,0.0006635086,L,M
M17_English_M_0014.npy,-2.336336,-1.3344027,4.4420857,-5.17321,0.0011331924,0.0030862966,0.99571407,6.64148e-05,M,M
M04_English_M_0052.npy,-3.8478758,1.3650202,1.8218135,-0.84419876,0.0020213088,0.37116292,0.5860672,0.040748622,M,M
M30_Hindi_M_0057.npy,-3.7048583,0.28558934,2.592516,-1.4008871,0.0016440963,0.088911235,0.8929809,0.016463771,M,M
M30_English_M_0039.npy,6.212209,-3.862261,-0.37477008,-6.5551257,0.9985789,4.208191e-05,0.0013762382,2.848389e-06,N,M
M30_Hindi_M_0047.npy,-3.2177567,1.4002953,1.4611905,-1.7966317,0.0046708235,0.47313827,0.5028454,0.019345518,M,M
F04_Hindi_M_0042.npy,-2.8720229,-2.2036126,4.8984737,-3.7646675,0.00042140612,0.0008222194,0.9985838,0.00017259574,M,M
F04_Hindi_M_0111.npy,-2.9656901,-1.7203745,4.595701,-3.893,0.00051883684,0.0018024552,0.9974734,0.00020526051,M,M
F04_Hindi_M_0022.npy,-4.113249,-2.6671603,6.1826153,-3.1487086,3.3763514e-05,0.00014337586,0.99973434,8.858134e-05,M,M
M30_Hindi_M_0011.npy,-3.9551039,-0.04091941,4.045072,-3.7762125,0.0003296212,0.016516715,0.98275936,0.0003941909,M,M
M17_English_M_0112.npy,-0.7944652,-1.0840021,3.0071943,-5.1223392,0.02148817,0.016086262,0.9621421,0.00028354864,M,M
M17_English_M_0102.npy,-1.039664,-2.3201222,3.734652,-4.3620377,0.008351202,0.0023208812,0.9890267,0.00030120387,M,M
M30_Hindi_M_0103.npy,-3.1727278,0.7149328,2.3313246,-2.253954,0.0033558365,0.16375338,0.8244803,0.008410448,M,M
F04_Hindi_M_0009.npy,-3.6330264,-2.077905,5.265784,-3.7422476,0.00013642771,0.0006460755,0.9990952,0.0001223118,M,M
F04_Hindi_M_0110.npy,-2.2297838,-1.5166278,3.7323208,-3.263289,0.0025521729,0.0052075074,0.99133235,0.0009079555,M,M
M17_English_M_0025.npy,-1.2814059,-0.6887317,2.8976953,-5.3319874,0.0146771,0.026548214,0.95851904,0.00025556117,M,M
M30_Hindi_M_0013.npy,-4.6713243,-0.42117584,5.027418,-4.1163445,6.108755e-05,0.0042832005,0.9955493,0.000106408705,M,M
M17_Hindi_M_0010.npy,-4.312368,0.6333779,3.2286603,-2.8647838,0.0004927094,0.06926292,0.928149,0.0020954085,M,M
M17_English_M_0051.npy,-1.2067201,-1.4815618,3.3680294,-4.718239,0.0101221455,0.0076897163,0.9818859,0.0003021616,M,M
M17_English_M_0078.npy,4.305101,-3.1942832,0.7952439,-6.66249,0.9704293,0.00053706,0.029016992,1.6741713e-05,N,M
M17_English_M_0011.npy,-3.5014124,-0.23017119,3.8714607,-3.9362397,0.0006172102,0.016259803,0.98272336,0.0003995675,M,M
M04_English_M_0035.npy,-4.8963566,0.67031646,3.951179,-3.2278082,0.00013840653,0.036201965,0.9629255,0.00073417235,M,M
M04_English_M_0027.npy,-5.348085,1.1904303,3.139911,-1.3385495,0.00017845971,0.123362005,0.8666227,0.009836927,M,M
M30_English_M_0025.npy,-3.4754977,-1.7510175,5.0050807,-3.7444234,0.00020714181,0.0011619836,0.99847263,0.00015829777,M,M
F04_Hindi_M_0083.npy,-3.4678497,-1.3228651,4.7291427,-3.6377037,0.0002746948,0.0023464197,0.99714714,0.00023178436,M,M
M17_English_M_0104.npy,-2.3970284,0.060412303,3.2050998,-4.6150465,0.0035237793,0.041139748,0.954953,0.00038347364,M,M
M30_Hindi_M_0097.npy,-2.515043,-0.2863915,2.2083182,-1.8244308,0.008011013,0.07440094,0.90160656,0.015981456,M,M
F04_Hindi_M_0068.npy,-4.179181,-1.0429994,4.967497,-3.6829312,0.00010628263,0.0024461816,0.9972729,0.00017457457,M,M
M30_English_M_0017.npy,-4.4326124,2.481301,1.6161585,-2.1125126,0.00069398835,0.69827545,0.29396805,0.007062505,L,M
M17_English_M_0020.npy,-5.295061,0.6467643,4.5848885,-3.9263275,5.020006e-05,0.0191076,0.9806449,0.00019730475,M,M
M30_Hindi_M_0035.npy,-3.710745,-1.0493575,4.620495,-3.563491,0.00023992115,0.0034347444,0.9960473,0.00027798422,M,M
M30_Hindi_M_0102.npy,-4.604294,-2.1941788,5.9163857,-2.3273242,2.6956948e-05,0.00030017222,0.99941015,0.00026275212,M,M
M30_English_M_0037.npy,-1.7725675,-2.3613205,4.457133,-4.5341516,0.0019637824,0.0010899361,0.99682224,0.0001240945,M,M
M30_Hindi_M_0010.npy,-4.551306,0.3036523,3.5734618,-1.8810064,0.00028401817,0.03646091,0.95915264,0.00410244,M,M
M04_English_M_0016.npy,-5.1348205,0.33065087,4.3024006,-2.7528698,7.81554e-05,0.018474948,0.9806008,0.000846111,M,M
M30_Hindi_M_0004.npy,-2.3071437,0.4269061,2.3639076,-3.6760101,0.008099825,0.124697655,0.8651419,0.0020605554,M,M
F04_Hindi_M_0076.npy,-1.4785326,-1.878506,4.2291546,-5.367346,0.0033018058,0.0022133267,0.9944173,6.758674e-05,M,M
F04_Hindi_M_0105.npy,-3.9792285,-1.6738187,5.4984927,-4.3007183,7.646937e-05,0.0007668568,0.9991013,5.5445464e-05,M,M
F04_Hindi_M_0106.npy,-2.2078254,-2.4567173,4.710769,-4.300296,0.0009873606,0.00076980994,0.99812096,0.00012182252,M,M
M30_Hindi_M_0023.npy,-2.9874477,-1.0869404,3.9099233,-3.2597697,0.001001883,0.0067018834,0.9915332,0.0007630433,M,M
M30_Hindi_M_0053.npy,-3.4673882,-0.31909215,3.5014522,-2.4533179,0.0009173952,0.021371951,0.9751815,0.0025290747,M,M
M30_Hindi_M_0044.npy,-5.426299,1.38194,3.614898,-2.8741865,0.00010680354,0.09668659,0.9018359,0.0013707367,M,M
F04_Hindi_M_0109.npy,-3.1004915,0.8708174,2.6277187,-3.7445931,0.0027624483,0.14655879,0.8492281,0.0014506566,M,M
M17_English_M_0072.npy,-0.4198271,-2.5819747,3.8467958,-5.1843967,0.013811369,0.001589381,0.9844816,0.00011776342,M,M
M04_English_M_0001.npy,-4.6638145,1.924871,2.404459,-1.6658702,0.0005202945,0.37816298,0.61088777,0.010428934,M,M
M30_English_M_0019.npy,-4.3729024,0.42712367,3.1660619,-1.1957542,0.0004934924,0.05996602,0.92770743,0.011833098,M,M
M04_English_M_0043.npy,-5.120778,4.0261445,1.0964756,-2.2820163,0.000100959754,0.94755954,0.050613623,0.001725866,L,M
M30_English_M_0028.npy,-3.386569,0.30287886,3.2531612,-3.7301962,0.00123974,0.049617812,0.9482633,0.00087921554,M,M
F04_Hindi_M_0086.npy,4.247561,-3.6590316,0.9295008,-5.3878245,0.9646395,0.00035528393,0.034942165,6.306237e-05,N,M
M30_Hindi_M_0020.npy,-5.0514593,-1.8005917,5.992898,-2.6315496,1.596734e-05,0.00041216065,0.9993923,0.0001795502,M,M
M32_Marathi_M_0006.npy,-3.7643585,3.110721,-0.065802656,-1.3700438,0.0009801979,0.94868696,0.03958916,0.010743641,L,M
M17_English_M_0021.npy,-2.6969619,-2.0056615,4.9062295,-4.527447,0.00049807254,0.0009943071,0.99842775,7.9858815e-05,M,M
M17_English_M_0039.npy,-1.8430984,0.54026175,1.7865922,-3.7387753,0.020123705,0.21816655,0.75868684,0.0030229145,M,M
M32_Marathi_M_0003.npy,-4.261998,3.4206502,-0.0698274,-0.354766,0.000437199,0.9488795,0.028927833,0.021755476,L,M
M30_Hindi_M_0085.npy,-3.6080081,0.5766554,3.3523645,-3.9654,0.00089174445,0.05856212,0.9399223,0.0006237741,M,M
M30_Hindi_M_0089.npy,-4.307588,2.3313384,2.0022051,-3.2088058,0.0007586068,0.57978356,0.4171816,0.0022762083,L,M
M17_English_M_0030.npy,-1.5116279,-0.63717806,3.1023781,-4.968206,0.009586202,0.022983454,0.967128,0.00030232477,M,M
M30_Hindi_M_0058.npy,-2.9114645,1.2200294,2.084523,-3.49887,0.004724883,0.29422256,0.6984266,0.002625935,M,M
M17_English_M_0077.npy,-1.0437962,-2.0005121,3.8991766,-5.1895595,0.007062828,0.002713202,0.9901121,0.00011181412,M,M
M17_English_M_0056.npy,-4.769029,-0.77032334,5.2090006,-3.6911407,4.628286e-05,0.002523689,0.997294,0.00013600072,M,M
M17_English_M_0095.npy,-3.933353,1.3114754,3.1514823,-4.5928254,0.0007221121,0.13690034,0.86200416,0.0003734215,M,M
M30_Hindi_M_0070.npy,-4.6727886,-0.76445645,4.5132217,-2.3208675,0.000101823054,0.0050723976,0.99375594,0.0010697258,M,M
F04_Hindi_M_0084.npy,-2.7456956,-1.6143849,4.675148,-4.3417006,0.00059710606,0.0018508598,0.997431,0.0001210362,M,M
M17_English_M_0107.npy,-2.698558,-0.8350437,4.3703256,-5.358001,0.0008457716,0.0054521416,0.9936429,5.9193182e-05,M,M
M30_English_M_0064.npy,-2.909865,-0.9555531,4.46966,-5.815064,0.00062075496,0.0043819463,0.9949633,3.3978835e-05,M,M
M17_English_M_0037.npy,-4.0350137,1.2392892,2.7990012,-3.1795993,0.00088690256,0.17317154,0.82385516,0.0020863044,M,M
M17_Hindi_M_0008.npy,-3.0921712,-0.970291,4.4141083,-4.8069243,0.0005467593,0.0045636985,0.99479115,9.842108e-05,M,M
M04_English_M_0011.npy,-2.9481268,2.6195505,0.9123883,-3.4772813,0.0032164245,0.8421414,0.15274742,0.0018948052,L,M
M17_English_M_0075.npy,-2.9156568,-0.6640922,4.0730677,-4.753505,0.00091324246,0.008678174,0.9902632,0.00014535131,M,M
F04_Hindi_M_0112.npy,-1.1947091,-1.0951611,2.7544253,-4.1619368,0.018502569,0.02043926,0.9601063,0.00095187855,M,M
F04_Hindi_M_0002.npy,-4.9707375,-1.506943,6.005492,-3.381709,1.7092401e-05,0.0005458961,0.99935335,8.3735446e-05,M,M
F04_Hindi_M_0038.npy,2.245207,-3.9939272,2.7391713,-5.949362,0.3786405,0.0007389337,0.620516,0.00010456133,M,M
M17_English_M_0032.npy,-0.79730123,-2.0191643,3.8582225,-5.315877,0.009392327,0.0027677368,0.9877374,0.00010241909,M,M
M30_Hindi_M_0077.npy,-4.8314495,-0.9067095,5.213728,-3.3127944,4.3288936e-05,0.0021921473,0.99756694,0.00019766069,M,M
M04_English_M_0024.npy,-4.167,3.9909897,0.61133575,-3.4277074,0.00027676593,0.9662343,0.032909207,0.0005796731,L,M
M30_English_M_0032.npy,-4.2511835,1.2460307,2.603479,-2.1761146,0.00083245354,0.20312801,0.789409,0.006630572,M,M
M30_English_M_0012.npy,-2.4586039,-0.8633013,4.032615,-5.093102,0.0015030176,0.0074096075,0.99097955,0.000107848995,M,M
M30_English_M_0065.npy,-4.745372,-0.8008096,5.098131,-3.3663278,5.2931886e-05,0.002734128,0.9970028,0.0002101981,M,M
M17_English_M_0111.npy,-2.7234373,0.53189754,3.3443234,-5.678469,0.002180107,0.05652644,0.94117993,0.00011353337,M,M
M04_English_M_0030.npy,-4.5718536,3.771169,0.70397514,-2.292287,0.000226907,0.9531834,0.04437222,0.0022174355,L,M
M17_English_M_0060.npy,1.498455,-1.0627967,1.4194942,-6.2030787,0.49956635,0.03857054,0.4616373,0.0002258705,N,M
M04_English_M_0055.npy,-4.0044675,1.9267975,1.9940565,-2.135934,0.0012707402,0.47859955,0.5118969,0.008232853,M,M
M30_Hindi_M_0037.npy,-4.7204123,-1.1767066,4.8646164,-2.064407,6.851561e-05,0.0023702898,0.9965855,0.0009756135,M,M
M30_English_M_0016.npy,-4.8921037,0.70086586,3.713024,-3.235883,0.0001743876,0.046828628,0.9520833,0.00091369875,M,M
M30_Hindi_M_0033.npy,-3.9427266,-1.5649165,4.604581,-1.8555796,0.00019332235,0.0020842608,0.99616385,0.0015585431,M,M
M17_English_M_0109.npy,-2.3295588,-2.738367,5.093341,-4.1381593,0.0005967625,0.00039651387,0.998909,9.779939e-05,M,M
M30_Hindi_M_0073.npy,-4.2477765,1.5887519,2.3499253,-2.4430115,0.00092329754,0.31631067,0.6771537,0.0056123054,M,M
M17_English_M_0106.npy,-4.4163065,2.2931368,2.6538656,-4.3360844,0.0005003632,0.4103549,0.5886026,0.0005421574,M,M
M04_English_M_0038.npy,-5.9728127,4.124896,-0.7692325,2.566284,3.3805547e-05,0.82104534,0.0061499844,0.17277086,L,M
M04_English_M_0056.npy,-2.1917508,1.4826318,0.6975246,-2.234032,0.016845455,0.6641205,0.30288595,0.016148059,L,M
M32_Marathi_M_0011.npy,-4.241654,3.2293203,-0.3840314,0.36633694,0.00052494777,0.9219744,0.024857657,0.05264305,L,M
M30_Hindi_M_0014.npy,-4.1341887,-1.1225065,4.843608,-3.0055077,0.00012579309,0.002556311,0.9969291,0.00038889897,M,M
M17_English_M_0080.npy,-1.7757313,-2.069214,4.5472445,-5.5828633,0.001788919,0.0013339291,0.9968374,3.9735107e-05,M,M
M30_Hindi_M_0068.npy,-4.441689,3.2236252,1.2943039,-2.7554288,0.00040828285,0.87089294,0.12649436,0.0022044214,L,M
F04_Hindi_M_0030.npy,-2.3433113,-2.7271602,4.5588155,-3.358883,0.001003582,0.0006836747,0.9979493,0.00036349276,M,M
F04_Hindi_M_0052.npy,-4.096079,-2.3066456,5.978822,-3.8390486,4.2108953e-05,0.0002520667,0.99965143,5.4450436e-05,M,M
M30_English_M_0031.npy,-0.049115397,-1.5368601,2.6229572,-4.8750877,0.06367874,0.014383852,0.92142683,0.0005106241,M,M
M30_Hindi_M_0090.npy,-4.5602713,1.2276503,2.8560197,-2.5545447,0.00050059555,0.16336142,0.8324178,0.0037201727,M,M
F04_Hindi_M_0088.npy,-2.502264,-2.4502754,4.9781876,-4.3561983,0.00056330056,0.00059336034,0.9987551,8.8224e-05,M,M
M17_English_M_0071.npy,-3.952834,-0.61018646,4.8323197,-4.790872,0.00015229505,0.004309024,0.99547285,6.587647e-05,M,M
M17_English_M_0094.npy,-1.7579149,0.22273614,2.638965,-4.896795,0.011174695,0.08098814,0.90735286,0.00048421393,M,M
M04_English_M_0009.npy,-2.8420405,1.2744235,1.6858453,-2.1988628,0.00637726,0.3911937,0.59029627,0.01213285,M,M
M04_English_M_0050.npy,-5.732437,4.065451,1.1579978,-1.9830483,5.257066e-05,0.94604546,0.051667932,0.002233994,L,M
F04_Hindi_M_0023.npy,-2.528853,-2.7717516,5.2869396,-4.0985923,0.0004029912,0.0003160866,0.99919707,8.386219e-05,M,M
M17_English_M_0115.npy,-2.994707,-0.5019302,3.572373,-3.383935,0.0013791919,0.016681071,0.9810052,0.0009345127,M,M
F04_Hindi_M_0077.npy,-3.3386106,-0.15433215,3.435199,-2.8163884,0.0011092955,0.02678932,0.9702314,0.0018700165,M,M
F04_Hindi_M_0103.npy,-2.578912,-1.6144825,4.0732174,-3.4963357,0.001284597,0.0033698708,0.9948323,0.0005132567,M,M
F04_Hindi_M_0008.npy,-4.6132526,-1.7655915,5.894803,-3.507503,2.7299659e-05,0.0004708479,0.99941945,8.248564e-05,M,M
M30_Hindi_M_0101.npy,-1.6434331,0.44038635,1.9626805,-4.172377,0.021768704,0.17491372,0.8015816,0.0017359059,M,M
M17_English_M_0036.npy,-4.1665034,1.1656889,3.2737079,-3.9228027,0.0005229368,0.10819096,0.8906189,0.0006672479,M,M
M30_Hindi_M_0046.npy,-3.1114848,1.5491868,1.9563508,-3.4143932,0.0037555024,0.3969832,0.5964873,0.0027740663,M,M
M04_English_M_0017.npy,-4.927985,2.5314977,1.2525725,-0.08354234,0.00042597708,0.73960286,0.2058583,0.05411293,L,M
M30_English_M_0002.npy,-4.1515727,1.2034181,2.9652584,-2.6963172,0.0006898999,0.14602558,0.8503279,0.0029566202,M,M
M17_English_M_0043.npy,-2.1633584,-1.592903,4.254344,-4.7303023,0.0016248537,0.0028744843,0.9953759,0.00012473979,M,M
M04_English_M_0042.npy,-3.967617,0.03478439,3.5488174,-2.416211,0.0005267455,0.028828483,0.96815956,0.0024852382,M,M
M17_English_M_0092.npy,-4.908624,2.4403198,2.9529395,-4.757169,0.00024083076,0.3743844,0.6250945,0.00028021293,M,M
M30_English_M_0061.npy,-3.7071707,-2.3082807,5.538159,-3.3656604,9.650138e-05,0.00039089847,0.99937683,0.00013578436,M,M
F04_Hindi_M_0094.npy,-4.6222696,-1.2032037,5.768325,-4.281854,3.0689003e-05,0.000937269,0.9989888,4.3134383e-05,M,M
F04_Hindi_M_0097.npy,-3.4682288,-1.9638766,4.809397,-2.5697987,0.00025362696,0.0011416348,0.9979819,0.00062284287,M,M
M17_English_M_0091.npy,-4.101055,0.57589906,3.5630472,-3.7130005,0.0004463496,0.04795685,0.9509388,0.0006579687,M,M
F04_English_M_0001.npy,8.141497,-5.6193876,-1.27637,-6.058361,0.9999169,1.0560581e-06,8.125243e-05,6.8083847e-07,N,M
F04_Hindi_M_0019.npy,-3.3065805,-2.7460077,5.636643,-3.5270746,0.00013055863,0.00022869658,0.99953604,0.0001047241,M,M
M04_English_M_0014.npy,-4.686597,1.8484586,2.445938,-1.9810561,0.00051101716,0.35202545,0.6398174,0.0076460456,M,M
M17_Hindi_M_0009.npy,-3.596118,-1.5765283,5.26989,-4.4986563,0.00014092699,0.0010619173,0.99874,5.715139e-05,M,M
M30_Hindi_M_0022.npy,-4.0405474,-0.35146916,4.1469636,-3.6162868,0.0002748537,0.01099634,0.98830867,0.00042010305,M,M
M30_Hindi_M_0075.npy,-4.67662,-0.38325292,4.2570887,-2.0622377,0.00013035763,0.00954381,0.98854536,0.0017805247,M,M
M30_Hindi_M_0002.npy,-2.625123,-0.8609095,3.8461215,-4.3379827,0.0015306784,0.00893454,0.9892587,0.00027605696,M,M
M30_English_M_0007.npy,-4.5248528,1.5125064,2.3747222,-1.416737,0.00069734134,0.2920366,0.69166034,0.015605696,M,M
M04_English_M_0010.npy,-4.755769,2.0764356,0.53994966,1.8652102,0.00053237,0.49363077,0.10619764,0.3996393,L,M
M30_English_M_0005.npy,-1.3332813,-1.3231639,2.8842614,-3.7077322,0.014291892,0.014437224,0.9699407,0.0013300834,M,M
M17_English_M_0100.npy,-3.4745631,-0.4838332,4.6384177,-5.307318,0.0002977456,0.005925197,0.9937295,4.7631027e-05,M,M
M17_English_M_0082.npy,-3.737915,0.6125073,3.8990703,-5.068078,0.00046462804,0.03601387,0.9633986,0.0001228636,M,M
M32_Marathi_M_0012.npy,-2.348952,1.1036227,0.2533351,0.15730822,0.017142318,0.54138184,0.23132816,0.21014766,L,M
M30_English_M_0020.npy,-1.3869036,-0.46382356,2.0290792,-2.731626,0.029218838,0.07354472,0.88962173,0.0076147816,M,M
F04_Hindi_M_0062.npy,-4.338272,-1.8510258,5.2817802,-2.248249,6.629124e-05,0.00079735834,0.9986004,0.00053597137,M,M
F04_Hindi_M_0039.npy,-3.878902,-0.408067,3.8366199,-2.2533693,0.0004383778,0.014099799,0.9832344,0.0022274521,M,M
F04_Hindi_M_0089.npy,-1.3682232,-1.855284,3.3269858,-3.4636412,0.008996112,0.0055274777,0.98436975,0.0011066911,M,M
M30_Hindi_M_0081.npy,-3.4035888,-1.9200916,4.799747,-2.8531957,0.00027320482,0.0012043784,0.9980488,0.0004737192,M,M
M30_Hindi_M_0045.npy,-4.689934,-0.21661334,4.0688596,-2.202338,0.00015462877,0.013552784,0.984432,0.0018605414,M,M
M30_Hindi_M_0061.npy,-3.873593,-0.5561165,4.030074,-2.8664408,0.00036516058,0.010075016,0.98856,0.0009997345,M,M
M30_Hindi_M_0065.npy,-4.2095056,-1.8612546,5.6516304,-3.430363,5.2125975e-05,0.0005456151,0.99928856,0.00011361389,M,M
M17_English_M_0093.npy,-2.639474,-1.5281503,4.515341,-4.942616,0.00077857764,0.002365612,0.9967781,7.781445e-05,M,M
M30_English_M_0035.npy,0.8696257,-3.2255895,3.1600897,-5.276396,0.09175731,0.0015279574,0.90651816,0.00019654297,M,M
F04_Hindi_M_0024.npy,-3.9629726,-1.3057433,4.9740033,-4.135437,0.00013116044,0.0018699188,0.9978885,0.000110383095,M,M
F04_Hindi_M_0018.npy,-4.060545,-2.148383,5.7084208,-3.6412022,5.716911e-05,0.0003869036,0.999469,8.695204e-05,M,M
M04_English_M_0004.npy,-3.98624,4.0288386,0.69606096,-4.119471,0.00031886328,0.964959,0.034443073,0.00027908914,L,M
M30_Hindi_M_0006.npy,-4.5762587,-0.41690767,4.298725,-2.7328525,0.00013846239,0.008865738,0.990121,0.00087480835,M,M
M30_English_M_0041.npy,-5.164603,-0.6173346,4.8574295,-2.490032,4.4194916e-05,0.0041708644,0.9951438,0.00064109697,M,M
M17_English_M_0008.npy,-2.713765,1.5956924,2.5929167,-5.7220454,0.003608423,0.26846704,0.7277463,0.00017817129,M,M
M30_English_M_0052.npy,-4.001446,-0.6004701,4.241204,-3.205379,0.00026090568,0.007825433,0.99133533,0.00057837664,M,M
M30_Hindi_M_0032.npy,-4.518533,-2.5103168,6.1638684,-2.9539065,2.2938242e-05,0.00017089039,0.9996966,0.000109665205,M,M
M04_English_M_0031.npy,-5.313011,3.0603034,1.835257,-1.7211977,0.00017733115,0.7678378,0.22554779,0.006437094,L,M
F04_Hindi_M_0049.npy,-4.058612,-1.9758309,5.7665153,-3.7858758,5.404542e-05,0.0004338094,0.9994411,7.0991526e-05,M,M
M17_English_M_0067.npy,-4.3383417,-0.43056244,5.0520372,-4.8512244,8.316684e-05,0.0041407323,0.9957262,4.979758e-05,M,M
M17_Hindi_M_0001.npy,-2.3350632,-0.6580801,3.2685592,-3.3545856,0.0035955966,0.01923426,0.975873,0.0012971731,M,M
M17_English_M_0002.npy,1.5569897,-2.5751257,2.3505254,-5.54299,0.30978218,0.004971661,0.6849905,0.0002556079,M,M
M30_English_M_0043.npy,-3.4534626,1.0550662,2.4424088,-3.1156275,0.002189509,0.19878143,0.7959596,0.003069492,M,M
F04_Hindi_M_0093.npy,0.022720242,-2.280479,3.264283,-4.83512,0.037479352,0.0037456346,0.9584839,0.00029111098,M,M
M17_English_M_0070.npy,0.7539344,-1.4404811,2.38571,-6.1635404,0.1606333,0.017898357,0.8213093,0.00015907957,M,M
F04_Hindi_M_0102.npy,-3.9022229,-2.171417,5.5836897,-3.3396726,7.58654e-05,0.00042827523,0.99936265,0.00013315452,M,M
M17_English_M_0004.npy,-2.1102166,1.1596476,2.494136,-5.9851813,0.007858741,0.20674598,0.7852321,0.00016310872,M,M
M30_English_M_0042.npy,-4.535104,4.2837796,0.96997875,-4.0711126,0.00014266874,0.9645426,0.03508779,0.00022690163,L,M
M30_Hindi_M_0009.npy,-3.9722862,-0.25448895,3.647075,-2.4429169,0.00047983523,0.01975654,0.977549,0.0022145668,M,M
M30_Hindi_M_0051.npy,-2.1464927,0.65885186,1.9281416,-3.6171403,0.013056274,0.21585645,0.76808727,0.0030000275,M,M
M30_Hindi_M_0017.npy,-4.4079275,0.25254506,3.7811823,-3.0496395,0.00026939003,0.028470758,0.9702121,0.0010478,M,M
M30_English_M_0024.npy,-2.233834,-1.2284939,3.8666222,-4.1642523,0.0022225229,0.006073791,0.9913812,0.00032246034,M,M
M04_English_M_0049.npy,-4.5395613,3.2243087,1.0396938,-2.186433,0.00038017172,0.89492327,0.10069771,0.003998807,L,M
M30_English_M_0050.npy,-4.833348,1.5301317,3.4088013,-3.952921,0.00022823922,0.13243854,0.8667827,0.00055049703,M,M
M30_English_M_0057.npy,-4.6875753,0.2613052,3.7314343,-2.271111,0.00021341811,0.030095601,0.9672994,0.0023916003,M,M
F04_Hindi_M_0080.npy,-2.1690981,-1.6941835,4.074002,-3.9644303,0.0019333949,0.0031086623,0.99463683,0.00032108338,M,M
M17_English_M_0061.npy,-0.8586642,-2.682573,4.09938,-5.022315,0.006969024,0.0011247563,0.9917978,0.00010837311,M,M
M30_English_M_0018.npy,-4.4267807,-0.7809446,4.7280197,-3.4958878,0.0001052455,0.0040324586,0.9955953,0.00026698396,M,M
M17_English_M_0090.npy,-3.5274544,0.8606381,3.0913484,-4.204393,0.0012033074,0.09685032,0.90133494,0.00061148545,M,M
F04_English_M_0021.npy,2.139934,-2.787121,1.759778,-4.591693,0.5909484,0.0042830845,0.4040638,0.0007047598,N,M
M17_English_M_0035.npy,-4.679336,2.9924257,1.7573915,-3.124228,0.00036010658,0.77309835,0.22483617,0.00170532,L,M
F04_Hindi_M_0004.npy,1.4467165,-3.7314339,3.0945225,-5.063481,0.16122025,0.00090902846,0.8376308,0.00023992584,M,M
M17_English_M_0024.npy,-3.4949446,-0.96520936,4.8166018,-5.0004287,0.00024483554,0.00307273,0.9966281,5.4331438e-05,M,M
M17_English_M_0041.npy,-4.4675117,3.0138855,1.4275222,-2.8494692,0.00046641988,0.82776403,0.16941728,0.0023522528,L,M
F04_Hindi_M_0091.npy,-2.7277732,-1.4795066,4.3958426,-4.133372,0.0008027881,0.0027971535,0.99620324,0.0001968598,M,M
F04_Hindi_M_0027.npy,-3.475019,-1.8278774,5.1635313,-4.003196,0.00017693105,0.0009186462,0.99880004,0.00010433249,M,M
M30_English_M_0009.npy,-2.5708497,-1.304301,2.8815324,-1.0031444,0.004121035,0.0146238385,0.9614922,0.019762961,M,M
F04_English_M_0014.npy,8.627649,-5.34965,-2.144984,-5.779444,0.9999776,8.5060236e-07,2.0965006e-05,5.534383e-07,N,M
F04_Hindi_M_0045.npy,-4.5077853,-2.046257,5.5461645,-2.4677742,4.297779e-05,0.0005038161,0.9991227,0.00033052886,M,M
M17_English_M_0069.npy,0.8436897,-2.5294366,2.707923,-5.3350043,0.13355874,0.0045787,0.86158574,0.00027688526,M,M
M32_Marathi_M_0010.npy,-4.797367,2.1883287,-0.12859242,3.08737,0.0002600745,0.28115577,0.027715381,0.6908688,H,M
F04_English_M_0013.npy,7.8550653,-5.504975,-0.70897275,-6.7111106,0.9998072,1.5766102e-06,0.00019081024,4.7196156e-07,N,M
M04_English_M_0025.npy,-4.7758026,-0.09329645,3.9010303,-1.5701535,0.00016669017,0.018009294,0.97771156,0.0041124993,M,M
M30_English_M_0011.npy,-3.9268062,1.531011,2.0872924,-2.0057297,0.0015347545,0.3600301,0.6279554,0.0104797715,M,M
F04_English_M_0006.npy,8.241394,-5.654621,-1.120238,-6.4307137,0.99991274,9.2257017e-07,8.595217e-05,4.2456742e-07,N,M
M30_Hindi_M_0059.npy,-4.269123,1.2093433,2.63524,-2.287853,0.0008036358,0.19245404,0.8009144,0.005827926,M,M
F04_Hindi_M_0011.npy,-4.201686,-2.281099,5.928872,-3.3112772,3.982695e-05,0.00027181735,0.9995914,9.702342e-05,M,M
F04_English_M_0002.npy,-1.3229973,-1.7242619,3.882481,-5.2223477,0.005436029,0.0036392754,0.9908146,0.00011010714,M,M
M30_English_M_0038.npy,1.5915699,-3.5191507,2.933261,-5.6480284,0.20694266,0.0012482231,0.79166055,0.00014850205,M,M
M17_English_M_0048.npy,-5.1331367,2.733032,2.4408288,-3.5212455,0.00021927828,0.5717806,0.42690098,0.0010990851,L,M
M17_English_M_0114.npy,-3.4345646,-2.166036,5.258161,-4.0134344,0.000167658,0.0005961279,0.99914217,9.397769e-05,M,M
F04_Hindi_M_0116.npy,1.2034853,-2.637833,2.2502937,-4.3777843,0.2581459,0.0055411747,0.7353403,0.00097263674,M,M
M17_English_M_0062.npy,0.4882544,-2.1032517,2.8046758,-5.1526036,0.08914418,0.006677536,0.9038618,0.000316446,M,M
M17_English_M_0063.npy,-2.2724838,-0.66438407,3.642902,-5.061195,0.0026542654,0.013253583,0.9839289,0.00016323847,M,M
M04_English_M_0003.npy,-4.7761993,1.2725986,2.928181,-1.7765322,0.00037555525,0.15908648,0.83299726,0.0075407187,M,M
M30_Hindi_M_0024.npy,-2.9354491,2.6644652,0.4745308,-2.842994,0.0033028934,0.8931133,0.099960886,0.003622826,L,M
M17_English_M_0012.npy,-3.7049901,-0.04844503,3.8939667,-3.7192466,0.0004909599,0.019013567,0.9800116,0.0004840103,M,M
M30_English_M_0049.npy,-4.4594407,1.153879,2.586986,-1.6399314,0.0006941708,0.19023925,0.79742634,0.011640289,M,M
M30_English_M_0008.npy,-4.4065113,0.8787222,2.7013445,-1.4040035,0.0006944147,0.13707764,0.84824526,0.013982713,M,M
F04_Hindi_M_0047.npy,-1.7552483,-2.4813354,4.6566586,-4.957197,0.0016377906,0.00079236086,0.9975032,6.663002e-05,M,M
M04_English_M_0028.npy,-3.5007906,2.7986832,0.5585574,-1.8480866,0.0016435392,0.89455444,0.09522096,0.00858105,L,M
M17_English_M_0019.npy,-4.1585665,0.325554,4.125104,-4.675806,0.00024698107,0.021882275,0.97772354,0.00014724123,M,M
M30_English_M_0040.npy,-1.0936111,-1.4059147,3.162059,-4.365398,0.013836283,0.01012483,0.97551394,0.00052492874,M,M
M17_English_M_0005.npy,-4.257287,-0.69788194,5.2947125,-5.0878673,7.087478e-05,0.0024907023,0.9974075,3.0886982e-05,M,M
F04_Hindi_M_0054.npy,-3.667519,-1.2651173,4.5060253,-2.982776,0.0002809051,0.0031039116,0.9960581,0.0005571084,M,M
M30_Hindi_M_0008.npy,-3.508101,1.1907936,2.3975651,-2.9393244,0.0020846205,0.228945,0.7652888,0.003681661,M,M
M30_Hindi_M_0062.npy,-4.247219,-0.18655102,4.0532475,-3.0691547,0.0002446177,0.01419102,0.9847698,0.00079453824,M,M
M30_English_M_0026.npy,-2.4338877,-1.4220433,4.2743053,-4.7563367,0.0012151587,0.0033424995,0.99532324,0.000119125936,M,M
F04_Hindi_M_0003.npy,-4.9206514,-0.6953136,5.5644407,-4.104271,2.7894166e-05,0.0019078945,0.99800116,6.3104875e-05,M,M
M30_English_M_0069.npy,-3.0958521,1.3338054,1.4271874,-1.8396134,0.005539243,0.4647575,0.5102484,0.019454861,M,M
F04_Hindi_M_0050.npy,-3.7097945,-1.9165415,5.511468,-4.236496,9.883948e-05,0.0005939229,0.9992488,5.8369602e-05,M,M
M30_English_M_0053.npy,-2.2621963,1.050928,1.5212604,-2.7209337,0.013685381,0.3759487,0.6017156,0.008650272,M,M
F04_Hindi_M_0061.npy,-4.2403603,-1.4490663,5.2902637,-3.4313812,7.249142e-05,0.001181763,0.99858296,0.00016278774,M,M
M30_Hindi_M_0067.npy,-2.926714,0.23011284,2.528171,-1.9283241,0.003829836,0.08998551,0.8957908,0.010393823,M,M
M17_English_M_0084.npy,-2.1010194,0.26706964,2.9435043,-5.471026,0.0059922673,0.063979246,0.9298223,0.00020607063,M,M
M17_English_M_0029.npy,-4.2725897,0.6982146,3.3161085,-2.71967,0.00047045355,0.06781249,0.92949396,0.0022230095,M,M
F04_Hindi_M_0017.npy,-4.507475,-2.3940713,6.0674496,-2.7550826,2.5538877e-05,0.00021136896,0.9996158,0.00014731802,M,M
M04_English_M_0020.npy,-4.125136,1.7801956,1.8344426,-1.2298944,0.0012927856,0.47443786,0.5008856,0.023383737,M,M
M32_Marathi_M_0008.npy,-4.367852,2.3152652,0.46857473,0.65175337,0.00092835404,0.7415742,0.11698957,0.14050786,L,M
M04_English_M_0044.npy,-5.1893024,4.050452,1.3048623,-3.1186187,9.116839e-05,0.9388988,0.060287073,0.0007229874,L,M
M30_English_M_0045.npy,-3.9693274,-1.719788,5.018092,-2.9516509,0.00012476562,0.0011831976,0.9983469,0.00034519634,M,M
M17_Hindi_M_0005.npy,-4.3666368,-2.1128771,5.995273,-3.5708194,3.1601292e-05,0.000300954,0.9995975,7.003643e-05,M,M
M30_Hindi_M_0016.npy,-2.547098,0.12803854,2.5800734,-3.272459,0.0054189316,0.07865219,0.91330534,0.002623575,M,M
M30_English_M_0055.npy,-5.2877417,5.72068,0.14489324,-3.8126547,1.6497663e-05,0.99613756,0.00377386,7.2118164e-05,L,M
M30_Hindi_M_0043.npy,-3.85566,-0.9526644,4.18879,-2.3832493,0.00031846744,0.005805237,0.9924878,0.0013884328,M,M
M30_Hindi_M_0082.npy,-4.5112734,-2.094673,5.7502975,-2.285153,3.492453e-05,0.00039142332,0.9992501,0.00032353602,M,M
M30_Hindi_M_0048.npy,-3.7684326,-0.8744451,4.054654,-2.3640525,0.00039670867,0.0071666236,0.9908208,0.0016157945,M,M
M17_English_M_0028.npy,-1.874371,-1.4423459,3.8596346,-4.554255,0.0032070358,0.0049400358,0.99163294,0.00021991003,M,M
M30_English_M_0067.npy,-3.7585967,-0.30299485,3.6094785,-2.6389203,0.0006171612,0.019550037,0.97794193,0.0018908974,M,M
M04_English_M_0022.npy,-5.0303316,1.9805306,2.0326283,-0.91542596,0.00042757837,0.47401753,0.49936733,0.02618764,M,M
M17_English_M_0016.npy,-1.8211793,0.47805643,2.7366638,-5.953105,0.009402016,0.09370579,0.8967412,0.00015092059,M,M
M17_English_M_0018.npy,-2.2945974,-1.2522163,3.9002426,-4.048528,0.0020233823,0.0057382328,0.9918882,0.0003502318,M,M
M17_English_M_0081.npy,-4.299032,0.3329314,4.0009546,-3.8860195,0.00024218667,0.024876341,0.9745154,0.00036603218,M,M
M30_English_M_0048.npy,-2.5504622,-0.9291807,3.3107755,-3.26168,0.0027955682,0.014144368,0.98168737,0.001372752,M,M
F04_English_M_0016.npy,8.862701,-5.957259,-0.88933045,-7.0546327,0.99994135,3.6622453e-07,5.81729e-05,1.2222623e-07,N,M
F04_Hindi_M_0041.npy,-3.3063319,-2.2686172,5.4934797,-4.153585,0.00015066493,0.00042529067,0.9993594,6.457359e-05,M,M
M30_English_M_0070.npy,-5.176494,-0.80978066,4.8520293,-2.0544908,4.392465e-05,0.0034605723,0.9954987,0.0009967294,M,M
M17_English_M_0073.npy,-4.394944,0.010708049,3.818222,-2.593286,0.0002646779,0.021680443,0.9764509,0.0016038652,M,M
F04_Hindi_M_0006.npy,-4.92871,2.1154535,2.6582434,-2.838625,0.00031974114,0.36647108,0.6306239,0.0025852998,M,M
M30_English_M_0056.npy,-5.413424,0.55535877,4.1754093,-2.9439683,6.664594e-05,0.026060514,0.9730853,0.000787489,M,M
F04_Hindi_M_0071.npy,1.3929932,-3.1364756,2.761715,-5.7161355,0.2023502,0.0021826313,0.79530174,0.00016544302,M,M
M17_English_M_0007.npy,-0.017493462,-1.6137012,2.9273596,-5.7098765,0.049470898,0.01002595,0.94033635,0.00016679362,M,M
M04_English_M_0015.npy,-4.2667494,2.7904365,0.923126,-1.0934566,0.00073232956,0.8503614,0.13141377,0.017492434,L,M
M17_English_M_0023.npy,-1.9593114,0.53875464,2.216855,-4.5007286,0.012762676,0.15518086,0.83105135,0.001005121,M,M
F04_Hindi_M_0032.npy,-2.7280455,-2.8553317,5.3435154,-3.7264895,0.00031207624,0.0002747775,0.9992981,0.00011498515,M,M
F04_Hindi_M_0064.npy,-4.7372904,-2.019374,5.8171597,-2.586121,2.6060361e-05,0.0003947813,0.99935514,0.00022398638,M,M
M30_English_M_0063.npy,-4.885067,1.1252301,3.748381,-3.7429125,0.00016588846,0.06761685,0.93169737,0.0005198134,M,M
M30_Hindi_M_0083.npy,-3.7272553,0.83389395,2.600598,-2.0019083,0.0015099787,0.14449495,0.8455173,0.008477724,M,M
M30_Hindi_M_0019.npy,-3.8767412,0.47802508,3.402711,-3.3625727,0.0006532897,0.05085771,0.9473965,0.0010924623,M,M
M30_English_M_0062.npy,-3.8216588,-1.733673,4.925128,-2.831347,0.0001586746,0.0012802895,0.99813384,0.00042716385,M,M
M17_English_M_0054.npy,-2.1763115,-1.1017449,3.8419068,-4.2227163,0.0024101974,0.0070588,0.99021965,0.00031139405,M,M
F04_Hindi_M_0082.npy,-3.0070174,-2.1729734,4.866294,-3.2401092,0.00038017877,0.0008754037,0.9984433,0.00030113218,M,M
M30_Hindi_M_0091.npy,-3.029386,-1.2404848,4.049396,-2.8781965,0.00083705224,0.0050079795,0.9931813,0.0009736737,M,M
M30_English_M_0046.npy,-4.944984,-1.1860963,5.053849,-2.2229712,4.5331166e-05,0.001944737,0.9973205,0.000689528,M,M
M30_Hindi_M_0025.npy,-1.0340011,0.89804554,0.8426042,-3.765795,0.06896541,0.47611132,0.45043346,0.0044898144,L,M
M04_English_M_0048.npy,-5.0965457,4.4876857,1.2768012,-4.184958,6.612317e-05,0.9610201,0.038749225,0.0001645323,L,M
F04_Hindi_M_0063.npy,-4.4241548,-2.0051622,6.0071335,-3.6356843,2.948251e-05,0.0003312221,0.9995745,6.486236e-05,M,M
M30_Hindi_M_0005.npy,-3.7477744,2.3477907,1.8730605,-3.7739565,0.0013850825,0.61481696,0.38244864,0.0013492887,L,M
M30_English_M_0015.npy,-3.3458915,0.5647725,3.2949314,-4.7635274,0.0012241413,0.061123945,0.9373554,0.0002965926,M,M
M30_Hindi_M_0036.npy,-3.520577,-0.08532141,3.148101,-1.9123218,0.0012130216,0.037651397,0.9550777,0.00605794,M,M
F04_Hindi_M_0072.npy,-4.9037676,-1.4769205,5.8769803,-3.489515,2.0780522e-05,0.0006396132,0.99925417,8.547889e-05,M,M
F04_Hindi_M_0108.npy,-1.692687,-2.2705307,4.1796694,-4.3586116,0.002803356,0.0015729825,0.9954288,0.00019493155,M,M
M17_English_M_0076.npy,-1.8898064,-1.2954872,3.906398,-4.7861047,0.0030128164,0.005458613,0.99136215,0.00016638963,M,M
F04_English_M_0020.npy,7.396106,-5.261095,-0.19546886,-6.559506,0.99949145,3.1829268e-06,0.0005044291,8.6882784e-07,N,M
F04_Hindi_M_0095.npy,-3.5740552,-1.786915,5.211299,-3.983351,0.00015277842,0.0009124465,0.99883336,0.00010146293,M,M
M17_English_M_0046.npy,-2.1523569,-1.9316839,4.2479057,-4.358531,0.0016546423,0.0020631994,0.99609995,0.00018221115,M,M
F04_Hindi_M_0015.npy,-3.8947618,-1.5393646,5.321702,-4.6508636,9.927098e-05,0.001046546,0.99880755,4.6607045e-05,M,M
M30_Hindi_M_0031.npy,-4.370359,-1.8563749,5.2497444,-1.9495479,6.6272456e-05,0.0008187339,0.99836904,0.0007458959,M,M
F04_Hindi_M_0087.npy,-0.9116709,-2.3071651,3.64411,-4.393514,0.010367043,0.002568027,0.98674613,0.00031879355,M,M
M17_English_M_0108.npy,-1.4349436,-2.7761798,4.2739444,-4.044231,0.0033017388,0.000863478,0.9955917,0.00024296496,M,M
M30_English_M_0013.npy,-3.9898453,0.31157285,3.27798,-2.328862,0.0006607209,0.048764084,0.9470968,0.0034783543,M,M
F04_Hindi_M_0101.npy,-2.8133817,-2.62367,5.3238325,-4.4716735,0.0002922456,0.00035329608,0.9992988,5.566233e-05,M,M
M30_Hindi_M_0096.npy,-4.5595055,1.6001434,2.4096727,-1.8087835,0.00064380537,0.30468857,0.6845895,0.010078085,M,M
F04_Hindi_M_0114.npy,-4.4050875,-1.7167773,5.8771763,-3.974601,3.4214743e-05,0.0005031895,0.99941003,5.2622476e-05,M,M
M17_English_M_0042.npy,-2.6734614,1.5222244,2.2484791,-5.03269,0.004883706,0.3242745,0.6703803,0.00046147668,M,M
M04_English_M_0047.npy,-5.177109,2.8628285,2.4893572,-3.480656,0.00019067983,0.59156847,0.40720072,0.0010400752,L,M
M17_English_M_0058.npy,-2.3090649,-2.0432217,4.574603,-4.782393,0.0010218793,0.0013330728,0.99755895,8.6148284e-05,M,M
F04_Hindi_M_0070.npy,-0.75128037,-2.1158264,3.4977603,-4.905525,0.014023402,0.0035829325,0.98217356,0.00022013418,M,M
F04_Hindi_M_0040.npy,1.7118808,-2.463813,2.0739388,-5.634647,0.40778184,0.006265373,0.58568984,0.00026294892,M,M
M30_English_M_0006.npy,-3.907123,2.5390816,1.3511925,-2.3124602,0.0012071613,0.7608805,0.23196514,0.0059472844,L,M
F04_Hindi_M_0028.npy,-1.7707529,-2.9359946,4.544482,-3.7419348,0.0018038065,0.00056251214,0.99738246,0.00025125605,M,M
M17_English_M_0044.npy,-4.1258225,0.8135426,3.9722712,-5.2887063,0.00029161415,0.04073312,0.9588841,9.1153765e-05,M,M
F04_Hindi_M_0025.npy,0.1356912,-2.8066723,3.6045458,-5.417262,0.030159932,0.0015906628,0.96813244,0.00011689972,M,M
F04_Hindi_M_0001.npy,-5.138308,-1.7334311,6.304689,-3.1270773,1.071988e-05,0.00032278182,0.9995864,8.0104364e-05,M,M
F04_English_M_0011.npy,5.5848975,-4.0596156,0.16963886,-6.643225,0.99550253,6.448869e-05,0.0044281804,4.8689594e-06,N,M
M17_English_M_0053.npy,-1.1051356,-2.0305252,3.7278173,-4.990967,0.007874129,0.0031211232,0.9888431,0.00016166181,M,M
M04_English_M_0007.npy,-3.4982855,1.8137292,1.7244413,-2.3488975,0.0025487207,0.51677424,0.4726326,0.008044425,L,M
M04_English_M_0029.npy,-4.440567,2.6602788,1.8679767,-3.0064309,0.00056579226,0.6863018,0.3107583,0.0023740742,L,M
M30_English_M_0060.npy,-5.1175933,0.010821477,4.740393,-3.7274964,5.18561e-05,0.008750684,0.99098927,0.00020821457,M,M
M30_English_M_0054.npy,-2.6765554,-0.8987423,3.551039,-3.8670108,0.0019464474,0.011516939,0.98594475,0.0005918811,M,M
M30_Hindi_M_0021.npy,-2.5553412,0.17667688,2.6391647,-3.3159165,0.0050733024,0.07794551,0.91460997,0.0023712488,M,M
M17_English_M_0017.npy,-1.9768369,-1.7866601,4.248472,-4.1244416,0.001969645,0.0023822142,0.9954181,0.00022998283,M,M
M30_English_M_0047.npy,-4.204706,-1.9774488,5.52659,-2.9098332,5.9346152e-05,0.0005503998,0.9991736,0.0002166451,M,M
M30_Hindi_M_0012.npy,-2.8879404,-1.5745536,4.002629,-2.4000938,0.0010108072,0.003758937,0.99358386,0.0016464083,M,M
F04_Hindi_M_0007.npy,-4.95186,-0.44746327,4.9692607,-3.4334762,4.8895527e-05,0.0044208285,0.995307,0.00022320036,M,M
M30_English_M_0010.npy,-3.8243797,-0.15471928,3.8228438,-3.1692476,0.000467949,0.018361652,0.9802695,0.0009009877,M,M
M30_Hindi_M_0027.npy,-3.5313747,0.39098936,3.4415174,-3.5740533,0.0008930305,0.04511565,0.95313555,0.0008557188,M,M
M17_English_M_0040.npy,-4.4704747,-1.8872579,5.7834315,-3.2822022,3.5197936e-05,0.0004660086,0.99938333,0.00011549878,M,M
M30_Hindi_M_0095.npy,-3.3746524,-2.2652552,5.046464,-2.8367975,0.00021989072,0.0006668249,0.9987368,0.00037652516,M,M
F04_Hindi_M_0029.npy,-1.4734715,-3.263708,4.4849696,-3.78074,0.002575508,0.00042990557,0.99673814,0.00025634735,M,M
F04_Hindi_M_0081.npy,0.88677955,-3.1526668,3.2941458,-5.3563232,0.08247949,0.0014522345,0.915908,0.0001603249,M,M
M17_Hindi_M_0002.npy,-3.2537007,-0.9748026,4.2525077,-4.12708,0.000546303,0.0053351484,0.9938904,0.0002281025,M,M
M30_Hindi_M_0056.npy,-4.4291787,0.33727574,3.8651667,-2.8564918,0.00024245324,0.028488727,0.9701002,0.0011685231,M,M
F04_Hindi_M_0010.npy,-4.647354,-0.73394716,4.8283343,-2.8213234,7.635843e-05,0.0038232103,0.99562633,0.00047412433,M,M
F04_Hindi_M_0057.npy,-4.0490794,-2.0998197,5.813815,-3.5792577,5.2045347e-05,0.00036553966,0.9994991,8.325735e-05,M,M
M30_Hindi_M_0071.npy,-5.1037025,-1.8349622,5.976901,-2.4354057,1.5398418e-05,0.00040464287,0.999358,0.0002219743,M,M
F04_Hindi_M_0058.npy,-3.975113,-2.2259057,5.667227,-3.420167,6.488521e-05,0.00037309277,0.99944896,0.00011302009,M,M
M04_English_M_0034.npy,-3.5962977,1.7636198,2.2184174,-3.1665893,0.0018167277,0.3864315,0.60895985,0.0027919642,M,M
F04_English_M_0015.npy,8.724017,-5.0214157,-2.4615061,-5.853411,0.9999846,1.0725751e-06,1.3873383e-05,4.6676297e-07,N,M
M30_Hindi_M_0074.npy,-3.8500328,0.53442925,2.8622725,-2.0177941,0.0010990133,0.08813542,0.90389913,0.006866475,M,M
M30_Hindi_M_0034.npy,-2.505869,0.3096025,2.4766068,-3.7002056,0.006103555,0.10193577,0.8901119,0.0018487968,M,M
F04_Hindi_M_0074.npy,-1.4529144,-1.7697488,3.8920891,-4.5541005,0.004731889,0.0034469508,0.9916082,0.0002129151,M,M
M17_English_M_0088.npy,-3.8229816,1.8331357,2.4819505,-3.6184878,0.0011968489,0.3423418,0.6549929,0.001468419,M,M
M17_English_M_0099.npy,-1.1261481,0.24763821,1.8378614,-4.5840387,0.04105549,0.16218066,0.79547083,0.001293089,M,M
M30_English_M_0071.npy,-4.3891773,2.2479243,2.0223823,-2.253879,0.00072401715,0.5523387,0.4408124,0.0061248736,L,M
F04_Hindi_M_0060.npy,-3.373021,-1.4737897,4.90313,-4.5751085,0.00025399905,0.0016969055,0.9979728,7.634345e-05,M,M
M30_Hindi_M_0087.npy,-4.134321,0.291516,3.935456,-3.5737107,0.000304625,0.025461404,0.9737004,0.00053362444,M,M
F04_Hindi_M_0034.npy,-4.4114666,-2.1941144,5.957202,-3.1470976,3.1387546e-05,0.0002882312,0.99956924,0.000111138834,M,M
M17_English_M_0101.npy,-1.592201,0.56115407,2.4223325,-6.0639067,0.0153792715,0.13247259,0.8519724,0.00017575131,M,M
F04_Hindi_M_0036.npy,-1.7278492,-2.753235,4.6541653,-4.24624,0.0016876031,0.00060527236,0.9975712,0.00013600245,M,M
M04_English_M_0013.npy,-4.775092,3.9320543,0.43765873,-1.7769142,0.0001599843,0.9672597,0.029372873,0.003207521,L,M
F04_English_M_0019.npy,7.841159,-4.833669,-1.3155773,-6.0610185,0.99989045,3.128562e-06,0.00010549512,9.168818e-07,N,M
M30_English_M_0022.npy,-3.629861,-0.7952403,4.7270594,-4.70024,0.0002337583,0.003979487,0.9957066,8.015069e-05,M,M
F04_Hindi_M_0078.npy,0.11401298,-1.740427,2.527961,-5.3681355,0.08104577,0.012686956,0.90593004,0.00033718144,M,M
M17_English_M_0033.npy,-4.007741,0.12452747,4.098265,-4.31083,0.00029600042,0.018446496,0.9810389,0.00021860613,M,M
F04_Hindi_M_0021.npy,-4.355733,-2.291652,6.0705743,-3.398729,2.9632229e-05,0.00023344437,0.9996598,7.715892e-05,M,M
M17_English_M_0052.npy,-2.60889,-1.1642591,4.4944863,-5.4554663,0.00081875647,0.003471763,0.9956619,4.7522815e-05,M,M
F04_English_M_0009.npy,5.9228597,-4.201536,0.3058749,-6.4765706,0.9963336,3.9942544e-05,0.003622257,4.105827e-06,N,M
M30_Hindi_M_0041.npy,-3.307248,-1.2178471,3.8401124,-2.198873,0.00077951,0.0062984996,0.9905606,0.0023614734,M,M
M30_English_M_0073.npy,-1.9393557,-0.40231103,2.5613072,-3.14912,0.010413857,0.04843302,0.9380471,0.0031061156,M,M
F04_Hindi_M_0043.npy,-1.2656112,-1.4756976,3.4030669,-4.7012734,0.009225134,0.007477102,0.98300076,0.0002970869,M,M
F04_English_M_0004.npy,5.9908113,-5.2373686,0.6657796,-6.066917,0.99513656,1.3229581e-05,0.0048445202,5.7713582e-06,N,M
M17_Hindi_M_0004.npy,-4.4900494,-1.2610353,5.5472765,-4.1493464,4.3683725e-05,0.0011032211,0.99879164,6.141651e-05,M,M
F04_Hindi_M_0067.npy,-3.708836,-2.5921726,5.717307,-3.1876345,8.055212e-05,0.0002460583,0.9995377,0.00013565387,M,M
M04_English_M_0053.npy,-4.161285,1.9198276,2.0742176,-2.3145978,0.0010466698,0.45793426,0.5343845,0.006634612,M,M
M30_Hindi_M_0028.npy,-3.7816288,-1.247297,4.3175955,-2.4410164,0.00030217483,0.00380982,0.99473333,0.0011547259,M,M
M17_English_M_0105.npy,-1.9187938,-1.2292553,3.66859,-4.2792125,0.0037020135,0.0073773568,0.9885712,0.0003493986,M,M
M30_Hindi_M_0040.npy,-3.9420428,1.5509121,2.2785327,-3.0285408,0.0013342946,0.32419902,0.67114025,0.0033264463,M,M
M17_English_M_0015.npy,-0.6102431,-0.32744676,2.0998924,-4.8803988,0.05756348,0.07637723,0.8652545,0.00080471457,M,M
M30_English_M_0004.npy,-3.0843735,1.2942122,1.8648317,-3.0678036,0.004488234,0.35782546,0.63312304,0.004563224,M,M
M04_English_M_0040.npy,-4.6515923,3.0707214,1.5038161,-2.2723088,0.00036479905,0.8237814,0.17191496,0.0039387965,L,M
F04_Hindi_M_0069.npy,-3.8428774,-1.4124508,4.739532,-3.3669155,0.00018688377,0.0021236953,0.99738866,0.00030080092,M,M
M30_Hindi_M_0026.npy,-3.9748197,2.5634983,1.6434772,-2.933383,0.0010305285,0.7122218,0.283828,0.0029197787,L,M
M30_Hindi_M_0001.npy,-1.3942733,-0.48548222,2.4532945,-3.9617162,0.019826733,0.04919649,0.92945546,0.0015213353,M,M
M04_English_M_0018.npy,-4.199775,4.17452,0.34126323,-3.0160158,0.00022561815,0.9778771,0.02116031,0.00073701167,L,M
M32_Marathi_M_0009.npy,-4.216156,2.25153,0.47024956,0.6012102,0.0011401298,0.734234,0.12366142,0.14096448,L,M
M30_Hindi_M_0054.npy,-3.561515,-0.13508968,3.1471674,-2.0523012,0.0011685248,0.035951383,0.9575947,0.005285441,M,M
M30_Hindi_M_0060.npy,-4.0290422,2.1247842,2.4015534,-3.7703643,0.0009146179,0.43034074,0.56756,0.0011846276,M,M
M30_English_M_0033.npy,2.9358916,-1.9359827,0.52129453,-5.6516414,0.91137034,0.0069801817,0.08147957,0.00016989348,N,M
F04_Hindi_M_0090.npy,3.4593875,-3.3583565,1.4759502,-5.753264,0.8781255,0.00096083287,0.12082608,8.7609864e-05,N,M
F04_Hindi_M_0073.npy,-2.9690418,-2.7042773,5.4513607,-3.5753171,0.00022018778,0.00028693207,0.9993729,0.00012008564,M,M
M30_Hindi_M_0079.npy,-4.2382264,-1.9504979,5.065707,-1.8563496,9.088585e-05,0.00089545647,0.99802977,0.0009838581,M,M
M30_Hindi_M_0076.npy,-3.2108634,-2.127299,4.830495,-2.7476573,0.0003212982,0.000949498,0.9982186,0.00051059434,M,M
F04_Hindi_M_0066.npy,-4.3635306,-2.204202,5.8823385,-3.0267735,3.54869e-05,0.0003075052,0.99952185,0.00013508716,M,M
M17_English_M_0009.npy,-0.42543185,-1.5826305,3.123608,-5.194456,0.027698712,0.008707521,0.96335864,0.000235125,M,M
F04_Hindi_M_0031.npy,6.0206623,-5.9367704,1.7067487,-6.6173296,0.9867862,6.3266816e-06,0.013204267,3.203413e-06,N,M
M04_English_M_0026.npy,-5.8125687,3.0495346,2.0274634,-1.4485795,0.0001033146,0.7293305,0.2624488,0.008117424,L,M
F04_Hindi_M_0092.npy,-3.0579295,-1.9219985,5.087569,-4.5963216,0.00028967444,0.0009020664,0.99874604,6.22006e-05,M,M
M17_English_M_0085.npy,-5.484482,1.9496704,3.6763995,-3.9254868,8.915823e-05,0.15092899,0.848558,0.0004238618,M,M
M30_Hindi_M_0078.npy,-4.595833,-0.17960475,4.0794964,-2.4262109,0.0001680908,0.013915137,0.98444515,0.0014716305,M,M
M17_English_M_0049.npy,-2.267746,0.48998016,2.4072762,-4.0466814,0.008053624,0.12695698,0.8636299,0.0013595949,M,M
M17_Hindi_M_0006.npy,-3.727569,-0.8191482,5.0671105,-5.4251666,0.00015109045,0.002769161,0.9970521,2.766813e-05,M,M
F04_Hindi_M_0020.npy,-2.8348298,-3.0583856,5.4913626,-3.504694,0.00024195657,0.00019348552,0.9994407,0.00012382813,M,M
M30_English_M_0029.npy,-4.320006,-1.9393218,5.8144717,-3.678754,3.966578e-05,0.00042887815,0.9994561,7.531961e-05,M,M
M30_Hindi_M_0099.npy,-4.687261,-1.1555952,4.7992773,-1.8399131,7.5565775e-05,0.0025829019,0.9960387,0.0013029036,M,M
M17_English_M_0065.npy,-3.0656736,-1.1837403,4.3112626,-3.8391964,0.0006223894,0.0040867245,0.99500376,0.00028716086,M,M
F04_Hindi_M_0044.npy,-3.937355,-1.9295727,5.434228,-3.4077394,8.503513e-05,0.0006332384,0.9991373,0.00014441338,M,M
F04_English_M_0003.npy,8.783233,-4.677998,-2.6250784,-6.604049,0.99998724,1.4251351e-06,1.1102684e-05,2.0767445e-07,N,M
M30_Hindi_M_0094.npy,-2.1092944,-0.4057243,3.0772412,-3.843207,0.005390311,0.029611817,0.96404594,0.0009518865,M,M
F04_Hindi_M_0053.npy,-4.082526,-2.6169634,6.048906,-3.1160643,3.9795832e-05,0.00017231514,0.99968326,0.00010460835,M,M
F04_Hindi_M_0100.npy,-3.3334208,-0.7695032,4.5477276,-4.549312,0.00037577123,0.004879989,0.99463284,0.000111395704,M,M
F04_Hindi_M_0096.npy,-2.2805557,-2.6043804,4.480856,-2.5506244,0.0011542712,0.0008349731,0.9971296,0.00088108645,M,M
M04_English_M_0019.npy,-3.9919713,2.4329472,1.9627857,-3.3737042,0.0009945608,0.6136741,0.38348576,0.0018456155,L,M
M17_English_M_0087.npy,-5.071794,0.16590853,4.350794,-3.00501,7.960718e-05,0.014985032,0.9843066,0.0006288477,M,M
M30_Hindi_M_0072.npy,-4.236057,-1.7037755,5.3840504,-3.3552449,6.631006e-05,0.00083432544,0.99893934,0.00015999688,M,M
M17_English_M_0031.npy,-3.9286175,-1.2560569,5.116394,-4.3776984,0.00011775423,0.0017047271,0.99810237,7.5152406e-05,M,M
M30_Hindi_M_0063.npy,-3.9308054,-0.13136826,3.9729645,-3.3100092,0.00036297552,0.016216304,0.98274547,0.00067528285,M,M
M17_English_M_0089.npy,-4.5920315,-0.00065015256,4.5710354,-4.450419,0.00010374469,0.010232402,0.98954433,0.000119527445,M,M
M04_English_M_0051.npy,-4.5649166,4.412366,0.55838567,-3.3020792,0.00012355592,0.978696,0.020743662,0.0004368244,L,M
F04_Hindi_M_0056.npy,-3.245196,-1.9671396,5.1943774,-4.2937856,0.00021591182,0.000775049,0.9989334,7.566233e-05,M,M
M32_Marathi_M_0001.npy,-3.3757925,2.8443887,-0.8975385,0.81625795,0.0017185874,0.8640962,0.020486312,0.113698855,L,M
M30_Hindi_M_0038.npy,-2.661911,0.4023893,2.5697982,-3.095801,0.0047578304,0.10191022,0.890249,0.003082996,M,M
M30_English_M_0036.npy,-0.018796688,-2.2135847,3.0245736,-4.5747514,0.04525357,0.0050404407,0.9492306,0.00047536448,M,M
M17_English_M_0027.npy,0.9625652,-2.6875112,2.8913717,-5.849241,0.12644811,0.0032862772,0.8701264,0.00013918191,M,M
M30_Hindi_M_0007.npy,-3.9705482,-1.7027334,4.795476,-2.1925862,0.00015554039,0.0015022503,0.99742174,0.00092045404,M,M
M17_English_M_0003.npy,-2.245946,-0.6086311,3.68738,-5.109647,0.0026068415,0.0134026725,0.9838418,0.0001487391,M,M
F04_Hindi_M_0033.npy,0.9034782,-4.5470133,4.3157597,-5.5838885,0.03190791,0.00013701875,0.9679064,4.8581463e-05,M,M
F04_English_M_0005.npy,7.3784466,-4.415104,-1.7697697,-5.0621724,0.999882,7.552224e-06,0.00010639688,3.9541833e-06,N,M
M30_Hindi_M_0088.npy,-5.3227835,-0.49775887,4.7273602,-2.037522,4.2897413e-05,0.005344571,0.99346656,0.0011460467,M,M
F04_English_M_0012.npy,6.0463104,-3.8220687,-0.7907086,-4.7955303,0.99885666,5.172737e-05,0.001072071,1.9541214e-05,N,M
M30_Hindi_M_0015.npy,-4.054124,-1.4052225,4.7092886,-2.357431,0.00015584833,0.0022034612,0.99679035,0.00085028895,M,M
F04_English_M_0007.npy,7.87292,-5.726522,-0.18114062,-6.7410574,0.99968064,1.2407916e-06,0.0003177072,4.4987465e-07,N,M
M17_English_M_0045.npy,-2.7665253,-1.8835216,4.6029844,-4.005119,0.00062870805,0.0015203118,0.9976688,0.00018219433,M,M
M30_English_M_0066.npy,-5.1340013,0.13628848,4.7922225,-3.892029,4.8405363e-05,0.009413503,0.99037045,0.00016760039,M,M
M30_English_M_0001.npy,-3.078661,1.0404642,2.4665518,-4.16048,0.0031362372,0.19289558,0.8029051,0.0010631165,M,M
M17_English_M_0038.npy,-3.0377197,1.3380042,2.2138917,-4.0901103,0.0036802576,0.29257086,0.70246416,0.0012847865,M,M
M30_English_M_0021.npy,-1.3703291,-1.2281562,3.1487572,-4.9276786,0.010645883,0.012272319,0.97677827,0.0003035599,M,M
M30_Hindi_M_0100.npy,-4.193603,1.160273,1.5862992,-0.002661407,0.0016604706,0.3510671,0.5375402,0.109732196,M,M
M04_English_M_0033.npy,-5.0477657,1.7238873,1.7124135,0.7950596,0.00048046833,0.41933042,0.4145466,0.16564246,L,M
M30_English_M_0068.npy,-4.143201,4.21885,0.31700343,-3.3403454,0.00022876992,0.9794709,0.019789785,0.0005105927,L,M
M17_English_M_0079.npy,2.1234999,-3.0201876,2.4037273,-6.0172033,0.42926592,0.0025052512,0.56810373,0.00012510188,M,M
M30_Hindi_M_0030.npy,-2.4874628,-1.4711841,3.8633306,-3.0296772,0.0017322275,0.004785961,0.9924746,0.0010072195,M,M
M17_English_M_0086.npy,-3.5455842,1.0019845,3.4151638,-5.363381,0.00086957525,0.08209014,0.91689897,0.00014120435,M,M
F04_Hindi_M_0099.npy,-3.1401849,-1.9431223,4.686791,-3.6141505,0.00039804666,0.0013176851,0.99803644,0.00024779543,M,M
F04_Hindi_M_0113.npy,-1.6479878,-2.468566,4.372317,-4.319833,0.0024200575,0.001065254,0.9963475,0.00016728537,M,M
F04_Hindi_M_0005.npy,-4.3507204,0.8773956,3.2122018,-2.922076,0.000472349,0.08806535,0.9094912,0.001971131,M,M
M30_Hindi_M_0029.npy,-2.9190702,-2.1270301,4.6441894,-3.0092697,0.0005180716,0.0011438485,0.9978648,0.00047338734,M,M
M04_English_M_0008.npy,-3.054534,0.842195,2.4922063,-3.1175115,0.003251181,0.16009182,0.8336043,0.0030527443,M,M
M17_English_M_0110.npy,-0.3666799,-2.3280942,3.3806036,-5.058405,0.022959182,0.0032294234,0.9736008,0.00021055523,M,M
M30_English_M_0059.npy,-2.3805642,0.30119807,3.0336423,-5.3266416,0.0041625453,0.060818195,0.9348006,0.0002187227,M,M
M30_English_M_0051.npy,-4.630464,0.073626295,4.1994023,-3.2116253,0.0001438662,0.015882516,0.9833792,0.00059450086,M,M
M30_English_M_0027.npy,-2.7144928,-1.5347592,4.0484385,-3.1608515,0.0011493354,0.003739372,0.9943758,0.000735522,M,M
M04_English_M_0006.npy,-4.3142285,1.627488,2.3211267,-1.8627341,0.00086599385,0.3295865,0.6594971,0.010050443,M,M
M30_Hindi_M_0064.npy,-2.5045834,0.039172843,2.7825234,-3.7212732,0.0047215703,0.060093243,0.9337866,0.0013985714,M,M
M17_English_M_0113.npy,-1.495281,-1.9860865,4.477662,-5.595104,0.0025362144,0.0015525016,0.9958692,4.20393e-05,M,M
M30_Hindi_M_0092.npy,-2.2742076,1.1558886,1.7036452,-3.570349,0.011688328,0.36093104,0.62418294,0.003197755,M,M
M32_Marathi_M_0007.npy,-2.8636582,2.1752446,-0.6486766,0.60212344,0.005090009,0.7853915,0.046630796,0.16288775,L,M
M04_English_M_0041.npy,-5.1168303,3.5492167,-0.11009761,1.0433487,0.000155607,0.9029123,0.023250138,0.07368192,L,M
M30_Hindi_M_0080.npy,-3.8501127,-2.3686213,5.61205,-2.8720505,7.76896e-05,0.0003417956,0.999374,0.00020659989,M,M
M04_English_M_0012.npy,-4.5655727,-0.031742916,3.4936783,-1.0051093,0.000303747,0.028283244,0.96072733,0.010685662,M,M
M04_English_M_0032.npy,-5.6891932,0.63611734,4.41512,-2.7638943,3.9957813e-05,0.022317681,0.9768976,0.0007448053,M,M
M04_English_M_0005.npy,-4.126518,2.3811202,2.290202,-3.777083,0.00077842094,0.52172995,0.47638762,0.0011040078,L,M
F04_Hindi_M_0048.npy,-3.2224422,-1.6346122,4.8688536,-4.2175174,0.00030560687,0.0014953702,0.998086,0.000112981514,M,M
M17_English_M_0022.npy,-3.6109605,-1.0431885,4.450728,-3.7150967,0.0003139149,0.004092428,0.9953107,0.0002828694,M,M
F04_Hindi_M_0104.npy,0.45511922,-3.4499347,3.5828643,-5.335849,0.04193636,0.00084459304,0.9570909,0.00012811662,M,M
F04_Hindi_M_0014.npy,-2.7551377,-2.24542,4.8362684,-3.980029,0.0005040182,0.00083910004,0.9985089,0.00014807528,M,M
M30_Hindi_M_0042.npy,-4.1026316,-1.7060896,5.2593417,-2.8870041,8.581716e-05,0.0009427117,0.9986821,0.00028941038,M,M
M30_Hindi_M_0055.npy,-3.6738555,-2.008766,5.1500244,-3.1806674,0.00014700474,0.0007770887,0.99883515,0.0002407244,M,M
