filename,score_N,score_L,score_M,score_H,prob_N,prob_L,prob_M,prob_H,predict class,actual class
M22_Hindi_H_0005.npy,-3.3489747,1.362809,2.7193086,-3.4412074,0.0018345233,0.20409144,0.79240113,0.0016728889,M,H
M22_Hindi_H_0014.npy,-3.0910482,0.79008055,-0.73712397,1.8033973,0.00516658,0.25047013,0.054387547,0.6899757,H,H
M22_Hindi_H_0037.npy,3.0634491,1.1800047,0.36499962,-4.694145,0.8198048,0.124663964,0.055180885,0.00035045328,N,H
M22_Hindi_H_0024.npy,-1.8849026,2.2190049,2.6179178,-4.6335697,0.0065827616,0.39876089,0.59423494,0.00042138307,M,H
M22_Hindi_H_0040.npy,-2.03725,-1.4142094,4.1908,-2.8323689,0.001960467,0.0036554653,0.9934989,0.00088520494,M,H
M22_Hindi_H_0059.npy,-1.7294607,1.1413349,-0.18683751,0.05468759,0.034150198,0.60278714,0.15971512,0.2033476,L,H
M22_Hindi_H_0041.npy,4.332567,0.6791294,-0.6107509,-5.4180827,0.9679689,0.025072262,0.006902485,5.6390734e-05,N,H
M22_Hindi_H_0039.npy,-2.4657698,4.6877337,1.210877,-5.057193,0.0007580547,0.96923167,0.029953524,5.6788424e-05,L,H
M22_Hindi_H_0042.npy,6.3666778,2.4825518,2.2886422,-11.991586,0.9638493,0.01982233,0.016328298,1.0259278e-08,N,H
M22_Hindi_H_0001.npy,-0.5360175,3.4839451,1.356386,-5.6133175,0.01578767,0.87935793,0.10475589,9.84634e-05,L,H
M22_Hindi_H_0006.npy,-0.26887012,-0.9603166,6.1183467,-6.658211,0.0016786894,0.00084077317,0.9974778,2.8191268e-06,M,H
M22_Hindi_H_0048.npy,-1.0507945,1.9963808,5.6274085,-7.377774,0.0012240696,0.025773749,0.97300005,2.1879328e-06,M,H
M22_Hindi_H_0058.npy,-2.1806424,0.6231316,5.30972,-5.583726,0.0005530237,0.009128665,0.9902998,1.8399382e-05,M,H
M22_Hindi_H_0002.npy,-3.5180523,0.16343182,2.146393,-1.1825681,0.0029457884,0.11696336,0.84964776,0.030443143,M,H
M22_Hindi_H_0051.npy,-1.6439123,2.006247,2.1171815,-3.6975756,0.012105879,0.4658439,0.5204975,0.0015527502,M,H
M22_Hindi_H_0031.npy,-2.271193,-2.3230627,6.0220532,-4.099524,0.00025006887,0.00023742861,0.9994723,4.0181447e-05,M,H
M22_Hindi_H_0019.npy,1.4830971,1.4296559,5.0225234,-8.644003,0.027476186,0.026046377,0.9464764,1.0985318e-06,M,H
M22_Hindi_H_0045.npy,6.500332,4.048171,-0.94178677,-11.19492,0.92022276,0.079237916,0.00053928944,1.9008285e-08,N,H
M22_Hindi_H_0020.npy,-1.7046506,-0.05812949,3.4773288,-3.4973254,0.005423281,0.028140835,0.96553284,0.000903053,M,H
M22_Hindi_H_0025.npy,-1.3029225,0.60824794,5.2565207,-6.1320467,0.0014012515,0.009473859,0.9891137,1.1200938e-05,M,H
M22_Hindi_H_0056.npy,1.8872774,3.6953075,2.3771236,-9.6447735,0.11454102,0.6985195,0.1869384,1.1237116e-06,L,H
M22_Hindi_H_0043.npy,-0.8096374,1.8065723,0.92013264,-3.0816197,0.048956674,0.66991144,0.27608418,0.005047804,L,H
M22_Hindi_H_0049.npy,-2.1128478,2.4348452,2.6189425,-4.532808,0.004784646,0.45173928,0.5430506,0.00042547545,M,H
M22_Hindi_H_0035.npy,-1.0391434,-0.017371846,3.2754242,-3.658938,0.012717436,0.035330456,0.951026,0.00092605565,M,H
M22_Hindi_H_0053.npy,0.14061153,1.6228608,3.617355,-6.723105,0.026484398,0.11660653,0.85688144,2.7676815e-05,M,H
M22_Hindi_H_0010.npy,-2.47706,0.59222454,1.4697791,-1.386348,0.012940902,0.27857232,0.66996956,0.038517203,M,H
M22_Hindi_H_0028.npy,0.21694157,0.2431359,4.855639,-6.351368,0.00948429,0.009736009,0.9807664,1.3317556e-05,M,H
M22_Hindi_H_0052.npy,-1.3364807,1.347972,3.8482525,-5.077592,0.005149337,0.07543874,0.9192897,0.0001221821,M,H
M22_Hindi_H_0003.npy,-0.37540743,-0.3740183,3.3126996,-4.381799,0.023815928,0.023849035,0.9519016,0.00043342466,M,H
M22_Hindi_H_0029.npy,3.7582815,1.7413598,3.7094262,-10.14397,0.47952792,0.06380813,0.4566635,4.3968626e-07,N,H
M22_Hindi_H_0038.npy,-1.9329201,-0.44139045,2.1372592,-1.1886482,0.01512487,0.06721323,0.8858254,0.03183647,M,H
M22_Hindi_H_0046.npy,1.894227,-0.09440596,5.533417,-8.741415,0.025511565,0.003492084,0.9709957,6.1338994e-07,M,H
M22_Hindi_H_0007.npy,2.0930758,0.18928085,3.2043154,-6.633273,0.23881814,0.0355844,0.7255587,3.8749156e-05,M,H
M22_Hindi_H_0013.npy,-3.2323253,-0.5279173,1.6804057,-0.43697405,0.005940916,0.08878977,0.8080262,0.09724318,M,H
M22_Hindi_H_0017.npy,-1.9089663,-0.6516125,1.1682429,-0.52631736,0.033113334,0.116429955,0.71848536,0.13197137,M,H
M22_Hindi_H_0009.npy,-3.827304,0.98860615,3.8843844,-3.760439,0.00042375777,0.052316748,0.9468065,0.00045306107,M,H
M22_Hindi_H_0022.npy,-2.192915,-0.8686707,4.789575,-4.0909324,0.00092378113,0.0034728097,0.995465,0.00013844286,M,H
M22_Hindi_H_0057.npy,0.23337042,0.23696214,4.6433864,-7.166742,0.011865917,0.011908616,0.9762182,7.2522603e-06,M,H
M22_Hindi_H_0027.npy,-0.82472724,2.3955262,5.5894885,-8.714373,0.0015711006,0.039331652,0.9590967,5.885376e-07,M,H
M22_Hindi_H_0012.npy,-1.4112736,2.1934786,3.839306,-6.768406,0.0043772473,0.16096264,0.83463943,2.063613e-05,M,H
M22_Hindi_H_0033.npy,-1.2764286,0.65948117,5.1443534,-6.343589,0.0016066319,0.0111345155,0.98724884,1.0122248e-05,M,H
M22_Hindi_H_0018.npy,-2.05061,0.38439357,4.2307153,-4.654919,0.0018281991,0.02087047,0.9771662,0.00013520304,M,H
M22_Hindi_H_0054.npy,5.7950487,1.5254793,2.262139,-10.520383,0.9585819,0.013408458,0.028009549,7.8691414e-08,N,H
M22_Hindi_H_0015.npy,-1.3705285,-0.37143534,3.7218862,-3.6223755,0.006002274,0.01630109,0.9770651,0.0006314678,M,H
M22_Hindi_H_0030.npy,1.6740497,0.78213054,7.2289224,-10.489934,0.0038475762,0.0015770001,0.9945754,2.0064853e-08,M,H
M22_Hindi_H_0004.npy,0.8251123,-2.3045313,4.514155,-5.3485785,0.024359146,0.0010653074,0.9745248,5.0753035e-05,M,H
M22_Hindi_H_0016.npy,-0.82158524,2.5074449,4.294482,-7.8243504,0.0051127155,0.14270231,0.8521803,4.649319e-06,M,H
M22_Hindi_H_0008.npy,0.5147485,2.7800934,4.715983,-9.263474,0.012919362,0.12447091,0.86260897,7.3217103e-07,M,H
M22_Hindi_H_0055.npy,2.0983744,3.0853653,1.707304,-8.345044,0.22938357,0.6154702,0.1551396,6.684105e-06,L,H
M22_Hindi_H_0047.npy,-1.3690176,-0.79121035,3.4782407,-3.388576,0.007674273,0.013676527,0.9776308,0.0010184844,M,H
M22_Hindi_H_0021.npy,-2.0868268,1.7194332,3.6032054,-5.1749234,0.0029245706,0.13155268,0.86538947,0.00013332721,M,H
M22_Hindi_H_0032.npy,-0.99350137,-0.61364096,3.7582095,-4.1095486,0.008453898,0.012360279,0.978811,0.0003747788,M,H
M22_Hindi_H_0011.npy,-2.9956584,3.7126052,1.510976,-4.94024,0.0010978078,0.8992658,0.099479295,0.00015703813,L,H
M22_Hindi_H_0044.npy,-0.54208183,3.2660286,2.914731,-7.155322,0.012856398,0.5793762,0.4077501,1.72594e-05,L,H
M22_Hindi_H_0026.npy,-0.9263345,2.7262561,4.4163065,-7.961781,0.004021888,0.15514217,0.8408324,3.5397625e-06,M,H
M22_Hindi_H_0050.npy,-0.36025235,-3.2231429,3.0786521,-1.8855199,0.03083804,0.0017609592,0.9606918,0.006709214,M,H
M22_Hindi_H_0023.npy,-2.3954268,3.335769,2.1198552,-5.6478043,0.0024951368,0.76934457,0.22806376,9.65172e-05,L,H
M22_Hindi_H_0034.npy,-1.3253937,-0.97597605,7.725664,-7.5992403,0.00011723365,0.00016626563,0.9997162,2.2098119e-07,M,H
M22_Hindi_H_0036.npy,-3.235474,4.472074,2.103361,-6.4524045,0.00041078054,0.9140195,0.08555324,1.6463218e-05,L,H
F04_Hindi_M_0091.npy,-3.3657455,1.3551651,1.8095052,-2.4194875,0.0034166127,0.38358474,0.60419726,0.008801377,M,M
M30_English_M_0070.npy,-4.499076,1.4017099,1.7857463,-1.8735563,0.0010911011,0.39860597,0.58523285,0.0150700165,M,M
M30_Hindi_M_0030.npy,-7.1565075,4.397931,8.19337,-10.632849,2.1085357e-07,0.021979101,0.9780206,6.5196692e-09,M,M
M30_English_M_0037.npy,-3.8002284,-1.9819349,8.346246,-6.338939,5.3068484e-06,3.2697273e-05,0.9999615,4.1907205e-07,M,M
M30_English_M_0073.npy,0.19628266,2.1853173,2.8474793,-6.3433385,0.04448219,0.325097,0.63035655,6.427836e-05,M,M
M30_Hindi_M_0065.npy,-6.718443,5.1142645,4.3708024,-7.8684907,4.9225346e-06,0.6777481,0.32224548,1.5585802e-06,L,M
M30_English_M_0017.npy,-3.9751263,1.1447862,5.710039,-6.342155,6.155459e-05,0.010299359,0.9896333,5.7712873e-06,M,M
M17_English_M_0073.npy,0.66463304,1.0609739,3.8875992,-6.22796,0.0362452,0.053873986,0.909844,3.6798934e-05,M,M
M17_English_M_0029.npy,-3.1530724,5.365434,2.1136813,-8.2135,0.00019225718,0.9625497,0.03725674,1.2194589e-06,L,M
F04_Hindi_M_0089.npy,-3.0371664,-1.6145974,6.214955,-4.052129,9.585735e-05,0.0003975934,0.9994717,3.4740217e-05,M,M
M17_Hindi_M_0003.npy,-4.805904,3.2242076,8.299472,-10.6724205,2.0216282e-06,0.006210611,0.9937874,5.726706e-09,M,M
M04_English_M_0022.npy,-3.6165352,-0.4246884,-2.2371862,3.1910067,0.0010707212,0.026054207,0.004253241,0.96862185,H,M
M17_English_M_0053.npy,-0.5741734,1.2300721,5.7610707,-8.156615,0.0017507523,0.010636495,0.98761183,8.9168583e-07,M,M
F04_Hindi_M_0100.npy,-1.4985676,0.4982685,3.5428035,-3.7573066,0.0061292467,0.0451463,0.94808406,0.0006403972,M,M
M04_English_M_0029.npy,-3.9767933,3.852234,0.123135895,-2.1901941,0.00038762853,0.9739105,0.023387961,0.0023138004,L,M
M30_English_M_0050.npy,-1.9744006,-1.7580156,6.6511493,-5.514011,0.00017938834,0.00022272521,0.9995927,5.2066835e-06,M,M
F04_Hindi_M_0013.npy,-1.6176547,-2.9167457,7.8057194,-6.2695823,8.0804515e-05,2.2041819e-05,0.9998964,7.711325e-07,M,M
F04_Hindi_M_0045.npy,-2.8578959,1.82571,4.130827,-5.9548345,0.00083784363,0.09062065,0.9085037,3.7859932e-05,M,M
M17_English_M_0086.npy,-0.9821038,2.7043524,4.760356,-8.480395,0.0028349955,0.113125354,0.8840381,1.5706729e-06,M,M
M04_English_M_0016.npy,-4.1432467,3.0747397,0.65172446,-1.8657814,0.0006687207,0.911961,0.08084891,0.0065213153,L,M
M30_English_M_0030.npy,-5.2892537,-4.2293196,10.996935,-6.19062,8.4527535e-08,2.4396167e-07,0.99999964,3.431938e-08,M,M
M30_English_M_0022.npy,-3.440125,-0.6992825,10.271309,-9.353945,1.1096658e-06,1.7199853e-05,0.99998176,2.9981457e-09,M,M
M30_English_M_0044.npy,-3.7219906,-0.93772686,6.1566358,-5.0674996,5.121286e-05,0.0008290279,0.99910635,1.3336187e-05,M,M
F04_Hindi_M_0002.npy,-6.0944314,0.5088226,9.157633,-7.976303,2.3770409e-07,0.00017530454,0.99982446,3.620345e-08,M,M
F04_Hindi_M_0115.npy,0.14828387,1.1178186,7.370103,-10.375943,0.00072853715,0.0019209468,0.99735045,1.9581138e-08,M,M
F04_Hindi_M_0027.npy,-5.1663194,-2.565626,7.1686587,-3.801331,4.3949303e-06,5.9213246e-05,0.9999192,1.7209128e-05,M,M
M30_Hindi_M_0097.npy,-6.8515816,1.9054713,2.840103,-1.5870134,4.399046e-05,0.27957502,0.7118749,0.00850612,M,M
F04_Hindi_M_0055.npy,1.2377803,2.934941,4.4462633,-9.930966,0.032051317,0.17494978,0.79299843,4.5218988e-07,M,M
M17_English_M_0112.npy,-1.0808185,0.31777596,4.703537,-5.712261,0.0030281772,0.012262615,0.98467976,2.9496558e-05,M,M
M30_Hindi_M_0014.npy,-6.2330456,3.3827946,3.4535542,-5.168562,3.2149354e-05,0.482257,0.51761764,9.321195e-05,M,M
M04_English_M_0006.npy,-2.5271575,3.5324194,3.4319537,-7.0089,0.0012247828,0.52444494,0.47431645,1.3856798e-05,L,M
F04_Hindi_M_0109.npy,-4.754911,0.84306353,3.0956213,-2.2812352,0.00035089612,0.0946996,0.90078574,0.004163727,M,M
F04_Hindi_M_0112.npy,-3.9369109,2.375028,6.173484,-8.329333,3.976224e-05,0.021913461,0.9780463,4.918877e-07,M,M
M04_English_M_0047.npy,-4.009839,4.791882,-0.15313888,-2.9996881,0.0001493266,0.99237615,0.0070644952,0.00041005336,L,M
M04_English_M_0009.npy,-3.7141867,4.694516,3.8038664,-8.547206,0.00015802967,0.70891124,0.29092938,1.2583025e-06,L,M
M17_Hindi_M_0005.npy,-1.3653508,-0.81961817,7.7591934,-7.2290573,0.00010892605,0.00018799241,0.99970275,3.0942564e-07,M,M
M17_English_M_0012.npy,-2.7959223,0.7718027,5.9685874,-6.7862763,0.00015529462,0.005503,0.9943388,2.8718878e-06,M,M
M04_English_M_0011.npy,-2.752654,6.6931534,0.7845734,-7.144861,7.8799836e-05,0.99721175,0.0027084681,9.750211e-07,L,M
M30_Hindi_M_0074.npy,-6.048788,-0.9441785,9.334911,-6.934831,2.084151e-07,3.434258e-05,0.9999653,8.5926146e-08,M,M
M30_Hindi_M_0041.npy,-6.604274,-1.2782809,9.809837,-6.9453425,7.4376366e-08,1.5292715e-05,0.9999845,5.2882367e-08,M,M
M17_English_M_0043.npy,0.54756546,-1.3000988,5.5278745,-6.3617606,0.0068176575,0.0010744958,0.992101,6.8069567e-06,M,M
M17_English_M_0084.npy,-0.61006814,5.0850024,4.2509823,-11.196288,0.0023388658,0.69557357,0.3020875,5.908383e-08,L,M
M30_English_M_0059.npy,-4.77676,-0.011752127,4.754129,-3.4893904,7.193832e-05,0.008440674,0.99122673,0.00026065033,M,M
M17_English_M_0056.npy,-3.3684688,3.3523903,2.7065609,-6.1038094,0.0007902283,0.65551794,0.34364054,5.1263618e-05,L,M
F04_Hindi_M_0078.npy,0.7182664,2.9822886,3.2090595,-7.780485,0.044066917,0.42399916,0.5319249,8.977422e-06,M,M
M30_English_M_0072.npy,-2.6709194,0.80673856,4.571386,-5.284411,0.0006989251,0.022633845,0.976616,5.1216e-05,M,M
M30_Hindi_M_0078.npy,-6.8973536,2.813358,1.6204361,-1.9452623,4.6213318e-05,0.76221156,0.23120439,0.0065378207,L,M
M17_English_M_0089.npy,-0.60149735,2.1660726,4.23091,-7.2421246,0.0070207994,0.11177042,0.8811996,9.170626e-06,M,M
F04_Hindi_M_0088.npy,0.5617514,3.7014055,4.709267,-10.38178,0.0114452485,0.26433808,0.7242165,2.0225993e-07,M,M
M30_English_M_0046.npy,-6.4312224,-2.0020595,6.4359584,-2.6630936,2.5805405e-06,0.0002164072,0.9996692,0.0001117347,M,M
M30_English_M_0019.npy,-5.300253,1.3770084,3.1788478,-2.1280603,0.00017755291,0.14100218,0.85458386,0.004236369,M,M
F04_Hindi_M_0068.npy,-2.3523393,2.7266028,4.297378,-7.749242,0.0010704639,0.17192084,0.8270039,4.8498378e-06,M,M
M30_Hindi_M_0089.npy,-6.5016613,2.3714573,4.4286237,-5.124775,1.5876889e-05,0.113321334,0.88659984,6.291288e-05,M,M
M04_English_M_0044.npy,-3.6637697,4.4700165,0.8065525,-4.596184,0.00028600392,0.974609,0.024992414,0.00011257182,L,M
F04_Hindi_M_0099.npy,-1.9047376,1.9058719,3.7855203,-5.836025,0.0029225447,0.13203463,0.8649854,5.733563e-05,M,M
M17_English_M_0031.npy,-3.4209976,2.694491,4.5991807,-7.292637,0.0002860775,0.12954076,0.87016714,5.9573363e-06,M,M
M17_English_M_0057.npy,-3.24025,0.34808496,4.1679935,-3.863418,0.0005926851,0.021439672,0.9776498,0.000317823,M,M
F04_Hindi_M_0005.npy,-6.241848,3.3354146,6.056934,-8.489262,4.276015e-06,0.061715145,0.9382801,4.518558e-07,M,M
M17_English_M_0002.npy,0.84752506,-1.6393057,7.647946,-9.0497675,0.0011119656,9.248569e-05,0.9987955,5.5943758e-08,M,M
M17_English_M_0014.npy,-1.3917154,1.2877749,5.354512,-7.3239985,0.0011541701,0.016825106,0.98201764,3.0613437e-06,M,M
F04_Hindi_M_0049.npy,-3.0525212,-0.9917558,7.9395037,-6.674029,1.6832908e-05,0.00013217171,0.9998505,4.501511e-07,M,M
M30_Hindi_M_0012.npy,-4.3331833,5.022479,5.9406924,-10.934661,2.4672428e-05,0.285315,0.7146602,3.3514056e-08,M,M
M30_Hindi_M_0066.npy,-6.877548,4.7743073,2.5865014,-6.103322,7.825001e-06,0.8991268,0.100848384,1.6971748e-05,L,M
M30_Hindi_M_0102.npy,-8.087924,1.3535272,6.959466,-4.9744816,2.9067328e-07,0.0036624796,0.9963308,6.539672e-06,M,M
F04_Hindi_M_0082.npy,-0.6319821,-1.0346016,6.5736575,-7.0102506,0.00074146764,0.0004957204,0.99876153,1.2590573e-06,M,M
M17_English_M_0040.npy,0.8100471,0.26934287,4.4528394,-6.0890374,0.02513719,0.014638341,0.96019906,2.5356094e-05,M,M
M30_Hindi_M_0077.npy,-2.8956175,0.8525832,4.5630774,-5.2946467,0.0005622976,0.023866517,0.97552013,5.1060026e-05,M,M
M04_English_M_0032.npy,-3.9337826,1.9021,0.9689156,-0.9315493,0.0020074279,0.6872767,0.27030545,0.040410426,L,M
M30_Hindi_M_0053.npy,-4.5443316,1.7420541,4.371524,-5.667891,0.00012519272,0.06725455,0.9325795,4.07027e-05,M,M
M30_Hindi_M_0091.npy,-5.578624,3.708494,3.3206742,-5.7634697,5.5167297e-05,0.5956975,0.40420142,4.5856843e-05,L,M
M30_English_M_0071.npy,-4.6523314,2.3309348,2.1014931,-2.8667874,0.00051473995,0.5551134,0.44130257,0.0030693011,L,M
M32_Marathi_M_0003.npy,-7.2627616,2.875192,1.488704,-1.0480814,3.114716e-05,0.7875458,0.19684835,0.015574707,L,M
M17_English_M_0103.npy,0.57455134,-0.06642744,5.034489,-6.5411053,0.011362379,0.005985438,0.982643,9.229521e-06,M,M
M30_English_M_0041.npy,-4.2777314,4.4631705,2.8733175,-7.224319,0.00013280161,0.8304793,0.16938089,6.974557e-06,L,M
F04_English_M_0018.npy,4.833988,-3.381768,7.0767446,-11.974887,0.09597363,2.5947438e-05,0.90400046,4.810055e-09,M,M
M17_English_M_0113.npy,-1.5046576,2.2606823,5.0150175,-7.5168633,0.0013840087,0.05975926,0.9388534,3.3889946e-06,M,M
M30_Hindi_M_0082.npy,-7.02814,-0.6590051,5.2392287,-1.0874994,4.681486e-06,0.002731893,0.99548364,0.0017797997,M,M
F04_Hindi_M_0071.npy,-1.6185052,-2.575056,9.204823,-7.4648013,1.992858e-05,7.656878e-06,0.99997234,5.7605263e-08,M,M
F04_Hindi_M_0012.npy,-2.0282376,-1.2157794,6.3275094,-5.692647,0.00023486077,0.00052924495,0.9992298,6.016966e-06,M,M
M17_English_M_0026.npy,-0.8389104,3.1466682,4.413094,-8.593047,0.0040689195,0.21897471,0.7769547,1.7454208e-06,M,M
M30_English_M_0040.npy,-3.3464212,0.31903467,4.6840215,-4.644693,0.00032118705,0.012550051,0.987041,8.768514e-05,M,M
F04_Hindi_M_0095.npy,-4.4144115,-2.8723557,1.7633338,1.2536794,0.0012869023,0.006015225,0.6201636,0.37253428,M,M
M17_English_M_0070.npy,-0.42585796,-0.7855127,6.162224,-6.3147154,0.0013734625,0.00095856295,0.9976642,3.8046837e-06,M,M
M30_Hindi_M_0069.npy,-7.1753855,3.2659993,2.3736017,-3.0346894,2.068578e-05,0.7084479,0.2902315,0.0013000305,L,M
M17_English_M_0054.npy,-1.2022513,3.1358907,5.424355,-9.587963,0.001201228,0.091972224,0.90682626,2.7400426e-07,M,M
F04_Hindi_M_0023.npy,-2.0174427,-1.6153504,8.059351,-7.320693,4.2039588e-05,6.284704e-05,0.99989486,2.091636e-07,M,M
F04_Hindi_M_0108.npy,-0.6971486,-3.8296003,9.329357,-8.079246,4.4210352e-05,1.9280458e-06,0.99995387,2.7511826e-08,M,M
M04_English_M_0037.npy,-3.3055625,3.410978,1.5761846,-4.5827227,0.00104265,0.861182,0.13748467,0.00029071985,L,M
M30_Hindi_M_0023.npy,-6.2378545,-1.9131345,7.266104,-3.7309651,1.3653771e-06,0.00010314657,0.99987876,1.6748689e-05,M,M
M30_English_M_0033.npy,-0.8051196,-2.3893006,7.6580005,-6.724309,0.00021105846,4.3291413e-05,0.9997451,5.671943e-07,M,M
M30_English_M_0023.npy,-0.8267775,1.3558453,4.495641,-6.45448,0.004656535,0.04130132,0.9540254,1.6748767e-05,M,M
M30_Hindi_M_0070.npy,-2.9571087,-0.5218219,5.483769,-4.713898,0.00021527542,0.0024582506,0.9972893,3.715614e-05,M,M
M30_Hindi_M_0050.npy,-3.6376255,-0.3123153,5.511168,-4.733753,0.000106019485,0.0029481486,0.9969104,3.542775e-05,M,M
M04_English_M_0050.npy,-6.7328386,3.6402376,0.037175868,-0.40683445,2.9924015e-05,0.9571714,0.026073534,0.016725099,L,M
F04_Hindi_M_0053.npy,-2.7362106,-3.3267732,7.2279787,-4.4802556,4.705135e-05,2.6067173e-05,0.9999186,8.225132e-06,M,M
M17_English_M_0114.npy,-1.7019529,4.749211,7.030728,-12.797572,0.00014626782,0.09265178,0.90720206,2.2201512e-09,M,M
M30_Hindi_M_0054.npy,-5.6184015,-0.8834612,6.7888613,-4.0749073,4.086787e-06,0.00046530805,0.9995115,1.9129915e-05,M,M
M30_English_M_0032.npy,-4.566757,-1.7751309,6.695956,-3.832488,1.2839779e-05,0.00020938489,0.99975103,2.6757567e-05,M,M
M30_Hindi_M_0055.npy,-2.3021853,-1.179909,6.03217,-4.740269,0.00023988435,0.00073688605,0.9990023,2.0948632e-05,M,M
F04_Hindi_M_0014.npy,-1.4940155,-2.2999835,9.049028,-7.8801937,2.637531e-05,1.1780669e-05,0.99996185,4.443403e-08,M,M
M30_Hindi_M_0027.npy,-4.294195,0.23708859,6.066928,-6.167348,3.1545056e-05,0.0029298333,0.99703383,4.846536e-06,M,M
F04_Hindi_M_0030.npy,-3.8297787,-0.7831842,8.826651,-7.497622,3.1867796e-06,6.70612e-05,0.99992967,8.136322e-08,M,M
F04_Hindi_M_0039.npy,-4.396569,6.072389,2.5371044,-8.436343,2.7599315e-05,0.971648,0.02832398,4.8578795e-07,L,M
M30_English_M_0060.npy,-4.2301054,1.6383612,7.093756,-7.472015,1.202962e-05,0.0042549544,0.9957326,4.7022826e-07,M,M
F04_Hindi_M_0093.npy,0.29499218,0.82529485,6.3485823,-7.988491,0.0023346043,0.0039675366,0.99369735,5.8985097e-07,M,M
F04_Hindi_M_0084.npy,-2.2970285,-2.8506486,7.6743274,-5.4708457,4.6715664e-05,2.6855194e-05,0.9999244,1.954749e-06,M,M
M04_English_M_0051.npy,-4.4189568,7.368846,0.9806243,-7.6678,7.5838443e-06,0.9983138,0.0016784082,2.943979e-07,L,M
M30_English_M_0036.npy,-2.438348,-0.5403008,7.410512,-7.372025,5.2785967e-05,0.0003522328,0.9995946,3.8005763e-07,M,M
F04_Hindi_M_0105.npy,-1.4158654,-0.85676396,4.4913898,-4.5341206,0.0026991365,0.004721061,0.9924604,0.000119394324,M,M
F04_Hindi_M_0050.npy,-3.4031897,-0.42827561,6.580466,-5.6130013,4.6104014e-05,0.0009030831,0.9990458,5.0585945e-06,M,M
M30_Hindi_M_0018.npy,-5.245415,2.0065665,6.8806057,-8.267876,5.375605e-06,0.007584427,0.99240994,2.6169124e-07,M,M
M30_Hindi_M_0046.npy,-2.4688413,4.990094,2.7877767,-8.772415,0.0005186362,0.89998955,0.09949084,9.489767e-07,L,M
M17_English_M_0105.npy,-1.2040436,1.2711245,5.8855677,-7.6297464,0.0008248603,0.009802393,0.9893714,1.3357742e-06,M,M
M04_English_M_0054.npy,-2.980854,4.9655924,2.3142335,-7.2164936,0.00033048177,0.93378156,0.06588321,4.782253e-06,L,M
M30_Hindi_M_0003.npy,-3.3070407,1.2461125,6.1995926,-7.636223,7.3830204e-05,0.0070087975,0.99291635,9.729586e-07,M,M
M30_Hindi_M_0016.npy,-4.517932,0.9612592,3.750396,-3.006012,0.00024133532,0.057836656,0.94082737,0.0010945594,M,M
M30_English_M_0015.npy,-0.42437974,0.03178881,3.5323737,-4.106772,0.018218096,0.028748456,0.952575,0.0004584166,M,M
F04_English_M_0013.npy,1.7614139,-0.92309594,7.5252347,-9.3441,0.0031286036,0.00021354164,0.9966577,4.7020457e-08,M,M
M32_Marathi_M_0006.npy,-0.496389,2.3684409,1.4280303,-4.5166254,0.03934656,0.69037735,0.2695699,0.00070622057,L,M
M17_English_M_0009.npy,-2.4266152,6.395508,1.6809429,-8.826659,0.00014610388,0.99097085,0.008882832,2.4274917e-07,L,M
M04_English_M_0023.npy,-3.7333033,2.5192387,1.6944746,-3.2248735,0.0013339792,0.69277716,0.30367082,0.002217979,L,M
F04_Hindi_M_0111.npy,0.63739944,0.7641202,0.08471012,-3.082924,0.36566725,0.41506892,0.21040505,0.008858706,L,M
M17_English_M_0109.npy,-1.0760993,0.22104198,5.987153,-6.6514444,0.00085258664,0.0031194636,0.9960246,3.231446e-06,M,M
M30_English_M_0008.npy,-6.5042524,1.5287482,6.067269,-5.7533984,3.432695e-06,0.010576043,0.98941326,7.2732273e-06,M,M
M32_Marathi_M_0010.npy,-1.7323327,4.2148905,2.806585,-8.223627,0.0020952055,0.80181247,0.19608915,3.1775567e-06,L,M
M30_Hindi_M_0064.npy,-7.9345136,-0.22935033,7.3363833,-3.8676443,2.3318621e-07,0.0005176219,0.9994685,1.3612e-05,M,M
M30_English_M_0039.npy,-0.30874315,-2.9809306,9.161141,-8.359879,7.7133926e-05,5.3300273e-06,0.9999175,2.4585685e-08,M,M
M30_English_M_0004.npy,-2.7707486,2.1463702,3.0818212,-5.3389153,0.0020584061,0.28119555,0.71658826,0.0001578303,M,M
F04_Hindi_M_0072.npy,-3.6115808,5.90102,1.8951887,-8.164006,7.258737e-05,0.98204446,0.01788219,7.651874e-07,L,M
M32_Marathi_M_0002.npy,-5.5762157,-0.45767975,2.8813689,-0.62106067,0.00019917698,0.03328059,0.9382561,0.028264131,M,M
M30_Hindi_M_0092.npy,-3.4254425,4.1592197,4.066363,-8.477443,0.0002658107,0.5230576,0.4766749,1.7002653e-06,L,M
F04_English_M_0010.npy,-2.2381418,-2.4735076,4.4327097,-2.0970302,0.0012626115,0.0009978187,0.99628556,0.0014539646,M,M
M04_English_M_0031.npy,-5.8287106,4.3531265,1.676686,-4.559947,3.540909e-05,0.9354711,0.064367555,0.00012593075,L,M
M30_Hindi_M_0087.npy,-5.139859,-2.4097412,6.1286607,-1.7018577,1.2760883e-05,0.00019568442,0.9993944,0.0003971788,M,M
M17_English_M_0038.npy,2.7261496,3.0166924,2.3618684,-9.246625,0.32983103,0.44103462,0.22913224,2.0824843e-06,L,M
M17_English_M_0058.npy,-0.8166253,-2.9496584,9.36219,-8.446085,3.7964528e-05,4.4979397e-06,0.99995756,1.8447857e-08,M,M
M17_Hindi_M_0001.npy,-0.5468961,3.1829655,2.925339,-7.7710156,0.013354214,0.55651474,0.43012127,9.732468e-06,L,M
M04_English_M_0017.npy,-4.894704,3.9328861,0.50640416,-3.0478172,0.00014186765,0.9675135,0.03144523,0.00089944806,L,M
M30_Hindi_M_0035.npy,-4.842559,1.6381218,5.637154,-5.898731,2.7593842e-05,0.01800264,0.9819602,9.596719e-06,M,M
F04_Hindi_M_0059.npy,-3.5784168,3.6462348,4.1708045,-8.587637,0.0002707362,0.37168297,0.6280445,1.8074634e-06,M,M
M17_English_M_0041.npy,2.4751937,2.8613904,4.468043,-10.375548,0.10195985,0.15002108,0.74801886,2.6756084e-07,M,M
M17_English_M_0047.npy,-3.401525,1.3480635,5.4745812,-6.4888034,0.00013744865,0.015880367,0.9839759,6.271227e-06,M,M
M17_English_M_0095.npy,-3.031002,-0.9587664,5.755672,-4.515762,0.00015254147,0.0012115703,0.9986014,3.4559314e-05,M,M
M30_English_M_0043.npy,-3.5950053,1.760003,5.767265,-7.0325623,8.4363375e-05,0.01785684,0.9820561,2.711701e-06,M,M
M30_Hindi_M_0083.npy,-8.247922,2.3723118,5.8859653,-5.627331,7.0628244e-07,0.028925931,0.9710636,9.707038e-06,M,M
M30_English_M_0055.npy,-1.3692969,-2.2396443,3.5077145,-2.3307347,0.0075165927,0.0031479942,0.98646146,0.0028739139,M,M
M30_Hindi_M_0067.npy,-3.0133953,1.2109598,4.441535,-5.4090667,0.00055624,0.038008124,0.961385,5.0679882e-05,M,M
M17_English_M_0055.npy,-1.368348,2.8779683,5.5534334,-9.364917,0.0009216819,0.06437731,0.9347007,3.1025257e-07,M,M
F04_Hindi_M_0035.npy,-2.986741,-5.056782,8.964464,-4.8140597,6.451399e-06,8.140416e-07,0.99999166,1.03767e-06,M,M
M04_English_M_0045.npy,-5.309699,2.108331,0.34254453,0.1364343,0.0004579723,0.7628666,0.13049002,0.1061854,L,M
F04_Hindi_M_0033.npy,-1.1747348,-2.0014243,8.385939,-7.4390936,7.043818e-05,3.081636e-05,0.99989855,1.3403918e-07,M,M
M30_Hindi_M_0080.npy,-5.397094,0.52911067,9.347433,-8.58886,3.9488341e-07,0.00014797451,0.9998516,1.6229405e-08,M,M
F04_English_M_0017.npy,0.8336821,-4.596114,7.184412,-6.490161,0.001742416,7.638732e-06,0.9982488,1.1493366e-06,M,M
M30_English_M_0028.npy,-3.4917536,0.053721428,4.79982,-4.2010937,0.0002483697,0.008607536,0.99102193,0.00012219013,M,M
M17_English_M_0100.npy,-2.4677572,1.7051235,4.3075156,-6.105723,0.0010617437,0.06890946,0.9300009,2.7930026e-05,M,M
M17_Hindi_M_0007.npy,-2.3291762,-1.5878028,11.275472,-10.13776,1.2347384e-06,2.5914878e-06,0.9999962,5.015917e-10,M,M
F04_English_M_0002.npy,-1.797979,-2.87743,8.948482,-6.910478,2.1520817e-05,7.3123892e-06,0.99997103,1.295773e-07,M,M
M17_English_M_0081.npy,-2.959021,4.013442,2.6588805,-7.117091,0.0007445052,0.7942733,0.20497048,1.16423535e-05,L,M
M30_Hindi_M_0009.npy,-5.5883155,-1.6028711,9.31047,-6.734402,3.3847914e-07,1.8213286e-05,0.9999813,1.0759508e-07,M,M
M30_Hindi_M_0004.npy,-8.776954,3.1752093,4.1308312,-4.5254326,1.7899827e-06,0.2777202,0.7221523,0.00012567862,M,M
M04_English_M_0003.npy,-4.8344316,4.3029156,1.2178143,-3.944738,0.00010283227,0.9559362,0.043710575,0.00025033313,L,M
M17_English_M_0090.npy,-1.6758761,-1.2455999,7.283067,-6.685161,0.00012853999,0.00019765357,0.9996729,8.580911e-07,M,M
M30_English_M_0063.npy,-9.015201,4.274679,8.008121,-10.2355995,3.9500595e-08,0.023352053,0.976648,1.1657105e-08,M,M
M30_Hindi_M_0020.npy,-5.24701,-3.9802964,7.818818,-3.3055458,2.116276e-06,7.5110243e-06,0.99997556,1.4748218e-05,M,M
F04_Hindi_M_0010.npy,-2.4798698,2.9796445,5.442361,-9.093749,0.00033401238,0.07848732,0.9211782,4.4811688e-07,M,M
M30_English_M_0012.npy,-2.2263746,-1.0105894,4.9440875,-3.9821482,0.00076628866,0.0025846476,0.9965166,0.00013239447,M,M
M17_English_M_0044.npy,0.60244983,0.43833977,6.479505,-7.6847677,0.0027885756,0.0023665202,0.9948441,7.0192334e-07,M,M
M17_English_M_0024.npy,-1.6031446,2.9437416,5.4556513,-9.60275,0.0007946709,0.07496783,0.9242372,2.6668766e-07,M,M
M04_English_M_0010.npy,-4.6258965,4.9366064,1.4421139,-5.2718163,6.823731e-05,0.9704297,0.029466275,3.5768644e-05,L,M
M17_English_M_0016.npy,2.0184546,2.3663862,4.0338535,-9.189174,0.100807786,0.14275748,0.7564334,1.3679902e-06,M,M
F04_Hindi_M_0098.npy,-0.5890337,0.865072,3.9079797,-5.8079686,0.010522465,0.04504303,0.94437754,5.6959085e-05,M,M
M04_English_M_0035.npy,-4.233802,2.6668656,-0.0297012,-0.37218264,0.00090216915,0.89579713,0.060409546,0.04289116,L,M
F04_English_M_0014.npy,21.565508,-11.33426,3.633703,-21.083357,1.0,5.1500556e-15,1.6304828e-08,3.0049233e-19,N,M
M30_Hindi_M_0075.npy,-10.034143,3.4441159,4.2876964,-3.7598557,4.2132723e-07,0.30071384,0.6990621,0.00022361879,M,M
F04_Hindi_M_0074.npy,-3.2389283,-3.9228728,5.6870112,-2.243874,0.00013282226,6.702509e-05,0.99944085,0.00035926703,M,M
M04_English_M_0030.npy,-1.6552904,3.6598687,3.1888504,-7.6993,0.003017563,0.6137627,0.3832126,7.1577424e-06,L,M
M17_English_M_0022.npy,-2.2324305,5.5217133,2.3550653,-8.821324,0.00041144446,0.9591644,0.04042363,5.659668e-07,L,M
M30_Hindi_M_0048.npy,-7.334854,-4.386413,9.999731,-3.623526,2.9626785e-08,5.651659e-07,0.9999982,1.2119759e-06,M,M
M30_Hindi_M_0015.npy,-3.8298044,-3.5142481,6.65101,-2.5645394,2.806521e-05,3.8477985e-05,0.99983406,9.946394e-05,M,M
M30_English_M_0068.npy,-2.2027981,1.8834275,3.733373,-5.842886,0.0022777794,0.13556166,0.8621007,5.979181e-05,M,M
M30_Hindi_M_0068.npy,-7.0722275,3.1954696,2.1213253,-2.8226657,2.5845051e-05,0.74401504,0.254148,0.0018110849,L,M
M30_English_M_0042.npy,-1.2742901,2.4148514,3.034053,-6.2357893,0.008670416,0.34690744,0.6443614,6.071391e-05,M,M
F04_Hindi_M_0080.npy,0.1393162,0.77342564,4.7162433,-7.000617,0.009989875,0.018834338,0.97116786,7.920028e-06,M,M
F04_Hindi_M_0070.npy,-1.4567436,-0.3882953,4.7808156,-5.1605306,0.0019396992,0.005646193,0.99236625,4.777495e-05,M,M
F04_Hindi_M_0019.npy,-0.44420084,-1.6774226,9.290635,-9.416892,5.918088e-05,1.7242488e-05,0.9999236,7.5056965e-09,M,M
F04_Hindi_M_0069.npy,-4.7694774,-0.22616524,2.7402363,-1.4558024,0.0005133,0.04825104,0.9371271,0.01410854,M,M
M04_English_M_0005.npy,-3.4640355,4.317445,2.4949806,-6.738647,0.00035918437,0.8605407,0.13908659,1.3588513e-05,L,M
F04_English_M_0001.npy,8.864827,-3.5790966,3.7932658,-12.575379,0.99376255,3.917014e-06,0.006233494,4.8519827e-10,N,M
F04_Hindi_M_0015.npy,-0.60120404,-1.2453786,5.0428815,-5.1585236,0.0035192613,0.0018479493,0.99459594,3.6917554e-05,M,M
M04_English_M_0049.npy,-3.670559,5.17907,0.538484,-4.6325245,0.00014203592,0.9902458,0.0095578935,5.4277756e-05,L,M
F04_Hindi_M_0016.npy,-2.9017506,-0.88724166,6.537887,-6.055852,7.9455225e-05,0.00059567956,0.99932146,3.3908927e-06,M,M
M17_English_M_0036.npy,-5.243869,3.9867256,3.0292692,-6.809083,7.080629e-05,0.72255033,0.27736402,1.4801574e-05,L,M
M30_Hindi_M_0103.npy,-5.8913665,-0.41128606,6.60737,-4.2040176,3.7279399e-06,0.00089420617,0.99908197,2.0149995e-05,M,M
F04_Hindi_M_0031.npy,2.7665691,-3.4135025,4.331908,-6.8482556,0.172818,0.0003577815,0.8268126,1.1532498e-05,M,M
F04_Hindi_M_0106.npy,-0.96038485,-0.4540713,6.423322,-6.5499525,0.0006202672,0.0010291245,0.99834824,2.317718e-06,M,M
M30_English_M_0064.npy,-2.291576,-1.7464677,4.8032136,-3.7935996,0.0008273926,0.0014270827,0.9975612,0.00018424302,M,M
M30_English_M_0002.npy,-6.4204235,-0.6920536,7.9721074,-5.276779,5.6147115e-07,0.00017263419,0.99982506,1.762e-06,M,M
M17_English_M_0096.npy,-3.7967181,0.8736053,6.6898193,-6.9818697,2.7825956e-05,0.0029699283,0.9970011,1.1512153e-06,M,M
F04_Hindi_M_0067.npy,-3.1626165,-5.2616253,8.661545,-4.683874,7.325338e-06,8.9792456e-07,0.9999902,1.6001252e-06,M,M
M30_English_M_0051.npy,-6.082588,-0.38813654,9.569424,-7.5043902,1.5936648e-07,4.7365895e-05,0.99995244,3.8451738e-08,M,M
F04_Hindi_M_0087.npy,-0.8038551,0.052881643,5.697076,-6.5509357,0.001494501,0.0035202396,0.9949805,4.7705753e-06,M,M
M30_Hindi_M_0084.npy,-7.1869955,0.5728105,6.456969,-5.168407,1.1838316e-06,0.002775436,0.9972145,8.911525e-06,M,M
M30_Hindi_M_0010.npy,-3.850432,1.3720689,2.1480448,-2.148333,0.0016815269,0.31175053,0.67734396,0.00922393,M,M
M30_Hindi_M_0059.npy,-4.413148,5.451029,2.787474,-8.101878,4.8613718e-05,0.93479496,0.065155216,1.2155243e-06,L,M
M30_Hindi_M_0057.npy,-7.9582586,1.7150092,2.3097923,-0.46462962,2.1513493e-05,0.34178886,0.6195393,0.03865029,M,M
M17_English_M_0039.npy,0.5764276,1.1201193,3.2890947,-5.5288563,0.05619873,0.09679407,0.8468818,0.00012538201,M,M
M30_Hindi_M_0095.npy,-4.873921,2.1115944,2.2145147,-2.3451672,0.00043621776,0.4714917,0.52260286,0.005469241,M,M
F04_Hindi_M_0061.npy,-5.2743134,-2.480738,7.0565157,-3.4368486,4.413097e-06,7.2107134e-05,0.9998958,2.7716893e-05,M,M
F04_Hindi_M_0081.npy,-2.2559688,-1.2977154,5.030702,-4.2263846,0.00068285206,0.0017802893,0.99744165,9.5188785e-05,M,M
M17_English_M_0011.npy,-3.7112339,5.8507085,2.9436686,-9.342927,6.6706656e-05,0.94812995,0.051803187,2.3897675e-07,L,M
F04_Hindi_M_0060.npy,-3.514454,1.8561058,4.8726816,-6.3388543,0.00021709556,0.046671886,0.95309806,1.2883361e-05,M,M
F04_Hindi_M_0028.npy,-2.9766927,-2.0554595,6.5214267,-4.3126493,7.497151e-05,0.00018835742,0.99971694,1.9710502e-05,M,M
M30_Hindi_M_0025.npy,-5.68948,2.7780185,6.790836,-9.381267,3.7332145e-06,0.017761145,0.982235,9.3059505e-08,M,M
M30_Hindi_M_0051.npy,-4.1281214,1.3063068,4.5122533,-5.1028624,0.00016989496,0.03893345,0.96083266,6.409968e-05,M,M
M30_Hindi_M_0062.npy,-6.180624,-1.8919108,7.632207,-4.23114,1.002602e-06,7.306226e-05,0.99991894,7.0433393e-06,M,M
M17_English_M_0062.npy,2.491348,-1.0446571,6.5771356,-9.728289,0.016524032,0.00048133626,0.98299456,8.150712e-08,M,M
M30_Hindi_M_0032.npy,-3.8897512,-1.3444351,8.767437,-7.65967,3.1844459e-06,4.0592975e-05,0.99995613,7.3414036e-08,M,M
M30_Hindi_M_0101.npy,-3.5006151,4.2342095,5.0294557,-9.484298,0.00013600968,0.31100094,0.68886274,3.4268055e-07,M,M
M30_Hindi_M_0094.npy,-1.0848889,0.983336,2.7957895,-4.17852,0.017417604,0.13778661,0.8440061,0.00078966207,M,M
M17_Hindi_M_0004.npy,-2.9690585,2.3782544,3.6171343,-6.2975388,0.0010682682,0.22438245,0.77451104,3.829481e-05,M,M
M30_English_M_0021.npy,-4.1272664,-0.64272326,9.241171,-7.9154916,1.5636475e-06,5.098666e-05,0.9999474,3.539432e-08,M,M
M04_English_M_0046.npy,-3.8402066,4.590723,0.78519845,-4.175974,0.00021319604,0.977879,0.021755386,0.0001523902,L,M
F04_Hindi_M_0041.npy,-1.8880906,-0.5263786,6.7246594,-6.726419,0.00018161123,0.0007088049,0.99910814,1.4384123e-06,M,M
M04_English_M_0004.npy,-5.1603737,4.925747,1.3847915,-5.1269035,4.047701e-05,0.971751,0.028166799,4.1854717e-05,L,M
F04_Hindi_M_0038.npy,-1.2957923,-3.2845268,9.6061735,-7.9427123,1.8421593e-05,2.5213367e-06,0.999979,2.3911502e-08,M,M
M04_English_M_0027.npy,-5.241926,3.6540627,0.8037005,-2.4325433,0.00012915756,0.9431886,0.05453834,0.0021439723,L,M
F04_Hindi_M_0004.npy,2.4906664,-3.5121267,3.9363544,-6.9265337,0.1905733,0.00047106642,0.8089401,1.5496154e-05,M,M
M30_Hindi_M_0031.npy,-8.279017,5.6937895,4.502778,-8.113301,6.552961e-07,0.76692086,0.23307776,7.734054e-07,L,M
F04_Hindi_M_0101.npy,-1.6031959,-2.2615306,6.9957104,-5.249514,0.0001842548,9.539104e-05,0.9997155,4.8066577e-06,M,M
M32_Marathi_M_0001.npy,-3.6819685,2.434711,2.9125326,-3.888012,0.00084300357,0.3821814,0.61628956,0.00068603415,M,M
M04_English_M_0021.npy,-5.410594,7.474591,0.719769,-6.6941876,2.5323748e-06,0.9988329,0.0011638874,7.0156926e-07,L,M
F04_Hindi_M_0096.npy,-2.289148,-2.255942,12.404703,-11.339832,4.154713e-07,4.29499e-07,0.99999917,4.873926e-11,M,M
F04_Hindi_M_0052.npy,-2.5359826,-1.0580202,5.6311436,-4.8309083,0.00028339148,0.0012423889,0.9984457,2.8557046e-05,M,M
M30_Hindi_M_0007.npy,-4.9373918,0.62593025,5.6273475,-5.5552225,2.5636726e-05,0.0066831717,0.99327725,1.382109e-05,M,M
M30_Hindi_M_0029.npy,-4.177925,0.310723,2.5304804,-1.5435187,0.0010831897,0.09640503,0.88741755,0.015094292,M,M
M17_English_M_0080.npy,0.22872707,-0.47278765,5.884647,-6.489502,0.0034785448,0.0017247798,0.9947924,4.2044358e-06,M,M
F04_Hindi_M_0086.npy,4.229599,-1.3394654,1.8518012,-6.630783,0.9119196,0.0034781052,0.08458475,1.7512677e-05,N,M
M17_English_M_0032.npy,-0.493462,1.3815614,5.979688,-8.72477,0.0015266207,0.0099550495,0.988518,4.06368e-07,M,M
M30_Hindi_M_0086.npy,-4.0555305,2.7737157,4.372374,-6.974572,0.00018186934,0.16813698,0.83167136,9.818279e-06,M,M
M04_English_M_0055.npy,-3.6342044,3.6818402,2.1307802,-5.424618,0.00054814236,0.82453907,0.17482135,9.148016e-05,L,M
F04_English_M_0019.npy,13.011443,-5.4861994,1.591053,-14.973782,0.99998903,9.259152e-09,1.0969399e-05,7.017237e-13,N,M
F04_Hindi_M_0029.npy,-3.8462098,0.052804947,8.916409,-8.827886,2.8655152e-06,0.00014142403,0.99985564,1.9664762e-08,M,M
M04_English_M_0052.npy,-3.4751635,2.7662313,3.5845335,-5.0914717,0.00059564033,0.30590564,0.6933804,0.00011831242,M,M
M30_Hindi_M_0058.npy,-4.885558,2.6180594,4.0103493,-5.603467,0.00010967184,0.19900995,0.8008268,5.3494758e-05,M,M
F04_Hindi_M_0001.npy,-2.160947,0.12756172,4.7722926,-5.059964,0.00096457364,0.009510911,0.9894713,5.3126172e-05,M,M
M30_English_M_0056.npy,-7.21228,-2.1520178,7.957296,-3.4957633,2.5817528e-07,4.069662e-05,0.9999485,1.0616399e-05,M,M
M30_Hindi_M_0093.npy,-5.8492594,3.322408,3.6397605,-5.4433193,4.3788623e-05,0.42127496,0.5786155,6.571408e-05,M,M
M30_Hindi_M_0081.npy,-5.8546314,-3.8073409,8.227741,-2.9850407,7.657633e-07,5.9322797e-06,0.99997985,1.3500254e-05,M,M
F04_Hindi_M_0097.npy,-3.451054,1.0624962,5.387511,-5.7635517,0.00014311404,0.013058469,0.9867842,1.4170249e-05,M,M
M17_English_M_0025.npy,-0.74560547,2.8330863,5.144398,-9.377116,0.0025110901,0.08996392,0.9075246,4.4796553e-07,M,M
M32_Marathi_M_0009.npy,-6.350955,-0.40521008,3.479037,-0.8932414,5.2081992e-05,0.01990178,0.9678298,0.012216385,M,M
M04_English_M_0033.npy,-4.4875307,4.377681,1.2274104,-4.8461447,0.00013538476,0.9586988,0.041071173,9.458575e-05,L,M
M17_English_M_0072.npy,3.6618185,-0.9835426,4.5878654,-9.447774,0.2829561,0.0027180933,0.7143253,5.7318596e-07,M,M
F04_Hindi_M_0107.npy,-2.079825,0.08192298,5.115607,-5.4972754,0.00074457686,0.0064676227,0.99276346,2.4419087e-05,M,M
M17_Hindi_M_0006.npy,0.9208732,3.063368,9.917385,-14.868128,0.00012369522,0.0010539654,0.9988223,1.7190034e-11,M,M
M30_English_M_0038.npy,-1.926346,-1.6969475,8.760321,-7.780563,2.2846372e-05,2.8737162e-05,0.99994826,6.551834e-08,M,M
M32_Marathi_M_0007.npy,-4.9875584,1.3717343,1.8324102,-0.9375638,0.0006442506,0.3722722,0.5901054,0.036978148,M,M
M17_English_M_0091.npy,-5.084959,5.297784,1.9195904,-6.5418105,2.993985e-05,0.9669803,0.03298275,6.97505e-06,L,M
F04_English_M_0009.npy,6.7858715,-6.515056,1.5027856,-5.635358,0.9949432,1.6644802e-06,0.005051069,4.0116856e-06,N,M
F04_Hindi_M_0116.npy,6.898613,-3.6328588,2.9897807,-9.997089,0.9803051,2.6157812e-05,0.01966876,4.504545e-08,N,M
F04_Hindi_M_0077.npy,-3.7376235,1.3529621,3.658637,-4.048683,0.000557384,0.090566486,0.9084677,0.0004083785,M,M
M17_English_M_0020.npy,-3.2149286,2.609533,1.6970967,-2.981565,0.002097948,0.71011126,0.28514144,0.002649375,L,M
M17_English_M_0079.npy,-3.0924892,-3.036616,8.053819,-5.3588333,1.4428008e-05,1.525709e-05,0.99996877,1.4960485e-06,M,M
M17_English_M_0094.npy,-1.7088598,-0.8495136,8.861298,-8.659824,2.5668569e-05,6.061926e-05,0.9999137,2.4583061e-08,M,M
M17_English_M_0045.npy,-0.27945635,0.7253451,6.2229667,-8.122099,0.0014914536,0.004073703,0.9944343,5.855892e-07,M,M
M30_English_M_0005.npy,-5.3416815,0.003957035,6.7350616,-5.6684103,5.683488e-06,0.0011917808,0.9987984,4.0993823e-06,M,M
F04_English_M_0015.npy,-0.92427427,-3.630113,9.630452,-7.665515,2.606924e-05,1.7417981e-06,0.9999721,3.079249e-08,M,M
F04_Hindi_M_0085.npy,-0.2696467,-1.6848246,5.907738,-5.851955,0.0020704917,0.000502886,0.9974189,7.7930545e-06,M,M
F04_Hindi_M_0065.npy,-2.6844096,-1.375169,9.400684,-8.074466,5.642851e-06,2.0897527e-05,0.9999734,2.574108e-08,M,M
M17_English_M_0048.npy,0.9831099,4.064979,2.654086,-9.111644,0.035566296,0.7753136,0.18911867,1.4687336e-06,L,M
M30_Hindi_M_0090.npy,-6.5392346,3.7727394,3.8608754,-6.1682634,1.5883988e-05,0.47796166,0.5219994,2.3018152e-05,M,M
F04_Hindi_M_0017.npy,-5.5507073,-1.1468649,10.521357,-8.583862,1.0470991e-07,8.561543e-06,0.9999913,5.0431868e-09,M,M
F04_Hindi_M_0047.npy,-1.3562119,-1.742685,9.666482,-9.197635,1.63265e-05,1.1093018e-05,0.9999726,6.4180976e-09,M,M
M17_English_M_0060.npy,-0.033167638,0.042562246,3.169004,-4.304396,0.03748337,0.040432233,0.92156106,0.0005234409,M,M
M17_English_M_0098.npy,-5.007396,-0.30665904,4.0825853,-1.7950993,0.00011108787,0.012222798,0.98490715,0.002758985,M,M
M17_English_M_0035.npy,-3.0170445,2.4222403,2.444956,-4.8176446,0.0021412775,0.49308795,0.50441706,0.00035373846,M,M
M17_English_M_0110.npy,1.2473944,1.9638993,6.725471,-10.72,0.0041248496,0.008444659,0.98743045,2.6183931e-08,M,M
F04_Hindi_M_0094.npy,-2.7677834,-1.0889242,5.4501815,-4.277657,0.0002692854,0.0014432194,0.998228,5.9495367e-05,M,M
M30_Hindi_M_0099.npy,-3.0439274,-2.0589864,4.985812,-3.0909796,0.00032514267,0.00087061914,0.998494,0.0003101983,M,M
F04_Hindi_M_0076.npy,-0.32888827,6.4352436,2.2135031,-10.198869,0.0011364615,0.9844189,0.014444459,5.8759262e-08,L,M
M17_English_M_0049.npy,-0.2037352,3.2819564,5.070781,-9.892738,0.0043679355,0.14259127,0.8530406,2.706422e-07,M,M
M30_English_M_0035.npy,-1.235972,-1.7545775,6.5532956,-5.6285396,0.00041388057,0.00024640394,0.99933463,5.1192596e-06,M,M
F04_Hindi_M_0110.npy,-2.4008338,1.3582317,3.6199832,-5.1247473,0.002193517,0.094120085,0.9035424,0.00014393307,M,M
M30_Hindi_M_0071.npy,-6.9911118,-1.5514255,6.4838834,-2.9505916,1.4051033e-06,0.00032369333,0.999595,7.9888385e-05,M,M
M30_English_M_0054.npy,-3.5431733,-3.118707,9.570976,-6.455935,2.0164855e-06,3.0827512e-06,0.99999475,1.09546576e-07,M,M
M17_English_M_0064.npy,-1.6114815,1.2102154,2.3826616,-3.9302926,0.013853671,0.2328157,0.7519676,0.0013630698,M,M
M30_Hindi_M_0045.npy,-2.4933887,0.7946448,5.471499,-6.589611,0.00034412596,0.009219179,0.9904309,5.7246757e-06,M,M
F04_English_M_0021.npy,2.1239715,-0.9714266,3.627784,-6.267953,0.1803657,0.008162808,0.81143063,4.088722e-05,M,M
M17_English_M_0078.npy,-1.2013128,-1.8426416,7.130283,-6.0118966,0.00024069862,0.00012675003,0.9996306,1.9600334e-06,M,M
F04_English_M_0006.npy,-0.21975082,-3.530546,5.1314683,-4.0226564,0.0047186725,0.00017217096,0.9950039,0.000105254025,M,M
M17_English_M_0001.npy,-1.2230061,-4.0238595,11.051914,-9.810454,4.667321e-06,2.8357815e-07,0.9999951,8.701335e-10,M,M
M17_English_M_0097.npy,-2.2923338,2.1433327,5.186148,-7.443632,0.0005390931,0.045503978,0.9539538,3.1223651e-06,M,M
M17_English_M_0021.npy,0.9475654,0.98591983,6.0261226,-8.473591,0.0061507644,0.006391256,0.98745745,4.9816435e-07,M,M
M30_Hindi_M_0085.npy,-1.5980904,0.6561728,4.42736,-5.497854,0.0023563972,0.022452395,0.97514343,4.770924e-05,M,M
M30_Hindi_M_0021.npy,-5.283434,0.9441913,6.0867143,-5.768815,1.1467516e-05,0.005808881,0.9941725,7.0578203e-06,M,M
M30_Hindi_M_0019.npy,-6.589757,-0.684516,9.308783,-7.05082,1.2454666e-07,4.57031e-05,0.9999541,7.8540786e-08,M,M
M30_Hindi_M_0005.npy,-3.4402413,4.1912003,4.6832395,-9.25896,0.00018396681,0.3793433,0.6204722,5.4664065e-07,M,M
F04_Hindi_M_0073.npy,-1.2354751,-1.1223199,5.8879976,-5.296794,0.00080457726,0.00090097,0.99828064,1.3859877e-05,M,M
M17_English_M_0037.npy,-0.99306005,5.3111897,2.2010636,-9.4599695,0.0017473958,0.9556353,0.04261688,3.6750163e-07,L,M
M17_English_M_0067.npy,5.8667717,-0.24446106,3.9535463,-12.199332,0.8697004,0.0019288346,0.12837085,1.2398239e-08,N,M
F04_English_M_0011.npy,-1.2350038,-3.1693578,9.2762985,-7.74324,2.7226139e-05,3.934657e-06,0.9999689,4.0597065e-08,M,M
M17_English_M_0013.npy,-3.296129,4.109916,2.1703632,-6.151391,0.0005309011,0.87381214,0.1256264,3.054845e-05,L,M
M17_English_M_0115.npy,-1.5740788,-0.66475827,7.6420765,-7.766719,9.938579e-05,0.0002467385,0.9996537,2.0318647e-07,M,M
M17_Hindi_M_0008.npy,-2.1274827,2.283258,9.433123,-12.337512,9.526823e-06,0.0007843472,0.9992061,3.505815e-10,M,M
F04_Hindi_M_0003.npy,-5.6143456,-3.617822,7.8072944,-3.4903212,1.4826713e-06,1.0917524e-05,0.9999752,1.2402161e-05,M,M
F04_Hindi_M_0037.npy,3.1960335,-4.0457554,5.8365083,-8.778084,0.06657532,4.766993e-05,0.93337655,4.1977873e-07,M,M
M30_Hindi_M_0096.npy,-3.9397206,2.814665,5.3955,-8.145997,8.204152e-05,0.07037621,0.9295406,1.2225618e-06,M,M
M17_Hindi_M_0010.npy,0.6954076,1.0713722,3.9486868,-6.429021,0.035295464,0.051404156,0.9132719,2.8419669e-05,M,M
F04_Hindi_M_0103.npy,0.14515546,0.5665948,7.7379956,-9.339452,0.0005034069,0.00076726946,0.9987293,3.8265412e-08,M,M
M04_English_M_0008.npy,-3.7699962,6.0259476,1.4778019,-7.4040365,5.509058e-05,0.98946816,0.010475317,1.4549023e-06,L,M
F04_English_M_0004.npy,-1.605219,-4.7842865,9.698824,-6.8358326,1.2322846e-05,5.1293165e-07,0.9999871,6.5930195e-08,M,M
M04_English_M_0015.npy,-4.0898027,6.4696507,1.6418968,-7.585844,2.574029e-05,0.99203277,0.007940705,7.803733e-07,L,M
M30_Hindi_M_0013.npy,-6.2615886,-0.12537974,2.9593835,-0.18350923,9.085646e-05,0.04200272,0.91827565,0.039630726,M,M
M04_English_M_0039.npy,-4.268383,3.1848872,2.1519587,-4.457041,0.00042706984,0.7369074,0.2623118,0.00035364367,L,M
M30_Hindi_M_0006.npy,-4.0517178,-2.420634,9.253103,-6.618028,1.6664229e-06,8.514433e-06,0.99998975,1.2801196e-07,M,M
M30_English_M_0067.npy,-6.3110733,2.5922668,3.4976966,-4.0505023,3.91241e-05,0.28781667,0.7117691,0.00037514407,M,M
M30_English_M_0048.npy,-0.4089006,-0.8239523,7.7717957,-8.667504,0.00027987672,0.00018480435,0.9995352,7.249375e-08,M,M
F04_Hindi_M_0113.npy,0.39156264,-1.5949707,7.7027326,-8.039257,0.0006675277,9.156492e-05,0.99924076,1.4554965e-07,M,M
M30_English_M_0061.npy,-2.0848544,-3.119139,5.450583,-2.847031,0.0005333089,0.00018958095,0.9990282,0.0002488684,M,M
F04_Hindi_M_0022.npy,-6.5589066,1.0417666,6.9793053,-5.9307117,1.3160831e-06,0.002631563,0.9973647,2.466635e-06,M,M
M30_English_M_0009.npy,-5.394982,-3.125415,5.6254263,-1.245609,1.6344486e-05,0.0001581364,0.99878937,0.0010361463,M,M
M17_English_M_0077.npy,-3.1542845,2.475035,4.196818,-6.9599924,0.00054424495,0.15155728,0.8478863,1.21058765e-05,M,M
M17_English_M_0104.npy,-2.794726,4.736468,1.8895527,-7.0581045,0.00050643756,0.9446736,0.054812826,7.1279374e-06,L,M
F04_Hindi_M_0064.npy,-7.3216295,-0.4668899,8.977752,-6.361751,8.3413084e-08,7.910603e-05,0.9999206,2.1782328e-07,M,M
M04_English_M_0053.npy,-5.1735,4.449951,3.4872205,-6.876769,4.7874382e-05,0.7236272,0.27631617,8.717317e-06,L,M
M04_English_M_0024.npy,-4.2010155,5.344639,2.6086543,-7.7382765,6.715288e-05,0.93905205,0.060878873,1.9536726e-06,L,M
M30_Hindi_M_0017.npy,-3.2824492,-0.44890022,7.630341,-6.6051564,1.821766e-05,0.00030980437,0.99967134,6.5683946e-07,M,M
M17_English_M_0106.npy,-3.9266064,7.2444124,1.1386904,-8.311971,1.4044772e-05,0.9977608,0.0022250772,1.7497463e-07,L,M
M17_English_M_0083.npy,-4.5759716,7.5177746,1.1791439,-8.284838,5.584492e-06,0.99823076,0.0017635941,1.3684964e-07,L,M
F04_Hindi_M_0007.npy,-6.3337145,-0.16455898,7.069265,-4.860952,1.5095355e-06,0.00072122936,0.9992706,6.5834843e-06,M,M
M04_English_M_0007.npy,-2.5737,4.3886156,3.2637587,-7.863745,0.0007142919,0.7543466,0.24493551,3.6011238e-06,L,M
M17_English_M_0008.npy,-2.6532052,4.184395,5.383285,-10.129628,0.00024844764,0.23161513,0.7681363,1.4069087e-07,M,M
F04_Hindi_M_0114.npy,-3.6237626,-0.23176089,4.7703285,-3.7114162,0.0002245926,0.0066760997,0.9928935,0.00020574426,M,M
M17_English_M_0007.npy,-0.5525508,4.3176756,6.6495895,-12.682671,0.0006785867,0.08845407,0.9108674,3.660676e-09,M,M
M30_Hindi_M_0008.npy,-6.7033663,0.92799896,7.1941686,-5.9130263,9.194999e-07,0.0018958837,0.9981012,2.0267125e-06,M,M
F04_Hindi_M_0048.npy,-2.1099734,-0.22181389,5.2859287,-5.675267,0.00061089976,0.004036336,0.9953354,1.7281543e-05,M,M
M32_Marathi_M_0004.npy,0.9668253,2.1639624,2.330586,-6.3352547,0.121622354,0.40264603,0.47564963,8.1989936e-05,M,M
M30_Hindi_M_0043.npy,-7.1596475,1.5157937,5.372223,-5.074222,3.5349026e-06,0.02070492,0.9792631,2.8448922e-05,M,M
M04_English_M_0019.npy,-5.218973,6.690338,1.6375679,-7.254478,6.6846947e-06,0.99364156,0.0063509624,8.7311776e-07,L,M
M30_Hindi_M_0052.npy,-6.102266,3.9376657,3.583419,-6.3189335,2.5633604e-05,0.5876198,0.4123339,2.0640106e-05,L,M
M04_English_M_0036.npy,-3.8987486,4.511963,0.522094,-3.7124476,0.000218325,0.98136145,0.018157287,0.00026303448,L,M
M04_English_M_0020.npy,-4.0499744,4.0146103,0.29626834,-2.091158,0.00030626802,0.97388184,0.02364019,0.002171725,L,M
M17_English_M_0066.npy,10.487622,-5.192551,2.435002,-12.416397,0.9996817,1.5489904e-07,0.00031816566,1.12920534e-10,N,M
M04_English_M_0048.npy,-5.234598,3.6089814,0.25769708,-1.879033,0.00013884592,0.9621678,0.033713713,0.0039795735,L,M
F04_English_M_0007.npy,-1.0737464,-2.110049,5.9782124,-5.827398,0.00086469075,0.00030676113,0.9988211,7.4537725e-06,M,M
M17_English_M_0092.npy,-1.086901,4.1396527,4.54747,-10.124476,0.0021411763,0.39858022,0.59927833,2.5449728e-07,M,M
M30_English_M_0053.npy,-5.9160075,-1.5361158,7.9931726,-5.074036,9.1051504e-07,7.2685834e-05,0.9999242,2.1132466e-06,M,M
M04_English_M_0040.npy,-4.6166234,4.664062,0.8798258,-4.119698,9.111409e-05,0.9775433,0.02221586,0.00014976057,L,M
F04_English_M_0012.npy,1.1671218,-3.5288775,10.216969,-10.906584,0.00011739513,1.0720217e-06,0.9998815,6.700487e-10,M,M
F04_English_M_0005.npy,10.211205,-8.411106,9.164696,-17.774635,0.7401039,6.0495897e-09,0.25989607,5.190353e-13,N,M
F04_Hindi_M_0025.npy,0.7059116,-2.855206,7.5115423,-8.90145,0.0011062612,3.1425614e-05,0.99886215,7.437612e-08,M,M
M17_English_M_0102.npy,0.2648178,-1.0668648,5.4253926,-6.137705,0.005697022,0.0015041995,0.9927893,9.442084e-06,M,M
M17_English_M_0030.npy,-4.08341,0.015511068,6.5249877,-5.798279,2.4670197e-05,0.0014870012,0.99848396,4.4403196e-06,M,M
F04_Hindi_M_0018.npy,-3.973732,-1.0323689,4.3223357,-2.8624382,0.00024807357,0.0046989233,0.9942993,0.000753719,M,M
F04_English_M_0020.npy,1.4242089,-2.5568635,7.897006,-9.966079,0.0015424705,2.8791155e-05,0.99842864,1.7437245e-08,M,M
M30_English_M_0013.npy,-1.0911291,0.76349676,3.79366,-5.0540557,0.007159689,0.04574545,0.9469588,0.00013608715,M,M
M17_English_M_0052.npy,-2.2657194,0.58836514,4.2119493,-5.012513,0.0014950464,0.025951821,0.9724572,9.5882046e-05,M,M
F04_Hindi_M_0026.npy,-3.7668777,-3.5378842,10.961687,-7.3933153,4.0129618e-07,5.0456373e-07,0.99999917,1.06788125e-08,M,M
M04_English_M_0034.npy,-3.4342327,5.095886,0.7266519,-5.153512,0.00019491825,0.98727036,0.0124997655,3.4928424e-05,L,M
M17_English_M_0099.npy,-1.914209,-1.9573367,7.8256307,-6.76618,5.8883168e-05,5.639764e-05,0.99988425,4.6005215e-07,M,M
M04_English_M_0028.npy,-2.8445792,4.735036,1.1449411,-5.825865,0.0004967821,0.9726375,0.026840625,2.5200556e-05,L,M
F04_Hindi_M_0062.npy,-5.645993,-2.6459725,3.5164502,0.32128584,0.00010056471,0.0020199376,0.95861477,0.039264668,M,M
M17_Hindi_M_0009.npy,-3.6208975,2.2923458,9.136717,-10.902005,2.877232e-06,0.0010642994,0.9989328,1.9807491e-09,M,M
M17_English_M_0019.npy,-1.9067754,2.1749442,5.083179,-7.926406,0.0008726599,0.05170271,0.94742244,2.1210599e-06,M,M
M30_English_M_0049.npy,-5.663426,-1.7711531,6.529842,-3.2307491,5.062862e-06,0.00024819255,0.9996892,5.7662564e-05,M,M
M30_Hindi_M_0039.npy,-2.0636575,0.86849123,3.113321,-3.7366023,0.0050735055,0.09521911,0.8987551,0.0009522644,M,M
M04_English_M_0041.npy,-4.1734505,4.7210913,0.9584819,-4.9059477,0.00013399638,0.97711,0.022691486,6.4413005e-05,L,M
F04_Hindi_M_0083.npy,-2.4751067,1.6105987,5.9934897,-8.064586,0.00020732635,0.012332574,0.9874593,7.747736e-07,M,M
M17_English_M_0034.npy,-1.187232,4.0449147,5.1630635,-11.011842,0.0013143088,0.24603105,0.7526546,7.110881e-08,M,M
M30_Hindi_M_0026.npy,-6.271431,3.2168329,5.301298,-7.3121123,8.377454e-06,0.11061465,0.889374,2.9590321e-06,M,M
F04_English_M_0016.npy,4.499639,-4.4352794,6.885211,-11.156324,0.0842786,1.1100225e-05,0.9157102,1.3378863e-08,M,M
M30_English_M_0058.npy,-5.118118,2.828235,6.475474,-8.8898735,8.990609e-06,0.025400734,0.9745901,2.0688863e-07,M,M
M04_English_M_0043.npy,-4.475458,4.9063473,0.7224041,-4.2852707,8.2963306e-05,0.9848098,0.015006827,0.00010034215,L,M
M04_English_M_0038.npy,-3.5231023,3.20137,0.14277092,-2.0034359,0.0011399996,0.94908655,0.04456287,0.0052105957,L,M
M30_English_M_0057.npy,-7.032438,1.5947223,6.5573626,-6.2961626,1.2445034e-06,0.0069458266,0.9930502,2.5987001e-06,M,M
M30_English_M_0024.npy,-1.4862142,-0.80285203,8.394587,-9.000427,5.1139537e-05,0.000101283134,0.99984753,2.7885296e-08,M,M
M04_English_M_0014.npy,-4.2044296,6.316265,1.6849636,-7.583377,2.6711474e-05,0.9903245,0.009647813,9.104157e-07,L,M
F04_Hindi_M_0034.npy,-4.481619,-3.1398203,9.560854,-6.185207,7.969476e-07,3.0490573e-06,0.99999595,1.450677e-07,M,M
M17_English_M_0042.npy,4.220345,0.1924732,0.6429377,-7.5312004,0.95623493,0.01703265,0.026724916,7.5324015e-06,N,M
M30_English_M_0010.npy,-6.436718,-1.7468779,9.908329,-6.428539,7.9695255e-08,8.673696e-06,0.9999912,8.034973e-08,M,M
F04_Hindi_M_0021.npy,-5.7238283,-2.810529,5.371593,-1.3529867,1.515901e-05,0.00027919034,0.9985065,0.0011992315,M,M
M30_English_M_0047.npy,-4.9876995,1.4292773,5.302234,-5.571123,3.3279484e-05,0.020372037,0.9795761,1.8569444e-05,M,M
F04_Hindi_M_0024.npy,0.06749136,1.3569891,2.5262241,-5.6399875,0.06125847,0.22242722,0.7161109,0.00020344144,M,M
M17_English_M_0004.npy,-4.034054,9.20828,2.7850516,-12.598796,1.7710158e-06,0.99837744,0.0016207729,3.3775532e-10,L,M
M04_English_M_0042.npy,-3.7448912,3.3107264,2.6585386,-5.455593,0.00056675007,0.6570633,0.3422675,0.00010243377,L,M
M30_English_M_0045.npy,-3.6369085,-2.693523,9.671117,-6.8867693,1.6610987e-06,4.266805e-06,0.99999404,6.441676e-08,M,M
M17_English_M_0023.npy,-1.7619107,5.4890995,4.5147,-11.696535,0.00051479787,0.7256219,0.2738634,2.4950777e-08,L,M
F04_Hindi_M_0054.npy,-1.75925,-0.7827526,5.327746,-5.0667963,0.000833333,0.0022126164,0.9969235,3.0504882e-05,M,M
M30_English_M_0006.npy,-4.752165,3.3430326,2.4049377,-4.972315,0.00021912165,0.7184308,0.28117424,0.00017582288,L,M
F04_Hindi_M_0020.npy,-2.6127958,-2.7931006,11.32823,-9.507049,8.8204104e-07,7.3651825e-07,0.99999845,8.940324e-10,M,M
M30_Hindi_M_0028.npy,-5.5402718,2.1300614,3.3383152,-4.132355,0.00010723258,0.22988468,0.7695698,0.00043830555,M,M
F04_Hindi_M_0090.npy,0.0856367,-1.0527569,6.8491216,-7.056861,0.001153436,0.0003694839,0.9984762,9.1210757e-07,M,M
M30_English_M_0052.npy,-7.171318,1.141546,7.959184,-7.178712,2.6818282e-07,0.0010931054,0.9989064,2.662075e-07,M,M
M17_English_M_0010.npy,-1.679412,2.970349,3.1462946,-7.3746023,0.0043433346,0.454139,0.54150313,1.46027105e-05,M,M
M17_English_M_0082.npy,-2.1348283,0.81301504,4.3983665,-5.2198625,0.0014130246,0.026939014,0.97158337,6.4615444e-05,M,M
M30_English_M_0034.npy,-3.564467,0.73960346,6.632377,-6.898039,3.7183774e-05,0.0027516137,0.99720985,1.3261764e-06,M,M
M17_English_M_0085.npy,-2.8100662,1.3967729,5.7187657,-6.9695673,0.00019505761,0.013096935,0.986705,3.0458893e-06,M,M
M30_English_M_0027.npy,-3.4360442,1.4760952,7.8876357,-9.684922,1.2063418e-05,0.0016397793,0.99834824,2.3314026e-08,M,M
M17_English_M_0006.npy,-2.714447,7.4261336,3.9202602,-12.700551,3.8294736e-05,0.97081727,0.02914446,1.7629077e-09,L,M
M17_English_M_0075.npy,-1.4709997,0.85481685,7.0574365,-7.8823094,0.00019732543,0.0020196333,0.99778277,3.241804e-07,M,M
F04_English_M_0003.npy,6.9470167,-5.7067885,4.5434065,-10.496175,0.9170995,2.9304806e-06,0.082897566,2.4374438e-08,N,M
M30_English_M_0020.npy,-3.3032677,0.6493634,7.8175025,-7.772901,1.479005e-05,0.0007701507,0.9992149,1.6936852e-07,M,M
M17_English_M_0017.npy,-3.0066748,-3.0543165,4.9685755,-2.06214,0.00034333463,0.00032736108,0.9984464,0.000882925,M,M
M30_Hindi_M_0038.npy,-5.962697,3.591573,2.2922847,-4.5975313,5.5690303e-05,0.78550005,0.21422617,0.00021810393,L,M
M17_English_M_0111.npy,-3.2141428,0.54519176,3.8119326,-3.8259535,0.0008546522,0.036681548,0.9620002,0.00046353592,M,M
M17_English_M_0076.npy,-1.5673988,-1.0542444,5.929581,-5.450425,0.00055393035,0.00092536944,0.9985092,1.1404544e-05,M,M
F04_Hindi_M_0040.npy,0.014908694,-2.3184056,8.437258,-8.194592,0.00021984447,2.1319163e-05,0.9997588,5.981003e-08,M,M
M30_English_M_0029.npy,-4.670838,-3.8880975,11.329323,-7.100262,1.1251711e-07,2.4612632e-07,0.99999964,9.911354e-09,M,M
M30_English_M_0066.npy,-7.1790476,1.2554162,5.4764943,-4.228506,3.143475e-06,0.014469428,0.9854673,6.0091676e-05,M,M
M17_English_M_0074.npy,-1.9223228,-1.132591,6.985603,-6.1424875,0.00013525336,0.00029793687,0.9995648,1.9877143e-06,M,M
M17_English_M_0059.npy,-2.8054204,0.1397815,4.551266,-4.4432135,0.0006301808,0.011982575,0.98726463,0.00012251253,M,M
F04_Hindi_M_0036.npy,0.656066,0.22384465,8.715807,-10.826287,0.00031584402,0.00020500351,0.9994791,3.256489e-09,M,M
M30_Hindi_M_0024.npy,-8.275531,3.5648825,7.2526307,-8.641466,1.7598225e-07,0.024417168,0.9755824,1.220522e-07,M,M
M30_English_M_0026.npy,-4.4775305,-1.712617,7.107364,-5.1295753,9.304094e-06,0.00014772717,0.9998381,4.847239e-06,M,M
M30_English_M_0018.npy,-5.8818817,0.06993753,6.320107,-4.5942235,5.0106764e-06,0.0019263645,0.99805045,1.8160132e-05,M,M
M30_English_M_0031.npy,-3.4068308,-2.7520177,10.240162,-7.9491916,1.1835454e-06,2.2780666e-06,0.99999654,1.2602667e-08,M,M
M17_English_M_0107.npy,-2.44018,3.0018249,4.044591,-7.445017,0.0011273957,0.26032084,0.7385443,7.559678e-06,M,M
F04_Hindi_M_0051.npy,-0.122428365,-2.3815854,9.186024,-9.288871,9.064572e-05,9.466902e-06,0.99989986,9.471338e-09,M,M
M17_English_M_0050.npy,-4.0969577,1.2751828,4.75109,-5.351946,0.00013932638,0.030000197,0.96982074,3.9719038e-05,M,M
M30_Hindi_M_0061.npy,-6.175188,3.0116203,4.604905,-6.08211,1.7293818e-05,0.16891612,0.83104753,1.8980778e-05,M,M
M17_English_M_0065.npy,-0.16206422,3.779203,2.9658222,-8.204809,0.013278483,0.6836268,0.30309048,4.2680404e-06,L,M
M17_English_M_0071.npy,-3.4269345,0.3381085,5.578505,-4.9779453,0.00012207538,0.0052694534,0.9945826,2.5884092e-05,M,M
M30_Hindi_M_0001.npy,-0.55139405,0.071549,8.167339,-9.825203,0.00016341756,0.0003046771,0.999532,1.5336804e-08,M,M
F04_Hindi_M_0042.npy,-4.2952356,2.0737672,6.6080413,-7.65275,1.8202114e-05,0.010620486,0.9893607,6.3382805e-07,M,M
M30_English_M_0003.npy,-4.9981594,-0.02781978,7.0254197,-5.498465,5.9957933e-06,0.00086384855,0.9991266,3.6355195e-06,M,M
M30_Hindi_M_0044.npy,-4.354224,-0.54230833,4.3796234,-2.8340507,0.0001597346,0.007225918,0.9918839,0.00073046936,M,M
M30_English_M_0025.npy,-3.8490946,-3.3655984,8.374041,-5.132888,4.9153427e-06,7.971376e-06,0.9999858,1.361474e-06,M,M
M04_English_M_0001.npy,-5.4379253,1.3682615,1.7537314,-0.5074237,0.00042173275,0.38100144,0.56018835,0.05838844,M,M
F04_Hindi_M_0102.npy,-3.3136153,-1.0880351,5.3776546,-3.9379668,0.00016774221,0.0015531005,0.9981893,8.984417e-05,M,M
F04_Hindi_M_0032.npy,-2.656939,-2.4786882,7.243821,-4.6125016,5.0130657e-05,5.991243e-05,0.9998828,7.0927285e-06,M,M
M30_Hindi_M_0060.npy,-4.6755533,0.32073176,2.7129653,-0.74869287,0.00055038254,0.0813811,0.89013803,0.02793048,M,M
F04_Hindi_M_0066.npy,-5.490672,-0.18232968,4.405186,-2.844481,4.9837723e-05,0.010067978,0.9891794,0.00070272374,M,M
M04_English_M_0025.npy,-3.892878,-2.274573,0.70962083,2.5447922,0.0013685004,0.0069034426,0.13648495,0.8552431,H,M
M04_English_M_0013.npy,-5.0249486,5.9908276,1.171316,-5.9029655,1.6308288e-05,0.991971,0.008005929,6.7778237e-06,L,M
M17_English_M_0088.npy,-2.4258096,1.3241862,2.4895399,-3.8858666,0.0055518514,0.23606975,0.75708914,0.0012892681,M,M
M17_English_M_0033.npy,0.02016171,2.9177306,6.7774544,-10.943843,0.0011370872,0.020615412,0.97824746,1.9687324e-08,M,M
M17_English_M_0087.npy,-1.898611,4.372295,4.236034,-9.717721,0.0010085403,0.5334738,0.46551722,4.0541252e-07,L,M
F04_Hindi_M_0043.npy,-2.3662567,2.758128,3.3311808,-6.4932213,0.0021404603,0.35974854,0.6380765,3.4529417e-05,M,M
M30_Hindi_M_0088.npy,-7.4747934,-0.6727975,7.2462325,-3.9573326,4.0418098e-07,0.00036361755,0.99962234,1.3620382e-05,M,M
M30_Hindi_M_0076.npy,-4.9194565,-2.370256,6.773541,-3.563847,8.350873e-06,0.00010686497,0.9998524,3.2394055e-05,M,M
M17_English_M_0003.npy,-1.4701992,3.3272157,3.8862317,-8.32013,0.0029925345,0.36268538,0.6343189,3.1706777e-06,M,M
M17_English_M_0101.npy,0.43250582,2.3000958,3.5650854,-6.9902716,0.03288788,0.21287265,0.7542198,1.9650093e-05,M,M
M32_Marathi_M_0012.npy,-2.152877,0.459648,-0.19438188,1.1181833,0.020806743,0.2836674,0.14749178,0.54803413,H,M
M04_English_M_0012.npy,-4.4790564,6.142119,1.8359643,-7.658047,2.4068753e-05,0.9866693,0.013305537,1.001926e-06,L,M
M17_English_M_0028.npy,-4.3397827,-0.54742855,4.204436,-2.6547294,0.0001927629,0.008551095,0.9902166,0.0010395194,M,M
F04_Hindi_M_0104.npy,2.1482773,-0.11480093,5.790283,-9.937839,0.025463201,0.002648931,0.97188777,1.4354222e-07,M,M
F04_Hindi_M_0056.npy,0.63315624,4.8774,6.974115,-14.474879,0.0015672927,0.109245025,0.8891877,4.303421e-10,M,M
M30_English_M_0062.npy,-5.360523,-0.5604841,6.374786,-4.1144185,7.998011e-06,0.0009718802,0.9989924,2.7807286e-05,M,M
M30_English_M_0065.npy,-6.015131,-0.34290832,9.598612,-8.076033,1.6558334e-07,4.8131773e-05,0.9999517,2.1085235e-08,M,M
M30_Hindi_M_0049.npy,-6.283881,2.2905953,4.5626674,-5.080674,1.7650484e-05,0.09345536,0.9064682,5.878991e-05,M,M
F04_Hindi_M_0092.npy,-3.046225,0.42152596,4.4803257,-4.5358524,0.00052910607,0.016965548,0.982386,0.00011929047,M,M
M17_English_M_0061.npy,-0.33828047,0.7876277,5.770727,-7.9625797,0.0022027616,0.0067911493,0.99100506,1.0759114e-06,M,M
F04_Hindi_M_0011.npy,-3.7262511,0.32228252,5.7164826,-5.6212344,7.889781e-05,0.0045218966,0.9953874,1.1859985e-05,M,M
F04_Hindi_M_0079.npy,-3.66797,-0.7405773,5.6169953,-4.386091,9.2635746e-05,0.0017303311,0.9981318,4.5175486e-05,M,M
M17_English_M_0051.npy,-1.8003159,4.039057,3.3157775,-8.262359,0.001955997,0.6720096,0.32603133,3.0544895e-06,L,M
M30_English_M_0016.npy,-3.40339,2.939545,3.6423728,-6.504137,0.0005822444,0.33098403,0.6684075,2.6210058e-05,M,M
F04_Hindi_M_0058.npy,-3.7810702,-1.9160897,6.6481395,-4.0586343,2.9549245e-05,0.00019076433,0.99975735,2.2387308e-05,M,M
M30_English_M_0001.npy,0.7890063,0.35940897,5.027552,-6.854996,0.014092794,0.009171182,0.9767293,6.749149e-06,M,M
M30_English_M_0014.npy,-4.5259275,1.3497432,3.7157686,-3.471805,0.00024060978,0.0857205,0.9133485,0.00069041946,M,M
F04_Hindi_M_0057.npy,-2.5972037,0.030342044,9.947223,-10.961291,3.564528e-06,4.93322e-05,0.9999471,8.308541e-10,M,M
M30_English_M_0011.npy,-6.3267365,-1.4287513,9.257343,-5.745058,1.7057292e-07,2.28601e-05,0.99997675,3.051615e-07,M,M
M04_English_M_0056.npy,-2.1105747,4.126132,0.49930564,-4.480216,0.0019016351,0.9720632,0.02585734,0.00017783,L,M
F04_Hindi_M_0009.npy,-2.8812728,0.12649304,4.2275376,-4.091528,0.00080370833,0.016268764,0.9826879,0.00023960261,M,M
M30_Hindi_M_0079.npy,-5.4227533,-3.603875,5.7779374,-1.2826623,1.3651695e-05,8.416194e-05,0.9990447,0.0008574433,M,M
M30_Hindi_M_0072.npy,-3.2897317,-1.2360634,3.5507216,-2.0830474,0.0010559087,0.008232336,0.9871825,0.0035292518,M,M
M04_English_M_0002.npy,-2.7847714,3.811955,1.0614843,-4.1804094,0.0012808068,0.9384379,0.059964098,0.0003172238,L,M
M30_Hindi_M_0002.npy,-5.5061793,1.2585915,4.1617265,-3.356017,5.9957154e-05,0.05196892,0.94745624,0.0005148072,M,M
M30_Hindi_M_0034.npy,0.49055436,-2.0147014,6.619397,-6.7040277,0.0021739732,0.00017751526,0.99764687,1.6318745e-06,M,M
M17_English_M_0093.npy,-2.027514,1.0811445,6.2005596,-8.09611,0.00026539245,0.0059423954,0.99379164,6.142292e-07,M,M
M30_Hindi_M_0100.npy,-6.221086,-1.0499579,5.061666,-1.622104,1.2544519e-05,0.0022092583,0.9965314,0.001246713,M,M
M17_English_M_0018.npy,-1.7443504,3.6814096,1.5885376,-5.508713,0.0039027992,0.88665354,0.10935312,9.047621e-05,L,M
M30_Hindi_M_0022.npy,-3.7053266,-0.78095144,9.383078,-8.50842,2.069002e-06,3.8530146e-05,0.99995947,1.6974747e-08,M,M
M30_Hindi_M_0033.npy,-3.61425,-1.9957749,7.609626,-5.482867,1.3350474e-05,6.735835e-05,0.99991727,2.0604714e-06,M,M
M17_Hindi_M_0002.npy,-2.252863,3.8973696,6.8398647,-10.605448,0.000106834974,0.05008706,0.94980603,2.519022e-08,M,M
F04_Hindi_M_0046.npy,-8.804098,1.1911736,8.452982,-6.788032,3.1991938e-08,0.0007013453,0.99929845,2.4021867e-07,M,M
M17_English_M_0015.npy,0.31686327,1.4291694,1.2201698,-4.310878,0.15340035,0.4665463,0.3785536,0.0014997671,L,M
M32_Marathi_M_0011.npy,-2.9277415,0.5828189,3.4763086,-3.573779,0.0015642634,0.052351225,0.9452646,0.00081985886,M,M
M30_Hindi_M_0011.npy,-6.228369,-2.3208408,7.0526977,-2.5577793,1.7062365e-06,8.49292e-05,0.99984634,6.701252e-05,M,M
M30_Hindi_M_0040.npy,-4.9260197,-1.7234818,9.687822,-7.619061,4.5007414e-07,1.1069511e-05,0.99998844,3.0458693e-08,M,M
M30_Hindi_M_0073.npy,-5.1050844,5.4316635,0.08121595,-3.9293718,2.6414571e-05,0.9951649,0.004723078,8.559513e-05,L,M
M30_Hindi_M_0098.npy,-5.0026417,1.9735178,5.6551824,-6.368768,2.2937866e-05,0.024561811,0.97540945,5.851289e-06,M,M
M17_English_M_0108.npy,-0.665481,1.2711303,7.6444373,-10.220017,0.0002455846,0.0017031806,0.9980513,1.7406801e-08,M,M
M17_English_M_0068.npy,-1.5875602,1.5482329,5.660065,-7.7625713,0.0006999007,0.01610253,0.983196,1.456342e-06,M,M
M30_Hindi_M_0056.npy,-5.039591,0.1960403,2.0640166,-0.1642735,0.0006509527,0.122279875,0.79178417,0.08528501,M,M
M30_Hindi_M_0042.npy,-3.6861844,0.595523,6.8859887,-7.06612,2.5570998e-05,0.0018504165,0.9981231,8.7068366e-07,M,M
M30_English_M_0069.npy,-2.5672693,2.2811458,2.1741867,-4.6604214,0.004110787,0.5242821,0.4711002,0.00050685136,L,M
M04_English_M_0018.npy,-4.267623,8.083511,0.92127824,-8.460544,4.321475e-06,0.99922085,0.000774717,6.526334e-08,L,M
M30_Hindi_M_0036.npy,-6.1698613,1.9796493,3.862302,-3.5585113,3.813485e-05,0.13201085,0.86743176,0.0005192983,M,M
M17_English_M_0063.npy,-0.35496435,2.1098654,3.785629,-7.256567,0.013227059,0.1555698,0.8311898,1.330869e-05,M,M
M17_English_M_0027.npy,-3.2884698,-1.5070857,9.173566,-7.2218666,3.870747e-06,2.2984777e-05,0.9999732,7.5777955e-08,M,M
F04_Hindi_M_0075.npy,-0.34092677,-1.1194502,6.674952,-6.8438797,0.0008963418,0.0004114956,0.9986908,1.3436223e-06,M,M
M30_Hindi_M_0047.npy,-3.4419193,0.7161295,4.6924453,-5.028263,0.0002877862,0.018402966,0.98125035,5.8901936e-05,M,M
F04_Hindi_M_0044.npy,-2.2219868,0.7297605,3.5277245,-4.575008,0.002991018,0.057246167,0.9394784,0.00028439026,M,M
F04_English_M_0008.npy,4.0039625,-1.1425561,7.5085936,-12.533703,0.029175797,0.00016979233,0.9706544,1.9178097e-09,M,M
M32_Marathi_M_0005.npy,-2.6762667,3.2758899,-0.0066731237,-2.2262745,0.002490138,0.9576617,0.035942905,0.0039052833,L,M
M32_Marathi_M_0008.npy,-5.212883,-0.7193846,1.6880845,1.1744109,0.0005959776,0.05330053,0.59194595,0.3541575,M,M
F04_Hindi_M_0008.npy,-4.1419926,-1.2061019,5.0782247,-3.20051,9.879806e-05,0.0018611843,0.99778664,0.00025329646,M,M
M30_English_M_0007.npy,-4.846267,-2.3306043,7.0400786,-4.12778,6.8830263e-06,8.5176165e-05,0.9998938,1.411935e-05,M,M
M17_English_M_0005.npy,-0.8695274,4.34934,5.8858266,-11.868964,0.00095751643,0.17687707,0.8221653,1.6001154e-08,M,M
F04_Hindi_M_0006.npy,-5.634662,1.9636263,4.324237,-5.189475,4.3221116e-05,0.08621654,0.9136728,6.745871e-05,M,M
M17_English_M_0069.npy,0.6804707,-0.11441785,3.9963179,-5.792683,0.034484074,0.015574094,0.94988865,5.3255364e-05,M,M
F04_Hindi_M_0063.npy,-2.009395,-4.4087644,10.50271,-7.654519,3.681799e-06,3.34216e-07,0.99999595,1.3014075e-08,M,M
M30_Hindi_M_0037.npy,-6.7928543,2.8385932,5.234616,-6.3783646,5.478655e-06,0.08347535,0.9165109,8.292483e-06,M,M
M30_Hindi_M_0063.npy,-5.035761,-1.213791,6.487143,-3.834643,9.895815e-06,0.00045218057,0.99950504,3.2892003e-05,M,M
M04_English_M_0026.npy,-5.1776023,2.9217732,-0.14512667,-0.20286852,0.00027844025,0.91674006,0.042688273,0.040293183,L,M
M17_English_M_0046.npy,-1.2765329,-0.69842654,5.7651696,-5.887359,0.0008725053,0.0015553794,0.9975635,8.675841e-06,M,M
CM24_Gujarati_N_0054.npy,28.473272,-10.4426155,-0.1424171,-26.122915,1.0,1.2561615e-17,3.735628e-13,1.946153e-24,N,N
CM38_English_N_0080.npy,23.246529,-10.643934,-0.61061496,-19.98414,1.0,1.9123092e-15,4.3548606e-11,1.679422e-19,N,N
CM30_English_N_0052.npy,11.141925,0.7750023,-4.358278,-11.471082,0.9999683,3.1454954e-05,1.8549575e-07,1.511062e-10,N,N
CF20_Gujarati_N_0006.npy,10.185585,-3.0206735,1.3580865,-10.651476,0.9998516,1.838782e-06,0.00014662287,8.9230834e-10,N,N
CF14_Hindi_N_0079.npy,16.92679,-13.517489,4.4767985,-16.459837,0.99999607,6.000895e-14,3.9177417e-06,3.1649752e-15,N,N
CF04_Hindi_N_0010.npy,23.018454,-9.968449,1.2833769,-21.473347,1.0,4.7203173e-15,3.6355993e-10,4.758362e-20,N,N
CF04_English_N_0017.npy,21.04035,-9.899942,-0.92094034,-17.363407,1.0,3.6542797e-14,2.8995645e-10,2.0963369e-17,N,N
CF02_English_N_0058.npy,17.781704,-3.607711,-0.08634749,-18.766132,1.0,5.1368254e-10,1.7378161e-08,1.3411468e-16,N,N
CM05_English_N_0005.npy,9.778274,-1.7588435,1.5896857,-14.149114,0.9997125,9.758182e-06,0.00027772595,4.0582884e-11,N,N
CF14_Hindi_N_0119.npy,24.300539,-12.552596,0.8058238,-19.766537,1.0,9.882964e-17,6.257128e-11,7.2763124e-20,N,N
CM38_English_N_0087.npy,19.748652,-6.372851,-3.4651434,-17.308344,1.0,4.5245548e-12,8.286613e-11,8.060303e-17,N,N
CF14_Hindi_N_0038.npy,16.918001,-7.9390044,-0.21635786,-14.95173,1.0,1.6022838e-11,3.6194475e-08,1.4426177e-14,N,N
CM16_Hindi_N_0080.npy,22.976683,-14.208241,3.4534054,-21.438522,1.0,7.092384e-17,3.320079e-09,5.137132e-20,N,N
CF02_English_N_0096.npy,17.084845,-5.780115,-1.0786985,-16.488005,1.0,1.1745573e-10,1.2932224e-08,2.6272222e-15,N,N
CM30_English_N_0027.npy,14.71934,-0.22584027,-3.1538434,-16.644539,0.99999964,3.2313963e-07,1.7289187e-08,2.3924329e-14,N,N
CM27_Gujarati_N_0063.npy,24.737879,-9.393269,0.53044665,-21.518852,1.0,1.5032465e-15,3.0679338e-11,8.1462516e-21,N,N
CM05_English_N_0076.npy,12.093774,-1.3193572,-3.0765297,-12.896343,0.9999982,1.4953764e-06,2.5800028e-07,1.40258655e-11,N,N
CM38_English_N_0137.npy,32.560684,-13.280889,-1.812283,-27.136063,1.0,1.2338385e-20,1.1803484e-15,1.1858569e-26,N,N
CM27_Gujarati_N_0047.npy,22.230627,-9.530164,-1.6895553,-18.021818,1.0,1.6086567e-14,4.0888053e-11,3.3005412e-18,N,N
CF02_Gujarati_N_0016.npy,15.624591,-2.733254,-2.28153,-15.827998,1.0,1.0648516e-08,1.672903e-08,2.1893447e-14,N,N
CF18_English_N_0025.npy,35.940823,-16.772436,-3.861513,-25.91436,1.0,1.2791558e-23,5.1768553e-18,1.3697317e-27,N,N
CF09_Hindi_N_0092.npy,16.407318,-6.8567257,-0.33210567,-15.50667,1.0,7.880507e-11,5.372305e-08,1.3801651e-14,N,N
CM03_English_N_0019.npy,11.634622,-6.108988,2.7133412,-13.930394,0.9998665,1.9678408e-08,0.00013349942,7.892176e-12,N,N
CM24_Gujarati_N_0064.npy,12.576737,-2.0304062,0.6821666,-13.997643,0.9999927,4.5310105e-07,6.8273184e-06,2.876669e-12,N,N
CF14_Hindi_N_0082.npy,15.659457,-6.342662,0.52268624,-15.03213,0.99999976,2.7835628e-10,2.6679868e-07,4.686114e-14,N,N
CM03_English_N_0015.npy,12.902961,-4.144709,2.3123333,-16.178827,0.99997485,3.947116e-08,2.5149995e-05,2.3438478e-13,N,N
CF18_English_N_0031.npy,36.13688,-16.496809,-3.440292,-26.866648,1.0,1.3850929e-23,6.4841476e-18,4.3442706e-28,N,N
CM05_Hindi_N_0061.npy,14.682206,-2.2338626,0.19636711,-18.45672,0.9999995,4.502403e-08,5.1154035e-07,4.0545854e-15,N,N
CM05_Hindi_N_0114.npy,18.830301,-6.1943436,-0.103185326,-20.107874,1.0,1.3549861e-11,5.988128e-09,1.2284723e-17,N,N
CF20_Gujarati_N_0005.npy,11.295472,-5.0773354,-0.5249822,-8.949656,0.9999925,7.751347e-08,7.35256e-06,1.6130547e-09,N,N
CF14_English_N_0035.npy,15.218427,-9.542035,1.8851464,-13.581506,0.99999833,1.7646856e-11,1.6196797e-06,3.107045e-13,N,N
CF14_English_N_0010.npy,17.133924,-6.6783614,-1.934437,-15.16645,1.0,4.5546542e-11,5.2325806e-09,9.378345e-15,N,N
CF14_Gujarati_N_0003.npy,14.413678,-8.640031,1.7593663,-12.863828,0.9999968,9.725233e-11,3.1937482e-06,1.4240601e-12,N,N
CM05_Hindi_N_0085.npy,21.739374,-10.01034,-0.63551843,-20.549994,1.0,1.6265763e-14,1.9173764e-10,4.304879e-19,N,N
CF20_Gujarati_N_0067.npy,30.176605,-14.599093,-1.0774509,-23.943075,1.0,3.5822898e-20,2.6701492e-14,3.134156e-24,N,N
CM16_Hindi_N_0022.npy,34.912193,-15.429763,1.8140761,-31.53385,1.0,1.3701427e-22,4.223476e-15,1.3894706e-29,N,N
CM24_Gujarati_N_0018.npy,31.713137,-11.1764555,-1.1944575,-29.318007,1.0,2.3620398e-19,5.1099194e-15,3.1225638e-27,N,N
CF04_Hindi_N_0075.npy,15.881224,-8.295695,1.8328422,-14.189239,0.99999917,3.162988e-11,7.922549e-07,8.720959e-14,N,N
CF14_Hindi_N_0014.npy,22.984217,-8.678557,-0.5565939,-20.296097,1.0,1.7743218e-14,5.975253e-11,1.5980837e-19,N,N
CF14_Hindi_N_0085.npy,16.709743,-8.4744,1.7115614,-15.5528555,0.99999964,1.1552221e-11,3.0645873e-07,9.739367e-15,N,N
CM03_English_N_0102.npy,17.052645,-7.8475604,-4.324882,-11.853323,1.0,1.5345395e-11,5.1982585e-10,2.794459e-13,N,N
CM38_English_N_0067.npy,31.95936,-8.284983,-4.977572,-28.929432,1.0,3.3273921e-18,9.0885464e-17,3.600251e-27,N,N
CM05_English_N_0023.npy,16.61616,-3.1069539,-0.24981204,-20.111376,1.0,2.7186946e-09,4.7337142e-08,1.1205574e-16,N,N
CM03_English_N_0014.npy,14.747783,-9.09409,-0.030690994,-12.427712,0.99999964,4.421869e-11,3.817598e-07,1.5770021e-12,N,N
CM05_English_N_0002.npy,7.52534,0.35900545,1.9727021,-12.913047,0.99537224,0.0007685745,0.0038592725,1.323448e-09,N,N
CM38_English_N_0005.npy,37.65983,-14.747138,-5.0648303,-29.713305,1.0,1.7375742e-23,2.7855847e-19,5.498207e-30,N,N
CM38_English_N_0063.npy,26.753262,-7.9320784,-5.021922,-23.010761,1.0,8.6367005e-16,1.5856694e-14,2.4420778e-22,N,N
CF14_Hindi_N_0132.npy,26.348059,-15.436179,-0.97769606,-18.901161,1.0,7.1340554e-19,1.3569871e-12,2.2310672e-20,N,N
CM05_Hindi_N_0024.npy,21.876764,-4.286753,-3.3523564,-23.53737,1.0,4.3383934e-12,1.104415e-11,1.8918721e-20,N,N
CM38_English_N_0070.npy,27.857792,-8.650907,-4.0802374,-24.582537,1.0,1.3946785e-16,1.3473788e-14,1.6805593e-23,N,N
CM27_Gujarati_N_0011.npy,13.96218,-6.115136,0.5402448,-14.433911,0.99999857,1.907795e-09,1.4822691e-06,4.6530054e-13,N,N
CF02_English_N_0018.npy,16.834564,-10.310256,-0.2521258,-13.565043,1.0,1.6261251e-12,3.796159e-08,6.275058e-14,N,N
CM05_Hindi_N_0032.npy,17.41038,-2.8465364,2.3932123,-23.392147,0.99999964,1.5941639e-09,3.0069558e-07,1.9040877e-18,N,N
CF04_English_N_0001.npy,27.01951,-13.935656,1.3017746,-22.522728,1.0,1.6345473e-18,6.775315e-12,3.0484577e-22,N,N
CF14_Gujarati_N_0062.npy,14.972931,-3.1807306,-0.17242375,-16.0367,0.99999976,1.30606495e-08,2.6451855e-07,3.4094838e-14,N,N
CF09_Hindi_N_0016.npy,30.258066,-18.565235,-6.4213552,-18.261282,1.0,6.256174e-22,1.1757909e-16,8.478419e-22,N,N
CF04_Hindi_N_0034.npy,23.86918,-15.236351,-0.019993093,-18.598112,1.0,1.0391642e-17,4.2175843e-11,3.603206e-19,N,N
CF04_English_N_0012.npy,14.679593,-6.755649,4.551642,-17.435884,0.99996006,4.906542e-10,3.994566e-05,1.1282558e-14,N,N
CF04_Hindi_N_0115.npy,15.291455,-7.86473,2.1195707,-16.155191,0.9999981,8.778004e-11,1.9033664e-06,2.202387e-14,N,N
CM16_Hindi_N_0028.npy,34.342957,-17.062641,0.4846339,-27.532118,1.0,4.729689e-23,1.9747745e-15,1.342752e-27,N,N
CM38_English_N_0065.npy,30.543987,-10.245522,-4.735784,-27.371717,1.0,1.9290408e-18,4.7664016e-16,7.039306e-26,N,N
CM24_Gujarati_N_0001.npy,36.917973,-13.365602,-2.4221566,-32.736233,1.0,1.4525185e-22,8.218616e-18,5.6177576e-31,N,N
CF04_Hindi_N_0060.npy,25.086151,-12.295516,1.8275703,-21.56387,1.0,5.825696e-17,7.923673e-11,5.4973515e-21,N,N
CM03_English_N_0018.npy,25.074442,-4.6079645,-2.9012578,-25.56725,1.0,1.2855656e-13,7.0844757e-13,1.0152947e-22,N,N
CM05_English_N_0093.npy,22.180153,-6.7801957,-2.2232559,-21.064259,1.0,2.6465532e-13,2.5219389e-11,1.6564973e-19,N,N
CF14_English_N_0047.npy,15.6416445,-2.7026675,1.099748,-18.01522,0.9999995,1.0793593e-08,4.836534e-07,2.4155133e-15,N,N
CM24_Gujarati_N_0030.npy,15.720723,-5.48537,-0.87281543,-14.003699,0.9999999,6.1703653e-10,6.216098e-08,1.2326713e-13,N,N
CF02_English_N_0006.npy,2.4762812,-4.0667076,6.238464,-8.460003,0.022704707,3.2698797e-05,0.97726226,4.0415497e-07,M,N
CF14_Hindi_N_0062.npy,13.037008,-8.408195,-0.30636165,-9.575327,0.99999845,4.8581006e-10,1.6034211e-06,1.5121222e-10,N,N
CM05_Hindi_N_0007.npy,13.347752,-2.2012239,1.8590773,-18.67819,0.9999896,1.7666945e-07,1.0245371e-05,1.2339754e-14,N,N
CM30_English_N_0040.npy,22.537115,-5.7018948,-8.482945,-17.94508,1.0,5.4444475e-13,3.374104e-14,2.6230524e-18,N,N
CM03_English_N_0026.npy,11.94344,-6.528017,1.0151174,-11.07754,0.999982,9.504729e-09,1.7942455e-05,1.0048639e-10,N,N
CM27_Gujarati_N_0052.npy,10.0693655,-7.8147535,7.36597,-15.619167,0.93722665,1.6027673e-08,0.0627733,6.5381693e-12,N,N
CF04_English_N_0104.npy,28.032421,-13.282851,0.49894843,-24.671007,1.0,1.1402624e-18,1.1024656e-12,1.2917875e-23,N,N
CF14_Gujarati_N_0053.npy,18.276373,-8.666047,0.50480163,-16.897528,1.0,1.9909265e-12,1.9138342e-08,5.2986967e-16,N,N
CM05_Hindi_N_0107.npy,15.219264,-4.4022765,0.7139658,-16.43755,0.9999995,3.0093539e-09,5.0168217e-07,1.7849247e-14,N,N
CF04_Hindi_N_0053.npy,14.612851,-3.6696754,-1.5996517,-12.106865,0.9999999,1.148153e-08,9.099116e-08,2.487569e-12,N,N
CM38_English_N_0036.npy,23.65834,-7.067443,-5.465312,-21.035793,1.0,4.5285736e-14,2.247802e-13,3.8867298e-20,N,N
CM30_Gujarati_N_0011.npy,15.870774,-6.9271464,-0.93325764,-13.9421835,1.0,1.2559982e-10,5.0361876e-08,1.1282282e-13,N,N
CM16_Hindi_N_0057.npy,30.866705,-19.667465,-0.25078157,-24.060516,1.0,1.1305452e-22,3.060886e-14,1.3976874e-24,N,N
CM03_English_N_0077.npy,24.357054,-8.148057,-4.4676185,-20.790892,1.0,7.642041e-15,3.0311238e-13,2.46886e-20,N,N
CF14_Gujarati_N_0031.npy,15.031103,-7.0632706,1.1814691,-14.470218,0.99999905,2.5382535e-10,9.664511e-07,1.5407748e-13,N,N
CF18_English_N_0005.npy,25.43907,-13.492996,-1.1986959,-17.746216,1.0,1.235998e-17,2.7000093e-12,1.7573892e-19,N,N
CM05_Hindi_N_0044.npy,8.338937,1.0536772,4.354336,-15.927024,0.98107946,0.0006725988,0.018247945,2.8387775e-11,N,N
CF14_Hindi_N_0122.npy,18.765333,-9.349141,3.0735188,-18.551792,0.9999999,6.1664964e-13,1.5315514e-07,6.2141136e-17,N,N
CM03_English_N_0107.npy,14.190522,-4.1457467,-2.1634524,-11.49748,0.9999999,1.0880763e-08,7.898756e-08,6.9797805e-12,N,N
CM30_English_N_0056.npy,13.960132,0.60371965,-4.5179048,-14.11585,0.99999845,1.5826444e-06,9.442563e-09,6.408489e-13,N,N
CF14_English_N_0041.npy,19.179794,-12.706712,1.0358125,-14.453753,1.0,1.4186224e-14,1.3187691e-08,2.4724947e-15,N,N
CF09_Hindi_N_0049.npy,31.454206,-11.772323,-5.1784062,-25.6034,1.0,1.6863875e-19,1.2321337e-16,1.6603387e-25,N,N
CM05_English_N_0044.npy,17.7056,-5.2355833,-2.0867116,-17.668531,1.0,1.08835344e-10,2.5369262e-09,4.33721e-16,N,N
CM38_English_N_0093.npy,28.640345,-12.823829,-4.1578217,-21.560364,1.0,9.82514e-19,5.7008316e-15,1.5780116e-22,N,N
CF14_Gujarati_N_0016.npy,15.880275,-7.9317026,2.239212,-15.078078,0.9999988,4.5560562e-11,1.1905872e-06,3.5888688e-14,N,N
CM03_English_N_0082.npy,21.721827,-6.05142,-0.2151399,-21.771534,1.0,8.674255e-13,2.9709596e-10,1.2914353e-19,N,N
CF04_Hindi_N_0094.npy,26.059473,-15.055374,-0.13999373,-19.46765,1.0,1.3933158e-18,4.1852e-12,1.6897479e-20,N,N
CM30_English_N_0024.npy,26.843927,-6.271996,-4.8097186,-25.95231,1.0,4.1489342e-15,1.7905894e-14,1.17729475e-23,N,N
CF09_Hindi_N_0110.npy,31.384445,-17.70557,-3.500901,-23.019138,1.0,4.791563e-22,7.0711e-16,2.3595212e-24,N,N
CM05_English_N_0054.npy,18.255953,-3.5979738,-0.7251632,-19.576355,1.0,3.2281955e-10,5.709609e-09,3.7122595e-17,N,N
CF09_English_N_0037.npy,38.31158,-15.950104,-0.22758117,-32.0956,1.0,2.7192546e-24,1.8308584e-17,2.6457568e-31,N,N
CF09_English_N_0008.npy,26.390074,-8.641875,-1.3390925,-24.55208,1.0,6.106864e-16,9.0651754e-13,7.5180237e-23,N,N
CF04_Hindi_N_0135.npy,11.702052,-1.7222556,4.238493,-17.15594,0.9994253,1.4779083e-06,0.00057328126,2.9301133e-13,N,N
CF14_Hindi_N_0131.npy,13.481939,-7.279937,-0.08543709,-11.457047,0.9999987,9.621253e-10,1.2816305e-06,1.4761642e-11,N,N
CM35_English_N_0028.npy,20.815485,-5.2351766,0.32263002,-22.788076,1.0,4.856704e-12,1.2591171e-09,1.1566818e-19,N,N
CM38_English_N_0054.npy,23.806501,-8.085243,-1.0672612,-22.33378,1.0,1.4112088e-14,1.5756596e-11,9.152301e-21,N,N
CF04_English_N_0034.npy,31.741224,-13.656322,1.286374,-29.868736,1.0,1.9235203e-20,5.9378094e-14,1.7503837e-27,N,N
CF18_English_N_0020.npy,25.0492,-12.124905,-2.811554,-19.056782,1.0,7.169556e-17,7.9474583e-13,6.998683e-20,N,N
CF14_Hindi_N_0052.npy,15.055169,-9.37412,-0.06780943,-12.328755,0.99999976,2.4575059e-11,2.7050413e-07,1.2803025e-12,N,N
CM05_Hindi_N_0043.npy,12.175997,0.5329676,0.44125876,-16.889162,0.9999832,8.779896e-06,8.010517e-06,2.3831674e-13,N,N
CF04_English_N_0064.npy,21.670504,-8.540563,0.5751404,-21.859774,1.0,7.577051e-14,6.892868e-10,1.2446315e-19,N,N
CM16_Hindi_N_0008.npy,20.69807,-11.830478,-3.6538947,-12.984235,1.0,7.465013e-15,2.6550701e-11,2.3548382e-15,N,N
CF09_Hindi_N_0107.npy,19.135305,-10.495613,-0.012898233,-15.775426,1.0,1.3534917e-13,4.831046e-09,6.8938466e-16,N,N
CM05_English_N_0099.npy,14.747144,0.22208458,-0.9196954,-19.13519,0.9999994,4.918661e-07,1.5702824e-07,1.9279245e-15,N,N
CF09_Hindi_N_0014.npy,34.203747,-17.861816,-6.0770764,-21.512072,1.0,2.4446304e-23,3.2081964e-18,6.352237e-25,N,N
CM03_English_N_0013.npy,17.415178,-6.0524573,0.6978539,-18.067095,1.0,6.4288776e-11,5.492346e-08,3.8926431e-16,N,N
CM05_English_N_0085.npy,9.822832,-0.08099347,-1.0218122,-13.064146,0.9999305,4.997962e-05,1.9507452e-05,1.1488981e-10,N,N
CF09_English_N_0006.npy,25.11819,-10.424773,-1.1176208,-19.837925,1.0,3.6634178e-16,4.0358216e-12,2.9909355e-20,N,N
CF02_English_N_0035.npy,8.897063,-1.8504437,1.1790675,-12.246801,0.999534,2.1488917e-05,0.00044454393,6.5634814e-10,N,N
CF14_Gujarati_N_0018.npy,15.139125,-6.468253,0.019268129,-14.543877,0.99999976,4.1308063e-10,2.713498e-07,1.2848006e-13,N,N
CF09_Hindi_N_0024.npy,29.634665,-15.138816,-4.7795753,-23.152575,1.0,3.590252e-20,1.1326256e-15,1.1879369e-23,N,N
CM05_Hindi_N_0022.npy,9.459533,0.4622839,-0.3133773,-13.593094,0.99981934,0.00012372744,5.6964014e-05,9.734028e-11,N,N
CF09_Hindi_N_0081.npy,19.114264,-6.228052,-1.7517611,-17.248245,1.0,9.862162e-12,8.6696367e-10,1.6142183e-16,N,N
CF14_Hindi_N_0066.npy,20.352106,-14.086553,1.8227891,-17.528234,1.0,1.1053e-15,8.9705585e-09,3.5381572e-17,N,N
CF09_Hindi_N_0045.npy,26.300833,-10.698427,-6.7095113,-19.804684,1.0,8.539365e-17,4.6109365e-15,9.476096e-21,N,N
CF14_Gujarati_N_0011.npy,18.036524,-8.818009,1.667326,-17.44469,0.9999999,2.1738219e-12,7.779428e-08,3.896758e-16,N,N
CM30_English_N_0028.npy,16.470327,0.5703028,-6.802937,-16.765795,0.9999999,1.2436756e-07,7.8081805e-11,3.6790482e-15,N,N
CM24_Gujarati_N_0051.npy,16.520485,-5.5702944,-0.09469882,-16.131527,0.9999999,2.547398e-10,6.082999e-08,6.597985e-15,N,N
CM27_Gujarati_N_0065.npy,22.70621,-9.448659,3.328124,-22.220469,1.0,1.0847204e-14,3.8388768e-09,3.0802914e-20,N,N
CM35_English_N_0098.npy,31.986437,-11.877689,-2.9057221,-30.514761,1.0,8.9135606e-20,7.023088e-16,7.1791773e-28,N,N
CM05_English_N_0046.npy,18.893171,-1.7359828,-2.1133068,-21.538343,1.0,1.0986824e-09,7.5336043e-10,2.75941e-18,N,N
CF04_Hindi_N_0082.npy,28.465485,-15.30362,0.21231511,-22.537676,1.0,9.802112e-20,5.367897e-13,7.073098e-23,N,N
CF02_Gujarati_N_0027.npy,17.724682,-5.266254,-1.1008629,-16.422832,1.0,1.0355313e-10,6.670678e-09,1.478846e-15,N,N
CM05_Hindi_N_0125.npy,25.690374,-11.996169,-2.6260126,-20.684832,1.0,4.2947962e-17,5.0390573e-13,7.2360896e-21,N,N
CF20_Gujarati_N_0026.npy,42.15312,-20.789412,-5.357451,-31.286507,1.0,4.6175066e-28,2.3249916e-21,1.2751986e-32,N,N
CF09_Hindi_N_0037.npy,40.071453,-21.73914,-5.869797,-29.392853,1.0,1.4321902e-27,1.1167828e-20,6.7925626e-31,N,N
CM38_English_N_0110.npy,22.624304,-7.240914,-0.76500785,-21.35032,1.0,1.0707817e-13,6.952666e-11,7.9811084e-20,N,N
CF20_Gujarati_N_0002.npy,9.28065,-5.643544,3.1876736,-10.151849,0.99774605,3.2924927e-07,0.002253585,3.6273793e-09,N,N
CF09_English_N_0044.npy,29.195206,-13.706596,-3.3749285,-22.880508,1.0,2.3333726e-19,7.160954e-15,2.4199408e-23,N,N
CF14_Gujarati_N_0008.npy,13.407973,-4.3605213,1.2090576,-14.839002,0.999995,1.9197254e-08,5.0358894e-06,5.4012274e-13,N,N
CF14_Hindi_N_0041.npy,11.770028,-5.7716293,1.958349,-12.270753,0.99994516,2.4084164e-08,5.480475e-05,3.6240785e-11,N,N
CF04_Hindi_N_0035.npy,24.32279,-12.669113,0.5500244,-20.877611,1.0,8.602402e-17,4.7382594e-11,2.3426917e-20,N,N
CF04_English_N_0076.npy,21.278957,-9.834306,-1.1914811,-18.408646,1.0,3.073845e-14,1.7426605e-10,5.8062136e-18,N,N
CM35_English_N_0040.npy,18.8667,-3.4718091,-3.0967023,-19.359095,1.0,1.9884239e-10,2.8934488e-10,2.5046642e-17,N,N
CM30_Gujarati_N_0024.npy,16.84024,-1.3156008,-6.01337,-15.93635,1.0,1.303221e-08,1.1879628e-10,5.8251684e-15,N,N
CM05_English_N_0038.npy,23.120913,-5.103058,-3.56061,-23.194971,1.0,5.526948e-13,2.5844138e-12,7.6783396e-21,N,N
CM27_Gujarati_N_0023.npy,21.88296,-8.594113,-0.64882165,-18.87778,1.0,5.807311e-14,1.6389744e-10,1.9853387e-18,N,N
CF14_Hindi_N_0011.npy,17.623146,-6.7973394,0.06543061,-15.937523,1.0,2.4792337e-11,2.3701764e-08,2.6594183e-15,N,N
CM35_English_N_0124.npy,24.619425,-9.301627,-3.892747,-20.322004,1.0,1.8547046e-15,4.1430553e-13,3.035186e-20,N,N
CF04_English_N_0039.npy,19.509241,-8.780993,-0.52815354,-17.707659,1.0,5.1725855e-13,1.9854993e-09,6.869194e-17,N,N
CM27_Gujarati_N_0017.npy,18.917282,-5.295412,-2.037818,-18.612371,1.0,3.0518314e-11,7.930768e-10,5.024325e-17,N,N
CF04_English_N_0025.npy,21.794207,-6.8853407,-2.2777736,-20.113825,1.0,3.504542e-13,3.512951e-11,6.303376e-19,N,N
CM30_Gujarati_N_0036.npy,8.658542,6.703648,-4.097597,-15.017917,0.8759771,0.124020435,2.5268068e-06,4.570224e-11,N,N
CF18_English_N_0027.npy,29.783125,-12.175312,-5.842317,-22.249453,1.0,5.9935367e-19,3.373393e-16,2.526613e-23,N,N
CF02_Gujarati_N_0039.npy,15.4042845,-4.5253906,-1.2467115,-15.803922,1.0,2.2113205e-09,5.8690077e-08,2.7954276e-14,N,N
CF04_Hindi_N_0084.npy,20.036352,-14.072917,1.7185034,-16.179657,1.0,1.5365017e-15,1.1083058e-08,1.8689008e-16,N,N
CF18_English_N_0029.npy,24.641825,-10.734396,-0.099493414,-22.87002,1.0,4.3281525e-16,1.7987974e-11,2.322031e-21,N,N
CM30_English_N_0029.npy,22.27791,-1.7418913,-7.805319,-20.632662,1.0,3.7011144e-11,8.6103264e-14,2.3129986e-19,N,N
CM35_English_N_0120.npy,21.671473,-8.206026,-1.2456104,-19.919056,1.0,1.05771145e-13,1.1149028e-10,8.658889e-19,N,N
CM24_Gujarati_N_0065.npy,14.615365,-2.9793365,2.4391317,-17.212225,0.9999949,2.2841041e-08,5.151419e-06,1.5047025e-14,N,N
CF04_Hindi_N_0037.npy,25.925348,-13.517282,-1.4298445,-20.777262,1.0,7.4179365e-18,1.3176224e-12,5.215719e-21,N,N
CM03_English_N_0027.npy,16.357954,-3.4250405,-0.6253445,-16.647732,1.0,2.5606741e-09,4.2096584e-08,4.6324808e-15,N,N
CF02_English_N_0048.npy,12.922639,-4.357765,2.1625385,-14.343667,0.9999788,3.12757e-08,2.122944e-05,1.4400732e-12,N,N
CF02_English_N_0098.npy,24.143297,-8.504025,0.57206655,-23.16033,1.0,6.6289925e-15,5.7962204e-11,2.8595375e-21,N,N
CM05_English_N_0024.npy,13.179428,-6.0765386,-0.74456173,-12.745738,0.99999905,4.337503e-09,8.971963e-07,5.506081e-12,N,N
CF04_Hindi_N_0052.npy,16.019516,-1.7650541,1.5534016,-19.87766,0.9999995,1.8891171e-08,5.2173056e-07,2.5707106e-16,N,N
CM16_Hindi_N_0071.npy,10.720508,-3.7970304,0.74324596,-11.809903,0.99995303,4.955562e-07,4.64419e-05,1.6411435e-10,N,N
CF18_English_N_0050.npy,28.418823,-13.883589,-3.1942673,-21.486298,1.0,4.2490815e-19,1.8647012e-14,2.1207105e-22,N,N
CM16_Hindi_N_0064.npy,25.133043,-12.455245,-0.40521792,-20.07958,1.0,4.738209e-17,8.107258e-12,2.3142328e-20,N,N
CM38_English_N_0010.npy,19.358255,-7.269969,-1.911195,-15.466601,1.0,2.7258974e-12,5.791549e-10,7.51203e-16,N,N
CF14_Hindi_N_0060.npy,16.638288,-10.348595,1.5778388,-13.755061,0.99999976,1.9043443e-12,2.8795841e-07,6.314461e-14,N,N
CF09_Hindi_N_0105.npy,25.518799,-10.071076,2.1051025,-26.330297,1.0,3.495538e-16,6.7851724e-11,3.0354478e-23,N,N
CF02_English_N_0074.npy,21.639275,-5.4733887,-3.8765047,-19.88283,1.0,1.6792677e-12,8.291589e-12,9.272141e-19,N,N
CM03_English_N_0044.npy,24.060783,-9.621168,2.9024396,-25.993542,1.0,2.3556647e-15,6.472139e-10,1.8267656e-22,N,N
CF20_Gujarati_N_0055.npy,17.041355,-5.988782,1.504635,-16.22976,0.99999976,9.957238e-11,1.7884962e-07,3.5525362e-15,N,N
CM05_English_N_0041.npy,20.20226,-5.811805,0.74115276,-21.96262,1.0,5.0377337e-12,3.5330463e-09,4.8755747e-19,N,N
CF14_Hindi_N_0044.npy,14.669371,-6.035826,-0.36814556,-13.480853,0.99999976,1.0182334e-09,2.9463845e-07,5.9499524e-13,N,N
CM05_Hindi_N_0101.npy,22.724508,-7.0241113,-2.2418492,-22.062223,1.0,1.203203e-13,1.4363108e-11,3.5429868e-20,N,N
CF04_English_N_0046.npy,22.514439,-10.666974,1.1831436,-19.409819,1.0,3.885939e-15,5.444228e-10,6.2019355e-19,N,N
CF14_Hindi_N_0107.npy,23.945326,-14.366617,5.180235,-22.950829,1.0,2.2979182e-17,7.0863817e-09,4.297918e-21,N,N
CF02_Gujarati_N_0022.npy,22.603891,-8.741824,-0.004985001,-20.569426,1.0,2.4362909e-14,1.5173628e-10,1.7785526e-19,N,N
CF09_Hindi_N_0143.npy,23.28495,-15.640146,-0.77879703,-15.015128,1.0,1.2446471e-17,3.5419896e-11,2.3253423e-17,N,N
CF14_English_N_0028.npy,16.19771,-6.2440233,-0.15348628,-15.25839,0.9999999,1.7934058e-10,7.9207375e-08,2.18167e-14,N,N
CF20_Gujarati_N_0050.npy,26.581251,-13.129982,-3.811895,-19.765366,1.0,5.6706093e-18,6.315739e-14,7.445936e-21,N,N
CF04_Hindi_N_0067.npy,12.484903,-7.665106,2.8562076,-12.9829645,0.9999342,1.7739183e-09,6.580852e-05,8.6979425e-12,N,N
CF14_Hindi_N_0106.npy,15.782346,-11.630687,0.71708125,-11.4787445,0.99999976,1.2435726e-12,2.865752e-07,1.4476355e-12,N,N
CM35_English_N_0088.npy,15.846194,-4.121608,-3.041526,-14.639811,1.0,2.1285984e-09,6.2685546e-09,5.755681e-14,N,N
CF14_Hindi_N_0125.npy,18.766954,-9.309713,3.3658857,-18.07628,0.99999976,6.4040987e-13,2.048334e-07,9.9812794e-17,N,N
CM05_English_N_0011.npy,9.774699,-2.3162348,-0.42196628,-10.626979,0.9999571,5.6099057e-06,3.729286e-05,1.3792569e-09,N,N
CF04_English_N_0109.npy,21.307192,-11.926862,-2.1900463,-14.499115,1.0,3.6866635e-15,6.241359e-11,2.8152657e-16,N,N
CF04_Hindi_N_0018.npy,24.793701,-12.190083,-4.417724,-17.991806,1.0,8.672549e-17,2.0589178e-13,2.6211405e-19,N,N
CF14_Hindi_N_0057.npy,19.351639,-8.144054,1.18629,-18.687078,1.0,1.1449121e-12,1.290891e-08,3.019911e-17,N,N
CF04_Hindi_N_0093.npy,26.884497,-13.697615,0.540619,-22.176718,1.0,2.3736297e-18,3.6224235e-12,4.931571e-22,N,N
CF04_English_N_0074.npy,34.680275,-18.1656,-0.51899076,-26.295233,1.0,1.1202842e-23,5.165991e-16,3.301206e-27,N,N
CM05_Hindi_N_0011.npy,16.306532,-3.7443573,-0.34571412,-18.826874,1.0,1.958886e-09,5.8616685e-08,5.51766e-16,N,N
CM30_English_N_0005.npy,18.133295,-5.00575,-4.2952557,-15.797546,1.0,8.929767e-11,1.817206e-10,1.8366383e-15,N,N
CF02_Gujarati_N_0052.npy,26.283407,-10.290292,-1.6850499,-23.03107,1.0,1.3069047e-16,7.1359823e-13,3.828205e-22,N,N
CF14_Gujarati_N_0009.npy,14.564241,-7.137533,0.62387204,-14.016855,0.99999917,3.758709e-10,8.826205e-07,3.867115e-13,N,N
CM05_Hindi_N_0016.npy,7.0973024,4.0512023,-0.26476768,-12.262065,0.9540356,0.04535865,0.0006057008,3.7316266e-09,N,N
CF02_English_N_0057.npy,17.673819,-6.1143303,0.12721601,-16.842867,1.0,4.6659298e-11,2.3966656e-08,1.0223367e-15,N,N
CF09_Hindi_N_0114.npy,28.129217,-13.053145,-1.1151367,-24.993053,1.0,1.3023497e-18,1.9922249e-13,8.4975134e-24,N,N
CM16_Hindi_N_0047.npy,18.21384,-9.526961,0.37315795,-14.993096,1.0,8.960298e-13,1.7860344e-08,3.788009e-15,N,N
CF09_Hindi_N_0086.npy,18.05866,-6.363678,0.8120742,-18.988386,1.0,2.4746465e-11,3.2352137e-08,8.140894e-17,N,N
CF14_English_N_0009.npy,11.658879,1.4241124,0.19155154,-15.420962,0.9999536,3.589856e-05,1.0466044e-05,1.7352182e-12,N,N
CM05_Hindi_N_0109.npy,20.00786,-8.048047,-3.1668346,-16.009972,1.0,6.538437e-13,8.6170425e-11,2.2785327e-16,N,N
CF02_Gujarati_N_0067.npy,12.97305,-5.6044655,-0.4997019,-10.82492,0.99999857,8.548448e-09,1.4088271e-06,4.620324e-11,N,N
CF14_Gujarati_N_0044.npy,26.421604,-15.073852,-1.9810902,-18.036392,1.0,9.522525e-19,4.622388e-13,4.9219537e-20,N,N
CF04_Hindi_N_0021.npy,22.446596,-13.7009535,-0.6476568,-17.077602,1.0,2.0013317e-16,9.338845e-11,6.836878e-18,N,N
CM35_English_N_0026.npy,18.207567,-4.4381933,-2.8277895,-17.134462,1.0,1.4624181e-10,7.3191514e-10,4.4786957e-16,N,N
CF14_Gujarati_N_0036.npy,21.178282,-8.2255535,2.555513,-21.282272,1.0,1.6985431e-13,8.1702325e-09,3.6275618e-19,N,N
CM05_Hindi_N_0098.npy,16.099724,-5.511133,-0.15913954,-16.781017,0.9999999,4.116461e-10,8.686909e-08,5.2489874e-15,N,N
CM30_English_N_0041.npy,13.287102,3.1306236,-5.8862433,-15.652588,0.99996114,3.8822258e-05,4.7109117e-09,2.7016906e-13,N,N
CM35_English_N_0015.npy,26.908772,-11.9182,-2.9715047,-21.368196,1.0,1.3729664e-17,1.05477815e-13,1.0803846e-21,N,N
CF09_Hindi_N_0094.npy,18.109308,-9.201838,-1.3044211,-13.548573,1.0,1.3769561e-12,3.7044587e-09,1.7830237e-14,N,N
CF02_English_N_0075.npy,30.69212,-11.404849,-3.3209364,-26.608364,1.0,5.218172e-19,1.6916742e-15,1.3023153e-25,N,N
CM27_Gujarati_N_0045.npy,18.102911,-10.365824,-1.1751344,-11.417275,1.0,4.326987e-13,4.242786e-09,1.5119782e-13,N,N
CM03_English_N_0043.npy,13.865123,-3.1376703,1.0566689,-16.615574,0.99999726,4.1283823e-08,2.7375254e-06,5.786288e-14,N,N
CM03_English_N_0097.npy,28.60412,-11.15612,-3.842546,-24.404936,1.0,5.399428e-18,8.1019896e-15,9.51611e-24,N,N
CF09_English_N_0025.npy,31.50255,-16.706644,-2.5437777,-23.747534,1.0,1.1561468e-21,1.6363152e-15,1.01203005e-24,N,N
CF09_Hindi_N_0003.npy,35.624607,-19.260174,-1.3436671,-26.997961,1.0,1.4582853e-24,8.808114e-17,6.358652e-28,N,N
CM30_English_N_0054.npy,21.2609,-1.8573428,-7.4737725,-20.712175,1.0,9.117465e-11,3.3165785e-13,5.906426e-19,N,N
CF09_Hindi_N_0010.npy,24.405905,-10.603465,0.28109476,-22.463926,1.0,6.246321e-16,3.33218e-11,4.412564e-21,N,N
CM03_English_N_0016.npy,15.20452,-6.126838,-0.557623,-14.65717,0.9999999,5.443884e-10,1.4275396e-07,1.07456456e-13,N,N
CM05_Hindi_N_0026.npy,20.455221,-5.3500814,0.7706405,-22.572582,1.0,6.2072595e-12,2.8255018e-09,2.057137e-19,N,N
CF09_Hindi_N_0066.npy,22.348623,-9.534598,-4.3647923,-16.872416,1.0,1.4232893e-14,2.5032901e-12,9.2580445e-18,N,N
CM05_English_N_0095.npy,16.230963,-3.562159,-0.656034,-17.56229,1.0,2.5348754e-09,4.6352195e-08,2.1075484e-15,N,N
CM35_English_N_0108.npy,24.29297,-9.198677,-0.65232277,-23.615871,1.0,2.849463e-15,1.4668874e-11,1.5611816e-21,N,N
CM30_Gujarati_N_0060.npy,20.499853,-6.179532,-1.4243103,-19.052387,1.0,2.5899406e-12,3.0092387e-10,6.647848e-18,N,N
CM27_Gujarati_N_0041.npy,18.935337,-10.493186,3.2216518,-17.298033,0.9999999,1.6571216e-13,1.498419e-07,1.8367421e-16,N,N
CM05_Hindi_N_0051.npy,20.014843,-4.0629334,-1.8194377,-21.653156,1.0,3.4926475e-11,3.292249e-10,8.013419e-19,N,N
CM35_English_N_0038.npy,22.514193,-4.002101,-1.4570742,-25.350538,1.0,3.0487405e-12,3.8851762e-11,1.6315918e-21,N,N
CF14_Gujarati_N_0049.npy,29.284758,-13.428265,2.362624,-27.603361,1.0,2.8181945e-19,2.0317279e-12,1.966998e-25,N,N
CM03_English_N_0091.npy,32.26872,-14.278536,-2.3698413,-26.646624,1.0,6.092329e-21,9.050322e-16,2.5905446e-26,N,N
CF20_Gujarati_N_0028.npy,35.924236,-18.086746,0.9286014,-29.927519,1.0,3.4940436e-24,6.3326925e-16,2.5173695e-29,N,N
CF09_Hindi_N_0167.npy,15.689894,-4.1819897,0.21807954,-17.485226,0.99999976,2.342883e-09,1.9084308e-07,3.9104746e-15,N,N
CF14_Hindi_N_0130.npy,14.851716,-5.3236694,1.5747023,-15.117014,0.99999833,1.7295817e-09,1.7134265e-06,9.654833e-14,N,N
CM27_Gujarati_N_0018.npy,23.642765,-9.06509,1.9633757,-23.614748,1.0,6.239632e-15,3.843798e-10,2.9944843e-21,N,N
CM38_English_N_0038.npy,23.636204,-8.057273,-4.6371465,-19.955212,1.0,1.72067e-14,5.26066e-13,1.1708165e-19,N,N
CF04_Hindi_N_0096.npy,27.110668,-14.925134,0.7153257,-21.448708,1.0,5.5473255e-19,3.440715e-12,8.14575e-22,N,N
CF09_English_N_0023.npy,23.722216,-10.470528,-3.9578612,-17.945446,1.0,1.4134521e-15,9.521284e-13,8.0161096e-19,N,N
CM30_Gujarati_N_0047.npy,22.932709,-3.343238,-9.436545,-18.48897,1.0,3.8770463e-12,8.754093e-15,1.0251665e-18,N,N
CF14_English_N_0024.npy,11.411235,-1.4369416,1.4723995,-14.999483,0.9999491,2.6307862e-06,4.8261038e-05,3.3880455e-12,N,N
CM38_English_N_0079.npy,28.800482,-10.408375,-2.8803687,-23.908484,1.0,9.371536e-18,1.742534e-14,1.2846571e-23,N,N
CM05_Hindi_N_0074.npy,18.559637,-3.4987957,-2.8211758,-18.336712,1.0,2.6311403e-10,5.181203e-10,9.4649884e-17,N,N
CM35_English_N_0093.npy,11.56423,-2.3717585,-2.894123,-12.421391,0.9999987,8.864955e-07,5.257951e-07,3.8298063e-11,N,N
CM30_Gujarati_N_0038.npy,19.550028,0.15973383,-8.606417,-19.199547,1.0,3.7923003e-09,5.913049e-13,1.483455e-17,N,N
CF09_English_N_0001.npy,18.080536,-11.040828,-2.6935234,-13.537028,1.0,2.2529526e-13,9.504749e-10,1.8563759e-14,N,N
CF04_Hindi_N_0066.npy,17.007643,-3.9180093,3.499179,-20.806566,0.9999987,8.1677876e-10,1.3594027e-06,3.7800463e-17,N,N
CF20_Gujarati_N_0042.npy,31.854074,-15.971525,-1.9718684,-23.517515,1.0,1.6967035e-21,2.0397625e-15,8.962397e-25,N,N
CF02_English_N_0084.npy,16.874613,-5.5078573,-2.242113,-15.088944,1.0,1.9029052e-10,4.985531e-09,1.3134183e-14,N,N
CM27_Gujarati_N_0010.npy,24.703066,-12.510237,-1.127845,-18.389154,1.0,6.893948e-17,6.0503096e-12,1.928797e-19,N,N
CM35_English_N_0058.npy,10.777343,-1.7769681,0.95993066,-14.481936,0.99994195,3.5294488e-06,5.449125e-05,1.0715421e-11,N,N
CF14_Hindi_N_0116.npy,15.101546,-9.145295,2.2238371,-13.872875,0.9999975,2.9493713e-11,2.5543522e-06,2.6095592e-13,N,N
CF14_Hindi_N_0087.npy,15.608457,-7.383139,0.4023849,-13.791543,0.99999976,1.0348479e-10,2.489355e-07,1.7050704e-13,N,N
CM38_English_N_0077.npy,21.378,-7.4284506,-1.1753479,-19.364412,1.0,3.086866e-13,1.6040029e-10,2.0220647e-18,N,N
CF09_Hindi_N_0026.npy,25.371832,-9.005367,-4.152609,-22.043842,1.0,1.1753655e-15,1.5055608e-13,2.5564374e-21,N,N
CM30_Gujarati_N_0001.npy,15.683785,-4.093734,-3.8076437,-14.445986,1.0,2.574735e-09,3.4275218e-09,8.218758e-14,N,N
CF04_Hindi_N_0097.npy,20.127861,-10.034753,-1.07303,-15.67742,1.0,7.953232e-14,6.202543e-10,2.818145e-16,N,N
CF09_Hindi_N_0073.npy,16.919712,-5.945188,-6.0608516,-12.549461,1.0,1.1746266e-10,1.0463279e-10,1.5911114e-13,N,N
CF04_Hindi_N_0031.npy,24.873705,-15.45353,-3.077717,-17.9196,1.0,3.0626958e-18,7.258582e-13,2.6007822e-19,N,N
CM27_Gujarati_N_0039.npy,9.672387,-5.8389707,1.6860054,-8.469502,0.9996598,1.8338125e-07,0.00033994668,1.3210817e-08,N,N
CF04_English_N_0090.npy,24.130962,-12.452198,1.3049043,-21.410814,1.0,1.2945991e-16,1.2211505e-10,1.6651635e-20,N,N
CF14_Hindi_N_0002.npy,15.9178705,-5.8250656,-2.762102,-13.576083,1.0,3.607142e-10,7.715984e-09,1.5521678e-13,N,N
CM05_Hindi_N_0069.npy,18.509956,-5.9047084,-2.8475041,-17.613447,1.0,2.493708e-11,5.303627e-10,2.0502384e-16,N,N
CM30_Gujarati_N_0022.npy,12.9830675,0.28665525,-5.2630177,-13.118052,0.9999969,3.062083e-06,1.1907598e-08,4.617706e-12,N,N
CF18_English_N_0013.npy,18.638422,-4.045789,-3.446982,-16.857485,1.0,1.4072525e-10,2.5611271e-10,3.839932e-16,N,N
CF14_English_N_0023.npy,23.982317,-10.758066,1.108625,-21.196722,1.0,8.174163e-16,1.1643457e-10,2.3932752e-20,N,N
CM38_English_N_0033.npy,33.995266,-9.229809,-5.356,-30.367567,1.0,1.6888402e-19,8.127608e-18,1.1157775e-28,N,N
CM38_English_N_0052.npy,21.431463,-6.670517,-4.88252,-17.506716,1.0,6.244031e-13,3.732347e-12,1.2284676e-17,N,N
CM35_English_N_0114.npy,27.167868,-9.272943,-0.9200351,-26.535563,1.0,1.492646e-16,6.332557e-13,4.7522208e-24,N,N
CM03_English_N_0058.npy,22.635263,-12.899039,-1.24341,-14.816936,1.0,3.6952927e-16,4.262102e-11,5.428965e-17,N,N
CF09_English_N_0015.npy,16.934645,-7.544032,-1.7602767,-14.3726015,1.0,2.339086e-11,7.601491e-09,2.5318345e-14,N,N
CM03_English_N_0046.npy,23.023531,-7.412674,-0.2898915,-23.203783,1.0,6.0495656e-14,7.5008236e-11,8.389433e-21,N,N
CF14_Hindi_N_0068.npy,18.74179,-11.527174,3.1648638,-17.894928,0.9999999,7.1508154e-14,1.718013e-07,1.2270864e-16,N,N
CF14_Hindi_N_0037.npy,18.449644,-6.9953446,0.7609035,-18.268621,1.0,8.899836e-12,2.0791122e-08,1.130993e-16,N,N
CM30_English_N_0057.npy,23.595667,-0.8346197,-8.319721,-22.58964,1.0,2.455056e-11,1.3782343e-14,8.749359e-21,N,N
CF04_Hindi_N_0126.npy,13.80604,-5.251979,-0.23680067,-11.913228,0.99999917,5.28698e-09,7.966568e-07,6.764927e-12,N,N
CF09_Hindi_N_0161.npy,12.984247,-4.9845405,-0.5756046,-11.693317,0.9999987,1.571281e-08,1.2913105e-06,1.9172084e-11,N,N
CF09_Hindi_N_0042.npy,35.65321,-20.049845,-5.6792836,-25.428778,1.0,6.433836e-25,1.1207957e-18,2.9677735e-27,N,N
CF09_Hindi_N_0084.npy,23.652426,-6.9535217,-2.7151816,-22.053732,1.0,5.105119e-14,3.5374776e-12,1.4127584e-20,N,N
CM16_Hindi_N_0025.npy,42.5537,-16.98799,-2.6796877,-35.906963,1.0,1.3847581e-26,2.2666768e-20,8.413314e-35,N,N
CM38_English_N_0140.npy,20.53237,-10.884464,0.12942597,-17.38536,1.0,2.2690415e-14,1.3775702e-09,3.4083024e-17,N,N
CM35_English_N_0104.npy,21.233397,-7.128157,-0.23083916,-22.135628,1.0,4.8165264e-13,4.766516e-10,1.4624171e-19,N,N
CF20_Gujarati_N_0051.npy,24.036377,-10.35645,-2.4830854,-19.079857,1.0,1.1571387e-15,3.0390913e-12,1.8830314e-19,N,N
CM35_English_N_0021.npy,15.086443,-3.2758934,-1.3937967,-15.157026,0.9999999,1.0600791e-08,6.961819e-08,7.3354734e-14,N,N
CF09_Hindi_N_0012.npy,38.894222,-20.37133,-2.3411043,-27.463858,1.0,1.8251459e-26,1.2351678e-18,1.5172351e-29,N,N
CF02_English_N_0102.npy,26.185162,-11.471156,-2.4257798,-20.092575,1.0,4.426583e-17,3.753412e-13,7.976904e-21,N,N
CM35_English_N_0118.npy,26.315435,-7.617692,-1.2235208,-25.721745,1.0,1.8324393e-15,1.0964365e-12,2.5150157e-23,N,N
CM35_English_N_0017.npy,9.825784,-0.4317692,-0.87225366,-12.167327,0.9999424,3.508943e-05,2.2587934e-05,2.80859e-10,N,N
CM16_Hindi_N_0019.npy,24.847942,-14.35385,0.46672443,-18.000319,1.0,9.437942e-18,2.5785265e-11,2.4617138e-19,N,N
CF09_Hindi_N_0100.npy,27.706015,-12.700712,-3.5146406,-20.21256,1.0,2.828665e-18,2.7608424e-14,1.5460631e-21,N,N
CM38_English_N_0016.npy,19.679396,-6.2593307,-0.86166793,-18.606897,1.0,5.4319314e-12,1.1998572e-09,2.3576222e-17,N,N
CF14_Hindi_N_0076.npy,19.016298,-11.194203,1.9585619,-15.7689,1.0,7.58133e-14,3.9076856e-08,7.8159245e-16,N,N
CF14_English_N_0011.npy,15.092801,-4.7524676,1.4711534,-16.147535,0.9999988,2.406074e-09,1.2139282e-06,2.7070317e-14,N,N
CM27_Gujarati_N_0049.npy,17.793617,-8.492481,0.8571609,-15.525768,1.0,3.8378896e-12,4.411541e-08,3.385125e-15,N,N
CM16_Hindi_N_0042.npy,32.118595,-13.945658,-2.6242583,-26.683706,1.0,9.875255e-21,8.153982e-16,2.9005864e-26,N,N
CF09_Hindi_N_0119.npy,22.110748,-12.501474,1.1698143,-17.503296,1.0,9.291878e-16,8.0439294e-10,6.249413e-18,N,N
CF09_Hindi_N_0129.npy,35.717552,-15.873732,-0.9463424,-28.918146,1.0,3.9281613e-23,1.1941885e-16,8.4932463e-29,N,N
CF04_English_N_0054.npy,18.476934,-9.740865,0.60967135,-15.387792,1.0,5.5611565e-13,1.7391855e-08,1.9621669e-15,N,N
CM24_Gujarati_N_0006.npy,10.104556,-4.255413,1.574411,-10.346228,0.99980205,5.80041e-07,0.00019738733,1.3129613e-09,N,N
CM05_Hindi_N_0036.npy,17.106638,-3.195898,-1.7423017,-18.349438,1.0,1.5230727e-09,6.5164256e-09,3.9959605e-16,N,N
CF14_Gujarati_N_0042.npy,19.5413,-10.37,1.3722155,-17.815294,1.0,1.0225561e-13,1.2860766e-08,5.973616e-17,N,N
CM30_Gujarati_N_0072.npy,16.71189,-3.851553,-3.4617474,-14.889791,1.0,1.1733039e-09,1.7326091e-09,1.8860988e-14,N,N
CF20_Gujarati_N_0044.npy,31.752132,-13.151961,-3.4404085,-25.547218,1.0,3.150645e-20,5.2008506e-16,1.3037916e-25,N,N
CF09_English_N_0018.npy,25.345938,-9.519843,-1.9018443,-22.831919,1.0,7.2108127e-16,1.4670291e-12,1.1929516e-21,N,N
CM03_English_N_0083.npy,36.78815,-16.355762,-4.5370045,-28.310034,1.0,8.315565e-24,1.1290477e-18,5.3483333e-29,N,N
CF09_Hindi_N_0093.npy,18.38437,-7.517824,-0.34956548,-16.27784,1.0,5.6340366e-12,7.3106308e-09,8.8388163e-16,N,N
CF02_English_N_0064.npy,26.185963,-12.32862,-2.882031,-20.660349,1.0,1.8764149e-17,2.3764627e-13,4.5175665e-21,N,N
CM16_Hindi_N_0041.npy,34.38189,-14.388068,1.2371005,-30.552286,1.0,6.59897e-22,4.030884e-15,6.3015405e-29,N,N
CF04_English_N_0038.npy,30.326513,-17.95212,-5.579702,-18.730091,1.0,1.0785891e-21,2.547585e-16,4.9543676e-22,N,N
CF14_Hindi_N_0136.npy,11.250066,-3.8896554,1.3502455,-10.867356,0.9999496,2.6599952e-07,5.0181166e-05,2.4802974e-10,N,N
CM30_English_N_0011.npy,20.67785,-4.787491,-5.220525,-18.140993,1.0,8.720526e-12,5.6555914e-12,1.38417285e-17,N,N
CF04_English_N_0041.npy,21.552341,-11.876674,-1.7450927,-15.917353,1.0,3.033631e-15,7.6217206e-11,5.3347955e-17,N,N
CM05_English_N_0100.npy,17.58983,-5.5500984,-0.3189297,-17.98863,1.0,8.921885e-11,1.6684927e-08,3.535663e-16,N,N
CM03_English_N_0004.npy,18.728327,-7.6232615,1.0757316,-18.057413,1.0,3.5945968e-12,2.1556348e-08,1.0571976e-16,N,N
CF02_English_N_0082.npy,17.233864,-4.123442,-0.47594622,-18.13522,1.0,5.3044463e-10,2.0357627e-08,4.3591545e-16,N,N
CM27_Gujarati_N_0016.npy,17.052744,-5.247547,1.1674474,-17.40475,0.9999999,2.0658872e-10,1.2621274e-07,1.0846742e-15,N,N
CF02_English_N_0059.npy,18.631664,-6.787816,2.525071,-19.242014,0.9999999,9.12978e-12,1.01156786e-07,3.5618013e-17,N,N
CF04_Hindi_N_0076.npy,23.182552,-10.900422,-2.6652913,-18.503336,1.0,1.5774394e-15,5.9487315e-12,7.8713266e-19,N,N
CF09_English_N_0016.npy,25.264597,-12.928979,-2.8200366,-17.254766,1.0,2.586666e-17,6.3532935e-13,3.4203856e-19,N,N
CM38_English_N_0085.npy,26.126123,-8.82384,-1.0177785,-23.934261,1.0,6.6286347e-16,1.6276208e-12,1.8157261e-22,N,N
CF09_Hindi_N_0117.npy,22.780058,-14.893514,-1.6629647,-14.969476,1.0,4.350862e-17,2.4239883e-11,4.0326028e-17,N,N
CF18_English_N_0048.npy,23.289358,-9.876382,-4.0751796,-17.6391,1.0,3.947314e-15,1.3053653e-12,1.6787887e-18,N,N
CF14_Hindi_N_0056.npy,19.035847,-8.089146,-0.4252734,-17.00153,1.0,1.658691e-12,3.5329926e-09,2.2344277e-16,N,N
CM35_English_N_0007.npy,20.037806,-7.2332544,-0.30358675,-19.529367,1.0,1.4332724e-12,1.4650265e-09,6.549303e-18,N,N
CF02_Gujarati_N_0029.npy,24.221685,-7.0074716,0.05060718,-23.728205,1.0,2.7374719e-14,3.1815175e-11,1.4983984e-21,N,N
CM35_English_N_0002.npy,28.434837,-8.950862,-1.1269428,-28.571966,1.0,5.802254e-17,1.4503795e-13,1.7468636e-25,N,N
CF09_Hindi_N_0136.npy,34.057438,-18.501753,0.95999646,-26.036701,1.0,1.492225e-23,4.2263293e-15,7.969792e-27,N,N
CM24_Gujarati_N_0068.npy,13.773902,-6.5996323,1.4967228,-12.672958,0.99999535,1.4186788e-09,4.6567934e-06,3.2679248e-12,N,N
CM05_Hindi_N_0111.npy,16.483852,-2.2739432,0.13843772,-20.616888,0.9999999,7.1382695e-09,7.966661e-08,7.71532e-17,N,N
CM38_English_N_0026.npy,29.17236,-11.988298,-3.3034754,-23.83382,1.0,1.330922e-18,7.86909e-15,9.543521e-24,N,N
CM30_English_N_0008.npy,23.621943,-0.10077399,-9.08061,-22.769758,1.0,4.9814385e-11,6.272805e-15,7.1177115e-21,N,N
CM03_English_N_0049.npy,17.959307,-6.55997,1.1491332,-18.173273,1.0,2.2460213e-11,5.005352e-08,2.0315147e-16,N,N
CM38_English_N_0046.npy,25.760714,-4.2398233,-4.788117,-25.276697,1.0,9.352591e-14,5.4051988e-14,6.8349313e-23,N,N
CM38_English_N_0066.npy,24.241714,-11.310199,-1.4573821,-19.926937,1.0,3.6307792e-16,6.9027817e-12,6.5735255e-20,N,N
CM16_Hindi_N_0087.npy,23.993319,-12.032691,1.9811801,-19.996737,1.0,2.2599728e-16,2.755813e-10,7.858901e-20,N,N
CF14_Gujarati_N_0050.npy,18.001528,-9.281598,1.9271417,-15.02964,0.9999999,1.4160824e-12,1.0446783e-07,4.5159257e-15,N,N
CF04_English_N_0099.npy,26.245317,-12.646184,-0.3682156,-20.6195,1.0,1.28716764e-17,2.7662375e-12,4.434754e-21,N,N
CF04_English_N_0055.npy,21.2125,-5.826563,5.261514,-26.75544,0.9999999,1.8075249e-12,1.1818849e-07,1.4715931e-21,N,N
CF18_English_N_0053.npy,31.47733,-15.713808,-4.179519,-21.193262,1.0,3.1999904e-21,3.269093e-16,1.33491e-23,N,N
CF04_Hindi_N_0030.npy,14.878577,-10.631833,1.4529264,-12.047103,0.99999857,8.336215e-12,1.4767719e-06,2.024534e-12,N,N
CM05_Hindi_N_0087.npy,17.0701,-6.003847,0.6667979,-19.229315,0.9999999,9.5304126e-11,7.518582e-08,1.719349e-16,N,N
CM05_Hindi_N_0070.npy,13.188566,0.010748686,-2.3631532,-15.127858,0.999998,1.8921072e-06,1.7618669e-07,5.0388545e-13,N,N
CM05_Hindi_N_0096.npy,16.277771,-4.5083055,-4.41002,-14.066236,1.0,9.391222e-10,1.0361128e-09,6.633852e-14,N,N
CF18_English_N_0040.npy,33.716724,-13.369908,-2.181516,-28.244875,1.0,3.552513e-21,2.567987e-16,1.2314548e-27,N,N
CF20_Gujarati_N_0024.npy,28.955381,-15.804019,-3.9098427,-18.573011,1.0,3.641161e-20,5.331078e-15,2.283922e-21,N,N
CF14_English_N_0005.npy,12.528112,-5.360621,2.72973,-12.884994,0.99994445,1.7021502e-08,5.5538265e-05,9.187654e-12,N,N
CF04_Hindi_N_0046.npy,19.030258,-9.6219635,-1.1943092,-15.7997055,1.0,3.6016229e-13,1.6465767e-09,7.473757e-16,N,N
CF14_English_N_0018.npy,18.665487,-9.271945,-0.23686478,-15.306926,1.0,7.3608464e-13,6.177505e-09,1.7618498e-15,N,N
CM35_English_N_0068.npy,13.743558,-4.1887093,-0.44994357,-14.202594,0.9999993,1.6297289e-08,6.852362e-07,7.2969305e-13,N,N
CF14_Hindi_N_0028.npy,19.74291,-11.197455,0.19810241,-14.287106,1.0,3.6540144e-14,3.2493614e-09,1.6632314e-15,N,N
CF04_Hindi_N_0026.npy,23.71055,-16.107166,-1.9658436,-16.429562,1.0,5.097821e-18,7.061289e-12,3.6929214e-18,N,N
CF18_English_N_0008.npy,41.389553,-21.672604,-3.6577234,-29.20241,1.0,4.096881e-28,2.7303406e-20,2.1993749e-31,N,N
CM24_Gujarati_N_0071.npy,13.827287,-8.507504,0.8039375,-13.464833,0.99999774,1.9958249e-10,2.2081597e-06,1.4034015e-12,N,N
CF09_Hindi_N_0078.npy,27.818073,-13.972034,-4.4105306,-18.962152,1.0,7.092295e-19,1.00761676e-14,4.8262e-21,N,N
CF09_English_N_0010.npy,22.099882,-9.847834,1.065575,-20.95761,1.0,1.3343917e-14,7.3268336e-10,1.9969588e-19,N,N
CM27_Gujarati_N_0061.npy,12.363125,-4.7627754,2.0793855,-12.868876,0.9999658,3.6500694e-08,3.4183304e-05,1.101199e-11,N,N
CM27_Gujarati_N_0043.npy,17.507072,-9.997788,2.8608725,-16.35387,0.9999995,1.1344645e-12,4.3574846e-07,1.9696053e-15,N,N
CF02_Gujarati_N_0057.npy,13.516858,-3.4234076,-1.356702,-12.458178,0.99999964,4.3947683e-08,3.4713216e-07,5.238233e-12,N,N
CF14_English_N_0030.npy,20.735483,-9.563855,0.2934108,-17.061737,1.0,6.936879e-14,1.3247105e-09,3.8448258e-17,N,N
CM30_English_N_0018.npy,13.978376,2.4752162,-6.309488,-15.760253,0.99998987,1.0098026e-05,1.5455672e-09,1.2152716e-13,N,N
CF18_English_N_0030.npy,34.946114,-14.663758,-6.2426486,-26.095991,1.0,2.8490942e-22,1.2940399e-18,3.0885166e-27,N,N
CM35_English_N_0067.npy,25.218658,-9.29767,-1.1532589,-22.495676,1.0,1.0227033e-15,3.522262e-12,1.8963944e-21,N,N
CM16_Hindi_N_0070.npy,23.499369,-11.78837,2.4046462,-20.58967,1.0,4.7285694e-16,6.897287e-10,7.1182575e-20,N,N
CF14_Hindi_N_0043.npy,14.022115,-7.373438,0.2872981,-12.171576,0.9999989,5.1053867e-10,1.084038e-06,4.2094366e-12,N,N
CF04_Hindi_N_0004.npy,28.302895,-14.807536,2.3858166,-25.341944,1.0,1.8939889e-19,5.5508055e-12,5.038991e-24,N,N
CF14_Hindi_N_0091.npy,11.730691,-7.329626,3.3484695,-12.416726,0.9997712,5.2736304e-09,0.00022884856,3.256946e-11,N,N
CF04_Hindi_N_0044.npy,25.441256,-9.676134,1.7902516,-24.982025,1.0,5.606753e-16,5.351791e-11,1.2631305e-22,N,N
CF14_English_N_0043.npy,12.242087,-4.391138,-1.7915566,-9.288846,0.99999905,5.9742305e-08,8.040176e-07,4.458965e-10,N,N
CM35_English_N_0036.npy,20.972813,-2.6697643,-1.3419267,-23.774445,1.0,5.3970894e-11,2.0362538e-10,3.6856415e-20,N,N
CM38_English_N_0132.npy,21.102419,-11.491404,0.25483856,-19.04128,1.0,6.9933094e-15,8.831024e-10,3.679703e-18,N,N
CM03_English_N_0039.npy,15.602894,-7.310314,0.041236375,-14.93574,0.9999999,1.11923214e-10,1.7444471e-07,5.4605853e-14,N,N
CF02_Gujarati_N_0061.npy,17.634779,0.12554556,-0.66762006,-21.734056,1.0,2.4879206e-08,1.1255616e-08,7.98605e-18,N,N
CF02_English_N_0023.npy,18.578691,-8.674513,-1.3413891,-15.681707,1.0,1.4590956e-12,2.232642e-09,1.3209848e-15,N,N
CF09_Hindi_N_0102.npy,26.275217,-9.921639,0.38771543,-25.357616,1.0,1.905042e-16,5.717435e-12,3.7682917e-23,N,N
CF04_Hindi_N_0100.npy,27.100704,-17.113195,2.913753,-21.68923,1.0,6.2827276e-20,3.131416e-11,6.468471e-22,N,N
CF14_Hindi_N_0029.npy,22.784143,-12.694335,0.95330715,-18.731089,1.0,3.9074464e-16,3.303603e-10,9.336064e-19,N,N
CF20_Gujarati_N_0037.npy,28.710878,-12.50493,-0.9761262,-23.539114,1.0,1.2595102e-18,1.2796699e-13,2.0329029e-23,N,N
CF09_Hindi_N_0103.npy,17.092844,-7.3519745,-1.1173111,-13.827859,1.0,2.419637e-11,1.2343262e-08,3.726567e-14,N,N
CF04_Hindi_N_0142.npy,20.486116,-6.76842,-1.6339686,-17.644218,1.0,1.4571544e-12,2.4738267e-10,2.7555406e-17,N,N
CF09_Hindi_N_0168.npy,28.471914,-15.740187,-3.9401455,-17.880438,1.0,6.294026e-20,8.387283e-15,7.403367e-21,N,N
CM38_English_N_0027.npy,28.380777,-11.941656,-2.2477021,-24.359285,1.0,3.0774403e-18,4.991379e-14,1.2453224e-23,N,N
CF02_Gujarati_N_0048.npy,24.339224,-9.872184,-3.1996157,-19.710117,1.0,1.3873142e-15,1.0965641e-12,7.406534e-20,N,N
CM38_English_N_0034.npy,33.524937,-11.056528,-8.579139,-25.649734,1.0,4.3502582e-20,5.181219e-19,1.9987885e-26,N,N
CM38_English_N_0105.npy,19.504555,-6.9983754,-1.3541396,-18.65776,1.0,3.089754e-12,8.7334184e-10,2.6688061e-17,N,N
CF20_Gujarati_N_0049.npy,27.902609,-13.033551,-1.2881247,-22.123652,1.0,1.6659086e-18,2.1019663e-13,1.8787593e-22,N,N
CM03_English_N_0084.npy,21.208591,-15.893109,-2.311094,-11.769609,1.0,7.707908e-17,6.1028155e-11,4.7615517e-15,N,N
CF04_Hindi_N_0027.npy,23.479147,-15.429202,2.9599833,-20.094584,1.0,1.265666e-17,1.2264242e-09,1.1917064e-19,N,N
CM05_English_N_0088.npy,15.0911665,-0.8709871,-0.17601028,-18.92121,0.99999964,1.16875825e-07,2.3417971e-07,1.6928291e-15,N,N
CM05_English_N_0028.npy,15.27423,-3.6167994,0.47187218,-18.296196,0.99999964,6.2478422e-09,3.7274992e-07,2.6335931e-15,N,N
CM05_English_N_0079.npy,28.192442,-6.640231,-4.5212436,-27.520956,1.0,7.453542e-16,6.2033678e-15,6.367643e-25,N,N
CF20_Gujarati_N_0060.npy,26.920315,-13.973735,-1.2993805,-20.484531,1.0,1.7375586e-18,5.550623e-13,2.584264e-21,N,N
CM16_Hindi_N_0002.npy,13.559367,-8.938949,-0.5933178,-9.121512,0.9999993,1.6947485e-10,7.1378366e-07,1.4119485e-10,N,N
CM05_Hindi_N_0084.npy,16.478535,-0.0845508,-2.1334121,-20.47141,0.9999999,6.408307e-08,8.259133e-09,8.971052e-17,N,N
CF18_English_N_0009.npy,28.97353,-15.371063,-1.6428984,-21.047514,1.0,5.512999e-20,5.0518925e-14,1.8885894e-22,N,N
CM16_Hindi_N_0054.npy,38.41875,-18.092495,-1.3800967,-30.7644,1.0,2.867331e-25,5.1949366e-18,8.997859e-31,N,N
CF09_English_N_0003.npy,18.247957,-8.135937,1.5029564,-15.7161455,1.0,3.4803302e-12,5.3424266e-08,1.776549e-15,N,N
CM24_Gujarati_N_0057.npy,14.590863,-5.595577,4.51347,-18.079237,0.99995804,1.7104976e-09,4.201707e-05,6.479435e-15,N,N
CF04_Hindi_N_0085.npy,20.697166,-9.54708,-0.6711808,-18.338575,1.0,7.3297684e-14,5.246199e-10,1.1142738e-17,N,N
CM24_Gujarati_N_0014.npy,18.51227,-9.071594,-0.46110055,-14.035287,1.0,1.0482865e-12,5.7540057e-09,7.324453e-15,N,N
CF04_English_N_0102.npy,24.675287,-16.953217,-0.613451,-17.659077,1.0,8.336262e-19,1.0404963e-11,4.115461e-19,N,N
CF14_Hindi_N_0094.npy,19.902452,-11.352819,1.816924,-17.903276,1.0,2.666907e-14,1.398152e-08,3.812243e-17,N,N
CF04_Hindi_N_0140.npy,21.806963,-9.9391,1.8586106,-19.131227,1.0,1.6325254e-14,2.1704034e-09,1.6625312e-18,N,N
CM05_Hindi_N_0090.npy,39.703915,-14.474889,-5.6404953,-33.66125,1.0,2.9542352e-24,2.0284905e-20,1.3737679e-32,N,N
CM24_Gujarati_N_0041.npy,12.976592,-7.1436176,1.3479137,-11.526122,0.99999106,1.8276813e-09,8.9068735e-06,2.2835081e-11,N,N
CM05_Hindi_N_0005.npy,9.9871855,1.0973763,-0.86477697,-15.005643,0.9998429,0.00013776438,1.9363528e-05,1.3985704e-11,N,N
CF04_Hindi_N_0065.npy,19.781366,-9.676782,2.7049756,-18.83553,1.0,1.6087496e-13,3.8354607e-08,1.6939263e-17,N,N
CM05_English_N_0021.npy,18.738916,-5.0131655,-2.0120885,-19.635439,1.0,4.837283e-11,9.726419e-10,2.1588838e-17,N,N
CM16_Hindi_N_0073.npy,8.429469,-5.7874637,3.319382,-10.669418,0.99399996,6.653515e-07,0.005999342,5.0448064e-09,N,N
CF14_English_N_0045.npy,12.685746,-2.2681096,0.8187046,-15.224621,0.9999926,3.2034643e-07,7.0178826e-06,7.5627335e-13,N,N
CM24_Gujarati_N_0010.npy,22.241465,-6.8010316,1.0140411,-22.899326,1.0,2.4378354e-13,6.040146e-10,2.486582e-20,N,N
CF02_English_N_0094.npy,16.608381,-6.0876093,0.7245576,-15.402402,0.9999999,1.3907724e-10,1.2639885e-07,1.2528325e-14,N,N
CF18_English_N_0001.npy,21.791918,-8.822796,-0.8098787,-18.160475,1.0,5.0605624e-14,1.5281439e-10,4.455499e-18,N,N
CM24_Gujarati_N_0044.npy,20.279684,-6.56974,0.29735848,-19.408049,1.0,2.1849584e-12,2.0979054e-09,5.805461e-18,N,N
CF14_Hindi_N_0033.npy,12.032699,-7.3589425,0.88912797,-9.41792,0.9999856,3.787135e-09,1.4467797e-05,4.8317933e-10,N,N
CF04_Hindi_N_0015.npy,22.70592,-10.386292,-2.1572583,-17.655571,1.0,4.2484903e-15,1.5924246e-11,2.959568e-18,N,N
CF14_Hindi_N_0113.npy,20.70819,-11.326772,0.42482468,-16.650265,1.0,1.2229055e-14,1.5525499e-09,5.9625065e-17,N,N
CF09_Hindi_N_0170.npy,21.114664,-9.4193735,-1.548567,-16.155233,1.0,5.4857442e-14,1.4370898e-10,6.514622e-17,N,N
CF14_Hindi_N_0016.npy,18.303106,-9.735929,0.56409526,-15.201326,1.0,6.649691e-13,1.9771747e-08,2.8132594e-15,N,N
CM05_English_N_0065.npy,19.231737,-5.681167,-0.4630727,-19.59423,1.0,1.5151755e-11,2.7967468e-09,1.3743497e-17,N,N
CM05_Hindi_N_0121.npy,21.22664,-8.002058,-3.2263618,-17.223974,1.0,2.0236596e-13,2.3999145e-11,2.000369e-17,N,N
CF14_English_N_0027.npy,15.245982,-3.1690013,0.4875563,-17.33405,0.99999964,1.0057129e-08,3.894906e-07,7.0904137e-15,N,N
CF14_Hindi_N_0021.npy,15.959346,-8.0381975,-0.013024416,-13.760438,0.9999999,3.78442e-11,1.1568784e-07,1.2384026e-13,N,N
CF14_Hindi_N_0054.npy,17.738436,-6.205217,-0.15823546,-17.391638,1.0,3.9939586e-11,1.6887853e-08,5.5360866e-16,N,N
CM05_Hindi_N_0064.npy,17.175316,-2.5985172,-1.0680938,-20.311872,1.0,2.5842453e-09,1.1939542e-08,5.242279e-17,N,N
CF04_Hindi_N_0016.npy,25.234306,-10.374612,1.7752334,-25.763266,1.0,3.429602e-16,6.484171e-11,7.11271e-23,N,N
CF14_Hindi_N_0104.npy,19.3505,-6.772896,1.986514,-20.441275,1.0,4.5159935e-12,2.8768438e-08,5.2318078e-18,N,N
CF04_Hindi_N_0120.npy,16.062895,-8.996619,-0.44583127,-13.386741,0.9999999,1.3085541e-11,6.766301e-08,1.6225056e-13,N,N
CF04_Hindi_N_0013.npy,23.2943,-10.473617,-2.3274498,-18.812817,1.0,2.1616217e-15,7.457881e-12,5.1654906e-19,N,N
CM16_Hindi_N_0038.npy,25.61754,-14.10232,-0.5050061,-17.94579,1.0,5.6219107e-18,4.519828e-12,1.2041635e-19,N,N
CF14_Hindi_N_0146.npy,10.899801,-3.4496462,1.965569,-12.947288,0.99986756,5.8621475e-07,0.00013178153,4.3982897e-11,N,N
CF14_English_N_0034.npy,13.859912,-7.054404,0.8406848,-12.562154,0.99999774,8.260891e-10,2.21728e-06,3.3499757e-12,N,N
CM30_English_N_0051.npy,26.52912,-9.062095,-6.2828608,-22.103975,1.0,3.4908605e-16,5.6226056e-15,7.5668533e-22,N,N
CM03_English_N_0051.npy,9.452496,-2.9664824,-0.25390443,-9.620793,0.99993503,4.040902e-06,6.0888586e-05,5.2065263e-09,N,N
CF04_English_N_0107.npy,21.337873,-13.097854,-0.7026072,-16.03371,1.0,1.1085472e-15,2.6788013e-10,5.8847515e-17,N,N
CF02_English_N_0092.npy,24.062359,-7.495983,-1.2838671,-21.646055,1.0,1.9696372e-14,9.823676e-12,1.409577e-20,N,N
CF04_Hindi_N_0014.npy,17.57321,-8.144105,0.7365352,-16.641218,1.0,6.7781583e-12,4.874449e-08,1.3831292e-15,N,N
CF18_English_N_0002.npy,23.989412,-10.922972,0.6929326,-19.812717,1.0,6.882469e-16,7.628993e-11,9.4836593e-20,N,N
CF02_English_N_0089.npy,15.189157,-4.6757097,-0.8076265,-14.720949,0.9999999,2.3593814e-09,1.1289774e-07,1.0237777e-13,N,N
CM16_Hindi_N_0011.npy,38.56155,-19.602865,-4.8283086,-26.943357,1.0,5.4892905e-26,1.4322671e-19,3.5610734e-29,N,N
CM38_English_N_0004.npy,20.049883,-8.728692,-1.4097164,-17.10992,1.0,3.1741195e-13,4.7886684e-10,7.272799e-17,N,N
CF09_Hindi_N_0006.npy,23.325546,-9.791785,-1.9945832,-20.39156,1.0,4.1430986e-15,1.0083412e-11,1.0325288e-19,N,N
CM30_Gujarati_N_0034.npy,12.331584,8.800172,-8.348671,-18.998253,0.9715684,0.028431553,1.0142671e-09,2.4049039e-14,N,N
CF20_Gujarati_N_0072.npy,9.691207,-3.9844124,-1.0730617,-6.97368,0.9999777,1.1501232e-06,2.1141108e-05,5.787914e-08,N,N
CM30_Gujarati_N_0070.npy,14.382378,2.1027024,0.27069697,-20.67923,0.99999464,4.645178e-06,7.4365664e-07,5.9283667e-16,N,N
CM05_Hindi_N_0108.npy,14.601579,-3.3922842,2.0019011,-17.396877,0.99999666,1.5323694e-08,3.3730896e-06,1.2683704e-14,N,N
CM30_English_N_0044.npy,15.35362,1.8286213,-4.942015,-16.6854,0.9999987,1.33711e-06,1.5336175e-09,1.2179504e-14,N,N
CF04_Hindi_N_0062.npy,18.975431,-9.173376,2.6667747,-17.61662,0.9999999,5.9583794e-13,8.264952e-08,1.2831433e-16,N,N
CF14_Hindi_N_0061.npy,17.026094,-10.752919,4.019059,-17.841303,0.99999774,8.624348e-13,2.2444783e-06,7.1991427e-16,N,N
CM05_Hindi_N_0030.npy,21.004501,-4.854913,-0.6357776,-22.44965,1.0,5.8802897e-12,3.9971082e-10,1.3430802e-19,N,N
CM03_English_N_0095.npy,30.241264,-15.136603,-6.216271,-20.515013,1.0,1.9617427e-20,1.467891e-16,9.053742e-23,N,N
CM05_Hindi_N_0056.npy,5.3625264,2.1011293,1.7389297,-11.842514,0.9389483,0.035994396,0.025057264,3.16656e-08,N,N
CF02_English_N_0091.npy,18.153044,-6.6667867,-0.6108837,-16.192646,1.0,1.6629715e-11,7.094632e-09,1.2129901e-15,N,N
CM30_English_N_0023.npy,9.151435,9.313126,-4.317776,-17.51285,0.45966488,0.5403345,6.4988643e-07,1.2086195e-12,L,N
CM05_Hindi_N_0080.npy,12.379951,1.724822,-1.2145586,-17.610188,0.9999752,2.357902e-05,1.2472942e-06,9.45012e-14,N,N
CF09_Hindi_N_0082.npy,22.199453,-10.569662,-0.9622544,-17.53348,1.0,5.868863e-15,8.7296836e-11,5.5488942e-18,N,N
CM38_English_N_0131.npy,19.475395,-9.41918,-0.37624714,-16.840902,1.0,2.8264768e-13,2.3907885e-09,1.6905638e-16,N,N
CM05_English_N_0094.npy,8.369135,-1.9163278,2.2697785,-12.14213,0.99772674,3.4048033e-05,0.0022392091,1.2333391e-09,N,N
CM05_Hindi_N_0100.npy,19.877966,-8.506021,-0.5325688,-19.672808,1.0,4.7096745e-13,1.3671551e-09,6.6575934e-18,N,N
CM05_Hindi_N_0071.npy,16.478498,-3.3302555,-3.061363,-16.90664,1.0,2.4955569e-09,3.2654717e-09,3.1697e-15,N,N
CF14_English_N_0036.npy,16.312944,-8.878228,-0.9093276,-13.327457,1.0,1.1471293e-11,3.314835e-08,1.3407168e-13,N,N
CM27_Gujarati_N_0042.npy,24.662474,-10.504056,0.9010601,-21.269566,1.0,5.3378926e-16,4.7923575e-11,1.12711865e-20,N,N
CM35_English_N_0047.npy,12.472112,-2.9821672,-0.42935118,-13.693634,0.99999726,1.9421857e-07,2.4943927e-06,4.3287275e-12,N,N
CF04_English_N_0007.npy,20.95276,-8.584757,2.8417268,-20.584301,1.0,1.486001e-13,1.362943e-08,9.134452e-19,N,N
CF02_English_N_0032.npy,11.614019,-3.2853196,0.31940135,-12.097319,0.99998724,3.3829366e-07,1.243954e-05,5.0383833e-11,N,N
CF18_English_N_0035.npy,29.041729,-12.277197,-2.3377755,-24.344984,1.0,1.1361071e-18,2.3553425e-14,6.522979e-24,N,N
CM35_English_N_0084.npy,28.709795,-9.43617,-3.5963194,-26.151285,1.0,2.7127992e-17,9.324657e-15,1.4932606e-24,N,N
CM30_English_N_0037.npy,16.623465,-0.051816642,-5.2281923,-15.099301,1.0,5.728188e-08,3.235531e-10,1.6710036e-14,N,N
CF09_Hindi_N_0048.npy,25.681774,-14.081462,-0.37204573,-19.03425,1.0,5.383263e-18,4.841388e-12,3.802564e-20,N,N
CF09_Hindi_N_0055.npy,12.092292,-5.2079973,0.7732911,-12.10837,0.99998784,3.066017e-08,1.2139907e-05,3.08874e-11,N,N
CM35_English_N_0078.npy,23.926416,-2.0135193,-5.115518,-25.15828,1.0,5.4253663e-12,2.4392028e-13,4.817129e-22,N,N
CF04_Hindi_N_0127.npy,18.856676,-10.34139,0.021533702,-14.25675,1.0,2.0866075e-13,6.6069603e-09,4.1593138e-15,N,N
CF14_Hindi_N_0084.npy,15.485281,-11.488839,0.90249616,-11.893762,0.9999995,1.928803e-12,4.6427667e-07,1.2865664e-12,N,N
CF02_English_N_0050.npy,20.104227,-8.446349,-0.8975022,-16.571009,1.0,3.9869678e-13,7.5694545e-10,1.1807216e-16,N,N
CF14_Hindi_N_0032.npy,19.264868,-8.116489,-0.106404275,-17.074877,1.0,1.283594e-12,3.8651278e-09,1.6513893e-16,N,N
CM05_English_N_0058.npy,19.817057,-4.012336,-2.4611437,-20.557354,1.0,4.477409e-11,2.1120326e-10,2.9215643e-18,N,N
CF09_Hindi_N_0138.npy,22.607975,-7.41832,-0.17841902,-21.8685,1.0,9.114774e-14,1.270559e-10,4.831839e-20,N,N
CM38_English_N_0086.npy,25.658648,-13.233195,0.2797303,-22.246925,1.0,1.2867307e-17,9.507714e-12,1.5662997e-21,N,N
CF18_English_N_0014.npy,34.753067,-15.712305,-1.8324404,-27.539648,1.0,1.2110671e-22,1.2915655e-16,8.843348e-28,N,N
CM35_English_N_0050.npy,22.658033,-6.958739,0.4559755,-23.906603,1.0,1.3727755e-13,2.2791263e-10,5.9873607e-21,N,N
CF14_Hindi_N_0017.npy,22.47418,-10.752826,0.8587074,-19.60151,1.0,3.712745e-15,4.0975046e-10,5.330396e-19,N,N
CM05_English_N_0077.npy,17.300846,-0.50758713,-2.2961786,-19.855059,1.0,1.844572e-08,3.0840417e-09,7.301208e-17,N,N
CM27_Gujarati_N_0033.npy,21.198046,-8.698243,-0.3291892,-17.89097,1.0,1.0380213e-13,4.4754903e-10,1.0564673e-17,N,N
CM05_Hindi_N_0124.npy,16.250143,-3.0660796,0.07410774,-17.945929,0.9999999,4.08386e-09,9.437071e-08,1.4087527e-15,N,N
CF09_Hindi_N_0139.npy,29.481838,-11.468992,-0.23500958,-27.308695,1.0,1.6416521e-18,1.2420433e-13,2.168623e-25,N,N
CM03_English_N_0055.npy,16.088345,-0.13287657,-2.1989253,-18.339884,0.9999999,9.02013e-08,1.1427196e-08,1.1168877e-15,N,N
CM38_English_N_0064.npy,33.692482,-12.902801,-4.6093597,-27.053679,1.0,5.8066476e-21,2.3212478e-17,4.1521867e-27,N,N
CM35_English_N_0004.npy,35.767326,-11.348681,-5.438148,-30.261295,1.0,3.4496687e-21,1.2725934e-18,2.1092707e-29,N,N
CM05_Hindi_N_0113.npy,11.412007,-3.9460685,1.7634324,-13.954541,0.99993527,2.1381797e-07,6.4513275e-05,9.625424e-12,N,N
CF14_Hindi_N_0009.npy,24.259974,-10.868605,1.6293279,-22.373259,1.0,5.5443717e-16,1.4846888e-10,5.5904226e-21,N,N
CM38_English_N_0126.npy,19.739496,-6.002902,-2.592962,-17.342997,1.0,6.6102657e-12,2.0004906e-10,7.857384e-17,N,N
CM03_English_N_0096.npy,31.545902,-12.633953,-1.4995494,-27.13933,1.0,6.500288e-20,4.4518705e-15,3.2608188e-26,N,N
CM03_English_N_0010.npy,20.403439,-8.1406355,-1.494948,-17.071903,1.0,4.0129683e-13,3.0878186e-10,5.3047615e-17,N,N
CM35_English_N_0053.npy,19.458094,-3.1026967,-1.8681251,-20.398817,1.0,1.5921095e-10,5.47193e-10,4.9018905e-18,N,N
CF02_Gujarati_N_0009.npy,22.561247,-8.098604,-1.4913806,-19.56157,1.0,4.8372202e-14,3.5815958e-11,5.0850194e-19,N,N
CM05_Hindi_N_0120.npy,19.290407,-2.8953066,-0.25490442,-22.88805,1.0,2.3166825e-10,3.2477256e-09,4.80981e-19,N,N
CM30_Gujarati_N_0053.npy,17.59294,-2.0672023,-3.2769458,-17.860765,1.0,2.8954046e-09,8.636233e-10,4.0054528e-16,N,N
CM30_Gujarati_N_0031.npy,27.77589,-1.4073797,-10.831264,-25.802818,1.0,2.117713e-13,1.7105102e-17,5.3834728e-24,N,N
CM24_Gujarati_N_0003.npy,16.227804,-5.2140436,1.3237263,-17.061964,0.99999964,4.8744236e-10,3.3669852e-07,3.4868814e-15,N,N
CF09_Hindi_N_0007.npy,31.467197,-12.905969,-4.87066,-24.406767,1.0,5.357711e-20,1.6545105e-16,5.4230854e-25,N,N
CF02_Gujarati_N_0031.npy,24.751612,-9.986995,-1.8961045,-20.004145,1.0,8.188707e-16,2.6732757e-12,3.6544497e-20,N,N
CF02_English_N_0053.npy,14.7311945,-4.8954525,-1.878357,-11.419696,0.9999999,2.9940224e-09,6.117345e-08,4.39352e-12,N,N
CM16_Hindi_N_0074.npy,10.663085,-5.8848877,2.9314592,-13.072441,0.99956137,6.5030314e-08,0.00043853794,4.915877e-11,N,N
CM03_English_N_0069.npy,20.867865,-8.922903,0.06685391,-18.257074,1.0,1.1535435e-13,9.2520097e-10,1.0191895e-17,N,N
CF14_Hindi_N_0003.npy,18.626972,-7.6324563,-1.9269972,-15.347585,1.0,3.9416252e-12,1.1844701e-09,1.7580767e-15,N,N
CM35_English_N_0060.npy,26.66723,-9.75813,-2.338342,-23.255188,1.0,1.5158856e-16,2.5295285e-13,2.0843465e-22,N,N
CM38_English_N_0104.npy,24.990385,-11.398599,-5.5307307,-18.613028,1.0,1.5720442e-16,5.5570925e-14,1.1568538e-19,N,N
CF14_Hindi_N_0128.npy,18.251928,-9.478623,1.0677618,-15.024508,1.0,9.052613e-13,3.443591e-08,3.5336823e-15,N,N
CF04_Hindi_N_0064.npy,17.244661,-6.4700465,2.5503175,-18.454943,0.99999964,5.021493e-11,4.152671e-07,3.1322675e-16,N,N
CF09_Hindi_N_0126.npy,16.778383,-7.5551834,0.061223123,-14.091259,1.0,2.704371e-11,5.4932578e-08,3.9217934e-14,N,N
CF02_English_N_0029.npy,4.3902416,-0.9284104,3.189357,-9.023139,0.76579726,0.0037519112,0.23044974,1.1448712e-06,N,N
CM27_Gujarati_N_0040.npy,20.250189,-9.411647,-1.7274932,-15.552145,1.0,1.3122871e-13,2.852423e-10,2.8264674e-16,N,N
CF02_Gujarati_N_0063.npy,15.939195,-5.3965373,-1.1919037,-13.416773,1.0,5.420128e-10,3.631272e-08,1.7818242e-13,N,N
CF04_Hindi_N_0106.npy,26.859747,-12.384599,-1.0248224,-21.038935,1.0,9.044755e-18,7.760425e-13,1.5771278e-21,N,N
CF20_Gujarati_N_0029.npy,27.657982,-13.957074,0.4724613,-22.428595,1.0,8.449115e-19,1.561272e-12,1.7687864e-22,N,N
CF09_Hindi_N_0140.npy,21.450724,-10.556533,0.78725195,-19.45678,1.0,1.2572613e-14,1.0616185e-09,1.7143439e-18,N,N
CM30_English_N_0016.npy,24.170034,-2.4604905,-5.0966606,-24.248226,1.0,2.7196292e-12,1.9482105e-13,9.380315e-22,N,N
CM38_English_N_0059.npy,30.887838,-10.658326,-4.5965886,-24.36043,1.0,9.051689e-19,3.8842623e-16,1.0138694e-24,N,N
CM24_Gujarati_N_0049.npy,16.084814,-5.0212493,-0.524598,-16.766085,0.9999999,6.8195055e-10,6.1182085e-08,5.40799e-15,N,N
CF14_Gujarati_N_0027.npy,14.548229,-5.6265574,1.6767653,-15.586317,0.9999974,1.7306162e-09,2.5703553e-06,8.179593e-14,N,N
CM05_Hindi_N_0015.npy,10.685748,-0.12425929,1.93163,-15.735129,0.9998221,2.0192789e-05,0.00015778204,3.3533697e-12,N,N
CF04_English_N_0062.npy,25.697897,-9.618028,4.7123837,-27.290821,1.0,4.597147e-16,7.6932033e-10,9.711649e-24,N,N
CF04_English_N_0053.npy,18.745281,-6.852861,0.008219365,-17.788155,1.0,7.636035e-12,7.287812e-09,1.3605999e-16,N,N
CF09_Hindi_N_0112.npy,23.49914,-10.274777,2.3198757,-22.482876,1.0,2.1486899e-15,6.3381494e-10,1.0721697e-20,N,N
CM05_Hindi_N_0027.npy,24.771486,-7.17696,-1.8638171,-25.706657,1.0,1.3334173e-14,2.7066658e-12,1.195698e-22,N,N
CF02_Gujarati_N_0005.npy,17.788443,-8.348979,-2.5583363,-13.14618,1.0,4.4531e-12,1.4571565e-09,3.6750534e-14,N,N
CF09_Hindi_N_0158.npy,18.270056,-6.73646,-3.3404424,-15.5394945,1.0,1.3797751e-11,4.1179377e-10,2.0734733e-15,N,N
CF20_Gujarati_N_0040.npy,30.76471,-15.038822,-3.849879,-21.721159,1.0,1.2816781e-20,9.269893e-16,1.6057433e-23,N,N
CF14_English_N_0050.npy,18.327356,-8.043545,-1.8600985,-13.8835335,1.0,3.5258445e-12,1.7088345e-09,1.0256223e-14,N,N
CM05_English_N_0063.npy,17.627836,-3.7686193,-1.0706832,-18.293419,1.0,5.1007887e-10,7.5741955e-09,2.5095524e-16,N,N
CF14_Hindi_N_0004.npy,19.037016,-11.673886,1.4554621,-16.53046,1.0,4.5964677e-14,2.3143441e-08,3.574721e-16,N,N
CM30_Gujarati_N_0050.npy,19.307775,-2.1520426,-5.864987,-17.387388,1.0,4.787618e-10,1.1684454e-11,1.1574251e-16,N,N
CM05_Hindi_N_0013.npy,22.516823,-6.6551094,-0.051456597,-24.570377,1.0,2.1418589e-13,1.5802319e-10,3.5504943e-21,N,N
CF14_Gujarati_N_0005.npy,22.166973,-12.002264,-1.1073452,-16.519094,1.0,1.4470705e-15,7.7999496e-11,1.5807206e-17,N,N
CM35_English_N_0083.npy,13.980902,-2.3156207,0.3453326,-16.255075,0.9999987,8.365845e-08,1.1971451e-06,7.390629e-14,N,N
CM03_English_N_0009.npy,9.386144,-3.6876361,-0.4195059,-8.547192,0.99994266,2.0994453e-06,5.513603e-05,1.6278973e-08,N,N
CF04_Hindi_N_0112.npy,31.192865,-11.37677,-0.5741935,-30.144722,1.0,3.252693e-19,1.598606e-14,2.2983973e-27,N,N
CM35_English_N_0030.npy,16.531752,-4.6614604,-0.4634253,-17.21931,1.0,6.250356e-10,4.1599556e-08,2.1983694e-15,N,N
CF14_Hindi_N_0012.npy,17.894804,-7.7522087,3.3110013,-19.977272,0.9999995,7.2718303e-12,4.6380404e-07,3.567511e-17,N,N
CF14_Hindi_N_0077.npy,21.942339,-12.024511,1.272921,-18.205385,1.0,1.7716762e-15,1.0553237e-09,3.6649238e-18,N,N
CF18_English_N_0017.npy,38.07979,-15.45448,-4.8345056,-30.15329,1.0,5.6281163e-24,2.304403e-19,2.3267555e-30,N,N
CM24_Gujarati_N_0009.npy,23.745028,-9.723599,-1.2683624,-20.811274,1.0,2.9158125e-15,1.37032295e-11,4.4611243e-20,N,N
CF04_Hindi_N_0050.npy,11.056453,1.0749975,0.069393605,-15.021204,0.9999368,4.6246812e-05,1.6918162e-05,4.7270534e-12,N,N
CF04_English_N_0111.npy,25.174183,-15.474887,-3.3059137,-17.170162,1.0,2.2198974e-18,4.2781019e-13,4.0745966e-19,N,N
CM35_English_N_0066.npy,19.64356,-4.035281,-0.79722345,-20.878246,1.0,5.2048737e-11,1.3264171e-09,2.5211797e-18,N,N
CF14_Hindi_N_0063.npy,15.055977,-12.088111,4.559748,-14.937838,0.99997234,1.6272716e-12,2.7639717e-05,9.415424e-14,N,N
CF14_Hindi_N_0088.npy,13.94517,-9.623519,0.25863698,-10.445048,0.9999988,5.8109583e-11,1.1376633e-06,2.5554186e-11,N,N
CM35_English_N_0005.npy,14.685766,-2.8547173,-1.0530363,-15.494219,0.9999999,2.411375e-08,1.4612506e-07,7.8162594e-14,N,N
CF04_Hindi_N_0039.npy,32.8406,-14.847737,1.4618694,-30.299557,1.0,1.9463416e-21,2.3571717e-14,3.7894725e-28,N,N
CF02_English_N_0017.npy,12.873345,-5.7278805,2.7803407,-15.02723,0.99995863,8.347797e-09,4.1366235e-05,7.6368805e-13,N,N
CF14_Gujarati_N_0014.npy,12.816473,-6.593071,2.764942,-13.444886,0.99995685,3.7198327e-09,4.311783e-05,3.933847e-12,N,N
CM38_English_N_0091.npy,25.912077,-13.071612,-2.613279,-17.633724,1.0,1.17381396e-17,4.0887936e-13,1.2254615e-19,N,N
CM30_Gujarati_N_0062.npy,16.88906,-3.628526,-2.1505268,-15.739654,1.0,1.2283603e-09,5.385342e-09,6.753526e-15,N,N
CF14_Hindi_N_0108.npy,14.091162,-11.03863,4.154651,-14.646312,0.9999516,1.2196896e-11,4.8373495e-05,3.307145e-13,N,N
CF02_English_N_0041.npy,13.285184,-2.5215118,-1.2807066,-14.237953,0.9999994,1.365334e-07,4.721869e-07,1.113919e-12,N,N
CM05_English_N_0086.npy,7.8583846,0.91063684,-2.1901257,-10.235118,0.9989969,0.000959833,4.320674e-05,1.385658e-08,N,N
CM30_English_N_0009.npy,17.557617,2.5651438,-6.2629824,-19.582197,0.99999964,3.0821323e-07,4.5169504e-11,7.419636e-17,N,N
CM24_Gujarati_N_0043.npy,14.047162,-3.3647676,0.82208085,-15.918416,0.9999982,2.742168e-08,1.8047594e-06,9.68532e-14,N,N
CF04_Hindi_N_0041.npy,22.12623,-12.537295,0.71159387,-16.95832,1.0,8.8271913e-16,5.00889e-10,1.0611971e-17,N,N
CF04_Hindi_N_0110.npy,27.595942,-14.079402,-0.92086756,-22.25571,1.0,7.9547897e-19,4.1238893e-13,2.237184e-22,N,N
CF09_Hindi_N_0061.npy,25.220701,-11.907313,-5.205143,-16.115927,1.0,7.507729e-17,6.112569e-14,1.1161706e-18,N,N
CF14_Hindi_N_0089.npy,14.42475,-9.575528,0.6896154,-11.112054,0.9999989,3.774079e-11,1.0836927e-06,8.119071e-12,N,N
CF04_Hindi_N_0055.npy,4.1512003,-1.7876307,4.6816926,-9.654526,0.37004077,0.00097509765,0.62898374,3.7367934e-07,M,N
CM35_English_N_0113.npy,24.852688,-10.063284,-1.2523096,-22.170908,1.0,6.857834e-16,4.599849e-12,3.7836505e-21,N,N
CM03_English_N_0030.npy,13.316084,-4.1962075,1.7805797,-15.218465,0.9999902,2.4803013e-08,9.776646e-06,4.051336e-13,N,N
CM05_Hindi_N_0019.npy,11.333468,2.1312184,-1.6361343,-15.758449,0.99989676,0.00010080196,2.329852e-06,1.7142933e-12,N,N
CM03_English_N_0041.npy,18.048086,-7.9828644,-0.29448703,-14.959205,1.0,4.953382e-12,1.081239e-08,4.625047e-15,N,N
CF09_Hindi_N_0111.npy,23.55569,-8.62037,-5.000059,-18.352537,1.0,1.0619763e-14,3.96639e-13,6.3021495e-19,N,N
CF14_Hindi_N_0051.npy,19.95234,-7.6890798,1.4193758,-19.177862,1.0,9.896566e-13,8.9379215e-09,1.0138382e-17,N,N
CF20_Gujarati_N_0007.npy,24.510382,-11.024011,1.645352,-19.924921,1.0,3.6949544e-16,1.1744744e-10,5.0349275e-20,N,N
CM16_Hindi_N_0055.npy,40.18843,-23.22731,-3.3321366,-29.114187,1.0,2.876694e-28,1.2567738e-19,7.984625e-31,N,N
CM38_English_N_0075.npy,30.287706,-13.726303,-1.6150457,-25.89802,1.0,7.672897e-20,1.39576046e-14,3.9705364e-25,N,N
CM16_Hindi_N_0063.npy,19.32929,-9.035763,2.3845642,-17.804008,1.0,4.799698e-13,4.375207e-08,7.468139e-17,N,N
CF09_Hindi_N_0141.npy,25.087297,-10.092853,-1.5108461,-21.435526,1.0,5.265691e-16,2.8091349e-12,6.2430172e-21,N,N
CF14_Gujarati_N_0017.npy,13.155848,-8.979587,3.0077484,-13.094259,0.9999609,2.436052e-10,3.9148905e-05,3.978382e-12,N,N
CF18_English_N_0049.npy,26.371874,-11.265729,-6.29524,-18.574547,1.0,4.5102063e-17,6.49909e-15,3.0200794e-20,N,N
CF20_Gujarati_N_0048.npy,18.240654,-8.505088,-1.6099799,-13.688325,1.0,2.423659e-12,2.393202e-09,1.359631e-14,N,N
CF09_English_N_0034.npy,19.462578,-9.265665,-1.3266994,-16.725304,1.0,3.3379717e-13,9.361194e-10,1.9222186e-16,N,N
CF14_Hindi_N_0020.npy,17.346104,-8.125891,-0.1941022,-15.220579,1.0,8.6627025e-12,2.412047e-08,7.1857185e-15,N,N
CM27_Gujarati_N_0036.npy,17.398481,-7.2142043,-0.3551176,-15.066674,1.0,2.04572e-11,1.9485425e-08,7.9535614e-15,N,N
CM38_English_N_0111.npy,22.09065,-12.0141325,-2.1451175,-15.399568,1.0,1.5434101e-15,2.982222e-11,5.226425e-17,N,N
CF14_Hindi_N_0120.npy,25.1041,-12.393922,0.8299875,-19.771997,1.0,5.185812e-17,2.8700323e-11,3.2400968e-20,N,N
CM35_English_N_0044.npy,14.046231,-4.7874556,-0.10016158,-15.558796,0.9999993,6.616578e-09,7.1828924e-07,1.3889934e-13,N,N
CF14_Hindi_N_0103.npy,11.91608,-6.274437,2.518001,-13.177697,0.99991715,1.2587013e-08,8.2876264e-05,1.26437315e-11,N,N
CM03_English_N_0062.npy,31.935572,-15.752511,0.44971392,-26.729824,1.0,1.9468318e-21,2.1177079e-14,3.326148e-26,N,N
CM35_English_N_0096.npy,23.394289,-4.8415637,-4.1327786,-23.089085,1.0,5.4616614e-13,1.1095493e-12,6.4942124e-21,N,N
CF09_English_N_0036.npy,35.50887,-14.040408,-4.376346,-28.41493,1.0,3.027066e-22,4.7650872e-18,1.7308022e-28,N,N
CM38_English_N_0001.npy,29.977255,-12.758932,-1.4311379,-23.96303,1.0,2.7536566e-19,2.2882775e-14,3.750006e-24,N,N
CF20_Gujarati_N_0019.npy,32.053135,-20.733349,-2.9198978,-18.07372,1.0,1.18883445e-23,6.477454e-16,1.6989632e-22,N,N
CF04_English_N_0016.npy,21.664694,-11.50258,1.4017853,-18.017803,1.0,3.941266e-15,1.5846394e-09,5.8359474e-18,N,N
CF09_Hindi_N_0151.npy,12.548044,-0.66225547,-0.07770625,-15.478893,0.9999949,1.8316294e-06,3.2862758e-06,6.730595e-13,N,N
CM16_Hindi_N_0050.npy,35.58333,-19.004517,-1.7907685,-25.250212,1.0,1.9624574e-24,5.869977e-17,3.8047705e-27,N,N
CF02_Gujarati_N_0034.npy,17.127174,-5.360271,-2.6951663,-15.570107,1.0,1.7132723e-10,2.4618814e-09,6.3059612e-15,N,N
CF02_English_N_0047.npy,13.041263,-3.991937,0.7215494,-13.96724,0.9999956,4.0047333e-08,4.4628723e-06,1.863607e-12,N,N
CM24_Gujarati_N_0066.npy,16.834042,-5.3106146,2.150376,-17.34509,0.9999995,2.4137783e-10,4.1972513e-07,1.4328212e-15,N,N
CM27_Gujarati_N_0027.npy,17.435553,-9.110704,1.4435656,-15.576048,0.9999999,2.9587413e-12,1.134405e-07,4.6051525e-15,N,N
CF14_Hindi_N_0010.npy,32.53213,-15.084423,-2.5830631,-23.96645,1.0,2.0911887e-21,5.619065e-16,2.9038761e-25,N,N
CM30_English_N_0007.npy,21.31473,-0.03396815,-7.8401184,-20.762548,1.0,5.3503035e-10,2.1787648e-13,5.321944e-19,N,N
CM05_Hindi_N_0049.npy,9.209612,1.1808721,1.4704994,-14.735287,0.9992392,0.0003257107,0.00043512663,3.9859525e-11,N,N
CM38_English_N_0121.npy,19.594196,-9.313207,-2.1981995,-14.208485,1.0,2.7904537e-13,3.4330683e-10,2.0877677e-15,N,N
CM16_Hindi_N_0048.npy,33.707806,-16.896294,1.70707,-29.09062,1.0,1.0541901e-22,1.2654846e-14,5.3332395e-28,N,N
CF20_Gujarati_N_0008.npy,12.856509,-4.4749546,0.1736742,-10.176372,0.9999969,2.9719395e-08,3.1039417e-06,9.929917e-11,N,N
CM30_Gujarati_N_0023.npy,17.238108,-1.6395901,-7.018495,-14.349725,1.0,6.331701e-09,2.9207275e-11,1.912398e-14,N,N
CF04_English_N_0101.npy,28.111732,-17.095442,0.11475828,-18.777655,1.0,2.326874e-20,6.9353486e-13,4.3271013e-21,N,N
CF04_English_N_0116.npy,28.39726,-12.980245,1.3229767,-23.824574,1.0,1.0714635e-18,1.7449703e-12,2.0909632e-23,N,N
CF20_Gujarati_N_0011.npy,12.731677,-3.9282615,-0.7436888,-10.417445,0.99999857,5.8167434e-08,1.4051492e-06,8.840226e-11,N,N
CM30_Gujarati_N_0042.npy,16.52798,5.417581,-6.842722,-19.813686,0.9999851,1.4955758e-05,7.083147e-11,1.6481927e-16,N,N
CM24_Gujarati_N_0005.npy,25.02942,-7.836664,-1.2713467,-23.454168,1.0,5.3264837e-15,3.7820008e-12,8.787084e-22,N,N
CF04_Hindi_N_0136.npy,13.709893,-8.879416,1.7548711,-11.321726,0.99999356,1.547336e-10,6.426835e-06,1.3455591e-11,N,N
CM30_Gujarati_N_0064.npy,13.686727,-7.015214,-0.60290223,-11.423754,0.9999994,1.0215537e-09,6.2243316e-07,1.24353e-11,N,N
CM05_Hindi_N_0068.npy,19.209423,-1.9275111,-5.2828507,-19.80625,1.0,6.6122013e-10,2.3074955e-11,1.13686645e-17,N,N
CF04_English_N_0088.npy,18.58121,-10.841323,-0.39977294,-14.0021,1.0,1.6670824e-13,5.7103713e-09,7.06722e-15,N,N
CM16_Hindi_N_0029.npy,31.977446,-15.004838,-0.027604606,-26.363895,1.0,3.943239e-21,1.2600365e-14,4.5991583e-26,N,N
CM05_English_N_0022.npy,11.740826,-3.3141878,0.068660945,-13.432095,0.9999912,2.895255e-07,8.527845e-06,1.1682501e-11,N,N
CF14_Hindi_N_0101.npy,13.051992,-7.200534,0.47025415,-10.595051,0.99999654,1.6011737e-09,3.4341474e-06,5.3730152e-11,N,N
CF09_Hindi_N_0058.npy,31.386402,-15.898377,-4.1275687,-25.688816,1.0,2.9139467e-21,3.7711958e-16,1.6313521e-25,N,N
CF14_Hindi_N_0064.npy,18.265005,-11.998308,1.8200707,-15.235742,0.9999999,7.191343e-14,7.211996e-08,2.8236449e-15,N,N
CM30_English_N_0003.npy,24.596104,-2.7291906,-5.4885216,-24.524796,1.0,1.3576111e-12,8.5983134e-14,4.645843e-22,N,N
CM35_English_N_0022.npy,23.79984,-3.9036453,-3.008067,-25.210997,1.0,9.300989e-13,2.2775813e-12,5.1863725e-22,N,N
CM35_English_N_0079.npy,27.557186,-9.462512,-3.1439996,-24.45881,1.0,8.366599e-17,4.6413536e-14,2.5688498e-23,N,N
CM16_Hindi_N_0018.npy,20.479166,-7.8762617,1.0387166,-19.390543,1.0,4.846125e-13,3.606786e-09,4.839554e-18,N,N
CF04_English_N_0048.npy,23.15297,-11.712228,-1.493524,-18.492563,1.0,7.2150224e-16,1.9777149e-11,8.1955075e-19,N,N
CM16_Hindi_N_0046.npy,24.990416,-12.545978,-1.1703112,-20.874435,1.0,4.990591e-17,4.3505165e-12,1.2054452e-20,N,N
CF14_Gujarati_N_0040.npy,17.612135,-8.795883,1.5160633,-16.784704,0.9999999,3.3973742e-12,1.0222686e-07,1.1525042e-15,N,N
CM05_Hindi_N_0065.npy,27.848436,-9.962056,-3.8976543,-24.911457,1.0,3.7941223e-17,1.6324819e-14,1.2208677e-23,N,N
CF20_Gujarati_N_0014.npy,13.36015,-4.985356,-0.46176472,-11.132075,0.99999905,1.0780708e-08,9.936155e-07,2.3076032e-11,N,N
CM27_Gujarati_N_0024.npy,21.282274,-8.701328,-0.3489931,-18.367283,1.0,9.512329e-14,4.033294e-10,6.031361e-18,N,N
CF14_Hindi_N_0124.npy,16.996805,-8.40419,2.3277874,-15.86863,0.9999995,9.300103e-12,4.2591833e-07,5.3299366e-15,N,N
CM24_Gujarati_N_0016.npy,8.35927,-4.1298213,2.1199453,-9.80148,0.9980488,3.7601753e-06,0.0019473658,1.2943081e-08,N,N
CM38_English_N_0076.npy,20.627247,-8.549223,-1.8080689,-17.141937,1.0,2.1321619e-13,1.8049535e-10,3.9541374e-17,N,N
CF09_Hindi_N_0120.npy,22.081484,-6.5663047,-3.1000943,-20.347393,1.0,3.617623e-13,1.15818995e-11,3.7443124e-19,N,N
CM05_Hindi_N_0021.npy,16.595846,-4.4334764,-0.7406523,-17.952122,1.0,7.363441e-10,2.9570213e-08,9.908525e-16,N,N
CF02_English_N_0054.npy,12.696294,-3.612825,-0.08929661,-12.980196,0.99999714,8.261116e-08,2.8008349e-06,7.0605817e-12,N,N
CF02_English_N_0062.npy,19.85649,-6.5039825,0.57164204,-19.367819,1.0,3.5628093e-12,4.2140265e-09,9.2278276e-18,N,N
CF14_Hindi_N_0115.npy,13.681475,-8.667638,4.0734234,-15.526423,0.99993277,1.9673162e-10,6.718111e-05,2.0660566e-13,N,N
CM03_English_N_0108.npy,26.211596,-15.022099,-1.324237,-17.786589,1.0,1.2371814e-18,1.0998653e-12,7.7952745e-20,N,N
CM16_Hindi_N_0032.npy,30.539438,-18.371374,-0.43129137,-21.416672,1.0,5.731972e-22,3.5447282e-14,2.7274008e-23,N,N
CF02_Gujarati_N_0036.npy,22.04468,-5.738629,-1.3132905,-21.376991,1.0,8.5874184e-13,7.174024e-11,1.3874227e-19,N,N
CF02_Gujarati_N_0069.npy,15.146079,-1.6448275,-0.6511567,-16.19987,0.9999999,5.1027197e-08,1.3783126e-07,2.4357237e-14,N,N
CF14_English_N_0021.npy,19.743464,-10.332652,1.5662515,-18.772331,1.0,8.671803e-14,1.2756668e-08,1.8741472e-17,N,N
CM24_Gujarati_N_0024.npy,15.866435,-5.4774733,-1.7973212,-13.816171,1.0,5.3759897e-10,2.1317119e-08,1.2853107e-13,N,N
CM27_Gujarati_N_0037.npy,25.28218,-10.973859,-2.593246,-20.767487,1.0,1.7955706e-16,7.831695e-13,1.0020366e-20,N,N
CF04_English_N_0117.npy,15.848573,-6.969347,-0.706273,-11.989594,0.9999999,1.2311271e-10,6.4613275e-08,8.1290085e-13,N,N
CF09_Hindi_N_0040.npy,35.587673,-19.354622,-5.44819,-25.817053,1.0,1.3767795e-24,1.5078272e-18,2.149152e-27,N,N
CM03_English_N_0050.npy,18.80984,-8.324488,3.2366593,-20.009005,0.9999999,1.6432796e-12,1.7244625e-07,1.3841727e-17,N,N
CM27_Gujarati_N_0020.npy,18.427694,-11.3667555,0.6710677,-12.2474785,1.0,1.1493049e-13,1.9426531e-08,4.7636703e-14,N,N
CF04_English_N_0019.npy,22.598383,-10.355157,0.5799031,-19.70815,1.0,4.880441e-15,2.7383915e-10,4.2316115e-19,N,N
CF14_English_N_0020.npy,23.610353,-15.172362,1.8687027,-19.686903,1.0,1.435096e-17,3.6117753e-10,1.5712325e-19,N,N
CF18_English_N_0045.npy,19.947338,-9.179636,-2.881469,-15.955443,1.0,2.2403501e-13,1.2177966e-10,2.5563462e-16,N,N
CM38_English_N_0035.npy,17.417221,-6.826538,-2.0752084,-14.069125,1.0,2.9584838e-11,3.4240912e-09,2.11667e-14,N,N
CF14_English_N_0031.npy,24.570534,-11.749159,0.48484704,-22.151178,1.0,1.6848339e-16,3.4651237e-11,5.117043e-21,N,N
CF09_English_N_0033.npy,23.681948,-13.469408,-0.69881165,-17.940659,1.0,7.334512e-17,2.5797071e-11,8.385571e-19,N,N
CF09_Hindi_N_0127.npy,17.590918,-8.4506035,-4.3682575,-11.237423,1.0,4.901298e-12,2.9057043e-10,3.0200267e-13,N,N
CM27_Gujarati_N_0055.npy,12.056662,-6.294046,-2.2404585,-8.738093,0.9999994,1.0724784e-08,6.177879e-07,9.310067e-10,N,N
CM27_Gujarati_N_0001.npy,21.726557,-11.173542,-1.0155209,-15.744716,1.0,5.148347e-15,1.3281329e-10,5.3263973e-17,N,N
CF14_Hindi_N_0083.npy,16.035566,-9.600785,1.9229691,-14.854889,0.9999993,7.349761e-12,7.4297895e-07,3.8410098e-14,N,N
CF14_Hindi_N_0046.npy,14.136991,-7.585884,1.7358285,-12.59502,0.9999958,3.680222e-10,4.113788e-06,2.4571623e-12,N,N
CF04_Hindi_N_0059.npy,16.339327,-2.4475107,0.8907808,-19.807209,0.99999976,6.933932e-09,1.9533563e-07,2.0033553e-16,N,N
CF14_Gujarati_N_0012.npy,14.832311,-10.449877,5.091556,-16.17855,0.9999411,1.0472721e-11,5.883263e-05,3.4050918e-14,N,N
CF04_Hindi_N_0087.npy,23.648401,-10.696006,0.2877967,-19.984901,1.0,1.2145459e-15,7.155138e-11,1.1227892e-19,N,N
CM05_Hindi_N_0029.npy,19.758743,-1.1858429,-4.84953,-22.122217,1.0,8.014602e-10,2.0547692e-11,6.476357e-19,N,N
CF04_Hindi_N_0104.npy,23.207624,-15.8984585,-1.2497566,-16.756996,1.0,1.0385896e-17,2.3894322e-11,4.4013408e-18,N,N
CF20_Gujarati_N_0053.npy,30.178343,-12.72923,0.41316828,-24.802006,1.0,2.3199438e-19,1.1834469e-13,1.3253752e-24,N,N
CF02_Gujarati_N_0035.npy,19.544321,-6.549758,-2.4327114,-17.037203,1.0,4.650353e-12,2.854279e-10,1.2967194e-16,N,N
CF09_Hindi_N_0173.npy,21.35906,-9.3431,-0.9742743,-17.549805,1.0,4.636832e-14,1.99874e-10,1.2650096e-17,N,N
CM16_Hindi_N_0001.npy,21.579462,-13.123237,1.4640969,-18.24228,1.0,8.4880875e-16,1.8365703e-09,5.0773653e-18,N,N
CM27_Gujarati_N_0057.npy,21.896648,-9.680525,-1.122389,-17.577045,1.0,1.9328934e-14,1.00683704e-10,7.191054e-18,N,N
CF09_Hindi_N_0171.npy,20.166384,-7.9574494,-2.706838,-16.075392,1.0,6.109064e-13,1.1648922e-10,1.8213645e-16,N,N
CF04_Hindi_N_0077.npy,25.088507,-18.941618,0.24199292,-17.663351,1.0,7.5502235e-20,1.619184e-11,2.7108412e-19,N,N
CF14_Hindi_N_0047.npy,35.275974,-16.86476,3.010093,-31.448042,1.0,2.2676075e-23,9.707472e-15,1.0522739e-29,N,N
CF14_English_N_0016.npy,15.432065,-5.8282366,-0.74101776,-13.344638,0.9999999,5.8447813e-10,9.464976e-08,3.18007e-13,N,N
CF09_Hindi_N_0068.npy,26.853231,-10.52259,-1.4335798,-21.275066,1.0,5.8598646e-17,5.190315e-13,1.2535645e-21,N,N
CF09_Hindi_N_0002.npy,35.9353,-20.558222,-1.8842813,-27.434568,1.0,2.9186017e-25,3.7598026e-17,3.0117375e-28,N,N
CM35_English_N_0063.npy,26.255295,-9.668269,0.76169264,-24.641914,1.0,2.5037675e-16,8.477523e-12,7.8636274e-23,N,N
CF09_Hindi_N_0155.npy,18.660471,-3.9760811,0.17666706,-19.0981,1.0,1.4759445e-10,9.388271e-09,3.9963243e-17,N,N
CM38_English_N_0094.npy,17.640268,-9.966431,-0.12513456,-12.622558,1.0,1.0246204e-12,1.9256758e-08,7.194856e-14,N,N
CM16_Hindi_N_0043.npy,29.632444,-13.45,-1.178892,-24.921244,1.0,1.9477475e-19,4.1572543e-14,2.0306465e-24,N,N
CM30_English_N_0017.npy,29.51828,-8.154903,-8.428719,-23.508833,1.0,4.3525556e-17,3.3099993e-17,9.345802e-24,N,N
CM05_English_N_0098.npy,22.934504,-10.141665,-1.695121,-19.319756,1.0,4.317206e-15,2.0113591e-11,4.4587103e-19,N,N
CF09_Hindi_N_0050.npy,22.982893,-8.031515,-3.6151366,-18.6906,1.0,3.3932333e-14,2.8094564e-12,7.9695207e-19,N,N
CF14_Hindi_N_0027.npy,18.013144,-9.738489,1.2121965,-14.434927,1.0,8.863782e-13,5.0517443e-08,8.090624e-15,N,N
CF02_English_N_0049.npy,14.195977,-5.127536,-1.7197345,-12.140789,0.9999999,4.0541974e-09,1.2243183e-07,3.6482796e-12,N,N
CF18_English_N_0039.npy,25.95099,-9.6055355,-2.2750347,-21.63534,1.0,3.6140728e-16,5.5156064e-13,2.1553572e-21,N,N
CF09_Hindi_N_0146.npy,15.120953,-6.6165686,-2.27072,-11.483637,1.0,3.6267206e-10,2.7982903e-08,2.7910885e-12,N,N
CM05_Hindi_N_0047.npy,15.77893,-3.8150342,1.4639522,-18.39949,0.9999994,3.0934952e-09,6.0685363e-07,1.4338381e-15,N,N
CF18_English_N_0044.npy,33.29239,-16.040085,-4.722236,-24.241987,1.0,3.7599224e-22,3.0935552e-17,1.0307115e-25,N,N
CM38_English_N_0058.npy,22.299055,-5.9451733,-4.156031,-18.87563,1.0,5.41611e-13,3.2411732e-12,1.3123889e-18,N,N
CM05_Hindi_N_0089.npy,17.649094,-4.8293443,-2.992289,-17.33501,1.0,1.7287757e-10,1.0853295e-09,6.406143e-16,N,N
CM05_English_N_0096.npy,12.036835,-0.24613553,-3.2294433,-13.3701515,0.9999951,4.6298996e-06,2.3438913e-07,9.244511e-12,N,N
CM30_Gujarati_N_0020.npy,15.098989,2.7260823,-3.9947803,-17.851442,0.9999958,4.2316865e-06,5.1012856e-09,4.895618e-15,N,N
CM30_Gujarati_N_0021.npy,18.71813,0.8095618,-2.340083,-22.043283,1.0,1.6688142e-08,7.1537637e-10,1.9840061e-18,N,N
CF02_Gujarati_N_0044.npy,20.248575,-6.4038134,-1.4923768,-19.002703,1.0,2.6608128e-12,3.6143044e-10,8.982281e-18,N,N
CF02_Gujarati_N_0051.npy,16.476109,-3.7242973,-2.952637,-15.091192,1.0,1.6868463e-09,3.6492458e-09,1.9520703e-14,N,N
CM05_English_N_0026.npy,18.900406,-2.6649525,-2.9100153,-20.458595,1.0,4.3080775e-10,3.3717434e-10,8.064974e-18,N,N
CM30_English_N_0036.npy,29.067043,-5.725603,-8.332888,-25.088715,1.0,7.757912e-16,5.720257e-17,3.0231047e-24,N,N
CF20_Gujarati_N_0015.npy,14.518787,-2.8187637,0.18213782,-15.86588,0.9999994,2.953908e-08,5.938432e-07,6.3695204e-14,N,N
CF04_English_N_0097.npy,29.703163,-13.444534,-2.3339164,-23.965242,1.0,1.8247068e-19,1.2203192e-14,4.9216243e-24,N,N
CM24_Gujarati_N_0058.npy,21.876284,-6.8836513,-0.9361824,-19.602276,1.0,3.233842e-13,1.2378615e-10,9.684777e-19,N,N
CF14_Hindi_N_0031.npy,17.807615,-7.837917,-0.9920517,-15.416301,1.0,7.282604e-12,6.8455477e-09,3.7242345e-15,N,N
CM38_English_N_0112.npy,21.350864,-10.346499,-0.6857303,-17.308678,1.0,1.7139942e-14,2.6892344e-10,1.623208e-17,N,N
CM24_Gujarati_N_0035.npy,26.32143,-8.65179,-1.5305063,-24.018625,1.0,6.4762434e-16,8.0178464e-13,1.3727481e-22,N,N
CM35_English_N_0031.npy,27.426731,-7.115069,-3.3397195,-26.381905,1.0,9.969795e-16,4.3481064e-14,4.2776618e-24,N,N
CF09_English_N_0049.npy,27.0712,-13.627564,-0.6400355,-22.682522,1.0,2.1122779e-18,9.229189e-13,2.4673603e-22,N,N
CF04_Hindi_N_0057.npy,19.332613,-6.1256046,-1.536958,-16.961613,1.0,8.782872e-12,8.638934e-10,1.7282925e-16,N,N
CM35_English_N_0062.npy,32.288067,-11.461117,-0.7980125,-30.096643,1.0,9.999331e-20,4.274631e-15,8.0661023e-28,N,N
CM03_English_N_0017.npy,13.96985,-4.451778,1.6865782,-15.754877,0.99999535,9.9904955e-09,4.6285063e-06,1.2322897e-13,N,N
CM30_Gujarati_N_0014.npy,15.227027,1.7535273,-6.2213283,-16.705837,0.99999857,1.4077741e-06,4.8428084e-10,1.3543542e-14,N,N
CF14_English_N_0008.npy,9.476751,-2.7620335,0.6815899,-9.134452,0.9998436,4.838329e-06,0.00015144052,8.263988e-09,N,N
CF14_Hindi_N_0145.npy,13.102282,-4.449985,1.228061,-13.172825,0.9999931,2.383111e-08,6.9676835e-06,3.8802815e-12,N,N
CM38_English_N_0107.npy,21.997778,-6.890521,1.4524668,-23.255783,1.0,2.844275e-13,1.1947714e-09,2.2214029e-20,N,N
CM35_English_N_0034.npy,13.396836,0.8596358,1.8672346,-19.026651,0.99998665,3.5905173e-06,9.834486e-06,8.2918605e-15,N,N
CF20_Gujarati_N_0010.npy,10.841958,-1.6153368,0.9345566,-13.260902,0.99994624,3.88904e-06,4.9802027e-05,3.405946e-11,N,N
CF14_Gujarati_N_0063.npy,15.525352,-5.3475313,-1.1412103,-12.85637,1.0,8.610377e-10,5.7783584e-08,4.720358e-13,N,N
CM30_English_N_0002.npy,19.547705,-0.669661,-5.932549,-19.311989,1.0,1.6584785e-09,8.591453e-12,1.3287666e-17,N,N
CM30_English_N_0039.npy,22.158989,-3.6155674,-6.4003534,-20.31373,1.0,6.4010624e-12,3.95217e-13,3.5837132e-19,N,N
CM30_Gujarati_N_0030.npy,18.751059,-1.3367816,-3.3195364,-19.21164,1.0,1.887824e-09,2.599336e-10,3.258434e-17,N,N
CF04_Hindi_N_0111.npy,23.895996,-15.818546,2.3574536,-19.471006,1.0,5.6518857e-18,4.425172e-10,1.4653768e-19,N,N
CF02_English_N_0056.npy,13.201814,-2.846282,0.33577594,-14.190876,0.99999726,1.0725052e-07,2.5843408e-06,1.2691274e-12,N,N
CF02_English_N_0077.npy,19.461329,-7.7870393,0.6357449,-19.281868,1.0,1.4661704e-12,6.670411e-09,1.492947e-17,N,N
CF02_English_N_0086.npy,12.565118,-1.938877,-1.093686,-14.166411,0.99999833,5.02336e-07,1.1696504e-06,2.4583495e-12,N,N
CM38_English_N_0133.npy,25.12962,-12.43379,-0.6051925,-20.104258,1.0,4.8575718e-17,6.6605983e-12,2.2655617e-20,N,N
CM05_Hindi_N_0093.npy,19.022013,-8.408393,-1.8182782,-16.396685,1.0,1.222156e-12,8.895636e-10,4.148157e-16,N,N
CF02_Gujarati_N_0017.npy,22.448996,-11.865235,-3.4150925,-15.050032,1.0,1.2517525e-15,5.852876e-12,5.180592e-17,N,N
CF02_Gujarati_N_0056.npy,16.35716,-4.5945764,-1.5816673,-15.686916,1.0,7.957497e-10,1.6190722e-08,1.2118114e-14,N,N
CF09_Hindi_N_0145.npy,21.275621,-9.524125,-0.9038805,-17.83838,1.0,4.205713e-14,2.331119e-10,1.0303971e-17,N,N
CF04_English_N_0072.npy,20.892673,-11.138865,-0.86563283,-17.65175,1.0,1.2270972e-14,3.5521194e-10,1.8212456e-17,N,N
CM27_Gujarati_N_0003.npy,22.725199,-10.885417,-0.60743594,-19.00431,1.0,2.529854e-15,7.358102e-11,7.5353807e-19,N,N
CM30_Gujarati_N_0027.npy,16.976713,5.829482,-5.973248,-20.856302,0.9999856,1.4414937e-05,1.0788286e-10,3.709573e-17,N,N
CM03_English_N_0087.npy,27.528248,-12.628391,-3.6709359,-19.88722,1.0,3.6323966e-18,2.8207613e-14,2.5569643e-21,N,N
CM03_English_N_0012.npy,22.758001,-11.011104,-1.2509434,-19.250132,1.0,2.1590586e-15,3.7415147e-11,5.702951e-19,N,N
CM35_English_N_0125.npy,31.18926,-10.145159,-3.1161072,-27.913277,1.0,1.1186386e-18,1.2628991e-15,2.1482926e-26,N,N
CF02_Gujarati_N_0006.npy,20.294722,-7.9049344,-3.610306,-15.865643,1.0,5.662982e-13,4.1512467e-11,1.9758511e-16,N,N
CM38_English_N_0081.npy,19.903849,-7.4077597,-1.7605122,-18.399675,1.0,1.3763207e-12,3.9020065e-10,2.317346e-17,N,N
CF09_Hindi_N_0028.npy,39.602272,-20.785389,-2.5992625,-32.20882,1.0,5.9425393e-27,4.700094e-19,6.49886e-32,N,N
CM03_English_N_0059.npy,24.662033,-10.39766,-3.487684,-17.336771,1.0,5.9397624e-16,5.952962e-13,5.756413e-19,N,N
CF02_English_N_0008.npy,8.381888,0.18539649,5.876233,-15.9399,0.9243018,0.00025475485,0.07544345,2.5292698e-11,N,N
CF14_Gujarati_N_0046.npy,19.844662,-10.004811,1.9649265,-18.678627,1.0,1.0877749e-13,1.717629e-08,1.8601514e-17,N,N
CF14_Gujarati_N_0001.npy,29.609463,-15.411026,0.5247668,-23.45128,1.0,2.8044657e-20,2.337099e-13,9.036727e-24,N,N
CF04_Hindi_N_0113.npy,28.798906,-15.2885065,-5.2633195,-19.183664,1.0,7.129835e-20,1.6105103e-15,1.4502214e-21,N,N
CM05_Hindi_N_0046.npy,10.273692,-3.3167014,0.9545629,-13.342102,0.99990904,1.252356e-06,8.968384e-05,5.5430778e-11,N,N
CF20_Gujarati_N_0001.npy,12.810435,-4.3831277,1.7119397,-13.907114,0.99998486,3.41133e-08,1.5134848e-05,2.492927e-12,N,N
CM16_Hindi_N_0031.npy,31.084417,-15.076247,-3.4468203,-22.382294,1.0,8.9676476e-21,1.0075663e-15,6.0214573e-24,N,N
CM30_English_N_0058.npy,24.78565,-6.3026543,-2.149333,-24.832685,1.0,3.151526e-14,2.0057918e-12,2.825079e-22,N,N
CF09_Hindi_N_0015.npy,19.52114,-8.481355,0.55699015,-18.286947,1.0,6.8971716e-13,5.8073035e-09,3.803266e-17,N,N
CF02_Gujarati_N_0015.npy,26.656916,-9.835565,-3.9721267,-20.74412,1.0,1.4174795e-16,4.9885717e-14,2.5941313e-21,N,N
CM38_English_N_0023.npy,27.173286,-6.308348,-10.431204,-20.794357,1.0,2.8781288e-15,4.6620462e-17,1.4720312e-21,N,N
CF14_Hindi_N_0134.npy,9.895602,-5.1083965,2.7469766,-12.992409,0.9992143,3.0444212e-07,0.0007853262,1.14688904e-10,N,N
CM03_English_N_0029.npy,20.909576,-7.2950225,-0.33821908,-20.769714,1.0,5.6350546e-13,5.9183386e-10,7.923444e-19,N,N
CF09_Hindi_N_0157.npy,16.657692,-4.4302526,-1.5526179,-15.266246,1.0,6.944201e-10,1.2341356e-08,1.3664998e-14,N,N
CM30_Gujarati_N_0046.npy,21.614223,-1.1581861,-8.960103,-19.54501,1.0,1.288452e-10,5.2691324e-14,1.3328222e-18,N,N
CF09_Hindi_N_0095.npy,19.891218,-11.3484125,-0.21172658,-16.149185,1.0,2.708946e-14,1.859524e-09,2.2276702e-16,N,N
CM38_English_N_0074.npy,29.3123,-11.063828,-2.4582074,-25.295887,1.0,2.9165532e-18,1.5931026e-14,1.9229441e-24,N,N
CM30_Gujarati_N_0071.npy,21.591509,-4.4492536,-2.2877572,-21.624292,1.0,4.90502e-12,4.2595743e-11,1.7045744e-19,N,N
CF09_Hindi_N_0142.npy,29.42188,-14.626205,-1.2189015,-22.872597,1.0,7.415807e-20,4.9303497e-14,1.9444473e-23,N,N
CF09_Hindi_N_0019.npy,26.341139,-10.920346,-0.6342687,-22.264944,1.0,6.56965e-17,1.9263259e-12,7.774033e-22,N,N
CM38_English_N_0002.npy,19.629988,-7.025583,-1.2127402,-17.455618,1.0,2.6523608e-12,8.873979e-10,7.8329636e-17,N,N
CM03_English_N_0028.npy,19.1869,-5.269809,-0.3479679,-20.286879,1.0,2.3910415e-11,3.2818246e-09,7.19045e-18,N,N
CM05_English_N_0084.npy,20.604406,-3.8496473,-3.5664828,-21.119524,1.0,2.3973937e-11,3.1821185e-11,7.5775235e-19,N,N
CF09_Hindi_N_0123.npy,25.755228,-9.304656,-4.5392227,-21.723845,1.0,5.9386295e-16,6.970874e-14,2.3993896e-21,N,N
CM30_Gujarati_N_0073.npy,10.886492,-1.1778556,-1.1664969,-11.789134,0.99998844,5.7612347e-06,5.827045e-06,1.419372e-10,N,N
CF09_Hindi_N_0057.npy,19.295097,-11.734781,-4.7507963,-12.521074,1.0,3.3411418e-14,3.605792e-11,1.5219913e-14,N,N
CM35_English_N_0003.npy,21.070803,-8.134233,1.3482777,-21.577759,1.0,2.0721155e-13,2.7202973e-09,3.0058404e-19,N,N
CM38_English_N_0113.npy,32.225956,-13.013767,-7.195672,-23.931135,1.0,2.2523601e-20,7.575389e-18,4.085884e-25,N,N
CF14_Hindi_N_0080.npy,17.144592,-13.0788555,0.65826684,-12.069245,0.9999999,7.483821e-14,6.919576e-08,2.0539595e-13,N,N
CF09_Hindi_N_0116.npy,22.89836,-7.3910236,-1.6021519,-22.00695,1.0,7.0062906e-14,2.2885647e-11,3.1468135e-20,N,N
CM27_Gujarati_N_0021.npy,21.272078,-9.158547,-0.9483594,-16.696917,1.0,6.0834096e-14,2.2376247e-10,3.237989e-17,N,N
CF04_English_N_0068.npy,26.410616,-13.16435,-0.9459599,-18.717957,1.0,6.49846e-18,1.3158016e-12,2.5171599e-20,N,N
CF18_English_N_0004.npy,22.87436,-10.346247,-2.4002306,-15.808799,1.0,3.7365863e-15,1.0553226e-11,1.5853222e-17,N,N
CM05_English_N_0049.npy,23.730947,-8.566034,1.0356792,-24.70209,1.0,9.410203e-15,1.3917784e-10,9.242711e-22,N,N
CM30_Gujarati_N_0032.npy,17.452204,0.1656304,-8.027584,-16.293146,1.0,3.1083975e-08,8.5954525e-12,2.2109593e-15,N,N
CM35_English_N_0109.npy,24.891256,-7.70124,-0.9204843,-24.819574,1.0,7.0025993e-15,6.167418e-12,2.5754938e-22,N,N
CM05_Hindi_N_0002.npy,18.305517,-6.130533,0.17155513,-19.047329,1.0,2.4409459e-11,1.3320487e-08,5.996059e-17,N,N
CF02_English_N_0037.npy,10.448103,1.439347,3.4359062,-17.895473,0.9989779,0.00012220893,0.00089990697,4.8988824e-13,N,N
CF14_Hindi_N_0148.npy,20.204863,-9.346026,1.6191987,-18.020733,1.0,1.4662647e-13,8.4790726e-09,2.5051612e-17,N,N
CF02_English_N_0044.npy,12.03511,-3.460982,0.6609112,-13.070185,0.9999883,1.8626332e-07,1.1487965e-05,1.2499821e-11,N,N
CF14_Gujarati_N_0067.npy,7.06767,1.6847117,4.0899286,-14.736115,0.94741654,0.0043526306,0.04823079,3.2157133e-10,N,N
CF09_Hindi_N_0021.npy,30.041927,-15.125714,0.18290874,-25.582685,1.0,2.4207108e-20,1.0774401e-13,6.9588655e-25,N,N
CM24_Gujarati_N_0060.npy,15.894225,-3.9763162,-0.015983488,-15.2329,0.9999999,2.3460314e-09,1.2310738e-07,3.031527e-14,N,N
CM03_English_N_0011.npy,12.086055,-1.7496437,-0.9747573,-13.860759,0.9999969,9.800118e-07,2.1269636e-06,5.3881626e-12,N,N
CF04_Hindi_N_0028.npy,20.841162,-13.279004,1.5991696,-18.508537,1.0,1.519847e-15,4.398541e-09,8.140331e-18,N,N
CF04_Hindi_N_0141.npy,24.112589,-9.879814,1.8491132,-22.000309,1.0,1.7269817e-15,2.1433617e-10,9.40637e-21,N,N
CF14_Hindi_N_0065.npy,12.439787,-4.6854362,0.84862876,-12.49386,0.9999907,3.652633e-08,9.247408e-06,1.484057e-11,N,N
CM05_Hindi_N_0008.npy,19.307552,-4.86555,-0.28804293,-21.113028,1.0,3.1750796e-11,3.0884564e-09,2.7897547e-18,N,N
CM05_Hindi_N_0097.npy,15.389899,-3.3953216,2.0272884,-20.370016,0.99999845,6.9451476e-09,1.5728641e-06,2.9489394e-16,N,N
CM27_Gujarati_N_0038.npy,22.56565,-10.628258,-0.728377,-17.569725,1.0,3.837679e-15,7.647728e-11,3.7104593e-18,N,N
CM05_English_N_0066.npy,16.423622,-1.8221067,-3.613445,-17.767561,1.0,1.1911882e-08,1.9861508e-09,1.4156538e-15,N,N
CF14_Gujarati_N_0019.npy,10.260036,-9.191097,4.341458,-11.830005,0.9973182,3.558883e-09,0.002681808,2.5424376e-10,N,N
CM35_English_N_0110.npy,10.248706,0.4965096,5.362188,-19.792961,0.9924516,5.772771e-05,0.007490685,8.90797e-14,N,N
CF20_Gujarati_N_0013.npy,21.287169,-7.4014435,0.33221182,-20.025547,1.0,3.4729148e-13,7.931918e-10,1.1431848e-18,N,N
CF09_Hindi_N_0060.npy,20.650572,-6.540118,-0.5242031,-19.294546,1.0,1.5532228e-12,6.3666716e-10,4.4880297e-18,N,N
CF04_English_N_0098.npy,20.898037,-12.563655,0.3489361,-16.827127,1.0,2.9361042e-15,1.1902519e-09,4.1320775e-17,N,N
CF14_Hindi_N_0074.npy,18.125853,-7.0017576,0.36060593,-17.477152,1.0,1.22241306e-11,1.925977e-08,3.4499406e-16,N,N
CF04_English_N_0114.npy,14.9263315,-7.836204,3.8067994,-16.682535,0.9999852,1.3012183e-10,1.48198005e-05,1.8725647e-14,N,N
CM16_Hindi_N_0061.npy,32.619938,-19.87872,-1.0600041,-23.254904,1.0,1.5853416e-23,2.3604051e-15,5.4183296e-25,N,N
CM35_English_N_0102.npy,27.02883,-8.636346,-3.2679923,-24.09615,1.0,3.2419826e-16,6.954366e-14,6.2618775e-23,N,N
CM05_Hindi_N_0045.npy,16.560938,-4.830935,-0.6182001,-16.008093,1.0,5.124221e-10,3.460948e-08,7.168852e-15,N,N
CF04_English_N_0063.npy,26.340147,-13.961382,-0.399645,-19.6884,1.0,3.14245e-18,2.438125e-12,1.02342275e-20,N,N
CM05_English_N_0074.npy,17.408411,-2.8775628,1.0578517,-22.754368,0.9999999,1.5485069e-09,7.925785e-08,3.6101553e-18,N,N
CF09_English_N_0019.npy,30.111454,-15.50712,-4.5072336,-20.499609,1.0,1.5420702e-20,9.231992e-16,1.0468765e-22,N,N
CM38_English_N_0028.npy,12.839007,-4.794903,-2.2535164,-11.177153,0.99999976,2.1962897e-08,2.7886898e-07,3.714621e-11,N,N
CM38_English_N_0098.npy,21.203959,-9.944967,-0.008328464,-17.710098,1.0,2.9661522e-14,6.132258e-10,1.2584637e-17,N,N
CM05_English_N_0001.npy,20.773317,-6.529743,3.0945237,-24.554535,1.0,1.3881342e-12,2.099896e-08,2.0623611e-20,N,N
CF02_Gujarati_N_0003.npy,22.298193,-8.646427,-3.7510545,-18.897123,1.0,3.6384988e-14,4.863573e-12,1.2855869e-18,N,N
CM24_Gujarati_N_0025.npy,10.240088,-1.9901906,0.3026043,-11.792728,0.99994683,4.880162e-06,4.832619e-05,2.699266e-10,N,N
CF09_English_N_0027.npy,25.960878,-9.594631,0.008218382,-24.608377,1.0,3.617742e-16,5.356772e-12,1.0915692e-22,N,N
CF20_Gujarati_N_0017.npy,22.881094,-10.383042,2.5015814,-21.134714,1.0,3.57741e-15,1.4102303e-09,7.659095e-20,N,N
CF02_English_N_0097.npy,20.960125,-9.531913,-0.12094185,-17.71522,1.0,5.7210516e-14,6.992127e-10,1.5977561e-17,N,N
CF14_Hindi_N_0133.npy,9.437097,-2.8701708,2.2331803,-11.492551,0.9992524,4.515408e-06,0.00074311154,8.129144e-10,N,N
CM05_Hindi_N_0075.npy,19.12698,-3.535701,-1.7499809,-20.860216,1.0,1.4378794e-10,8.5753354e-10,4.303092e-18,N,N
CF04_Hindi_N_0009.npy,24.008043,-13.445449,0.7924516,-19.872509,1.0,5.4219492e-17,8.2717375e-11,8.768341e-20,N,N
CM30_Gujarati_N_0002.npy,12.654678,1.7694737,-5.3301325,-13.765921,0.9999813,1.8733017e-05,1.5462803e-08,3.3548377e-12,N,N
CM05_Hindi_N_0023.npy,13.711555,-1.8515236,1.3632618,-17.409636,0.9999956,1.7419642e-07,4.337134e-06,3.0495612e-14,N,N
CM30_English_N_0025.npy,22.20212,-2.8751333,-2.9225686,-22.644934,1.0,1.28554485e-11,1.2259879e-11,3.3355858e-20,N,N
CM03_English_N_0064.npy,23.228052,-9.294096,0.03626669,-19.870684,1.0,7.512951e-15,8.471014e-11,1.9162706e-19,N,N
CM30_English_N_0043.npy,15.688493,1.6277516,-5.6854725,-17.823162,0.99999917,7.825232e-07,5.216798e-10,2.7930151e-15,N,N
CM05_Hindi_N_0106.npy,13.386105,-2.4799883,-1.5240705,-13.41797,0.9999995,1.2865993e-07,3.3465162e-07,2.2863287e-12,N,N
CF09_English_N_0057.npy,22.95022,-5.914988,-0.66987014,-24.337555,1.0,2.9107145e-13,5.5198214e-11,2.9052336e-21,N,N
CF09_Hindi_N_0152.npy,19.40539,-5.0643487,-2.8914173,-17.030067,1.0,2.3600859e-11,2.073099e-10,1.5006618e-16,N,N
CF04_Hindi_N_0072.npy,10.650904,-3.5137312,3.292652,-13.788952,0.9993624,7.048559e-07,0.00063690543,2.4301247e-11,N,N
CF04_Hindi_N_0116.npy,29.64304,-15.458745,0.08068845,-24.445147,1.0,2.585498e-20,1.4495527e-13,3.2344344e-24,N,N
CF14_Hindi_N_0118.npy,18.90279,-11.422855,1.7652209,-15.627463,1.0,6.756776e-14,3.6078475e-08,1.0085584e-15,N,N
CM35_English_N_0116.npy,19.507715,-2.8823404,-4.5637455,-18.480072,1.0,1.8885217e-10,3.514774e-11,3.1777116e-17,N,N
CM35_English_N_0086.npy,25.1233,-6.6388745,-1.0265373,-24.594057,1.0,1.6064339e-14,4.3981485e-12,2.5587386e-22,N,N
CM35_English_N_0094.npy,26.616022,-9.278438,-1.6987088,-25.460506,1.0,2.5777134e-16,5.0474067e-13,2.417966e-23,N,N
CM38_English_N_0123.npy,20.797377,-9.782669,-0.98923266,-16.950035,1.0,5.2390783e-14,3.4529926e-10,4.0411647e-17,N,N
CF14_Hindi_N_0042.npy,18.263037,-9.159245,-0.08109072,-13.974868,1.0,1.2321244e-12,1.0795595e-08,9.982892e-15,N,N
CF18_English_N_0033.npy,33.320477,-16.622149,-2.0129554,-25.047186,1.0,2.0426441e-22,4.517371e-16,4.4796813e-26,N,N
CM24_Gujarati_N_0012.npy,18.235363,-7.425188,-0.9562925,-16.502413,1.0,7.1740482e-12,4.625617e-09,8.1954885e-16,N,N
CM05_Hindi_N_0076.npy,13.08035,0.021882834,-2.6534417,-15.14591,0.99999774,2.1319593e-06,1.468589e-07,5.5142897e-13,N,N
CF04_Hindi_N_0143.npy,16.953802,-8.204225,-0.13764533,-15.182166,1.0,1.185789e-11,3.7781444e-08,1.1054186e-14,N,N
CM05_English_N_0056.npy,15.171182,-3.3850906,-0.91481066,-15.460319,0.9999999,8.731989e-09,1.0326236e-07,4.9763216e-14,N,N
CM16_Hindi_N_0067.npy,14.364097,-8.555825,3.2535818,-15.2319145,0.9999851,1.1117265e-10,1.4954032e-05,1.4015506e-13,N,N
CM05_English_N_0052.npy,12.363316,-1.0639594,-1.0052645,-15.504321,0.999997,1.4743731e-06,1.5635012e-06,7.8929154e-13,N,N
CM35_English_N_0024.npy,16.216106,-1.5965146,0.31167802,-20.828413,0.9999999,1.8368652e-08,1.2382104e-07,8.1615085e-17,N,N
CM24_Gujarati_N_0055.npy,11.471732,-5.455561,2.2478015,-11.796652,0.9999013,4.45171e-08,9.864046e-05,7.845612e-11,N,N
CF04_English_N_0027.npy,25.79714,-13.651305,-0.82181525,-21.474789,1.0,7.374936e-18,2.751278e-12,2.9516375e-21,N,N
CF09_Hindi_N_0150.npy,24.438559,-9.94756,-0.4771553,-21.794184,1.0,1.1649247e-15,1.5109245e-11,8.344016e-21,N,N
CF09_Hindi_N_0017.npy,36.168316,-15.911942,-5.8466005,-28.722618,1.0,2.4089712e-23,5.664402e-19,6.580018e-29,N,N
CF02_English_N_0007.npy,9.361119,-4.1620245,1.8010113,-10.842475,0.99947816,1.3388952e-06,0.0005205471,1.6805979e-09,N,N
CM38_English_N_0116.npy,16.53864,-5.742665,-1.4465488,-15.151257,1.0,2.1054886e-10,1.5457251e-08,1.7268444e-14,N,N
CF09_Hindi_N_0089.npy,26.77469,-16.470146,-1.3131562,-21.401537,1.0,1.655796e-19,6.3329073e-13,1.1948963e-21,N,N
CF14_Hindi_N_0045.npy,21.375729,-11.417073,2.5555081,-20.342577,1.0,5.73149e-15,6.706283e-09,7.620251e-19,N,N
CM05_English_N_0043.npy,14.717916,-5.5327854,0.13400087,-15.414405,0.9999995,1.604101e-09,4.637523e-07,8.1978376e-14,N,N
CM03_English_N_0088.npy,30.955166,-15.697003,-3.4386792,-21.990583,1.0,5.4855573e-21,1.1559607e-15,1.0138043e-23,N,N
CM03_English_N_0074.npy,32.25133,-12.063823,-3.2310817,-28.624535,1.0,5.677703e-20,3.892094e-16,3.647097e-27,N,N
CM16_Hindi_N_0083.npy,27.1458,-8.89391,1.1998465,-26.978773,1.0,2.2292173e-16,5.3928164e-12,3.1188661e-24,N,N
CF04_Hindi_N_0019.npy,27.55398,-14.094054,-1.0168961,-21.112057,1.0,8.1750244e-19,3.9068485e-13,7.321634e-22,N,N
CF09_Hindi_N_0133.npy,24.661112,-12.2067175,-1.3126614,-20.387335,1.0,9.738803e-17,5.244853e-12,2.727145e-20,N,N
CM35_English_N_0073.npy,21.778673,-4.366811,-3.5588682,-20.528936,1.0,4.4173333e-12,9.909358e-12,4.2270617e-19,N,N
CF09_Hindi_N_0031.npy,33.509785,-15.454398,-5.2594857,-24.413553,1.0,5.4340687e-22,1.4545182e-17,6.9857516e-26,N,N
CM35_English_N_0123.npy,20.044817,-3.846573,-1.8212398,-20.340994,1.0,4.208247e-11,3.1892777e-10,2.8884522e-18,N,N
CF02_English_N_0090.npy,17.97334,-4.7003345,-1.5048864,-17.475367,1.0,1.4221607e-10,3.473074e-09,4.0255193e-16,N,N
CM05_Hindi_N_0066.npy,14.925381,1.6662248,-3.6972053,-18.078695,0.9999982,1.7442986e-06,8.171715e-09,4.6399355e-15,N,N
CF09_Hindi_N_0135.npy,24.169939,-13.025838,-3.3868392,-16.478867,1.0,7.0158277e-17,1.0770687e-12,2.2204903e-18,N,N
CM35_English_N_0014.npy,20.257599,-5.7865825,-1.5125544,-19.021807,1.0,4.8882742e-12,3.5102873e-10,8.733166e-18,N,N
CM27_Gujarati_N_0008.npy,17.933432,-6.5228076,-0.6178543,-16.182201,1.0,2.392159e-11,8.775635e-09,1.5267561e-15,N,N
CM05_Hindi_N_0117.npy,21.422018,-6.6734996,-2.751023,-18.423218,1.0,6.284512e-13,3.1752795e-11,4.9594457e-18,N,N
CM30_Gujarati_N_0037.npy,16.952639,3.4578981,-7.6193604,-18.778032,0.99999857,1.3781868e-06,2.1306689e-11,3.0364503e-16,N,N
CF09_Hindi_N_0172.npy,23.142294,-9.649147,-1.7626415,-19.340734,1.0,5.7392784e-15,1.5272979e-11,3.546951e-19,N,N
CF20_Gujarati_N_0057.npy,22.440264,-15.021514,-2.7021544,-13.399941,1.0,5.377211e-17,1.2044441e-11,2.7214245e-16,N,N
CM35_English_N_0029.npy,34.46917,-12.75306,-3.2039454,-31.054354,1.0,3.102034e-21,4.3528543e-17,3.495395e-29,N,N
CM16_Hindi_N_0005.npy,29.665121,-15.987008,1.825032,-23.189655,1.0,1.491186e-20,8.1133955e-13,1.1103582e-23,N,N
CM05_English_N_0042.npy,15.280385,-5.263619,-4.816025,-12.938884,1.0,1.1963334e-09,1.8717186e-09,5.552995e-13,N,N
CF20_Gujarati_N_0045.npy,37.043217,-17.93516,-1.4340426,-29.12596,1.0,1.3279866e-24,1.9477718e-17,1.8327059e-29,N,N
CM27_Gujarati_N_0022.npy,20.416832,-7.7057395,-0.6613548,-18.275595,1.0,6.116771e-13,7.012294e-10,1.5706947e-17,N,N
CF04_English_N_0066.npy,32.902042,-15.342965,-0.09419331,-25.786715,1.0,1.1154752e-21,4.6764604e-15,3.2493455e-26,N,N
CF02_Gujarati_N_0013.npy,20.259142,-8.519614,0.03978202,-18.178436,1.0,3.1735506e-13,1.655173e-09,2.026622e-17,N,N
CM35_English_N_0103.npy,22.250383,-4.531904,-1.4867971,-25.008686,1.0,2.3366855e-12,4.9099082e-11,2.9898272e-21,N,N
CF04_Hindi_N_0080.npy,21.267336,-13.83163,2.3826811,-17.358286,1.0,5.7110154e-16,6.2877974e-09,1.6792122e-17,N,N
CM24_Gujarati_N_0047.npy,15.905001,-6.616596,0.23442051,-14.382001,0.9999999,1.6557498e-10,1.5644208e-07,7.0229867e-14,N,N
CF09_Hindi_N_0041.npy,29.468428,-15.802195,-4.099137,-23.180162,1.0,2.1838287e-20,2.6411396e-15,1.3646077e-23,N,N
CM35_English_N_0072.npy,26.2911,-8.981675,1.0289334,-26.457123,1.0,4.799865e-16,1.0685142e-11,1.2352023e-23,N,N
CM03_English_N_0052.npy,19.280338,-8.318194,-2.494154,-14.576028,1.0,1.033021e-12,3.4950884e-10,1.978643e-15,N,N
CF14_Hindi_N_0117.npy,17.719994,-10.906842,5.002197,-19.1427,0.999997,3.694216e-13,2.9972982e-06,9.788906e-17,N,N
CF20_Gujarati_N_0069.npy,27.334322,-14.26608,-3.1035137,-18.963047,1.0,8.573825e-19,6.039708e-14,7.821811e-21,N,N
CF14_Hindi_N_0099.npy,10.882323,-6.0674257,-0.75163424,-8.66835,0.9999912,4.353251e-08,8.8599745e-06,3.2303247e-09,N,N
CM30_Gujarati_N_0035.npy,13.307651,2.757678,-5.9907136,-15.515462,0.9999738,2.6193513e-05,4.1573376e-09,3.0357772e-13,N,N
CM38_English_N_0082.npy,20.390425,-6.8164077,1.6037667,-21.848766,1.0,1.5283493e-12,6.93519e-09,4.526403e-19,N,N
CM05_Hindi_N_0037.npy,19.918375,-8.128278,-0.5870726,-17.05035,1.0,6.5992264e-13,1.2433613e-09,8.8041174e-17,N,N
CF14_Hindi_N_0040.npy,18.012114,-8.361365,1.7860619,-17.518108,0.9999999,3.5167702e-12,8.976672e-08,3.710406e-16,N,N
CF09_English_N_0056.npy,29.746376,-11.495933,0.5311265,-27.662603,1.0,1.2265705e-18,2.051059e-13,1.1684125e-25,N,N
CF14_Hindi_N_0058.npy,13.541408,-7.1080217,0.85683453,-12.105505,0.9999969,1.0766275e-09,3.0985502e-06,7.272546e-12,N,N
CF02_English_N_0015.npy,2.9524221,2.271887,2.4714108,-9.456158,0.47069722,0.23833565,0.2909652,1.9220467e-06,N,N
CF09_Hindi_N_0023.npy,32.71861,-17.199099,-7.6150703,-21.058088,1.0,2.0941813e-22,3.0430262e-18,4.4164973e-24,N,N
CM35_English_N_0006.npy,22.130178,-6.3166547,-2.905899,-20.153837,1.0,4.4228027e-13,1.3395832e-11,4.3279809e-19,N,N
CF09_Hindi_N_0013.npy,28.909674,-14.162711,-3.9935453,-21.643183,1.0,1.9674394e-19,5.1323264e-15,1.1096177e-22,N,N
CM38_English_N_0078.npy,18.156698,-9.931447,-0.70923615,-12.119393,1.0,6.3310116e-13,6.4066175e-09,7.100029e-14,N,N
CM38_English_N_0050.npy,26.276047,-8.585721,-3.883404,-22.25514,1.0,7.2398077e-16,7.978423e-14,8.3786186e-22,N,N
CM05_English_N_0014.npy,11.199163,-2.923854,0.3162025,-13.309788,0.99998057,7.352636e-07,1.8775067e-05,2.2692863e-11,N,N
CM24_Gujarati_N_0063.npy,11.05821,-5.2431793,2.051749,-11.856987,0.9998772,8.3242114e-08,0.00012259996,1.11687076e-10,N,N
CF04_English_N_0112.npy,30.18241,-14.485323,-0.7457056,-24.116095,1.0,3.9907122e-20,3.6990478e-14,2.6209539e-24,N,N
CF14_English_N_0006.npy,10.058127,-5.4724216,0.7592231,-8.937931,0.9999082,1.7994029e-07,9.151604e-05,5.624402e-09,N,N
CM05_English_N_0040.npy,15.102999,-2.1534047,-1.6993381,-15.92393,1.0,3.2036084e-08,5.0447248e-08,3.351015e-14,N,N
CF14_Hindi_N_0026.npy,18.079657,-10.418919,1.8090318,-15.9286375,0.9999999,4.1997748e-13,8.585344e-08,1.6997533e-15,N,N
CM16_Hindi_N_0009.npy,27.755733,-14.086985,0.037393082,-20.19763,1.0,6.7287994e-19,9.163849e-13,1.493206e-21,N,N
CF14_Hindi_N_0019.npy,13.505982,-6.206005,1.4245031,-13.5474205,0.9999943,2.7491e-09,5.6634076e-06,1.781781e-12,N,N
CF18_English_N_0038.npy,27.999159,-11.7074995,-5.1675215,-20.083975,1.0,5.6966274e-18,3.9436118e-15,1.3114761e-21,N,N
CM05_Hindi_N_0054.npy,11.841843,-4.1139092,0.733575,-13.543902,0.99998486,1.1762473e-07,1.4987667e-05,9.44287e-12,N,N
CM35_English_N_0092.npy,22.70196,-7.8867245,-1.9614891,-21.576183,1.0,5.194016e-14,1.9444666e-11,5.8917736e-20,N,N
CF09_English_N_0045.npy,29.948885,-13.188214,0.39049634,-25.514397,1.0,1.8441464e-19,1.4553094e-13,8.177182e-25,N,N
CM05_Hindi_N_0118.npy,17.131746,-4.532588,-1.5653685,-15.831355,1.0,3.9021106e-10,7.584835e-09,4.834008e-15,N,N
CF09_English_N_0038.npy,25.537724,-14.4866295,-5.974836,-16.147911,1.0,4.1461436e-18,2.0619072e-14,7.873339e-19,N,N
CM05_Hindi_N_0009.npy,18.477964,-0.41946095,-4.0452504,-20.510805,1.0,6.2080145e-09,1.653074e-10,1.1678647e-17,N,N
CF09_English_N_0031.npy,29.988733,-16.468128,-3.7494483,-21.830004,1.0,6.668691e-21,2.226864e-15,3.1290206e-23,N,N
CM38_English_N_0032.npy,26.975847,-5.8445735,-7.2754207,-23.4784,1.0,5.575361e-15,1.3331038e-15,1.2246138e-22,N,N
CF02_English_N_0067.npy,12.749251,-1.6380135,0.4440529,-14.630219,0.9999949,5.645311e-07,4.5281195e-06,1.2860109e-12,N,N
CM38_English_N_0051.npy,36.576824,-14.129634,-1.8763595,-32.249577,1.0,9.516224e-23,1.9952402e-17,1.2855055e-30,N,N
CF14_English_N_0007.npy,10.144279,-5.0105143,1.5908551,-9.864416,0.99980694,2.6198308e-07,0.0001928465,2.0429176e-09,N,N
CF04_Hindi_N_0042.npy,22.728445,-12.328703,-0.2090373,-16.439335,1.0,5.9548947e-16,1.0923902e-10,9.764503e-18,N,N
CF02_English_N_0103.npy,17.855902,-6.06435,2.982384,-19.363607,0.99999964,4.0885233e-11,3.471467e-07,6.851291e-17,N,N
CM38_English_N_0044.npy,40.057354,-16.094908,-7.839577,-30.042574,1.0,4.1056638e-25,1.5798916e-21,3.597388e-31,N,N
CF20_Gujarati_N_0021.npy,22.798906,-11.353507,2.057682,-20.966505,1.0,1.4716202e-15,9.822019e-10,9.8383744e-20,N,N
CF04_Hindi_N_0007.npy,24.730562,-13.584355,2.468484,-21.773832,1.0,2.291091e-17,2.1463605e-10,6.3591355e-21,N,N
CF09_English_N_0041.npy,21.046175,-9.3640175,-1.5090051,-17.52703,1.0,6.2089934e-14,1.6010687e-10,1.7695805e-17,N,N
CM24_Gujarati_N_0013.npy,23.517141,-9.370233,-1.254299,-20.629547,1.0,5.2142827e-15,1.7454205e-11,6.7194854e-20,N,N
CM16_Hindi_N_0077.npy,19.685041,-6.672421,-1.1003244,-17.591444,1.0,3.5735486e-12,9.397888e-10,6.4718446e-17,N,N
CF02_Gujarati_N_0041.npy,19.716875,-5.8260045,-2.2854037,-18.929771,1.0,8.069908e-12,2.7831173e-10,1.644279e-17,N,N
CF18_English_N_0023.npy,40.789608,-19.57249,-1.3395419,-29.721022,1.0,6.0964026e-27,5.0529207e-19,2.3857417e-31,N,N
CF02_English_N_0009.npy,10.285358,-1.047339,0.46238938,-11.250463,0.99993384,1.1974117e-05,5.4188844e-05,4.4369391e-10,N,N
CF14_Gujarati_N_0065.npy,19.450588,-5.47089,3.505879,-21.755001,0.9999999,1.5022403e-11,1.1893248e-07,1.2724477e-18,N,N
CM16_Hindi_N_0044.npy,34.54318,-18.099133,6.6108446,-33.43788,1.0,1.3732032e-23,7.3984563e-13,2.9936367e-30,N,N
CM38_English_N_0015.npy,26.502022,-8.708775,-3.8883984,-23.11916,1.0,5.10676e-16,6.3329774e-14,2.8170508e-22,N,N
CM30_Gujarati_N_0057.npy,22.295837,-8.262583,-1.180492,-20.314852,1.0,5.35361e-14,6.373229e-11,3.1218618e-19,N,N
CF02_Gujarati_N_0055.npy,10.923041,-4.2992134,-2.3864932,-7.389119,0.9999981,2.44939e-07,1.6586013e-06,1.1146254e-08,N,N
CF14_Gujarati_N_0030.npy,16.865969,-11.838307,1.4933057,-13.637662,0.99999976,3.4189345e-13,2.1073514e-07,5.6551094e-14,N,N
CM03_English_N_0047.npy,23.427992,-8.373527,-5.522408,-18.06264,1.0,1.5444592e-14,2.6730143e-13,9.568589e-19,N,N
CM30_English_N_0055.npy,22.75672,-0.9370391,-6.5567794,-22.954346,1.0,5.127806e-11,1.8591265e-13,1.4058395e-20,N,N
CM38_English_N_0009.npy,22.248693,-9.416883,-1.8081069,-18.585701,1.0,1.7693537e-14,3.56668e-11,1.8443656e-18,N,N
CF20_Gujarati_N_0036.npy,25.472319,-16.265747,0.42407125,-16.785444,1.0,7.4711516e-19,1.3233782e-11,4.443107e-19,N,N
CM05_Hindi_N_0010.npy,16.732159,-4.611552,-2.5365653,-15.961002,1.0,5.377056e-10,4.2825192e-09,6.3319952e-15,N,N
CM24_Gujarati_N_0008.npy,21.7141,-6.3574796,1.131425,-21.868296,1.0,6.436772e-13,1.1509548e-09,1.1814225e-19,N,N
CM27_Gujarati_N_0060.npy,28.450737,-13.228812,1.1068484,-23.094458,1.0,7.9213897e-19,1.3325999e-12,4.113444e-23,N,N
CF04_English_N_0033.npy,24.237516,-11.5849085,-0.20136109,-22.10359,1.0,2.7702445e-16,2.4340557e-11,7.487093e-21,N,N
CF04_English_N_0021.npy,25.870876,-12.075704,2.0950248,-24.447155,1.0,3.3113883e-17,4.7236597e-11,1.4033198e-22,N,N
CM30_English_N_0021.npy,17.124163,1.2632312,-4.9722404,-18.480366,0.9999999,1.2932574e-07,2.5331098e-10,3.44468e-16,N,N
CF02_English_N_0088.npy,18.175894,-3.1033452,-1.9960116,-18.327549,1.0,5.7351346e-10,1.7356124e-09,1.4020292e-16,N,N
CM03_English_N_0063.npy,22.70466,-11.066498,-1.7526755,-15.594539,1.0,2.1546322e-15,2.3895368e-11,2.3273923e-17,N,N
CF14_Gujarati_N_0010.npy,14.922011,-5.958568,1.4272748,-16.11093,0.99999857,8.544352e-10,1.378192e-06,3.3309245e-14,N,N
CM05_Hindi_N_0039.npy,25.935415,-10.056286,-1.9413284,-22.120996,1.0,2.3388568e-16,7.821395e-13,1.3469937e-21,N,N
CM05_Hindi_N_0072.npy,12.802529,-1.7126676,-1.6114966,-14.313328,0.9999989,4.9674065e-07,5.4962624e-07,1.6739126e-12,N,N
CF14_Gujarati_N_0071.npy,13.098104,-4.73278,-0.62015414,-11.449498,0.9999989,1.8036216e-08,1.1021376e-06,2.1832907e-11,N,N
CF02_Gujarati_N_0059.npy,13.538568,-3.3276038,-2.279097,-10.981893,0.9999999,4.7327656e-08,1.3504399e-07,2.2433623e-11,N,N
CM35_English_N_0039.npy,17.621483,-3.8780549,0.96553123,-22.137255,1.0,4.601179e-10,5.8399852e-08,5.4075493e-18,N,N
CF02_English_N_0051.npy,10.8473215,-1.2345408,2.0642512,-14.52402,0.9998411,5.66037e-06,0.00015328226,9.578495e-12,N,N
CF14_Hindi_N_0034.npy,18.110264,-10.580003,1.86391,-15.239176,0.9999999,3.467176e-13,8.7962675e-08,3.2848952e-15,N,N
CF09_Hindi_N_0106.npy,22.565159,-11.235224,-0.82446176,-18.675987,1.0,2.0925678e-15,6.950518e-11,1.2279984e-18,N,N
CF04_Hindi_N_0012.npy,23.489561,-10.254764,-0.8949282,-21.017378,1.0,2.2132291e-15,2.5701054e-11,4.6868606e-20,N,N
CF14_Hindi_N_0112.npy,22.895235,-14.666819,3.579798,-19.746351,1.0,4.8641545e-17,4.0870707e-09,3.026874e-19,N,N
CF09_Hindi_N_0104.npy,25.14529,-9.000207,-2.5119424,-21.014532,1.0,1.4818333e-15,9.741294e-13,8.97521e-21,N,N
CF09_Hindi_N_0162.npy,17.750376,-7.3988137,-1.2363639,-15.899109,1.0,1.1963162e-11,5.6775837e-09,2.43341e-15,N,N
CM35_English_N_0126.npy,34.273,-10.889658,-0.18027726,-33.78954,1.0,2.4328009e-20,1.0892603e-15,2.7594038e-30,N,N
CF18_English_N_0010.npy,26.728754,-12.588797,-3.664657,-18.895044,1.0,8.406297e-18,6.314065e-14,1.534038e-20,N,N
CM05_English_N_0048.npy,12.795702,-3.085079,0.4928746,-14.236303,0.99999535,1.2678339e-07,4.53887e-06,1.8203178e-12,N,N
CM05_Hindi_N_0122.npy,16.82775,-4.300853,-2.5886712,-14.633458,1.0,6.6675326e-10,3.6945025e-09,2.1705551e-14,N,N
CF04_Hindi_N_0137.npy,14.765826,-5.893143,-3.2059093,-11.2247,1.0,1.066408e-09,1.5666597e-08,5.157722e-12,N,N
CM30_English_N_0019.npy,20.80213,-4.518725,-2.47281,-21.35997,1.0,1.0076107e-11,7.7951014e-11,4.889133e-19,N,N
CF02_English_N_0076.npy,17.230005,-5.8501606,-2.226163,-15.674152,1.0,9.471338e-11,3.5505292e-09,5.127493e-15,N,N
CM03_English_N_0021.npy,19.926847,-6.9077153,-2.2659466,-18.350418,1.0,2.2176737e-12,2.3003381e-10,2.3789974e-17,N,N
CF02_English_N_0069.npy,24.066103,-13.010812,-1.7915885,-19.15353,1.0,7.9013285e-17,5.890438e-12,1.698052e-19,N,N
CF04_English_N_0020.npy,22.841455,-12.31185,4.0085826,-21.524569,1.0,5.4089576e-16,6.6219736e-09,5.3961076e-20,N,N
CM30_Gujarati_N_0016.npy,19.543386,4.0525913,-7.9114814,-22.07437,0.99999976,1.8725484e-07,1.1926199e-12,8.426324e-19,N,N
CF14_Gujarati_N_0033.npy,14.121863,-8.585655,1.6585428,-12.319206,0.9999962,1.3748265e-10,3.8658673e-06,3.2869061e-12,N,N
CF04_English_N_0003.npy,14.203227,-6.953776,2.10274,-13.932876,0.9999944,6.480787e-10,5.556777e-06,6.03453e-13,N,N
CM24_Gujarati_N_0021.npy,16.351252,-7.474045,-3.3123534,-11.679421,1.0,4.495782e-11,2.885393e-09,6.705528e-13,N,N
CF04_Hindi_N_0002.npy,15.381808,-9.058885,1.8657393,-13.849671,0.9999987,2.429637e-11,1.3491028e-06,2.018037e-13,N,N
CM03_English_N_0048.npy,21.493906,-7.2672715,-0.20362797,-21.841099,1.0,3.229829e-13,3.7746828e-10,1.5130236e-19,N,N
CF09_Hindi_N_0108.npy,13.853379,-7.7145877,0.6007314,-13.151188,0.9999982,4.296852e-10,1.755689e-06,1.8709628e-12,N,N
CM16_Hindi_N_0056.npy,23.868176,-13.765482,-0.6832099,-17.658436,1.0,4.5280313e-17,2.1750468e-11,9.230429e-19,N,N
CF09_Hindi_N_0166.npy,16.538614,-6.4576416,-1.1265752,-14.589152,1.0,1.0300373e-10,2.1286564e-08,3.029585e-14,N,N
CF04_English_N_0026.npy,23.21485,-8.472941,0.21191737,-22.999552,1.0,1.7304844e-14,1.023184e-10,8.4984665e-21,N,N
CM05_English_N_0003.npy,15.165389,-3.3312376,0.54901266,-17.559776,0.9999995,9.268666e-09,4.4893963e-07,6.1325435e-15,N,N
CF14_English_N_0040.npy,16.754892,-10.326132,1.8018292,-14.295596,0.99999964,1.733247e-12,3.2060265e-07,3.2729885e-14,N,N
CF20_Gujarati_N_0027.npy,23.61193,-12.574102,-2.5908556,-16.477581,1.0,1.925771e-16,4.171333e-12,3.884599e-18,N,N
CM24_Gujarati_N_0015.npy,11.8698435,-4.0701857,2.769492,-14.426595,0.9998883,1.1947714e-07,0.00011161412,3.797987e-12,N,N
CM30_Gujarati_N_0026.npy,10.210859,2.8010728,-6.538392,-11.533969,0.999395,0.0006049339,5.3165433e-08,3.598145e-10,N,N
CF09_Hindi_N_0137.npy,22.449713,-11.232613,-3.4424016,-18.017246,1.0,2.3547842e-15,5.6911164e-12,2.663323e-18,N,N
CM35_English_N_0025.npy,13.947524,-3.9252036,-1.8175873,-13.953139,0.9999999,1.7297074e-08,1.4233092e-07,7.636525e-13,N,N
CF14_Gujarati_N_0069.npy,21.916718,-10.63888,1.4063,-17.236572,1.0,7.265819e-15,1.2371965e-09,9.907003e-18,N,N
CM30_English_N_0046.npy,17.224257,0.30158,-5.6417637,-17.639477,1.0,4.4727557e-08,1.1733123e-10,7.225599e-16,N,N
CF09_Hindi_N_0087.npy,26.608162,-9.011119,-1.03309,-27.338953,1.0,3.3942394e-16,9.898207e-13,3.7244873e-24,N,N
CF20_Gujarati_N_0020.npy,35.86745,-18.523928,-6.8817058,-23.660357,1.0,2.3884914e-24,2.7181726e-19,1.4041095e-26,N,N
CF14_Hindi_N_0095.npy,15.5316515,-9.677347,1.6662105,-14.48636,0.99999905,1.1268606e-11,9.512944e-07,9.190582e-14,N,N
CF14_Gujarati_N_0034.npy,18.154875,-9.232473,-1.8625373,-12.939985,1.0,1.275927e-12,2.025575e-09,3.1309336e-14,N,N
CF14_English_N_0026.npy,19.842533,-9.579207,4.2411942,-21.570953,0.9999999,1.6683993e-13,1.6765803e-07,1.0335972e-18,N,N
CM38_English_N_0041.npy,26.64507,-5.422386,-6.419766,-23.645594,1.0,1.1838076e-14,4.366413e-15,1.4422542e-22,N,N
CF14_Gujarati_N_0048.npy,22.745584,-12.459122,-0.7652523,-16.92895,1.0,5.137966e-16,6.157055e-11,5.882594e-18,N,N
CF04_English_N_0078.npy,19.225592,-10.770138,0.40242413,-14.931043,1.0,9.3976706e-14,6.68655e-09,1.4654189e-15,N,N
CM35_English_N_0008.npy,21.667492,-6.215829,-2.0747836,-21.923235,1.0,7.7701257e-13,4.8849584e-11,1.1716207e-19,N,N
CM16_Hindi_N_0058.npy,29.50891,-17.041061,1.4794118,-23.98598,1.0,6.0758048e-21,6.713424e-13,5.8541683e-24,N,N
CM05_Hindi_N_0091.npy,26.270296,-9.949176,-0.8415543,-23.430283,1.0,1.8624456e-16,1.6806327e-12,2.6020386e-22,N,N
CM24_Gujarati_N_0045.npy,12.157027,-5.038338,3.2127142,-13.503956,0.99986947,3.4047936e-08,0.00013046004,7.1700068e-12,N,N
CF04_English_N_0042.npy,23.667063,-12.253717,-0.36162654,-20.620598,1.0,2.5107494e-16,3.6683705e-11,5.835986e-20,N,N
CM05_English_N_0045.npy,11.677635,-2.603797,1.8133987,-15.827836,0.9999474,6.275235e-07,5.1998828e-05,1.1337131e-12,N,N
CM30_Gujarati_N_0041.npy,19.711367,-0.61629456,-8.619035,-17.992327,1.0,1.4852815e-09,4.968926e-13,4.2217644e-17,N,N
CF14_Gujarati_N_0013.npy,16.922928,-9.676311,2.4401066,-14.7615385,0.9999995,2.8060599e-12,5.1308626e-07,1.7362429e-14,N,N
CF04_Hindi_N_0130.npy,10.049196,-10.159551,1.0513088,-7.170785,0.9998764,1.6726251e-09,0.00012365548,3.3220264e-08,N,N
CF02_English_N_0052.npy,14.753249,-2.2398508,0.63457096,-17.427464,0.9999993,4.1686025e-08,7.3847485e-07,1.0570446e-14,N,N
CF04_English_N_0036.npy,24.726988,-12.838071,0.77422345,-19.869858,1.0,4.849555e-17,3.9577334e-11,4.2838595e-20,N,N
CM24_Gujarati_N_0033.npy,18.094688,-5.4160824,-1.2319849,-16.598648,1.0,6.1574655e-11,4.0414045e-09,8.56792e-16,N,N
CF18_English_N_0052.npy,29.479874,-11.407836,-4.438415,-22.364647,1.0,1.7486098e-18,1.859834e-15,3.049375e-23,N,N
CF04_English_N_0085.npy,21.300903,-12.656182,-2.3779154,-14.605934,1.0,1.7890625e-15,5.2049927e-11,2.5460013e-16,N,N
CF09_Hindi_N_0149.npy,29.506126,-14.491791,-1.8608152,-24.60201,1.0,7.7973567e-20,2.3851211e-14,3.1705442e-24,N,N
CM24_Gujarati_N_0017.npy,24.058718,-10.551369,5.010433,-25.864277,1.0,9.311749e-16,5.3386957e-09,2.0831382e-22,N,N
CM38_English_N_0049.npy,22.487207,-6.5673943,-4.708362,-19.23266,1.0,2.408501e-13,1.5456603e-12,7.608371e-19,N,N
CF04_English_N_0044.npy,20.00317,-10.761573,-1.3501029,-14.049027,1.0,4.3555352e-14,5.325878e-10,1.6267431e-15,N,N
CM35_English_N_0101.npy,25.328304,-5.9534545,-0.67441237,-27.007538,1.0,2.5971951e-14,5.095231e-12,1.8656601e-23,N,N
CM16_Hindi_N_0078.npy,23.994741,-12.936706,0.29314038,-19.719275,1.0,9.1385385e-17,5.0877465e-11,1.03572415e-19,N,N
CF14_Gujarati_N_0032.npy,19.758982,-11.906276,3.000066,-17.288998,1.0,1.7699207e-14,5.2686058e-08,8.1332884e-17,N,N
CM38_English_N_0047.npy,24.904299,-7.903988,-5.1844516,-20.798199,1.0,5.643406e-15,8.562913e-14,1.4179362e-20,N,N
CM38_English_N_0119.npy,20.108286,-10.635131,-3.0416555,-13.786904,1.0,4.4494275e-14,8.833007e-11,1.9032923e-15,N,N
CM05_Hindi_N_0127.npy,20.147142,-7.4908624,-0.8269702,-19.220755,1.0,9.930412e-13,7.781409e-10,7.9935475e-18,N,N
CM38_English_N_0037.npy,20.459627,-4.8389053,-0.77760446,-21.164244,1.0,1.0303551e-11,5.981185e-10,8.3749576e-19,N,N
CF14_English_N_0017.npy,13.006293,-4.280469,2.4912264,-15.817971,0.9999728,3.1077263e-08,2.712393e-05,3.032279e-13,N,N
CF09_Hindi_N_0046.npy,47.801846,-24.145164,-0.08635226,-38.884617,1.0,5.672993e-32,1.5937474e-21,2.2518928e-38,N,N
CF09_Hindi_N_0027.npy,23.974413,-10.609025,-3.6866717,-18.411366,1.0,9.563202e-16,9.703835e-13,3.9092145e-19,N,N
CF14_Gujarati_N_0004.npy,19.235075,-9.141403,-1.6776227,-15.00671,1.0,4.7451734e-13,8.2742985e-10,1.3458063e-15,N,N
CF02_English_N_0014.npy,12.089204,-2.1089065,1.4080639,-15.91286,0.9999763,6.8206947e-07,2.2973625e-05,6.8999813e-13,N,N
CF09_Hindi_N_0034.npy,24.812399,-14.226446,-1.261947,-18.845465,1.0,1.1108233e-17,4.7430224e-12,1.0955463e-19,N,N
CM05_Hindi_N_0001.npy,23.731264,-7.380808,-0.08730307,-23.837976,1.0,3.0775055e-14,4.5261368e-11,2.1925087e-21,N,N
CF09_Hindi_N_0064.npy,28.057266,-10.561801,-1.7496935,-24.91956,1.0,1.6902534e-17,1.13501636e-13,9.827814e-24,N,N
CF04_English_N_0013.npy,20.107271,-9.226458,-0.7263105,-16.87639,1.0,1.8218956e-13,8.955511e-10,8.673609e-17,N,N
CF04_Hindi_N_0061.npy,24.656122,-11.165517,4.1229076,-23.88309,1.0,2.7724225e-16,1.2093115e-09,8.311671e-22,N,N
CF14_Hindi_N_0092.npy,30.244637,-11.629779,2.609425,-32.0989,1.0,6.518866e-19,9.958179e-13,8.405164e-28,N,N
CM05_English_N_0078.npy,20.648457,-7.541266,1.5457827,-21.497477,1.0,5.7195156e-13,5.056079e-09,4.9688166e-19,N,N
CM05_English_N_0055.npy,9.199701,3.2412212,1.2947844,-16.176247,0.9970559,0.0025762299,0.000367839,9.507916e-12,N,N
CM05_Hindi_N_0018.npy,28.309072,-7.5717926,-2.5923111,-28.281929,1.0,2.6129884e-16,3.7992623e-14,2.6475215e-25,N,N
CF20_Gujarati_N_0064.npy,34.919716,-17.143902,-1.1924773,-26.788246,1.0,2.449391e-23,2.0733536e-16,1.5869841e-27,N,N
CF20_Gujarati_N_0068.npy,30.361172,-17.68049,-1.8025956,-18.741926,1.0,1.3670058e-21,1.0751095e-14,4.7292946e-22,N,N
CM30_English_N_0032.npy,11.996708,2.1554737,-3.2080119,-14.794114,0.9999466,5.3208758e-05,2.4925913e-07,2.3167065e-12,N,N
CF04_English_N_0029.npy,16.179907,-12.915184,0.115867585,-11.052885,0.9999999,2.31293e-13,1.055544e-07,1.4891851e-12,N,N
CF14_Hindi_N_0024.npy,20.097076,-12.325144,1.1625646,-16.474377,1.0,8.302511e-15,5.9819985e-09,1.3098445e-16,N,N
CM05_English_N_0089.npy,19.361837,-5.640597,-4.6288314,-16.854742,1.0,1.3854185e-11,3.810524e-11,1.8678388e-16,N,N
CF20_Gujarati_N_0031.npy,25.643793,-11.726651,-3.0805275,-17.071205,1.0,5.891446e-17,3.3510873e-13,2.8126312e-19,N,N
CM05_Hindi_N_0086.npy,16.974829,-7.426764,-0.03507712,-16.479918,1.0,2.5265224e-11,4.0991267e-08,2.956571e-15,N,N
CF02_Gujarati_N_0010.npy,21.134104,-8.723178,-1.5900294,-18.363312,1.0,1.0793138e-13,1.3521805e-10,7.022491e-18,N,N
CF02_Gujarati_N_0065.npy,9.19382,0.5866608,-1.2336289,-10.4560375,0.99978775,0.00018275357,2.9602212e-05,2.924715e-09,N,N
CM35_English_N_0037.npy,21.017616,-4.226594,1.8694054,-25.356958,1.0,1.0878755e-11,4.831009e-09,7.240674e-21,N,N
CM38_English_N_0134.npy,18.25622,-4.1454277,-0.6227217,-19.250557,1.0,1.8667583e-10,6.3238312e-09,5.14061e-17,N,N
CM16_Hindi_N_0065.npy,28.519205,-15.758479,1.1221322,-24.718494,1.0,5.8944936e-20,1.2635779e-12,7.5711186e-24,N,N
CM35_English_N_0019.npy,28.676552,-10.672823,-4.2526298,-24.541363,1.0,8.143001e-18,5.000792e-15,7.722419e-24,N,N
CM05_Hindi_N_0062.npy,8.037907,0.16561306,1.9989986,-13.799888,0.99724233,0.00038010807,0.0023775864,3.271649e-10,N,N
CM30_Gujarati_N_0068.npy,17.156391,-6.3940997,-3.0059865,-12.786392,1.0,5.917681e-11,1.7522269e-09,9.908648e-14,N,N
CF02_Gujarati_N_0001.npy,20.526575,-6.082229,-2.3790667,-18.9759,1.0,2.7793481e-12,1.127733e-10,6.987033e-18,N,N
CF14_Gujarati_N_0038.npy,15.280224,-5.9236946,0.31378886,-15.41539,0.99999964,6.1837946e-10,3.1634391e-07,4.667283e-14,N,N
CM05_English_N_0033.npy,14.830504,0.682563,-0.2950355,-21.315264,0.99999905,7.1717744e-07,2.698119e-07,2.0048983e-16,N,N
CF09_English_N_0035.npy,15.994601,-11.952109,-0.62511325,-10.893492,0.9999999,7.292858e-13,6.055493e-08,2.1020835e-12,N,N
CF18_English_N_0036.npy,26.539694,-11.704073,-2.3199813,-21.98528,1.0,2.4600454e-17,2.9268645e-13,8.430879e-22,N,N
CF20_Gujarati_N_0062.npy,23.59627,-11.845266,-2.8622725,-16.613373,1.0,4.054493e-16,3.2299905e-12,3.4448871e-18,N,N
CF14_Hindi_N_0078.npy,14.974635,-6.9685793,2.129306,-14.243214,0.9999974,2.9524458e-10,2.638416e-06,2.0457284e-13,N,N
CM38_English_N_0014.npy,21.76338,-6.9466376,-0.5276723,-21.452332,1.0,3.3993628e-13,2.0850631e-10,1.7047241e-19,N,N
CF04_Hindi_N_0114.npy,19.24371,-11.235106,-1.2924103,-14.6475525,1.0,5.797196e-14,1.2058038e-09,1.9107854e-15,N,N
CM30_Gujarati_N_0010.npy,25.15661,-8.050352,-7.3299003,-19.081905,1.0,3.7879076e-15,7.785517e-15,6.1299344e-20,N,N
CM05_English_N_0057.npy,18.993227,-4.4755344,0.852574,-21.855701,1.0,6.421647e-11,1.32316575e-08,1.8177534e-18,N,N
CF02_English_N_0026.npy,8.438529,2.1264122,1.8628366,-14.6104555,0.9968022,0.0018083879,0.0013893837,9.740073e-11,N,N
CF09_Hindi_N_0118.npy,23.23931,-12.408305,-2.4359376,-17.003984,1.0,3.2994241e-16,7.069388e-12,3.3308847e-18,N,N
CM30_English_N_0050.npy,17.10665,0.156869,-6.88925,-16.18427,1.0,4.3531568e-08,3.7906473e-11,3.482868e-15,N,N
CF02_English_N_0081.npy,18.006052,-7.478839,-2.8576553,-14.752421,1.0,8.551709e-12,8.6897517e-10,5.931659e-15,N,N
CF09_Hindi_N_0128.npy,31.142784,-15.103547,-0.55084276,-25.266804,1.0,8.231404e-21,1.7204139e-14,3.1741487e-25,N,N
CM35_English_N_0075.npy,22.717148,-7.2184763,-2.594786,-20.990852,1.0,9.9798506e-14,1.0166394e-11,1.04197363e-19,N,N
CF20_Gujarati_N_0016.npy,10.436209,-6.108102,-1.34664,-7.5832615,0.99999225,6.529703e-08,7.634325e-06,1.4936202e-08,N,N
CM05_Hindi_N_0079.npy,22.495146,-5.2872033,-5.9110875,-21.161884,1.0,8.595661e-13,4.6060627e-13,1.0964619e-19,N,N
CF02_Gujarati_N_0058.npy,15.29617,-0.736278,-1.2799065,-17.795774,0.99999976,1.0894223e-07,6.3255946e-08,4.249624e-15,N,N
CF02_English_N_0003.npy,12.857305,-2.3733118,-0.3358951,-14.339317,0.99999785,2.4289935e-07,1.863224e-06,1.5440333e-12,N,N
CF09_Hindi_N_0038.npy,31.387102,-12.721923,-2.8198621,-26.114618,1.0,6.97741e-20,1.3934934e-15,1.0649277e-25,N,N
CM35_English_N_0119.npy,18.440105,-7.533615,0.37344965,-19.082314,1.0,5.2451333e-12,1.4247903e-08,5.0608154e-17,N,N
CF02_English_N_0101.npy,21.489231,-6.9932327,-0.950222,-18.635283,1.0,4.2679876e-13,1.7975017e-10,3.7509907e-18,N,N
CM05_Hindi_N_0048.npy,12.861438,-2.5289543,-0.325429,-13.505891,0.99999785,2.0703159e-07,1.8750619e-06,3.5384553e-12,N,N
CM38_English_N_0042.npy,24.322845,-7.6842766,-4.257043,-20.809109,1.0,1.2574291e-14,3.871797e-13,2.5086574e-20,N,N
CM03_English_N_0036.npy,9.338011,-1.005238,1.7243062,-13.493836,0.99947447,3.2192595e-05,0.00049338024,1.2134616e-10,N,N
CF09_English_N_0039.npy,26.54156,-12.015357,-4.3105807,-18.536818,1.0,1.7986409e-17,3.991036e-14,2.6467305e-20,N,N
CM24_Gujarati_N_0022.npy,26.921183,-10.177067,-0.08641663,-24.197622,1.0,7.734534e-17,1.8653007e-12,6.3006466e-23,N,N
CF09_Hindi_N_0099.npy,19.670279,-7.483334,0.4796463,-18.509327,1.0,1.6118925e-12,4.630357e-09,2.6230638e-17,N,N
CF04_English_N_0004.npy,16.475328,-5.971856,1.1133634,-16.723429,0.99999976,1.783656e-10,2.1300175e-07,3.819116e-15,N,N
CF14_Gujarati_N_0025.npy,17.700394,-11.45924,2.1851158,-15.631335,0.99999976,2.1683627e-13,1.82726e-07,3.343594e-15,N,N
CF09_Hindi_N_0059.npy,25.462976,-10.139049,0.33879456,-24.570034,1.0,3.4533245e-16,1.22661005e-11,1.8661167e-22,N,N
CF02_Gujarati_N_0014.npy,17.016552,-4.486223,-1.376731,-16.927366,1.0,4.58631e-10,1.0277756e-08,1.8127774e-15,N,N
CF02_English_N_0027.npy,16.831299,-5.442461,-0.4330664,-16.879995,1.0,2.1214315e-10,3.1781987e-08,2.2875476e-15,N,N
CM30_Gujarati_N_0055.npy,17.54906,-5.9832244,-2.1570442,-16.425467,1.0,6.026403e-11,2.7653344e-09,1.7581303e-15,N,N
CM35_English_N_0011.npy,25.940462,-8.613439,-2.1829853,-24.640234,1.0,9.849885e-16,6.111418e-13,1.0791524e-22,N,N
CF14_Hindi_N_0075.npy,26.84213,-12.299235,2.3486245,-24.001474,1.0,1.0025848e-17,2.3046539e-11,8.296652e-23,N,N
CM38_English_N_0021.npy,32.04008,-9.0437355,-5.3718977,-27.336496,1.0,1.4372265e-18,5.65176e-17,1.63335e-26,N,N
CM05_English_N_0090.npy,17.153566,0.54657227,-2.9760199,-20.94438,0.9999999,6.133013e-08,1.8106401e-09,2.846244e-17,N,N
CF04_Hindi_N_0088.npy,22.703123,-13.137005,0.003961537,-16.581844,1.0,2.7216423e-16,1.3863707e-10,8.684729e-18,N,N
CF09_English_N_0042.npy,30.861662,-14.338212,-2.3362882,-26.554592,1.0,2.3439253e-20,3.822207e-15,1.159948e-25,N,N
CF02_English_N_0010.npy,10.543685,-0.7594333,1.4803796,-14.220179,0.99987185,1.2332816e-05,0.00011582465,1.758472e-11,N,N
CF14_Gujarati_N_0037.npy,20.81474,-12.61552,-1.8044859,-12.905265,1.0,3.0298608e-15,1.501743e-10,2.267712e-15,N,N
CF14_Gujarati_N_0057.npy,20.00613,-5.732789,-1.482304,-18.324827,1.0,6.6333024e-12,4.6525578e-10,2.2546419e-17,N,N
CM27_Gujarati_N_0034.npy,15.403891,-6.489156,-1.1378262,-12.335962,0.9999999,3.1043473e-10,6.546713e-08,8.9688115e-13,N,N
CF14_English_N_0046.npy,13.188033,-2.550397,-1.3533927,-13.727659,0.9999994,1.4617949e-07,4.8388125e-07,2.0448595e-12,N,N
CF18_English_N_0022.npy,26.445616,-13.948573,-2.157433,-18.49534,1.0,2.8643567e-18,3.7831533e-13,3.036622e-20,N,N
CF04_English_N_0070.npy,18.78897,-8.469157,1.6524259,-17.5524,1.0,1.4519274e-12,3.6115445e-08,1.6487078e-16,N,N
CF14_Gujarati_N_0028.npy,11.620074,-4.3754215,0.45056984,-11.780012,0.9999858,1.13041594e-07,1.4097425e-05,6.878058e-11,N,N
CM38_English_N_0073.npy,22.469286,-6.466907,-1.7261006,-21.40631,1.0,2.711258e-13,3.10511e-11,8.8119324e-20,N,N
CM03_English_N_0076.npy,37.506474,-13.308634,-10.740971,-28.039103,1.0,8.536473e-23,1.1127594e-21,3.419142e-29,N,N
CF14_English_N_0048.npy,11.501918,-2.035394,-0.22292921,-12.726842,0.9999906,1.3207366e-06,8.090207e-06,3.003165e-11,N,N
CF02_English_N_0061.npy,17.396822,-6.3136044,-1.6229217,-13.876163,1.0,5.043043e-11,5.4932654e-09,2.6200875e-14,N,N
CF04_English_N_0035.npy,16.143213,-8.108211,-1.1984991,-14.109088,1.0,2.9358974e-11,2.9416414e-08,7.27098e-14,N,N
CF14_Hindi_N_0049.npy,17.87901,-8.314418,0.27192184,-16.381355,1.0,4.2105494e-12,2.2559984e-08,1.3210303e-15,N,N
CM24_Gujarati_N_0026.npy,16.432327,-4.7113123,0.014589403,-18.239317,0.9999999,6.5680184e-10,7.4108314e-08,8.7557907e-16,N,N
CF09_Hindi_N_0121.npy,20.768383,-9.8262205,-3.2567286,-16.172668,1.0,5.163356e-14,3.681513e-11,9.05118e-17,N,N
CM30_Gujarati_N_0039.npy,15.079846,7.2718186,-8.045242,-20.312881,0.9995937,0.00040629372,9.051603e-11,4.2555682e-16,N,N
CF09_English_N_0002.npy,25.038328,-6.791607,0.24469551,-26.51194,1.0,1.5011872e-14,1.7071127e-11,4.0926268e-23,N,N
CF04_English_N_0050.npy,27.906904,-13.546975,2.5316286,-24.147736,1.0,9.926783e-19,9.542414e-12,2.4714757e-23,N,N
CF20_Gujarati_N_0012.npy,8.482917,-2.885975,2.0177999,-9.528203,0.9984341,1.1531146e-05,0.0015543714,1.5037978e-08,N,N
CF04_Hindi_N_0005.npy,29.213608,-12.321355,0.77324355,-26.902342,1.0,9.153672e-19,4.4515013e-13,4.257473e-25,N,N
CF09_Hindi_N_0122.npy,36.445065,-17.704184,-4.438472,-26.37844,1.0,3.0428544e-24,1.7559225e-18,5.201137e-28,N,N
CM16_Hindi_N_0069.npy,17.292553,-6.4103127,2.1513107,-16.92552,0.99999976,5.081316e-11,2.6560855e-07,1.3780993e-15,N,N
CM16_Hindi_N_0006.npy,35.38252,-18.236553,0.5989275,-28.225723,1.0,5.1705044e-24,7.828487e-16,2.3729657e-28,N,N
CF04_Hindi_N_0074.npy,18.070047,-6.418235,-0.5752275,-18.201525,1.0,2.3167255e-11,7.988402e-09,1.7678946e-16,N,N
CM03_English_N_0034.npy,14.928258,-5.4748535,0.64496744,-15.234659,0.9999994,1.3773409e-09,6.263907e-07,7.9508e-14,N,N
CF02_English_N_0020.npy,10.61757,-3.6416152,2.0716124,-13.428876,0.99980515,6.415494e-07,0.0001942912,3.603103e-11,N,N
CM05_English_N_0062.npy,10.809249,1.2759895,1.4539526,-17.44193,0.9998411,7.239175e-05,8.6492306e-05,5.377742e-13,N,N
CF04_English_N_0060.npy,16.29946,-8.031501,-0.9226533,-14.080401,1.0,2.7114314e-11,3.315366e-08,6.400214e-14,N,N
CM05_English_N_0087.npy,7.8768687,4.167225,-2.2963066,-12.755359,0.9760626,0.023900105,3.7266924e-05,1.0690926e-09,N,N
CF14_Gujarati_N_0051.npy,21.332016,-7.309759,3.744675,-24.22529,1.0,3.6394447e-13,2.3009898e-08,1.6395101e-20,N,N
CF09_Hindi_N_0091.npy,17.700373,-4.6593213,-1.3340496,-17.782528,1.0,1.9467424e-10,5.413219e-09,3.890194e-16,N,N
CF09_Hindi_N_0156.npy,21.657154,-9.997189,-2.4405124,-16.708736,1.0,1.7893432e-14,3.423866e-11,2.1772358e-17,N,N
CM05_Hindi_N_0082.npy,18.834988,-8.552622,-4.1672826,-14.760247,1.0,1.2755936e-12,1.0238614e-10,2.5690664e-15,N,N
CF14_English_N_0051.npy,24.71462,-11.952011,1.413503,-20.87076,1.0,1.1909221e-16,7.593701e-11,1.594119e-20,N,N
CM30_Gujarati_N_0052.npy,21.680191,-2.7214398,-9.175358,-19.064215,1.0,2.526426e-11,3.9774563e-14,2.0180343e-18,N,N
CF04_English_N_0095.npy,22.66804,-12.865548,-1.6814414,-15.389217,1.0,3.6979296e-16,2.661672e-11,2.9644393e-17,N,N
CM35_English_N_0076.npy,24.608812,-11.963119,-3.4944289,-18.45433,1.0,1.30922e-16,6.236164e-13,1.9857087e-19,N,N
CF18_English_N_0041.npy,22.955858,-8.59937,-2.4307418,-19.221495,1.0,1.9757777e-14,9.434948e-12,4.815134e-19,N,N
CF02_Gujarati_N_0024.npy,21.765238,-6.720186,-1.6306847,-19.71613,1.0,4.2553718e-13,6.906854e-11,9.657625e-19,N,N
CF14_Hindi_N_0039.npy,16.649527,-8.647994,0.77640104,-14.837533,0.9999999,1.0313991e-11,1.2775836e-07,2.1151605e-14,N,N
CM03_English_N_0081.npy,26.041544,-12.741675,-1.4433862,-18.750303,1.0,1.4343735e-17,1.1573016e-12,3.524909e-20,N,N
CM27_Gujarati_N_0066.npy,15.843913,-8.655556,1.5198263,-13.6773,0.9999994,2.2909478e-11,6.013506e-07,1.5104264e-13,N,N
CF14_English_N_0042.npy,19.852215,-7.0524883,1.4472705,-19.59009,1.0,2.067454e-12,1.0158618e-08,7.420342e-18,N,N
CF04_Hindi_N_0032.npy,32.625736,-15.910047,0.34588656,-27.009645,1.0,8.3402247e-22,9.572806e-15,1.2609039e-26,N,N
CM35_English_N_0089.npy,19.46378,-4.6604433,-1.3888141,-20.322971,1.0,3.3341382e-11,8.7868524e-10,5.2581584e-18,N,N
CF02_Gujarati_N_0047.npy,27.879457,-10.331828,-4.0116425,-23.873653,1.0,2.541265e-17,1.412119e-14,3.3412478e-23,N,N
CF09_Hindi_N_0101.npy,19.355728,-9.206409,-0.24030599,-16.668987,1.0,3.9411345e-13,3.0870961e-09,2.2628975e-16,N,N
CM27_Gujarati_N_0046.npy,22.595427,-7.7340136,-0.73437905,-21.46758,1.0,6.7311784e-14,7.378945e-11,7.30599e-20,N,N
CF04_Hindi_N_0025.npy,31.506845,-15.423057,-0.9939437,-26.818636,1.0,4.155305e-21,7.675142e-15,4.6726715e-26,N,N
CM38_English_N_0136.npy,28.10376,-9.059523,-1.2141747,-26.737919,1.0,7.2475415e-17,1.8509003e-13,1.522515e-24,N,N
CM03_English_N_0099.npy,20.576164,-9.249405,-2.8215287,-14.123349,1.0,1.11408895e-13,6.894627e-11,8.5151677e-16,N,N
CM05_English_N_0082.npy,16.43354,-4.9123836,0.6555227,-17.879028,0.9999999,5.365161e-10,1.4050565e-07,1.2538361e-15,N,N
CF14_Hindi_N_0097.npy,15.844316,-9.504962,1.9688364,-14.416636,0.99999905,9.793733e-12,9.417936e-07,7.208338e-14,N,N
CF04_Hindi_N_0098.npy,28.680418,-17.055916,-0.63340724,-20.933386,1.0,1.370761e-20,1.8585203e-13,2.837911e-22,N,N
CM27_Gujarati_N_0035.npy,15.089831,-8.407697,2.1845076,-15.097381,0.9999975,6.239533e-11,2.48478e-06,7.759957e-14,N,N
CF14_Gujarati_N_0056.npy,9.934091,-8.636961,0.9862972,-7.699396,0.99986994,8.602761e-09,0.0001300069,2.1969345e-08,N,N
CF02_English_N_0042.npy,18.405153,-6.8057785,-0.26722983,-15.972511,1.0,1.12468646e-11,7.7747675e-09,1.1748186e-15,N,N
CM30_English_N_0004.npy,10.457494,2.0842803,-4.212865,-11.44419,0.99976856,0.0002309186,4.2524937e-07,3.0769404e-10,N,N
CF20_Gujarati_N_0032.npy,27.547606,-12.218389,-5.3417287,-20.359983,1.0,5.368436e-18,5.2040688e-15,1.5631421e-21,N,N
CM24_Gujarati_N_0036.npy,15.647948,-4.0723014,-0.38692394,-15.971979,0.9999999,2.7264941e-09,1.0867847e-07,1.8519976e-14,N,N
CM35_English_N_0091.npy,25.133047,-7.571592,0.028668735,-26.532639,1.0,6.2597293e-15,1.2511439e-11,3.6465064e-23,N,N
CF04_English_N_0110.npy,15.650972,-9.808701,0.8395903,-13.27711,0.99999964,8.770097e-12,3.6940114e-07,2.73334e-13,N,N
CM03_English_N_0001.npy,23.338968,-8.598075,3.1362402,-24.417496,1.0,1.34871066e-14,1.6829321e-09,1.8181597e-21,N,N
CF04_English_N_0022.npy,25.392145,-13.609073,-2.8585675,-18.029234,1.0,1.1534179e-17,5.3811003e-13,1.3878249e-19,N,N
CF09_Hindi_N_0096.npy,32.319775,-17.886566,-4.09787,-21.855425,1.0,1.5691457e-22,1.5276292e-16,2.9648927e-24,N,N
CF02_Gujarati_N_0032.npy,21.635313,-9.014215,-2.5376031,-18.23564,1.0,4.8874113e-14,3.1756733e-11,4.8335397e-18,N,N
CM38_English_N_0069.npy,31.023567,-11.7679615,-3.5863044,-26.056269,1.0,2.6054098e-19,9.313738e-16,1.6238395e-25,N,N
CM35_English_N_0105.npy,27.846869,-10.186095,-1.1930201,-26.668983,1.0,3.037345e-17,2.4442e-13,2.108946e-24,N,N
CF09_English_N_0052.npy,27.568071,-12.775425,-2.3745813,-20.56574,1.0,3.0132928e-18,9.909934e-14,1.2466687e-21,N,N
CM38_English_N_0013.npy,21.955568,-4.6881714,-3.5065587,-21.547329,1.0,2.6839282e-12,8.748598e-12,1.279178e-19,N,N
CF04_Hindi_N_0138.npy,14.759545,-7.866014,1.4450897,-12.703323,0.99999833,1.492258e-10,1.6504583e-06,1.1831161e-12,N,N
CF04_Hindi_N_0103.npy,20.368227,-13.550844,2.86851,-17.095055,1.0,1.8583801e-15,2.5117082e-08,5.369135e-17,N,N
CF14_Hindi_N_0100.npy,21.511766,-9.971222,2.231258,-21.435202,1.0,2.1237916e-14,4.232352e-09,2.230328e-19,N,N
CF02_Gujarati_N_0064.npy,20.086498,-5.03281,-2.6981626,-18.427404,1.0,1.2326022e-11,1.2727636e-10,1.8776967e-17,N,N
CF04_English_N_0108.npy,20.633123,-10.748778,-1.3991352,-15.68712,1.0,2.3497068e-14,2.7009187e-10,1.6839086e-16,N,N
CM03_English_N_0035.npy,21.221483,-7.2875705,-1.9250063,-19.594929,1.0,4.1559958e-13,8.863537e-11,1.8778317e-18,N,N
CF20_Gujarati_N_0052.npy,37.397213,-16.60453,-4.9096537,-28.507261,1.0,3.5264757e-24,4.2302076e-19,2.3880934e-29,N,N
CF14_Hindi_N_0018.npy,14.817544,-6.4962063,-0.27686068,-13.045031,0.99999976,5.540582e-10,2.78345e-07,7.932994e-13,N,N
CM30_English_N_0015.npy,24.87971,-6.2476754,-3.345884,-23.752586,1.0,3.0307408e-14,5.5179846e-13,7.5729173e-22,N,N
CF02_Gujarati_N_0045.npy,22.372969,-6.565667,-1.5681812,-20.478035,1.0,2.7046418e-13,4.003966e-11,2.454962e-19,N,N
CF04_Hindi_N_0119.npy,31.191275,-15.846044,0.65751594,-23.891819,1.0,3.732088e-21,5.4872824e-14,1.1959615e-24,N,N
CM16_Hindi_N_0030.npy,27.714752,-11.203087,-4.042694,-21.203869,1.0,1.2537105e-17,1.6140475e-14,5.687387e-22,N,N
CM27_Gujarati_N_0044.npy,18.761532,-8.859142,0.6607946,-16.337984,1.0,1.0104007e-12,1.3770508e-08,5.707857e-16,N,N
CM35_English_N_0054.npy,25.677002,-8.697107,-2.1227658,-24.38358,1.0,1.1790028e-15,8.447223e-13,1.8153729e-22,N,N
CM38_English_N_0138.npy,26.542606,-9.861887,-4.3061256,-20.802439,1.0,1.547849e-16,4.0046627e-14,2.743515e-21,N,N
CM05_English_N_0015.npy,12.450131,-1.6367822,0.5259557,-16.506369,0.9999926,7.623032e-07,6.6281646e-06,2.656735e-13,N,N
CF04_English_N_0093.npy,27.906103,-14.189847,-2.8831909,-21.05781,1.0,5.2234894e-19,4.249911e-14,5.435541e-22,N,N
CF09_Hindi_N_0124.npy,26.254143,-11.998103,-0.9305904,-22.115631,1.0,2.4392722e-17,1.5625025e-12,9.846324e-22,N,N
CM16_Hindi_N_0072.npy,12.71583,-6.7670064,1.3811606,-11.301536,0.9999881,3.4570586e-09,1.1951173e-05,3.710103e-11,N,N
CF14_Hindi_N_0036.npy,13.812637,-8.989743,-0.13226631,-11.01345,0.99999917,1.2504087e-10,8.78628e-07,1.6525956e-11,N,N
CF04_Hindi_N_0139.npy,20.95845,-8.130549,1.1679559,-19.65053,1.0,2.3270597e-13,2.5415419e-09,2.3107065e-18,N,N
CM30_English_N_0034.npy,23.491385,-2.0212214,-9.378063,-21.730818,1.0,8.317947e-12,5.308613e-15,2.2921713e-20,N,N
CF09_English_N_0022.npy,27.430098,-13.235768,-3.574541,-21.410194,1.0,2.182923e-18,3.4265454e-14,6.1507755e-22,N,N
CM24_Gujarati_N_0039.npy,12.999951,-4.093255,0.8141135,-13.632367,0.9999949,3.7714866e-08,5.102179e-06,2.7147434e-12,N,N
CF14_Gujarati_N_0024.npy,13.396459,-2.3878098,1.3293713,-16.396336,0.99999416,1.3962938e-07,5.745503e-06,1.1512025e-13,N,N
CF20_Gujarati_N_0003.npy,15.623118,-4.9349566,-3.2109392,-11.21908,1.0,1.1796183e-09,6.6141346e-09,2.200806e-12,N,N
CF02_Gujarati_N_0025.npy,22.29593,-6.5418854,-0.679639,-21.685703,1.0,2.991545e-13,1.0515658e-10,7.925345e-20,N,N
CM24_Gujarati_N_0023.npy,22.976782,-8.540923,2.9676888,-24.240065,1.0,2.051328e-14,2.0424977e-09,3.1187754e-21,N,N
CF14_Hindi_N_0143.npy,14.503921,-9.432949,0.60673803,-10.352965,0.99999905,4.0211362e-11,9.215734e-07,1.6024748e-11,N,N
CF04_Hindi_N_0118.npy,26.571392,-15.259039,-0.90500367,-18.757315,1.0,6.812013e-19,1.1672196e-12,2.0605996e-20,N,N
CM27_Gujarati_N_0025.npy,17.913754,-7.5407634,0.62167346,-17.178387,1.0,8.815431e-12,3.091328e-08,5.750123e-16,N,N
CM30_Gujarati_N_0008.npy,17.527077,-2.1407864,-5.98453,-16.700634,1.0,2.87313e-09,6.152323e-11,1.3648789e-15,N,N
CM35_English_N_0049.npy,22.73623,-8.426679,-2.5547314,-20.007175,1.0,2.9249603e-14,1.0381848e-11,2.7338438e-19,N,N
CM30_Gujarati_N_0017.npy,12.52309,7.9405937,-5.8675113,-19.516722,0.98987424,0.010125745,1.0201006e-08,1.2046677e-14,N,N
CF14_Hindi_N_0140.npy,17.352976,-7.956498,1.4080942,-15.272565,0.9999999,1.0191419e-11,1.1891206e-07,6.7749676e-15,N,N
CF04_English_N_0030.npy,22.071592,-10.857887,-1.9158661,-17.664438,1.0,4.9992854e-15,3.8227758e-11,5.5317327e-18,N,N
CF02_English_N_0034.npy,6.421397,-1.8823647,1.7831694,-9.677768,0.990175,0.00024515105,0.009579772,1.0090983e-07,N,N
CF14_Gujarati_N_0021.npy,15.694011,-9.6453495,2.3212397,-15.431827,0.99999845,9.891346e-12,1.556964e-06,3.035428e-14,N,N
CM27_Gujarati_N_0067.npy,15.901082,-11.103353,2.1276147,-13.579217,0.9999989,1.8712104e-12,1.0429387e-06,1.573506e-13,N,N
CF14_English_N_0037.npy,16.30838,-4.233381,-0.8400725,-17.353178,1.0,1.1990199e-09,3.5687947e-08,2.404198e-15,N,N
CF04_English_N_0115.npy,17.650145,-12.213214,1.1929039,-13.377168,0.9999999,1.07277475e-13,7.123788e-08,3.349724e-14,N,N
CM03_English_N_0056.npy,21.053644,-8.276347,-1.2895983,-18.332344,1.0,1.8287193e-13,1.9790329e-10,7.850249e-18,N,N
CM05_English_N_0034.npy,20.083609,-2.7541788,-3.5098932,-22.52888,1.0,1.2069098e-10,5.6685535e-11,3.1162458e-19,N,N
CF14_English_N_0002.npy,13.542223,-1.4779718,0.8294642,-16.05847,0.99999666,2.997856e-07,3.0124334e-06,1.3950219e-13,N,N
CM35_English_N_0041.npy,17.55491,-8.6231785,2.1652763,-17.068226,0.99999976,4.275631e-12,2.0718902e-07,9.190982e-16,N,N
CM05_Hindi_N_0055.npy,14.501754,-6.1152563,0.11457339,-13.068716,0.9999994,1.1121056e-09,5.6458157e-07,1.0624224e-12,N,N
CF09_Hindi_N_0113.npy,23.214006,-8.982799,-3.9679248,-17.816378,1.0,1.0401732e-14,1.5668866e-12,1.5161097e-18,N,N
CM30_English_N_0001.npy,27.090307,-10.294893,-6.5549045,-20.705023,1.0,5.8051535e-17,2.4438292e-15,1.7488474e-21,N,N
CM38_English_N_0039.npy,25.049633,-7.425779,-6.1799426,-20.240482,1.0,7.872423e-15,2.7363235e-14,2.1416713e-20,N,N
CM38_English_N_0109.npy,17.234034,-7.6036935,-1.4951465,-14.606027,1.0,1.6334746e-11,7.3454895e-09,1.4860627e-14,N,N
CM05_Hindi_N_0028.npy,12.797481,-1.7017995,1.4786435,-17.151728,0.99998736,5.047046e-07,1.2141882e-05,9.845075e-14,N,N
CM27_Gujarati_N_0053.npy,21.918276,-6.625139,-0.9185863,-20.295732,1.0,4.0156176e-13,1.2080269e-10,4.6418284e-19,N,N
CF04_Hindi_N_0036.npy,29.14334,-13.57676,3.98663,-27.34189,1.0,2.798312e-19,1.1873528e-11,2.942907e-25,N,N
CM03_English_N_0065.npy,22.95025,-11.116354,0.8394002,-19.129694,1.0,1.6034729e-15,2.4967745e-10,5.307772e-19,N,N
CF20_Gujarati_N_0023.npy,31.435297,-15.368776,-2.7649872,-23.655643,1.0,4.7124766e-21,1.4028325e-15,1.1866093e-24,N,N
CF04_Hindi_N_0023.npy,27.415981,-14.251643,-0.13524917,-21.804785,1.0,8.0164157e-19,1.0830593e-12,4.2043002e-22,N,N
CM05_English_N_0036.npy,11.9720745,-1.607729,-2.7515175,-12.699497,0.99999833,1.2658013e-06,4.032966e-07,1.9287315e-11,N,N
CM30_Gujarati_N_0028.npy,11.00877,4.4622626,-6.918722,-13.603817,0.9985669,0.0014330626,1.6351827e-08,2.0429911e-11,N,N
CF04_Hindi_N_0058.npy,9.379941,-6.052658,1.2706829,-8.002288,0.9996991,1.98416e-07,0.00030065156,2.8239905e-08,N,N
CF09_English_N_0014.npy,28.62346,-11.103077,-2.784435,-23.494837,1.0,5.584484e-18,2.2894125e-14,2.3190545e-23,N,N
CF18_English_N_0056.npy,30.575136,-13.963825,-2.70701,-23.760416,1.0,4.5391446e-20,3.5135606e-15,2.5256287e-24,N,N
CF09_English_N_0026.npy,17.936678,-5.851273,-0.99291813,-17.655659,1.0,4.6668558e-11,6.0114735e-09,3.4869342e-16,N,N
CM16_Hindi_N_0003.npy,21.628092,-12.449487,-2.4419646,-14.033453,1.0,1.585971e-15,3.519712e-11,3.2537775e-16,N,N
CM27_Gujarati_N_0062.npy,20.047438,-12.868426,-0.016664784,-12.622275,1.0,5.0678333e-15,1.933175e-09,6.4822284e-15,N,N
CM27_Gujarati_N_0029.npy,23.901674,-10.654288,0.08200237,-19.661877,1.0,9.829616e-16,4.5211408e-11,1.2038971e-19,N,N
CF14_Gujarati_N_0047.npy,19.753994,-7.4773865,1.1294897,-19.372072,1.0,1.4912888e-12,8.156064e-09,1.0180392e-17,N,N
CM27_Gujarati_N_0051.npy,11.97404,-3.8124127,0.8003527,-12.136281,0.9999858,1.3932348e-07,1.4038582e-05,3.380761e-11,N,N
CM16_Hindi_N_0089.npy,18.449606,-9.114989,0.71888024,-16.538525,1.0,1.0686828e-12,1.993625e-08,6.3804133e-16,N,N
CF14_English_N_0012.npy,16.351265,-7.8254476,1.7489201,-16.211168,0.9999995,3.1636412e-11,4.5528375e-07,7.216316e-15,N,N
CF04_English_N_0009.npy,28.066645,-12.056089,-0.035391714,-24.008022,1.0,3.7576644e-18,6.243686e-13,2.4224713e-23,N,N
CM30_English_N_0042.npy,16.11822,-0.9341604,-5.3031163,-16.472843,1.0,3.9286707e-08,4.9754495e-10,7.0126235e-15,N,N
CM05_Hindi_N_0116.npy,13.832377,-0.28766876,-1.864903,-16.96814,0.99999917,7.374648e-07,1.5232008e-07,4.20247e-14,N,N
CM03_English_N_0025.npy,20.038221,-7.161032,-5.055939,-16.220158,1.0,1.5399779e-12,1.26399325e-11,1.7913766e-16,N,N
CM35_English_N_0043.npy,17.76309,-2.6482205,-1.090138,-21.011421,1.0,1.3660941e-09,6.488545e-09,1.4469146e-17,N,N
CF14_Hindi_N_0072.npy,21.778559,-10.616994,2.573242,-19.908192,1.0,8.526874e-15,4.5628585e-09,7.864543e-19,N,N
CF14_Gujarati_N_0041.npy,20.314367,-8.46112,0.8312261,-18.113033,1.0,3.1839424e-13,3.4560452e-09,2.0473534e-17,N,N
CF02_English_N_0045.npy,10.740102,-6.3929043,1.6113964,-10.557224,0.9998915,3.6239523e-08,0.000108494234,5.6317334e-10,N,N
CM24_Gujarati_N_0027.npy,15.939122,-11.021892,3.2859697,-15.297635,0.9999968,1.9542454e-12,3.1974541e-06,2.716735e-14,N,N
CF18_English_N_0047.npy,25.646791,-10.323698,1.0692238,-23.543932,1.0,2.3889932e-16,2.1188383e-11,4.332517e-22,N,N
CM05_Hindi_N_0088.npy,15.058191,-3.1387017,-2.8947837,-15.57495,1.0,1.2508046e-08,1.5963288e-08,4.968166e-14,N,N
CM38_English_N_0099.npy,22.818708,-10.668946,-2.2607906,-18.900385,1.0,2.8608557e-15,1.2826621e-11,7.6142653e-19,N,N
CF04_English_N_0081.npy,21.827734,-14.816753,-1.2021422,-15.086501,1.0,1.217593e-16,9.959823e-11,9.297192e-17,N,N
CM38_English_N_0125.npy,22.132921,-9.625728,-1.4690828,-17.682867,1.0,1.6121092e-14,5.6205585e-11,5.1076707e-18,N,N
CF02_Gujarati_N_0070.npy,9.420335,-2.3077762,1.027752,-12.079083,0.99976546,8.062024e-06,0.00022648825,4.600652e-10,N,N
CF04_English_N_0086.npy,30.14425,-10.566837,1.7308139,-31.045025,1.0,2.0864032e-18,4.5729994e-13,2.6658416e-27,N,N
CM27_Gujarati_N_0050.npy,17.534372,-8.761362,3.242834,-17.108267,0.9999994,3.8010836e-12,6.212459e-07,9.013484e-16,N,N
CM05_English_N_0061.npy,13.514581,-3.4191298,-0.17419568,-14.2266245,0.9999988,4.423669e-08,1.1351143e-06,8.956681e-13,N,N
CF04_Hindi_N_0089.npy,28.734678,-14.394387,-2.3877985,-21.631502,1.0,1.8590215e-19,3.0456513e-14,1.3373521e-22,N,N
CF20_Gujarati_N_0046.npy,32.827084,-16.21399,-3.3054624,-23.08002,1.0,5.031908e-22,2.0315846e-16,5.2462987e-25,N,N
CM03_English_N_0080.npy,21.052378,-9.681207,-2.4956396,-16.21727,1.0,4.4933834e-14,5.9323386e-11,6.516262e-17,N,N
CM05_Hindi_N_0095.npy,30.772251,-11.504997,-4.2182355,-26.585869,1.0,4.357369e-19,6.3653896e-16,1.2293769e-25,N,N
CM27_Gujarati_N_0048.npy,18.072062,-5.686021,-1.6507488,-15.447839,1.0,4.8083437e-11,2.719519e-09,2.7700768e-15,N,N
CF04_Hindi_N_0038.npy,23.454906,-13.2609625,0.15947112,-19.507826,1.0,1.1337057e-16,7.636971e-11,2.1954485e-19,N,N
CF14_Hindi_N_0150.npy,11.307416,-5.4770665,3.0490358,-13.380107,0.999741,5.1342756e-08,0.0002590113,1.8977217e-11,N,N
CF14_English_N_0013.npy,22.799307,-8.9701395,-0.16279653,-19.97963,1.0,1.5947931e-14,1.0658239e-10,2.638415e-19,N,N
CF09_Hindi_N_0020.npy,41.83922,-20.367968,-5.268252,-30.705984,1.0,9.633039e-28,3.4792457e-21,3.11902e-32,N,N
CF04_English_N_0084.npy,21.145391,-8.768998,1.1853752,-19.461426,1.0,1.0194015e-13,2.1452362e-09,2.3157012e-18,N,N
CF14_Hindi_N_0071.npy,14.929862,-12.350686,3.5541759,-13.453969,0.99998856,1.4197226e-12,1.147089e-05,4.7103575e-13,N,N
CF09_Hindi_N_0148.npy,15.73783,-7.0927715,-1.2143024,-11.988953,1.0,1.2156151e-10,4.3429228e-08,9.086797e-13,N,N
CM24_Gujarati_N_0029.npy,18.58448,-7.1071677,-0.6659545,-16.737017,1.0,6.9543867e-12,4.361565e-09,4.571614e-16,N,N
CM30_English_N_0033.npy,38.066128,-11.280707,-10.373932,-30.240309,1.0,3.706307e-22,9.178028e-22,2.1621827e-30,N,N
CF02_English_N_0100.npy,28.631227,-12.907883,-2.044427,-21.634542,1.0,9.115794e-19,4.761372e-14,1.4786095e-22,N,N
CF14_English_N_0022.npy,16.490885,-4.7639804,0.88016987,-17.549313,0.9999999,5.87664e-10,1.6609349e-07,1.6463768e-15,N,N
CF04_Hindi_N_0107.npy,23.880005,-15.054513,-1.9629704,-17.969889,1.0,1.2329747e-17,5.977758e-12,6.6807154e-19,N,N
CM16_Hindi_N_0010.npy,27.444124,-17.649422,0.5625487,-19.062004,1.0,2.6068899e-20,2.1158286e-12,6.3481318e-21,N,N
CM30_Gujarati_N_0029.npy,9.865472,7.3238792,-5.6873703,-16.202791,0.9270065,0.07299333,1.6314331e-07,4.4236377e-12,N,N
CF14_Hindi_N_0081.npy,14.638095,-14.660125,3.678122,-12.311763,0.9999826,1.8877189e-13,1.7383489e-05,1.976141e-12,N,N
CF18_English_N_0034.npy,28.499498,-13.78985,-0.7404338,-23.491404,1.0,4.3049612e-19,2.0010523e-13,2.634136e-23,N,N
CM30_Gujarati_N_0043.npy,13.804025,0.15100127,-3.8658433,-15.126247,0.9999988,1.1764315e-06,2.1187178e-08,2.7273594e-13,N,N
CF18_English_N_0057.npy,25.809423,-10.401948,-2.29803,-21.419878,1.0,1.87759e-16,6.209956e-13,3.0801724e-21,N,N
CF02_English_N_0043.npy,8.396859,-0.23103935,3.9817808,-15.987587,0.98787606,0.00017686989,0.011946987,2.539057e-11,N,N
CF02_Gujarati_N_0008.npy,15.905531,-10.253471,0.2253789,-13.227475,0.9999999,4.358024e-12,1.5495175e-07,2.2268746e-13,N,N
CF09_Hindi_N_0039.npy,28.195787,-12.034648,-3.0223851,-25.431929,1.0,3.373994e-18,2.7677071e-14,5.1260028e-24,N,N
CF04_English_N_0103.npy,21.514353,-17.40132,-0.58406496,-12.427613,1.0,1.2564299e-17,2.528013e-10,1.8163143e-15,N,N
CM16_Hindi_N_0020.npy,30.190401,-16.54651,0.2714964,-22.181631,1.0,5.0398443e-21,1.0148096e-13,1.799349e-23,N,N
CM30_English_N_0031.npy,16.21353,2.8206933,-7.93697,-17.221197,0.99999845,1.5260343e-06,3.2476608e-11,3.0163519e-15,N,N
CM27_Gujarati_N_0059.npy,17.41516,-4.6327662,1.8980033,-18.40316,0.99999976,2.6589325e-10,1.823832e-07,2.781638e-16,N,N
CM27_Gujarati_N_0068.npy,18.830385,-8.364549,2.4682617,-18.501488,0.9999999,1.5466419e-12,7.8346574e-08,6.123142e-17,N,N
CM05_Hindi_N_0057.npy,16.107225,-5.114133,-1.361828,-14.781955,1.0,6.076882e-10,2.5899213e-08,3.8459172e-14,N,N
CF14_English_N_0001.npy,17.093473,-2.1544075,6.17456,-24.023327,0.9999819,4.372639e-09,1.811209e-05,1.390572e-18,N,N
CF04_Hindi_N_0133.npy,12.188503,-2.954433,2.141545,-14.105569,0.9999565,2.6514732e-07,4.3315435e-05,3.807247e-12,N,N
CM30_English_N_0035.npy,22.145124,-3.570359,-9.883956,-18.090937,1.0,6.790594e-12,1.2301202e-14,3.3550632e-18,N,N
CM16_Hindi_N_0084.npy,17.426088,-12.13328,-1.1729678,-11.122329,1.0,1.4538833e-13,8.366282e-09,3.9955853e-13,N,N
CM27_Gujarati_N_0058.npy,16.24846,-9.503547,-1.9927841,-10.642773,1.0,6.5470502e-12,1.1965418e-08,2.0954904e-12,N,N
CF14_Hindi_N_0023.npy,13.473368,-5.4479017,-0.508482,-10.957796,0.99999917,6.0617382e-09,8.467583e-07,2.4529009e-11,N,N
CF04_Hindi_N_0090.npy,24.22347,-11.878595,-5.234307,-16.16636,1.0,2.0944594e-16,1.609348e-13,2.8768622e-18,N,N
CF02_English_N_0095.npy,26.576817,-9.653449,0.62075377,-26.127596,1.0,1.8424477e-16,5.3385755e-12,1.2905169e-23,N,N
CF02_Gujarati_N_0060.npy,15.280767,-2.3245778,-1.4273151,-16.6384,1.0,2.2599346e-08,5.5433475e-08,1.3730365e-14,N,N
CM03_English_N_0104.npy,17.214802,-6.1870947,-2.2017283,-14.765833,1.0,6.8657045e-11,3.6940937e-09,1.2911802e-14,N,N
CM35_English_N_0061.npy,8.960619,-1.1900995,0.3104169,-11.040237,0.99978584,3.9039645e-05,0.00017505401,2.0589481e-09,N,N
CM16_Hindi_N_0045.npy,35.202168,-17.801655,-0.021663692,-27.917437,1.0,9.566046e-24,5.040626e-16,3.8681508e-28,N,N
CF14_English_N_0049.npy,19.511992,-8.723126,0.4810821,-16.5591,1.0,5.4656735e-13,5.432271e-09,2.1603512e-16,N,N
CF04_Hindi_N_0047.npy,26.233763,-10.584719,-0.5207412,-23.385386,1.0,1.02314374e-16,2.4025194e-12,2.8227844e-22,N,N
CM03_English_N_0032.npy,22.447449,-10.782179,1.3480481,-19.185514,1.0,3.7030133e-15,6.865092e-10,8.299138e-19,N,N
CF09_Hindi_N_0025.npy,27.68172,-14.046079,-3.5435445,-22.035643,1.0,7.5482697e-19,2.7481442e-14,2.5587288e-22,N,N
CF09_English_N_0007.npy,29.152916,-16.731283,-3.5812597,-19.247854,1.0,1.1823463e-20,6.0775385e-15,9.545787e-22,N,N
CM24_Gujarati_N_0037.npy,18.711996,-7.955297,1.4331521,-16.869976,1.0,2.62145e-12,3.132514e-08,3.5232764e-16,N,N
CM16_Hindi_N_0024.npy,25.490198,-13.967755,-1.1994903,-19.060421,1.0,7.305133e-18,2.5633972e-12,4.4865356e-20,N,N
CM16_Hindi_N_0076.npy,16.436209,-8.292856,0.19677576,-14.4065,0.9999999,1.820973e-11,8.857348e-08,4.0288566e-14,N,N
CM03_English_N_0040.npy,20.381128,-7.9705687,-1.1547233,-18.438076,1.0,4.8642384e-13,4.4370888e-10,1.3836713e-17,N,N
CF18_English_N_0059.npy,18.302464,-9.779595,-1.4541838,-13.305726,1.0,6.3696737e-13,2.6290399e-09,1.873864e-14,N,N
CF09_Hindi_N_0053.npy,27.74074,-10.177136,-1.0969613,-25.013222,1.0,3.4078084e-17,2.9918873e-13,1.2281358e-23,N,N
CF09_Hindi_N_0001.npy,21.141464,-9.983634,-3.0668304,-15.924379,1.0,3.037674e-14,3.0652897e-11,7.989314e-17,N,N
CF18_English_N_0037.npy,27.730568,-10.409031,-1.4129404,-24.000486,1.0,2.7301258e-17,2.2036108e-13,3.4157633e-23,N,N
CF02_Gujarati_N_0030.npy,17.06016,-7.22788,0.09100267,-14.087962,1.0,2.8303372e-11,4.2696186e-08,2.9685408e-14,N,N
CF04_English_N_0043.npy,26.929794,-18.019756,-3.6572077,-17.113823,1.0,3.0106356e-20,5.2027613e-14,7.449036e-20,N,N
CF02_Gujarati_N_0012.npy,17.447292,-5.678078,0.09069833,-17.333344,1.0,9.052727e-11,2.8981907e-08,7.8516656e-16,N,N
CM05_Hindi_N_0004.npy,22.799187,-3.2143815,-6.4351783,-22.32445,1.0,5.0402326e-12,2.0122243e-13,2.5296159e-20,N,N
CF09_Hindi_N_0022.npy,27.789068,-12.9814825,-2.5129645,-23.458046,1.0,1.9659622e-18,6.9182216e-14,5.54192e-23,N,N
CF14_Hindi_N_0055.npy,12.896437,-7.823663,3.001297,-13.763713,0.9999496,1.0031198e-09,5.04166e-05,2.640114e-12,N,N
CM35_English_N_0128.npy,27.511925,-7.5296874,4.5611444,-34.07044,1.0,6.0481403e-16,1.0779597e-10,1.7993661e-27,N,N
CF04_Hindi_N_0011.npy,17.501394,-6.4297867,0.12324807,-18.066877,1.0,4.0440838e-11,2.836394e-08,3.5718723e-16,N,N
CM16_Hindi_N_0033.npy,31.939924,-17.146843,-2.3537195,-22.661978,1.0,4.8071427e-22,1.2777906e-15,1.9350636e-24,N,N
CM05_Hindi_N_0103.npy,21.095142,-8.269723,1.0177897,-19.967329,1.0,1.7660438e-13,1.9077286e-09,1.4682368e-18,N,N
CF14_Gujarati_N_0043.npy,17.952166,-8.844211,-0.20815262,-15.517581,1.0,2.303998e-12,1.2974001e-08,2.9125552e-15,N,N
CM27_Gujarati_N_0015.npy,21.447168,-9.249008,0.32820162,-18.141901,1.0,4.6646592e-14,6.732078e-10,6.4074556e-18,N,N
CM30_Gujarati_N_0066.npy,11.484341,-1.1451952,0.76507413,-14.489298,0.9999746,3.2737937e-06,2.2114164e-05,5.2454304e-12,N,N
CF14_Gujarati_N_0015.npy,14.654923,-8.163193,0.3142664,-11.754824,0.9999994,1.230887e-10,5.914683e-07,3.3915006e-12,N,N
CF04_English_N_0059.npy,21.139109,-9.154097,4.6786304,-22.440617,0.9999999,6.97956e-14,7.100767e-08,1.1845814e-19,N,N
CF02_English_N_0093.npy,21.292154,-6.0681725,1.3900961,-22.817368,1.0,1.3108745e-12,2.2732447e-09,6.9739513e-20,N,N
CF02_Gujarati_N_0068.npy,20.001654,-7.3481073,-0.11028573,-17.877867,1.0,1.3247969e-12,1.8428761e-09,3.5410603e-17,N,N
CM16_Hindi_N_0060.npy,27.89497,-12.675389,0.4365079,-23.805098,1.0,2.4016918e-18,1.1883424e-12,3.5232768e-23,N,N
CF02_English_N_0068.npy,17.269297,-3.8745563,0.011841271,-18.939829,1.0,6.566616e-10,3.2002372e-08,1.8818135e-16,N,N
CM05_English_N_0080.npy,15.692843,-0.03626007,-3.4987285,-18.167747,0.9999999,1.4754936e-07,4.626005e-09,1.970297e-15,N,N
CM24_Gujarati_N_0040.npy,17.758299,-7.360286,-0.763779,-16.189459,1.0,1.2334936e-11,9.035744e-09,1.805827e-15,N,N
CM38_English_N_0018.npy,24.851988,-8.997413,-1.1830139,-22.894693,1.0,1.9924735e-15,4.9333554e-12,1.8360302e-21,N,N
CF18_English_N_0043.npy,29.046003,-13.107892,-1.2656078,-24.444498,1.0,4.9294154e-19,6.852271e-14,5.8799065e-24,N,N
CM03_English_N_0073.npy,34.13953,-15.771348,-3.4016163,-27.892807,1.0,2.1085381e-22,4.9669268e-17,1.1473562e-27,N,N
CM35_English_N_0056.npy,21.92379,-6.5258307,-0.45287266,-22.721046,1.0,4.4104865e-13,1.9139856e-10,4.0831364e-20,N,N
CF20_Gujarati_N_0035.npy,39.908115,-17.108543,-7.1029243,-29.35414,1.0,1.7297357e-25,3.831465e-21,8.313537e-31,N,N
CM27_Gujarati_N_0014.npy,18.575668,-10.333289,0.31337336,-13.765235,1.0,2.786114e-13,1.1716183e-08,9.0058305e-15,N,N
CM16_Hindi_N_0014.npy,34.077667,-19.195194,-1.9246063,-22.094004,1.0,7.309543e-24,2.3142555e-16,4.026745e-25,N,N
CM24_Gujarati_N_0070.npy,20.634974,-9.436184,5.1568894,-22.619476,0.99999976,8.714895e-14,1.8965015e-07,1.6399546e-19,N,N
CM05_English_N_0081.npy,30.844307,-13.018856,-3.2179024,-25.93124,1.0,8.922167e-20,1.6105348e-15,2.201371e-25,N,N
CM05_Hindi_N_0050.npy,11.315343,-2.1663783,-0.11776522,-12.993709,0.9999877,1.3962322e-06,1.0830758e-05,2.7714544e-11,N,N
CM24_Gujarati_N_0007.npy,17.318058,-6.292241,1.6573477,-17.165295,0.9999999,5.5741384e-11,1.5799374e-07,1.0569883e-15,N,N
CF02_Gujarati_N_0040.npy,19.746777,-7.6376276,-2.7184875,-15.845908,1.0,1.27969e-12,1.7517016e-10,3.485724e-16,N,N
CF09_Hindi_N_0109.npy,16.93309,-5.2344966,-2.3295648,-15.42392,1.0,2.359061e-10,4.3085895e-09,8.861947e-15,N,N
CF14_Hindi_N_0127.npy,23.543566,-11.984382,2.2434447,-20.679466,1.0,3.718852e-16,5.616617e-10,6.225612e-20,N,N
CF09_Hindi_N_0098.npy,31.764753,-16.30814,1.3321718,-25.379538,1.0,1.3249777e-21,6.071528e-14,1.5224737e-25,N,N
CM05_English_N_0008.npy,11.728702,-3.7129698,-1.6543247,-10.866834,0.9999982,1.9668288e-07,1.5410789e-06,1.5377401e-10,N,N
CF14_Hindi_N_0053.npy,17.300016,-10.484157,2.8973472,-15.876847,0.9999994,8.5799976e-13,5.5590436e-07,3.903647e-15,N,N
CF09_Hindi_N_0036.npy,35.107327,-12.846583,-1.828179,-31.178787,1.0,1.492386e-21,9.101522e-17,1.6304404e-29,N,N
CM05_English_N_0007.npy,14.769372,-3.5459828,-0.16204706,-16.519667,0.99999964,1.1110718e-08,3.276173e-07,2.5783546e-14,N,N
CM16_Hindi_N_0036.npy,30.268364,-12.7113285,-2.4374368,-23.914648,1.0,2.1585274e-19,6.252474e-15,2.9418197e-24,N,N
CM05_English_N_0025.npy,15.383857,-4.355587,4.6214404,-20.584229,0.9999788,2.6746e-09,2.1180322e-05,2.3946905e-16,N,N
CF14_Hindi_N_0138.npy,11.6611185,-3.0622764,-0.3104842,-11.602264,0.9999933,4.0337423e-07,6.321152e-06,7.885671e-11,N,N
CM35_English_N_0106.npy,23.627775,-8.211425,0.39367887,-23.519453,1.0,1.4873445e-14,8.1200754e-11,3.3436355e-21,N,N
CF04_Hindi_N_0144.npy,16.957083,-7.9787073,0.20688495,-14.071542,1.0,1.4808927e-11,5.314731e-08,3.3453316e-14,N,N
CM03_English_N_0045.npy,15.406464,-1.7709671,1.7622613,-19.67828,0.9999988,3.466857e-08,1.1868552e-06,5.792806e-16,N,N
CM38_English_N_0012.npy,30.44987,-13.069966,-4.5578327,-23.89551,1.0,1.2576946e-19,6.256742e-16,2.5009316e-24,N,N
CF09_Hindi_N_0174.npy,25.23773,-11.962035,-3.1523073,-19.138361,1.0,6.987916e-17,4.681266e-13,5.3420574e-20,N,N
CM05_Hindi_N_0058.npy,13.595126,-1.4713625,2.8615255,-19.452429,0.99997795,2.8621852e-07,2.179952e-05,4.442425e-15,N,N
CF09_Hindi_N_0069.npy,22.971289,-8.915737,-5.4383736,-17.008553,1.0,1.41788386e-14,4.5902935e-13,4.334857e-18,N,N
CM03_English_N_0037.npy,16.695017,-6.078708,-1.9716893,-16.051823,1.0,1.2867574e-10,7.819024e-09,6.001053e-15,N,N
CM05_Hindi_N_0014.npy,13.424601,-2.2642772,1.2508472,-18.278143,0.99999475,1.5360472e-07,5.164207e-06,1.704791e-14,N,N
CM38_English_N_0120.npy,21.888966,-9.556582,-1.6432656,-18.300814,1.0,2.2048122e-14,6.026737e-11,3.513984e-18,N,N
CF18_English_N_0026.npy,31.68631,-15.972251,-3.2120726,-22.05026,1.0,2.0051627e-21,6.979501e-16,4.5973035e-24,N,N
CM03_English_N_0103.npy,28.617085,-14.530795,1.0774003,-22.154144,1.0,1.8243727e-19,1.0956379e-12,8.919397e-23,N,N
CF02_Gujarati_N_0026.npy,14.680372,-4.339176,-1.860523,-14.2011595,0.9999999,5.494334e-09,6.552097e-08,2.863588e-13,N,N
CM30_English_N_0038.npy,18.889795,-0.7112743,-8.504704,-17.913824,1.0,3.0715903e-09,1.2668333e-12,1.0384634e-16,N,N
CM03_English_N_0100.npy,32.55245,-13.436689,-2.5932956,-25.657738,1.0,1.0645649e-20,5.4500085e-16,5.2436946e-26,N,N
CM38_English_N_0006.npy,19.853827,-5.9513855,-2.8363543,-17.955648,1.0,6.2078155e-12,1.3988762e-10,3.797989e-17,N,N
CF09_Hindi_N_0051.npy,42.409565,-20.09739,-0.12491897,-35.282967,1.0,7.1379697e-28,3.3690536e-19,1.8136798e-34,N,N
CM35_English_N_0052.npy,20.06115,-7.374959,0.07582626,-20.518854,1.0,1.2152059e-12,2.0916284e-09,2.3786422e-18,N,N
CF14_Hindi_N_0142.npy,16.625925,-4.4445467,1.6554792,-18.044756,0.99999964,7.0665884e-10,3.1507787e-07,8.764243e-16,N,N
CF04_English_N_0092.npy,28.439577,-17.256702,-1.3678504,-19.675665,1.0,1.4267804e-20,1.13448395e-13,1.2700357e-21,N,N
CM05_Hindi_N_0040.npy,21.708315,-5.6439333,-4.0988874,-19.855804,1.0,1.3215061e-12,6.1954786e-12,8.890643e-19,N,N
CF14_Gujarati_N_0068.npy,12.036939,-3.649098,1.1452545,-12.35265,0.9999813,1.5403965e-07,1.8612014e-05,2.5569878e-11,N,N
CM35_English_N_0122.npy,15.619288,-5.85136,2.468277,-17.947468,0.9999981,4.7360393e-10,1.943513e-06,2.6432713e-15,N,N
CM30_Gujarati_N_0005.npy,13.857621,-0.7802102,-4.1202316,-13.581315,0.9999995,4.3941034e-07,1.5571052e-08,1.2117729e-12,N,N
CF14_Hindi_N_0006.npy,23.785143,-12.05469,3.019356,-21.10832,1.0,2.722442e-16,9.5837e-10,3.1843197e-20,N,N
CF18_English_N_0011.npy,31.368265,-12.624476,-3.2891262,-24.95083,1.0,7.837824e-20,8.881504e-16,3.474782e-25,N,N
CF14_Gujarati_N_0059.npy,12.453313,-4.6078258,1.0075094,-13.251158,0.9999893,3.8943696e-08,1.0694143e-05,6.865706e-12,N,N
CF02_Gujarati_N_0018.npy,21.835228,-8.795056,-1.9252089,-18.836374,1.0,4.9823816e-14,4.79704e-11,2.170443e-18,N,N
CF02_English_N_0080.npy,19.69832,-5.6395793,0.09346971,-20.051628,1.0,9.9058045e-12,3.0600005e-09,5.455286e-18,N,N
CM30_Gujarati_N_0051.npy,19.39662,-1.8218167,-3.3714721,-20.82772,1.0,6.094665e-10,1.2940278e-10,3.3946115e-18,N,N
CM03_English_N_0071.npy,23.670725,-12.295237,-2.7396717,-15.817503,1.0,2.3998352e-16,3.3893038e-12,7.087296e-18,N,N
CM35_English_N_0087.npy,31.631039,-10.693865,-7.02828,-25.888994,1.0,4.1545803e-19,1.6235734e-17,1.0456017e-25,N,N
CM27_Gujarati_N_0004.npy,18.980162,-5.5695343,1.3077022,-19.811745,1.0,2.1787256e-11,2.1132395e-08,1.421963e-17,N,N
CM35_English_N_0020.npy,15.219039,-4.2855635,1.689897,-18.83955,0.9999987,3.3826593e-09,1.3315808e-06,1.6163737e-15,N,N
CF04_Hindi_N_0049.npy,20.256758,-9.054371,3.003205,-20.300205,1.0,1.8635396e-13,3.2127502e-08,2.4340842e-18,N,N
CF04_English_N_0079.npy,17.664362,-11.536104,0.9234127,-13.127111,1.0,2.0816068e-13,5.3641134e-08,4.2406555e-14,N,N
CM03_English_N_0061.npy,19.14947,-9.942964,2.1603363,-16.776642,1.0,2.319084e-13,4.185168e-08,2.497405e-16,N,N
CM24_Gujarati_N_0019.npy,17.820707,-6.6465936,-1.9114968,-15.4536,1.0,2.3658459e-11,2.6940925e-09,3.5412122e-15,N,N
CM38_English_N_0048.npy,24.15936,-5.3285747,-6.8752747,-21.477951,1.0,1.5615363e-13,3.325286e-14,1.5134442e-20,N,N
CF09_English_N_0009.npy,23.447159,-11.025892,-3.577579,-17.28621,1.0,1.0679313e-15,1.833603e-12,2.0404364e-18,N,N
CF20_Gujarati_N_0022.npy,30.42356,-15.065523,-4.233249,-20.550848,1.0,1.7552645e-20,8.88669e-16,7.279411e-23,N,N
CF14_Hindi_N_0073.npy,14.648129,-9.161242,0.48226342,-13.097383,0.9999993,4.5679446e-11,7.044372e-07,8.9181944e-13,N,N
CM38_English_N_0062.npy,24.308905,-5.869943,-3.934767,-22.028404,1.0,7.825151e-14,5.419127e-13,7.515564e-21,N,N
CF09_English_N_0040.npy,19.32099,-8.559461,-1.6212238,-17.197853,1.0,7.792448e-13,8.0336415e-10,1.3805982e-16,N,N
CF09_English_N_0020.npy,32.850758,-17.082096,-3.7666864,-24.244589,1.0,2.0627053e-22,1.2509689e-16,1.5988471e-25,N,N
CF14_Hindi_N_0149.npy,15.30666,-1.3121829,0.9774432,-19.593416,0.9999993,6.0607704e-08,5.9827414e-07,6.9676846e-16,N,N
CM03_English_N_0067.npy,27.712727,-10.861088,0.9450871,-26.37804,1.0,1.7685007e-17,2.3711662e-12,3.2261045e-24,N,N
CF14_Hindi_N_0105.npy,17.755991,-11.350411,1.4264772,-14.48125,0.9999999,2.2869128e-13,8.0943565e-08,9.9895195e-15,N,N
CF18_English_N_0058.npy,23.733923,-12.025395,-2.65942,-15.491996,1.0,2.950699e-16,3.4475994e-12,9.212985e-18,N,N
CM05_Hindi_N_0067.npy,24.350569,-8.126956,-3.2035227,-22.76089,1.0,7.855804e-15,1.0799651e-12,3.4654037e-21,N,N
CM05_English_N_0050.npy,8.672622,-2.2442458,1.0034254,-10.308694,0.9995152,1.8140705e-05,0.00046676668,5.705698e-09,N,N
CF14_Hindi_N_0005.npy,20.92776,-7.992526,0.7381122,-20.173475,1.0,2.7547368e-13,1.7050905e-09,1.4124098e-18,N,N
CF20_Gujarati_N_0009.npy,15.954654,-4.594886,-1.066109,-14.793898,1.0,1.1897299e-09,4.054865e-08,4.4266406e-14,N,N
CM24_Gujarati_N_0067.npy,12.379562,-2.3294694,4.2727537,-17.857777,0.9996983,4.0908867e-07,0.00030138847,7.378353e-14,N,N
CF18_English_N_0018.npy,25.9442,-12.98967,-1.915275,-19.702785,1.0,1.2337745e-17,7.9576216e-13,1.4988737e-20,N,N
CM03_English_N_0038.npy,15.057121,-5.568994,1.889851,-16.667952,0.9999981,1.1020236e-09,1.9121687e-06,1.6671514e-14,N,N
CF04_Hindi_N_0020.npy,24.441515,-12.285018,0.8739344,-21.262703,1.0,1.1216822e-16,5.8174084e-11,1.4155043e-20,N,N
CF04_English_N_0073.npy,18.255697,-11.063346,-0.9946971,-11.957043,1.0,1.8488505e-13,4.3617394e-09,7.564388e-14,N,N
CM05_Hindi_N_0073.npy,12.433793,0.8396533,-2.5027108,-14.685006,0.99999046,9.21987e-06,3.2595258e-07,1.6689795e-12,N,N
CF02_English_N_0079.npy,29.338186,-10.300796,1.4182924,-28.280487,1.0,6.0955e-18,7.4910797e-13,9.473867e-26,N,N
CM24_Gujarati_N_0032.npy,17.337175,-9.509196,1.9726366,-15.921848,0.99999976,2.19164e-12,2.124542e-07,3.5957425e-15,N,N
CF04_English_N_0051.npy,17.155464,-10.755848,5.111177,-18.833246,0.99999416,7.5555946e-13,5.8780083e-06,2.3458485e-16,N,N
CF09_Hindi_N_0063.npy,21.51538,-9.432384,-0.90004265,-17.7391,1.0,3.627073e-14,1.8412166e-10,8.9535775e-18,N,N
CM30_English_N_0006.npy,19.158834,-3.6426315,-2.3851688,-18.898106,1.0,1.2515528e-10,4.401073e-10,2.9653896e-17,N,N
CF02_Gujarati_N_0043.npy,19.42515,-6.127493,-1.2682488,-18.680195,1.0,7.991498e-12,1.0303169e-09,2.8252585e-17,N,N
CF04_Hindi_N_0122.npy,14.202186,-3.730038,0.74639916,-16.296556,0.99999857,1.6297962e-08,1.4329318e-06,5.6828264e-14,N,N
CM05_English_N_0030.npy,19.761784,-9.91637,-1.8982592,-16.909021,1.0,1.2910453e-13,3.9188927e-10,1.1859625e-16,N,N
CM35_English_N_0077.npy,27.499937,-9.780916,-1.4051453,-26.030588,1.0,6.4436384e-17,2.7969331e-13,5.649217e-24,N,N
CM16_Hindi_N_0015.npy,31.571049,-17.739923,-3.4959075,-21.944603,1.0,3.8416345e-22,5.8967766e-16,5.7338694e-24,N,N
CM35_English_N_0051.npy,20.521484,-5.908111,-2.4383829,-19.399784,1.0,3.3248521e-12,1.06820906e-10,4.596353e-18,N,N
CM35_English_N_0065.npy,22.238909,-8.064398,0.30965814,-21.286268,1.0,6.909413e-14,2.9939698e-10,1.2509956e-19,N,N
CF04_English_N_0087.npy,26.06753,-12.720447,1.0828332,-21.75407,1.0,1.4275665e-17,1.4102101e-11,1.7035003e-21,N,N
CM27_Gujarati_N_0054.npy,16.756186,-6.0693374,-1.9128276,-13.785475,1.0,1.2218028e-10,7.801e-09,5.4440922e-14,N,N
CF04_Hindi_N_0129.npy,21.352676,-6.584112,1.0458009,-21.981323,1.0,7.365579e-13,1.516478e-09,1.514548e-19,N,N
CF14_Gujarati_N_0026.npy,17.431982,-9.7347555,2.1262324,-15.439425,0.99999976,1.5908752e-12,2.2531867e-07,5.2982127e-15,N,N
CM16_Hindi_N_0034.npy,27.509657,-14.0471945,2.3054693,-23.58762,1.0,8.955486e-19,1.1322974e-11,6.437771e-23,N,N
CM38_English_N_0022.npy,19.416193,-7.60256,-1.7844622,-17.363447,1.0,1.8446104e-12,6.2040106e-10,1.06366586e-16,N,N
CF14_Hindi_N_0048.npy,18.376102,-7.6172385,1.1112397,-16.848116,1.0,5.143222e-12,3.176623e-08,5.0386655e-16,N,N
CF09_Hindi_N_0054.npy,31.220785,-13.112497,-2.9414828,-24.431417,1.0,5.5757085e-20,1.4571855e-15,6.7694827e-25,N,N
CF18_English_N_0003.npy,17.086096,-4.989544,-0.63950455,-16.682861,1.0,2.586256e-10,2.0038685e-08,2.1593718e-15,N,N
CM24_Gujarati_N_0056.npy,20.940018,-7.1898127,1.1856308,-19.943073,1.0,6.072539e-13,2.6349887e-09,1.7567064e-18,N,N
CM05_English_N_0070.npy,19.455797,-4.9116917,-3.7043002,-17.881138,1.0,2.6141714e-11,8.7437474e-11,6.092202e-17,N,N
CM05_Hindi_N_0083.npy,22.777517,-3.8852777,-4.7193713,-23.073408,1.0,2.6332664e-12,1.1435437e-12,1.22235145e-20,N,N
CM30_Gujarati_N_0044.npy,11.344628,3.784482,-4.1851745,-14.52068,0.99947923,0.0005205278,1.7999743e-07,5.8426905e-12,N,N
CF14_Gujarati_N_0045.npy,19.490467,-10.580949,0.77111757,-15.784924,1.0,8.7126534e-14,7.418055e-09,4.7873206e-16,N,N
CM16_Hindi_N_0059.npy,34.131092,-15.183326,-0.47685412,-28.410967,1.0,3.8284243e-22,9.331697e-16,6.891727e-28,N,N
CM38_English_N_0056.npy,24.870377,-6.477127,-5.6446276,-21.757349,1.0,2.431936e-14,5.591167e-14,5.621302e-21,N,N
CF09_Hindi_N_0029.npy,35.034454,-18.38504,-6.5331063,-24.881985,1.0,6.3126e-24,8.86007e-19,9.5196545e-27,N,N
CF02_English_N_0022.npy,14.569837,-5.6941056,0.22272122,-14.196575,0.9999994,1.5830013e-09,5.876607e-07,3.2129667e-13,N,N
CF09_English_N_0030.npy,28.49515,-12.629699,-0.36843696,-24.734795,1.0,1.3794492e-18,2.9154373e-13,7.630092e-24,N,N
CF04_Hindi_N_0131.npy,24.503881,-7.9351897,-3.7686198,-20.298653,1.0,8.1637594e-15,5.265127e-13,3.487433e-20,N,N
CF04_Hindi_N_0051.npy,29.502457,-11.776228,1.2925838,-27.796967,1.0,1.1827534e-18,5.6054147e-13,1.303697e-25,N,N
CF04_English_N_0040.npy,18.424519,-7.950021,0.10236582,-18.229546,1.0,3.5130432e-12,1.103545e-08,1.2059858e-16,N,N
CM24_Gujarati_N_0062.npy,14.662027,-5.5913506,2.8788414,-16.346601,0.9999924,1.5998026e-09,7.631748e-06,3.4128743e-14,N,N
CF14_English_N_0019.npy,19.960512,-8.3697,2.0315297,-19.605772,1.0,4.9698743e-13,1.6350919e-08,6.5551268e-18,N,N
CM30_Gujarati_N_0013.npy,18.773703,-2.4330733,-3.080363,-20.145472,1.0,6.1661537e-10,3.2277522e-10,1.2520377e-17,N,N
CF04_Hindi_N_0124.npy,16.864618,-5.060997,-2.0974545,-13.844113,1.0,3.004874e-10,5.8193788e-09,4.6064555e-14,N,N
CF02_English_N_0013.npy,22.657228,-8.997512,-1.2280709,-19.595032,1.0,1.7886336e-14,4.233954e-11,4.467632e-19,N,N
CM35_English_N_0071.npy,27.027521,-4.4612207,-2.5583174,-28.896437,1.0,2.1116054e-14,1.4159035e-13,5.158622e-25,N,N
CF14_Hindi_N_0129.npy,21.184683,-9.907635,-1.4287126,-16.811916,1.0,3.138904e-14,1.510522e-10,3.1498326e-17,N,N
CF04_English_N_0031.npy,17.593706,-9.883068,-1.3359684,-14.98605,1.0,1.1667789e-12,6.0110033e-09,7.092364e-15,N,N
CF09_Hindi_N_0080.npy,25.96462,-9.210297,-6.6745434,-20.510975,1.0,5.2933026e-16,6.6833034e-15,6.5449474e-21,N,N
CF20_Gujarati_N_0059.npy,14.657006,-8.32362,-0.72461575,-11.30007,0.99999976,1.04626384e-10,2.0885564e-07,5.3331597e-12,N,N
CM27_Gujarati_N_0028.npy,20.521366,-5.4424314,-1.2201793,-19.894659,1.0,5.2974344e-12,3.6121608e-10,2.8024902e-18,N,N
CM16_Hindi_N_0017.npy,27.540583,-9.1993065,-0.12921646,-26.394825,1.0,1.1067972e-16,9.619636e-13,3.768333e-24,N,N
CF09_Hindi_N_0154.npy,23.936451,-8.04465,-1.8901643,-21.126871,1.0,1.2905768e-14,6.0763655e-12,2.6868725e-20,N,N
CF14_Hindi_N_0126.npy,16.280468,-11.365355,1.4156861,-12.471671,0.99999964,9.853073e-13,3.5019258e-07,3.2591483e-13,N,N
CM27_Gujarati_N_0019.npy,22.022522,-10.991983,-0.27396384,-17.646385,1.0,4.5918037e-15,2.0737635e-10,5.915787e-18,N,N
CM05_English_N_0068.npy,21.453936,-6.283678,0.722685,-22.359894,1.0,8.9889186e-13,9.920469e-10,9.373386e-20,N,N
CF20_Gujarati_N_0039.npy,38.061443,-15.278166,-6.1415153,-29.897003,1.0,6.8375876e-24,6.351841e-20,3.0621045e-30,N,N
CF04_Hindi_N_0056.npy,16.352417,-5.129244,2.2319357,-16.863863,0.9999993,4.684173e-10,7.3714426e-07,3.752783e-15,N,N
CF02_Gujarati_N_0011.npy,22.24275,-7.8955626,-4.935223,-17.4034,1.0,8.14886e-14,1.5731002e-12,6.0519652e-18,N,N
CF04_English_N_0032.npy,20.086473,-11.177707,0.564958,-16.845678,1.0,2.6432575e-14,3.3259355e-09,9.1320925e-17,N,N
CF04_English_N_0058.npy,25.782312,-9.511201,3.4169657,-26.900349,1.0,4.7013383e-16,1.9357678e-10,1.3188948e-23,N,N
CM35_English_N_0112.npy,12.637016,-1.7628915,-1.3305366,-14.954915,0.99999857,5.5744084e-07,8.5895044e-07,1.0398633e-12,N,N
CM35_English_N_0013.npy,21.34448,-6.7191463,-3.8538303,-19.541367,1.0,6.48816e-13,1.13897095e-11,1.751868e-18,N,N
CM03_English_N_0075.npy,32.390205,-14.013585,-1.2682762,-28.043242,1.0,7.032185e-21,2.4116104e-15,5.6765784e-27,N,N
CF14_Hindi_N_0069.npy,17.27475,-9.899497,3.2842462,-16.514389,0.99999917,1.5789697e-12,8.394624e-07,2.1162311e-15,N,N
CM16_Hindi_N_0085.npy,22.970694,-9.851157,2.3178856,-22.528372,1.0,5.567391e-15,1.0730002e-09,1.7378288e-20,N,N
CF09_Hindi_N_0074.npy,36.250744,-17.927526,-4.4068713,-25.26588,1.0,2.9558133e-24,2.2010093e-18,1.9216288e-27,N,N
CM05_English_N_0017.npy,16.08205,-2.6153417,0.9524375,-20.331415,0.99999976,7.582736e-09,2.6871535e-07,1.5340231e-16,N,N
CM03_English_N_0068.npy,34.56876,-16.691916,-1.3308601,-27.242805,1.0,5.4672926e-23,2.5644433e-16,1.4307977e-27,N,N
CF02_Gujarati_N_0002.npy,17.64615,-5.085024,-0.9760071,-17.5027,1.0,1.3426919e-10,8.175221e-09,5.433112e-16,N,N
CM05_English_N_0047.npy,9.03717,0.25342327,-0.29769543,-12.5066805,0.99975854,0.00015316601,8.827028e-05,4.400682e-10,N,N
CF09_Hindi_N_0032.npy,26.736631,-11.642628,-0.5215645,-23.750113,1.0,2.148327e-17,1.4518305e-12,1.1854567e-22,N,N
CF18_English_N_0051.npy,35.49601,-13.509852,-2.317056,-30.967686,1.0,5.2122355e-22,3.7843798e-17,1.3651556e-29,N,N
CF09_English_N_0051.npy,28.313744,-14.466583,-3.2488453,-21.113787,1.0,2.6347543e-19,1.9612885e-14,3.4189848e-22,N,N
CF04_English_N_0106.npy,9.148505,-5.72439,5.559639,-13.862317,0.97311294,3.380235e-07,0.02688676,9.87848e-11,N,N
CM38_English_N_0008.npy,18.737827,-7.5264387,-3.129272,-14.970862,1.0,3.922598e-12,3.185952e-10,2.2935153e-15,N,N
CM27_Gujarati_N_0005.npy,11.30965,-5.7259445,0.48470786,-9.67815,0.9999801,3.9950894e-08,1.9896583e-05,7.675477e-10,N,N
CF04_Hindi_N_0040.npy,26.729921,-15.245696,-3.2521393,-19.898874,1.0,5.891439e-19,9.527e-14,5.6152796e-21,N,N
CM03_English_N_0005.npy,13.904003,-4.6909537,-0.9376384,-12.471642,0.99999964,8.400643e-09,3.583908e-07,3.5091578e-12,N,N
CM35_English_N_0090.npy,17.511694,-5.127688,0.011370394,-18.775799,1.0,1.4717755e-10,2.5101851e-08,1.7399747e-16,N,N
CF02_English_N_0005.npy,2.6031787,0.99119574,6.9534097,-11.699313,0.012707149,0.0025349702,0.9847579,7.808268e-09,M,N
CF14_Gujarati_N_0023.npy,13.9521475,-5.6957536,-0.45503303,-12.379508,0.9999994,2.931059e-09,5.534019e-07,3.6669678e-12,N,N
CM05_Hindi_N_0052.npy,13.784896,-3.9756706,-0.3922049,-14.467406,0.9999993,1.9350114e-08,6.9656693e-07,5.3725535e-13,N,N
CM05_English_N_0101.npy,10.422183,-5.6194973,-2.0450625,-8.370272,0.99999607,1.0794076e-07,3.8507255e-06,6.89508e-09,N,N
CM03_English_N_0042.npy,26.93057,-10.362807,-4.0167828,-21.885029,1.0,6.3634435e-17,3.6285675e-14,6.3045683e-22,N,N
CF04_Hindi_N_0069.npy,17.441395,-7.232862,2.490809,-17.910152,0.99999964,1.9235615e-11,3.213977e-07,4.43627e-16,N,N
CM03_English_N_0006.npy,16.040861,-5.558405,0.8601333,-16.14031,0.99999976,4.1644518e-10,2.5532512e-07,1.0565614e-14,N,N
CF02_English_N_0085.npy,23.274601,-7.6689916,-4.010316,-18.481407,1.0,3.6422413e-14,1.4135514e-12,7.3383106e-19,N,N
CF09_Hindi_N_0115.npy,18.937002,-8.040244,-1.0610783,-15.995689,1.0,1.9227872e-12,2.0651123e-09,6.7440996e-16,N,N
CF09_Hindi_N_0011.npy,31.525572,-14.429452,-6.279258,-23.320791,1.0,1.1015047e-20,3.8156763e-17,1.5153995e-24,N,N
CF09_English_N_0024.npy,24.967728,-14.715205,-1.3483299,-19.268684,1.0,5.8333873e-18,3.7246165e-12,6.142856e-20,N,N
CM38_English_N_0095.npy,28.557404,-14.848498,-1.853393,-20.713379,1.0,1.4094703e-19,6.205241e-14,3.999181e-22,N,N
CM30_Gujarati_N_0018.npy,15.31867,3.5533495,-4.9741907,-18.644876,0.99999225,7.769315e-06,1.5378667e-09,1.777525e-15,N,N
CF14_English_N_0029.npy,18.099607,-7.9576488,-0.51639724,-15.718642,1.0,4.8247764e-12,8.22568e-09,2.0555177e-15,N,N
CM30_English_N_0045.npy,26.152266,-0.82395285,-8.683622,-25.74006,1.0,1.9247613e-12,7.429612e-16,2.9070266e-23,N,N
CM38_English_N_0017.npy,30.435957,-10.98385,-3.3349698,-26.751984,1.0,1.0270845e-18,2.1551256e-15,1.4574449e-25,N,N
CM35_English_N_0074.npy,20.331913,-7.8039675,-2.5048177,-17.08345,1.0,6.0359107e-13,1.2081859e-10,5.632668e-17,N,N
CM27_Gujarati_N_0009.npy,26.280308,-10.698253,-3.276944,-20.077478,1.0,8.717959e-17,1.4569646e-13,7.3632314e-21,N,N
CF09_Hindi_N_0079.npy,16.682259,-5.283842,-0.4488534,-15.756409,1.0,2.88565e-10,3.6312233e-08,8.167061e-15,N,N
CM27_Gujarati_N_0013.npy,20.707138,-11.427838,2.6321783,-19.728907,1.0,1.1065156e-14,1.4130096e-08,2.7469438e-18,N,N
CM24_Gujarati_N_0002.npy,24.00504,-7.3829274,0.21227178,-22.833828,1.0,2.3354982e-14,4.6444338e-11,4.5513315e-21,N,N
CF04_Hindi_N_0083.npy,22.868792,-14.196174,0.22862479,-16.092983,1.0,7.996327e-17,1.4706195e-10,1.19981795e-17,N,N
CM30_English_N_0026.npy,18.328684,0.045225203,-9.251792,-17.846548,1.0,1.1470829e-08,1.0518456e-12,1.9466882e-16,N,N
CM38_English_N_0061.npy,28.89618,-9.942563,-4.0034833,-24.214504,1.0,1.3569035e-17,5.150606e-15,8.596531e-24,N,N
CM24_Gujarati_N_0038.npy,16.126593,-7.148713,0.35796472,-15.278605,0.9999999,7.792247e-11,1.4183121e-07,2.2955996e-14,N,N
CF14_Gujarati_N_0006.npy,19.640684,-7.25211,-0.9765867,-17.866179,1.0,2.0922237e-12,1.1118156e-09,5.1401586e-17,N,N
CM35_English_N_0012.npy,25.160158,-8.136853,-2.937772,-23.277248,1.0,3.4617148e-15,6.2693665e-13,9.202393e-22,N,N
CF14_Gujarati_N_0007.npy,17.993448,-9.663541,1.3364564,-16.602484,1.0,9.743653e-13,5.833918e-08,9.444471e-16,N,N
CF14_Gujarati_N_0055.npy,13.857562,-6.4744616,1.438795,-12.99709,0.99999595,1.4788106e-09,4.042e-06,2.173556e-12,N,N
CF14_Hindi_N_0070.npy,4.321225,-7.3121405,7.744018,-11.778137,0.031590667,2.800609e-07,0.9684092,3.218803e-09,M,N
CF09_English_N_0046.npy,25.07907,-13.828494,-1.1251997,-18.1611,1.0,1.2666611e-17,4.1651474e-12,1.6635389e-19,N,N
CF09_Hindi_N_0004.npy,35.768787,-17.30313,-5.7258577,-27.09946,1.0,8.936353e-24,9.530265e-19,4.9735537e-28,N,N
CF09_Hindi_N_0065.npy,22.723513,-6.4004555,-3.1754243,-19.909891,1.0,2.2470947e-13,5.652421e-12,3.0517433e-19,N,N
CM30_Gujarati_N_0056.npy,18.744963,-1.8625561,-6.830721,-17.143261,1.0,1.1227114e-09,7.8094736e-12,2.593841e-16,N,N
CM05_Hindi_N_0031.npy,17.811193,-7.4295034,-3.6602266,-13.767882,1.0,1.09170424e-11,4.732391e-10,1.9292212e-14,N,N
CF09_Hindi_N_0083.npy,21.965197,-8.314919,-4.5349383,-16.418404,1.0,7.0715115e-14,3.0983994e-12,2.139021e-17,N,N
CM35_English_N_0035.npy,11.4795475,-1.6802143,2.6877196,-16.48729,0.9998461,1.9262889e-06,0.0001519465,7.146447e-13,N,N
CF02_Gujarati_N_0021.npy,15.29452,-2.7683218,-2.2863195,-15.0738125,1.0,1.43023575e-08,2.316e-08,6.4744224e-14,N,N
CF14_Hindi_N_0093.npy,16.248848,-10.848466,0.39642617,-11.417911,0.9999999,1.7052437e-12,1.3043095e-07,9.648926e-13,N,N
CM03_English_N_0023.npy,13.50793,-7.720382,-0.7700155,-10.556703,0.9999994,6.0347766e-10,6.2974794e-07,3.5388543e-11,N,N
CM16_Hindi_N_0035.npy,29.951048,-16.507378,1.2466666,-24.18728,1.0,6.6582688e-21,3.4185767e-13,3.0762574e-24,N,N
CF20_Gujarati_N_0071.npy,19.65232,-8.735758,-2.1904743,-15.510624,1.0,4.6904456e-13,3.2643366e-10,5.3570673e-16,N,N
CF09_English_N_0011.npy,27.025026,-12.439655,-3.5810685,-21.091753,1.0,7.256142e-18,5.1043696e-14,1.2680846e-21,N,N
CF02_Gujarati_N_0037.npy,30.707989,-10.369251,-1.3331634,-28.590714,1.0,1.4467095e-18,1.2153576e-14,1.7656346e-26,N,N
CM35_English_N_0009.npy,23.070139,-8.143128,-1.0045443,-21.649645,1.0,2.7813128e-14,3.5034628e-11,3.7883027e-20,N,N
CF14_Hindi_N_0135.npy,14.5098715,-3.0187294,1.7378569,-16.95417,0.99999714,2.4401931e-08,2.8391169e-06,2.1644055e-14,N,N
CM35_English_N_0115.npy,29.275084,-10.237433,-2.0120938,-27.430204,1.0,6.9172317e-18,2.5831596e-14,2.3616e-25,N,N
CM05_Hindi_N_0105.npy,24.667463,-2.6479928,-0.12353769,-30.772608,1.0,1.3710334e-12,1.7116121e-11,8.369182e-25,N,N
CM30_English_N_0048.npy,14.642964,-0.86948866,-3.39351,-15.380623,0.99999976,1.8324289e-07,1.4684483e-08,9.139492e-14,N,N
CM38_English_N_0060.npy,28.62792,-14.553601,-2.1294124,-20.914347,1.0,1.7640184e-19,4.3879383e-14,3.0483645e-22,N,N
CM30_Gujarati_N_0048.npy,12.929832,2.0432155,-4.639858,-14.249088,0.9999813,1.8706578e-05,2.3419204e-08,1.5715803e-12,N,N
CF09_Hindi_N_0163.npy,24.972195,-10.727611,-0.46504834,-21.057367,1.0,3.131635e-16,8.96904e-12,1.0223848e-20,N,N
CF02_English_N_0004.npy,8.294613,-3.8274853,1.6258568,-8.27266,0.9987262,5.43108e-06,0.00126836,6.3734056e-08,N,N
CM03_English_N_0022.npy,27.015675,-7.4918504,-3.0655127,-27.046133,1.0,1.0317434e-15,8.627917e-14,3.320902e-24,N,N
CF02_Gujarati_N_0054.npy,41.88885,-18.748402,-0.73842406,-36.424355,1.0,4.6299437e-27,3.0705087e-19,9.750089e-35,N,N
CM35_English_N_0069.npy,29.69945,-14.176725,0.23269722,-26.078876,1.0,8.8068246e-20,1.5949672e-13,5.967329e-25,N,N
CF14_Gujarati_N_0061.npy,14.204659,-3.1491778,-2.7027433,-12.497585,1.0,2.9061894e-08,4.5415973e-08,2.531412e-12,N,N
CM27_Gujarati_N_0002.npy,19.743132,-9.361079,-0.5576982,-16.388588,1.0,2.2919348e-13,1.5256749e-09,2.033259e-16,N,N
CF02_English_N_0024.npy,13.267331,-5.471587,0.21213463,-12.437968,0.99999785,7.274284e-09,2.1389428e-06,6.8600837e-12,N,N
CF09_Hindi_N_0018.npy,33.753246,-12.815629,-5.4828095,-27.573982,1.0,5.962039e-21,9.120042e-18,2.3223252e-27,N,N
CM16_Hindi_N_0066.npy,15.9868765,-6.8375707,-1.0309737,-13.030442,1.0,1.2231179e-10,4.066692e-08,2.4999919e-13,N,N
CM03_English_N_0106.npy,27.18885,-8.143136,-2.7278278,-25.10253,1.0,4.523907e-16,1.01707285e-13,1.9504797e-23,N,N
CM16_Hindi_N_0012.npy,24.981367,-12.733606,2.9702542,-22.890394,1.0,4.1744106e-17,2.7586425e-10,1.6201613e-21,N,N
CM03_English_N_0079.npy,38.949265,-17.308002,-5.1168933,-29.40449,1.0,3.6964035e-25,7.2830054e-20,2.0622563e-30,N,N
CF09_Hindi_N_0033.npy,31.047628,-13.791237,0.7583946,-27.142727,1.0,3.3630042e-20,7.007333e-14,5.348729e-26,N,N
CM38_English_N_0124.npy,16.611094,-7.097995,-2.2356367,-13.468621,1.0,5.0497998e-11,6.5308465e-09,8.6406305e-14,N,N
CF09_Hindi_N_0008.npy,27.877455,-13.956966,-4.800247,-21.84088,1.0,6.784886e-19,6.4306305e-15,2.556241e-22,N,N
CF14_Gujarati_N_0039.npy,17.57427,-5.8230114,-0.6163732,-17.395075,1.0,6.897468e-11,1.2586471e-08,6.5013924e-16,N,N
CM05_Hindi_N_0017.npy,9.185775,3.3776522,-1.1661512,-13.969583,0.9969741,0.0029939758,3.1834614e-05,8.758706e-11,N,N
CM05_English_N_0037.npy,17.981686,-2.82596,-0.344906,-21.184553,1.0,9.19082e-10,1.0986578e-08,9.779563e-18,N,N
CF14_Gujarati_N_0029.npy,16.396915,-8.404771,3.2146251,-16.688637,0.9999981,1.6934176e-11,1.8836635e-06,4.276874e-15,N,N
CM05_Hindi_N_0123.npy,17.687357,-3.6042535,-1.2045572,-18.932495,1.0,5.664622e-10,6.2423173e-09,1.2479614e-16,N,N
CF09_English_N_0048.npy,24.66346,-9.5675125,3.4663634,-26.746365,1.0,1.3604345e-15,6.2261307e-10,4.7097404e-23,N,N
CF09_English_N_0050.npy,24.809797,-11.702711,-0.29488477,-20.465965,1.0,1.3893737e-16,1.2507622e-11,2.1726278e-20,N,N
CM38_English_N_0029.npy,22.384916,-4.2085085,-7.5537596,-18.423986,1.0,2.822422e-12,9.949441e-14,1.8919897e-18,N,N
CF02_Gujarati_N_0019.npy,19.372473,-7.3835144,-0.028492477,-18.225395,1.0,2.3989567e-12,3.7520453e-09,4.6930218e-17,N,N
CF14_English_N_0038.npy,17.74714,-9.188943,-0.6038715,-15.133988,1.0,2.0035815e-12,1.0721518e-08,5.2469456e-15,N,N
CM38_English_N_0129.npy,31.669765,-10.248995,-4.147593,-28.080933,1.0,6.2360976e-19,2.784314e-16,1.1235737e-26,N,N
CF04_English_N_0100.npy,22.535208,-11.372961,-3.1185768,-15.863022,1.0,1.8787517e-15,7.2227615e-12,2.1079482e-17,N,N
CF14_English_N_0014.npy,11.2618,-1.4981134,1.066724,-14.719766,0.9999598,2.873575e-06,3.73523e-05,5.203937e-12,N,N
CF02_English_N_0066.npy,21.330599,-7.259884,-1.6356711,-19.064837,1.0,3.830991e-13,1.0613912e-10,2.860786e-18,N,N
CF14_Gujarati_N_0072.npy,8.700408,-1.723547,1.0785083,-10.014226,0.999481,2.9696714e-05,0.00048935675,7.4492457e-09,N,N
CM35_English_N_0080.npy,28.30346,-11.857771,-3.7520216,-23.444162,1.0,3.6157516e-18,1.1980681e-14,3.3596523e-23,N,N
CF02_English_N_0012.npy,20.042679,-9.79354,-0.9018301,-15.712205,1.0,1.1022862e-13,8.015213e-10,2.963819e-16,N,N
CM16_Hindi_N_0068.npy,17.354567,-10.106107,0.4323589,-13.057189,1.0,1.185716e-12,4.4748546e-08,6.199302e-14,N,N
CM30_English_N_0047.npy,18.042366,2.0128162,-6.193379,-20.074465,0.9999999,1.0925833e-07,2.9822898e-11,2.7930035e-17,N,N
CM30_Gujarati_N_0059.npy,18.24214,-3.946581,-1.6759038,-18.643566,1.0,2.3097291e-10,2.2371947e-09,9.5662624e-17,N,N
CF02_English_N_0019.npy,12.075109,-3.648167,-0.41195264,-13.325051,0.99999607,1.4841119e-07,3.775169e-06,9.3078436e-12,N,N
CF09_Hindi_N_0075.npy,20.507269,-6.8959637,-2.5277321,-18.624754,1.0,1.2558198e-12,9.908909e-11,1.0119951e-17,N,N
CM24_Gujarati_N_0020.npy,25.254133,-10.021616,-0.56204575,-21.923458,1.0,4.7856043e-16,6.140105e-12,3.2436446e-21,N,N
CF18_English_N_0054.npy,31.243017,-14.355667,-5.276429,-21.621506,1.0,1.5730487e-20,1.3797664e-16,1.0995844e-23,N,N
CM16_Hindi_N_0049.npy,32.71574,-17.690165,-4.6020637,-21.306328,1.0,1.2852656e-22,6.2098957e-17,3.4555243e-24,N,N
CF04_Hindi_N_0099.npy,26.882576,-14.637198,-0.5799427,-23.094925,1.0,9.293743e-19,1.183531e-12,1.9726368e-22,N,N
CF04_Hindi_N_0017.npy,25.755247,-8.663763,-0.582463,-25.712145,1.0,1.1272332e-15,3.644837e-12,4.4462684e-23,N,N
CF09_English_N_0012.npy,31.524355,-12.334327,-1.8929412,-26.717493,1.0,8.9622486e-20,3.0693905e-15,5.08027e-26,N,N
CM05_English_N_0091.npy,20.875364,-5.6709366,-2.4926012,-20.113276,1.0,2.958612e-12,7.102667e-11,1.580738e-18,N,N
CM05_English_N_0010.npy,9.522445,0.19170469,1.5863765,-14.651891,0.99955386,8.861706e-05,0.00035745028,3.1697547e-11,N,N
CM35_English_N_0095.npy,33.814404,-11.191522,-2.7355433,-30.875874,1.0,2.8456105e-20,1.3383208e-16,8.042103e-29,N,N
CF04_English_N_0094.npy,19.089441,-10.058332,0.67489505,-16.704363,1.0,2.1942328e-13,1.0061527e-08,2.8506793e-16,N,N
CM30_Gujarati_N_0061.npy,22.18395,-4.562024,-3.7040582,-21.490242,1.0,2.4230951e-12,5.714535e-12,1.0778006e-19,N,N
CM38_English_N_0025.npy,27.650524,-13.687734,-0.7740114,-21.575317,1.0,1.1143539e-18,4.5225247e-13,4.1830078e-22,N,N
CM24_Gujarati_N_0061.npy,15.93563,-6.011002,0.22327557,-14.337799,0.9999999,2.942379e-10,1.5004137e-07,7.118958e-14,N,N
CM30_Gujarati_N_0040.npy,20.523195,-1.7402314,-7.257618,-19.735064,1.0,2.1434679e-10,8.608869e-13,3.281409e-18,N,N
CM03_English_N_0093.npy,29.337734,-12.369598,-5.741911,-21.46555,1.0,7.7043426e-19,5.822433e-16,8.63802e-23,N,N
CM24_Gujarati_N_0034.npy,10.638838,-2.455642,-0.17654565,-10.74823,0.9999778,2.0565067e-06,2.0087635e-05,5.148786e-10,N,N
CF09_English_N_0029.npy,22.232458,-11.423903,-3.1391275,-16.815931,1.0,2.416731e-15,9.577679e-12,1.10027164e-17,N,N
CF09_English_N_0055.npy,30.234247,-10.284634,-1.2866911,-30.367096,1.0,2.5285573e-18,2.044703e-14,4.7992337e-27,N,N
CM05_English_N_0029.npy,18.630575,-2.3912618,-1.6374038,-21.779238,1.0,7.4187734e-10,1.576626e-09,2.8199489e-18,N,N
CM03_English_N_0105.npy,30.632484,-17.045847,-3.727242,-19.72635,1.0,1.9659145e-21,1.1960811e-15,1.347214e-22,N,N
CM38_English_N_0101.npy,28.758112,-10.140563,-0.6258652,-26.882807,1.0,1.2779696e-17,1.732609e-13,6.8463014e-25,N,N
CM05_Hindi_N_0119.npy,19.81926,-7.0538106,1.7140884,-20.370615,1.0,2.1339e-12,1.3709576e-08,3.5136627e-18,N,N
CM03_English_N_0002.npy,9.372001,-2.2386699,-0.8814988,-9.171494,0.99995565,9.0684025e-06,3.5232406e-05,8.843886e-09,N,N
CM16_Hindi_N_0013.npy,35.564304,-17.9703,-2.820705,-24.61226,1.0,5.626206e-24,2.136004e-17,7.3392044e-27,N,N
CF09_English_N_0043.npy,26.827658,-12.486274,-2.3174021,-21.142656,1.0,8.436784e-18,2.2001964e-13,1.4681056e-21,N,N
CF02_English_N_0099.npy,29.547459,-11.229742,0.03311691,-26.444044,1.0,1.952934e-18,1.520843e-13,4.8217e-25,N,N
CF04_Hindi_N_0048.npy,21.80499,-12.80305,1.2272586,-16.506262,1.0,9.330808e-16,1.1566568e-09,2.2995054e-17,N,N
CF14_Hindi_N_0030.npy,19.932375,-14.625582,0.72478265,-13.820357,1.0,9.810025e-16,4.5524877e-09,2.1946994e-15,N,N
CM24_Gujarati_N_0050.npy,21.356825,-8.696914,0.09080741,-19.714256,1.0,8.8680385e-14,5.811467e-10,1.4556443e-18,N,N
CF09_Hindi_N_0160.npy,23.982794,-10.999383,-3.1567655,-16.823114,1.0,6.418496e-16,1.6347048e-12,1.8976636e-18,N,N
CF14_Hindi_N_0111.npy,17.74913,-9.341132,0.49493596,-16.27956,1.0,1.7173077e-12,3.2106918e-08,1.6654345e-15,N,N
CF09_Hindi_N_0071.npy,24.101662,-11.441519,-4.3213453,-16.887375,1.0,3.6626216e-16,4.5294397e-13,1.5801111e-18,N,N
CF09_Hindi_N_0085.npy,22.763182,-6.8578763,-4.232879,-19.09955,1.0,1.3669045e-13,1.8869463e-12,6.5954817e-19,N,N
CM38_English_N_0068.npy,29.379877,-7.749032,-5.221549,-25.735527,1.0,7.5010015e-17,9.392732e-16,1.1579371e-24,N,N
CF09_Hindi_N_0044.npy,28.917078,-15.130145,-4.398013,-22.303883,1.0,7.4222315e-20,3.3996968e-15,5.688773e-23,N,N
CM16_Hindi_N_0051.npy,33.51957,-17.907978,-4.9177394,-21.497309,1.0,4.6270046e-23,2.0271631e-17,1.2778334e-24,N,N
CM35_English_N_0059.npy,25.396618,-7.3333936,0.20262465,-25.915672,1.0,6.102908e-15,1.1439e-11,5.192249e-23,N,N
CF20_Gujarati_N_0038.npy,36.63544,-15.331626,-2.0579827,-30.569218,1.0,2.6976727e-23,1.5691317e-17,6.507103e-30,N,N
CM30_English_N_0020.npy,12.807448,2.8010674,-5.7765636,-14.023227,0.99995494,4.5109122e-05,8.492723e-09,2.2262108e-12,N,N
CM30_Gujarati_N_0054.npy,18.096676,-1.752746,-5.641513,-17.76548,1.0,2.3961022e-09,4.904957e-11,2.6623405e-16,N,N
CF09_English_N_0021.npy,29.717222,-12.309514,-0.16283146,-25.83403,1.0,5.597833e-19,1.0550116e-13,7.4885343e-25,N,N
CM24_Gujarati_N_0042.npy,15.189125,-7.8179965,-1.5762776,-10.530783,1.0,1.01890545e-10,5.23454e-08,6.7606116e-12,N,N
CM16_Hindi_N_0053.npy,31.101557,-14.045275,0.36659846,-26.96918,1.0,2.4716113e-20,4.487217e-14,6.028369e-26,N,N
CF14_Hindi_N_0144.npy,15.638075,-5.2200317,0.24547783,-14.477571,0.99999976,8.738548e-10,2.06576e-07,8.335677e-14,N,N
CM27_Gujarati_N_0056.npy,10.305057,-3.1264155,1.7131197,-12.776253,0.999813,1.4679277e-06,0.00018556153,9.458736e-11,N,N
CM05_Hindi_N_0060.npy,13.588229,-3.8326235,0.12642846,-13.847015,0.99999857,2.7178105e-08,1.42434e-06,1.2162523e-12,N,N
CM05_English_N_0004.npy,16.486002,-5.6116304,0.8182621,-17.441664,0.9999999,2.5299954e-10,1.5688701e-07,1.8424764e-15,N,N
CM03_English_N_0060.npy,19.40493,-9.367007,-0.11387357,-15.074591,1.0,3.1952582e-13,3.334962e-09,1.0610444e-15,N,N
CF04_English_N_0018.npy,18.240458,-7.1728654,3.1271753,-19.651358,0.99999976,9.186163e-12,2.731397e-07,3.497789e-17,N,N
CF04_English_N_0065.npy,20.2798,-8.102891,-1.2960238,-17.046474,1.0,4.7157867e-13,4.2632262e-10,6.1575053e-17,N,N
CF02_English_N_0055.npy,12.716432,0.12252754,-0.7912109,-15.29014,0.99999535,3.3926165e-06,1.3605148e-06,6.869071e-13,N,N
CM05_Hindi_N_0042.npy,8.006232,0.27496552,3.139696,-14.50928,0.9919268,0.0004353445,0.0076378267,1.6524063e-10,N,N
CF14_English_N_0015.npy,9.832055,-1.6635047,2.9558442,-14.515229,0.99895895,1.0164582e-05,0.0010309725,2.6647495e-11,N,N
CF02_English_N_0071.npy,22.244162,-8.254346,-0.4308832,-21.308035,1.0,5.684157e-14,1.4202116e-10,1.217647e-19,N,N
CF04_English_N_0008.npy,18.827507,-9.011274,2.4953246,-18.152626,0.9999999,8.124017e-13,8.0727865e-08,8.7042674e-17,N,N
CM38_English_N_0040.npy,17.76528,-4.426062,-1.9693314,-17.184313,1.0,2.3036839e-10,2.6876155e-09,6.6310885e-16,N,N
CM16_Hindi_N_0075.npy,17.063894,-8.171664,1.0378276,-16.645922,0.9999999,1.0973282e-11,1.09639736e-07,2.2909357e-15,N,N
CF02_Gujarati_N_0023.npy,16.277557,-8.945302,-0.36622903,-14.184692,1.0,1.1113523e-11,5.9114747e-08,5.894039e-14,N,N
CM35_English_N_0010.npy,15.492621,-5.216737,0.6999341,-17.107609,0.99999964,1.0140044e-09,3.7637201e-07,6.9486322e-15,N,N
CM38_English_N_0090.npy,32.87174,-14.646292,-4.7663875,-23.159979,1.0,2.307717e-21,4.5078498e-17,4.631644e-25,N,N
CF04_Hindi_N_0109.npy,25.515507,-13.4005575,0.20025656,-20.164473,1.0,1.2559363e-17,1.0132729e-11,1.4502332e-20,N,N
CF09_English_N_0053.npy,28.100286,-14.358621,-2.388613,-20.428404,1.0,3.6335446e-19,5.739041e-14,8.39958e-22,N,N
CF09_Hindi_N_0090.npy,16.310896,-6.111093,-0.025173094,-15.821193,0.9999999,1.8291682e-10,8.041467e-08,1.1097152e-14,N,N
CF14_Hindi_N_0121.npy,15.557292,-11.094564,2.0746863,-13.520339,0.99999857,2.66223e-12,1.3950122e-06,2.3536652e-13,N,N
CF02_English_N_0031.npy,20.263628,-6.746156,-0.8618635,-19.139627,1.0,1.861228e-12,6.688294e-10,7.7158465e-18,N,N
CF09_English_N_0028.npy,29.882471,-15.888318,-2.5632584,-22.870562,1.0,1.32433676e-20,8.109597e-15,1.22927485e-23,N,N
CF20_Gujarati_N_0070.npy,29.184587,-13.984379,-1.634434,-21.34195,1.0,1.7863038e-19,4.1254292e-14,1.1392122e-22,N,N
CF02_English_N_0033.npy,16.043776,-5.63034,-1.0033349,-14.175167,1.0,3.8641232e-10,3.9494296e-08,7.5176126e-14,N,N
CM05_English_N_0031.npy,18.931932,-5.2118273,-3.6927812,-17.358381,1.0,3.2696252e-11,1.4935218e-10,1.73507e-16,N,N
CF18_English_N_0015.npy,35.401905,-15.345349,-3.9307764,-26.512602,1.0,9.135827e-23,8.280075e-18,1.2908392e-27,N,N
CF04_Hindi_N_0078.npy,32.52795,-16.374443,0.9545932,-26.506674,1.0,5.7804334e-22,1.9402847e-14,2.2992667e-26,N,N
CF02_Gujarati_N_0028.npy,13.617665,-4.828955,0.24055079,-12.940751,0.99999845,9.743919e-09,1.5502168e-06,2.9229787e-12,N,N
CM05_Hindi_N_0034.npy,19.382364,-4.4726696,-2.887972,-19.958405,1.0,4.364057e-11,2.1287071e-10,8.213382e-18,N,N
CM03_English_N_0007.npy,20.02794,-7.557981,-0.3681973,-17.28947,1.0,1.0461313e-12,1.3869799e-09,6.2123124e-17,N,N
CF04_Hindi_N_0071.npy,16.24143,-6.8340163,-0.58374214,-14.48063,1.0,9.5161365e-11,4.930835e-08,4.5454654e-14,N,N
CF20_Gujarati_N_0058.npy,22.743418,-11.26615,-3.9931123,-16.23993,1.0,1.6975892e-15,2.44609e-12,1.174217e-17,N,N
CM38_English_N_0100.npy,20.666761,-8.50479,-1.1933815,-17.131594,1.0,2.142676e-13,3.2081912e-10,3.8404573e-17,N,N
CF04_Hindi_N_0132.npy,13.216428,-5.9746428,-0.04992571,-11.4213295,0.9999982,4.6283177e-09,1.7317893e-06,1.9950675e-11,N,N
CM03_English_N_0070.npy,36.86264,-16.080423,-6.3482337,-25.723347,1.0,1.0165305e-23,1.7129964e-19,6.595552e-28,N,N
CF02_Gujarati_N_0066.npy,18.748024,-4.385054,1.6691316,-20.497364,1.0,8.9832204e-11,3.825882e-08,9.035341e-18,N,N
CF02_English_N_0036.npy,10.047902,0.38476247,2.7153676,-16.51848,0.99928313,6.353901e-05,0.00065344514,2.8977094e-12,N,N
CF02_English_N_0040.npy,15.222056,-1.9653729,-0.62333214,-17.716873,0.9999999,3.432371e-08,1.3135156e-07,4.9522688e-15,N,N
CF14_Hindi_N_0067.npy,15.251738,-9.737846,3.0420291,-14.246124,0.999995,1.40332876e-11,4.98183e-06,1.5461058e-13,N,N
CM03_English_N_0078.npy,27.607683,-9.8259115,-4.6644616,-22.291485,1.0,5.5309127e-17,9.6468565e-15,2.1333684e-22,N,N
CF09_Hindi_N_0144.npy,26.843561,-10.691316,-1.909045,-22.38366,1.0,4.9981548e-17,3.2576326e-13,4.1772512e-22,N,N
CF04_English_N_0015.npy,26.60517,-13.14568,-0.9205154,-22.12745,1.0,5.4503563e-18,1.1110847e-12,6.850022e-22,N,N
CM30_English_N_0053.npy,21.575617,-6.9513726,-3.0626855,-19.558205,1.0,4.0821234e-13,1.993983e-11,1.3671279e-18,N,N
CM27_Gujarati_N_0064.npy,16.94853,-10.831824,2.4602897,-14.442662,0.9999995,8.612823e-13,5.1031344e-07,2.3279718e-14,N,N
CM16_Hindi_N_0086.npy,23.32259,-12.374969,-1.5819074,-17.317924,1.0,3.1386793e-16,1.5279682e-11,2.2389732e-18,N,N
CM30_English_N_0012.npy,22.659363,-4.3997993,-5.2581987,-20.339596,1.0,1.7715572e-12,7.5085744e-13,2.1173349e-19,N,N
CF04_English_N_0024.npy,25.726046,-12.606037,-0.31766096,-21.16963,1.0,2.2520975e-17,4.8905966e-12,4.2999837e-21,N,N
CF14_Gujarati_N_0022.npy,16.936014,-9.937749,1.6893675,-14.763107,0.99999976,2.1324186e-12,2.390371e-07,1.7109857e-14,N,N
CF20_Gujarati_N_0034.npy,36.879578,-17.269575,-4.615752,-26.688625,1.0,3.043133e-24,9.523724e-19,2.469905e-28,N,N
CM05_English_N_0020.npy,24.834234,-5.4283075,-0.30582586,-27.907463,1.0,7.196887e-14,1.2072869e-11,1.2432861e-23,N,N
CM05_English_N_0027.npy,18.794832,-5.358597,-1.1919794,-19.832514,1.0,3.2381656e-11,2.088515e-09,1.6763192e-17,N,N
CF09_Hindi_N_0030.npy,29.636675,-15.0386915,-2.328347,-21.915375,1.0,3.960366e-20,1.3114982e-14,4.0853582e-23,N,N
CM03_English_N_0033.npy,15.999877,-7.4892735,-0.36127904,-15.5237,0.9999999,6.292038e-11,7.8422374e-08,2.0393162e-14,N,N
CM03_English_N_0020.npy,23.043634,-9.0476265,-1.158221,-21.895159,1.0,1.155957e-14,3.0850916e-11,3.0431975e-20,N,N
CM05_English_N_0069.npy,12.352903,-4.7237844,0.32695946,-13.705741,0.99999404,3.8343043e-08,5.986823e-06,4.818062e-12,N,N
CM03_English_N_0101.npy,35.905476,-13.53081,-0.38891986,-32.86932,1.0,3.3891704e-22,1.7280024e-16,1.3535859e-30,N,N
CF04_Hindi_N_0091.npy,28.915953,-13.402914,-1.8268249,-24.489887,1.0,4.1797442e-19,4.4522715e-14,6.3993998e-24,N,N
CM30_Gujarati_N_0049.npy,15.854495,0.7874759,-4.2548985,-17.637152,0.99999976,2.8607275e-07,1.8475704e-09,2.8494625e-15,N,N
CF02_English_N_0060.npy,14.331766,-3.8092504,-0.117195815,-14.637239,0.9999995,1.3226856e-08,5.307564e-07,2.6237384e-13,N,N
CF14_Hindi_N_0109.npy,14.457635,-9.2690935,1.1720325,-12.777779,0.99999833,4.9614892e-11,1.6987732e-06,1.4852852e-12,N,N
CF14_Gujarati_N_0066.npy,19.274733,-8.8376875,1.1518523,-16.450464,1.0,6.179189e-13,1.3468922e-08,3.053122e-16,N,N
CF09_Hindi_N_0130.npy,31.608025,-17.22127,-0.90979195,-24.291002,1.0,6.2188175e-22,7.545579e-15,5.2888583e-25,N,N
CM05_Hindi_N_0020.npy,28.904379,-8.865061,-2.771348,-28.071741,1.0,3.953127e-17,1.751484e-14,1.8012977e-25,N,N
CF04_Hindi_N_0092.npy,24.51896,-13.860018,-1.9386581,-17.86965,1.0,2.1489252e-17,3.232974e-12,3.898165e-19,N,N
CF18_English_N_0019.npy,29.422144,-13.998212,-3.855222,-22.54219,1.0,1.3892444e-19,3.530395e-15,2.705061e-23,N,N
CF14_Gujarati_N_0058.npy,17.152918,-6.818634,-0.5807601,-14.606403,1.0,3.8840722e-11,1.9877472e-08,1.6110241e-14,N,N
CM30_Gujarati_N_0065.npy,16.628916,-4.035445,1.7295655,-18.592394,0.99999964,1.060675e-09,3.38294e-07,5.0533504e-16,N,N
CF02_Gujarati_N_0050.npy,22.013231,-6.591985,-1.3741833,-21.166695,1.0,3.7749578e-13,6.9658605e-11,1.7668402e-19,N,N
CF18_English_N_0024.npy,34.84762,-17.032497,-2.5956182,-26.756884,1.0,2.9427415e-23,5.4778312e-17,1.7599716e-27,N,N
CM38_English_N_0088.npy,26.113617,-12.030076,-2.9964359,-19.94676,1.0,2.718974e-17,2.278584e-13,9.913604e-21,N,N
CF14_Hindi_N_0096.npy,17.411367,-7.1501317,1.2339431,-17.366493,0.9999999,2.1531617e-11,9.4239766e-08,7.87347e-16,N,N
CF09_Hindi_N_0088.npy,20.282843,-6.8021865,1.2059793,-20.732218,1.0,1.7263192e-12,5.1882862e-09,1.5395208e-18,N,N
CF14_English_N_0039.npy,17.993685,-10.008484,-0.7303468,-13.880879,1.0,6.8994214e-13,7.383401e-09,1.4356622e-14,N,N
CM05_Hindi_N_0059.npy,11.155698,-2.8025491,-0.48891142,-12.573888,0.99999034,8.66974e-07,8.766096e-06,4.9472936e-11,N,N
CM16_Hindi_N_0079.npy,20.65664,-6.757033,1.7267177,-20.369232,1.0,1.2427786e-12,6.0095133e-09,1.522967e-18,N,N
CM03_English_N_0094.npy,25.898724,-11.717237,0.4611971,-22.226715,1.0,4.608892e-17,8.966492e-12,1.2571513e-21,N,N
CF02_English_N_0065.npy,23.232725,-7.923401,2.5592258,-23.258297,1.0,2.9448717e-14,1.0510249e-09,6.4447556e-21,N,N
CM05_Hindi_N_0099.npy,17.215387,1.3570973,-1.6211861,-23.458612,0.9999999,1.2966784e-07,6.597515e-09,2.1652412e-18,N,N
CF18_English_N_0016.npy,29.555677,-16.0601,-5.4492707,-20.656874,1.0,1.546394e-20,6.273998e-16,1.559431e-22,N,N
CM05_English_N_0051.npy,10.796224,-4.5981426,1.8981395,-12.624093,0.99986315,2.0618272e-07,0.0001366317,6.7394784e-11,N,N
CM03_English_N_0024.npy,17.69126,-3.6692107,-3.127076,-16.928034,1.0,5.287688e-10,9.093104e-10,9.226394e-16,N,N
CM38_English_N_0043.npy,22.026175,-8.533988,-4.0160756,-17.657684,1.0,5.344295e-14,4.897728e-12,5.8279825e-18,N,N
CF04_Hindi_N_0073.npy,14.094584,-7.804026,4.6390924,-16.400635,0.9999218,3.0868824e-10,7.8252466e-05,5.702433e-14,N,N
CF04_Hindi_N_0081.npy,26.3088,-12.21913,3.235138,-24.618212,1.0,1.8515356e-17,9.533141e-11,7.6327455e-23,N,N
CM05_Hindi_N_0041.npy,11.965179,-2.3213358,1.4059345,-16.01579,0.9999734,6.2435805e-07,2.5951746e-05,7.047051e-13,N,N
CF02_English_N_0083.npy,24.642252,-11.624955,-1.6373492,-19.726858,1.0,1.7756266e-16,3.8629035e-12,5.37948e-20,N,N
CM03_English_N_0092.npy,23.58407,-11.816541,-3.6250865,-17.473759,1.0,4.2238608e-16,1.5248027e-12,1.4750632e-18,N,N
CF20_Gujarati_N_0004.npy,23.188974,-12.623879,1.3628513,-18.66126,1.0,2.796886e-16,3.3192163e-10,6.678422e-19,N,N
CF18_English_N_0046.npy,35.344067,-17.251093,-4.5143733,-25.62512,1.0,1.4394998e-23,4.894398e-18,3.3221517e-27,N,N
CF04_Hindi_N_0102.npy,21.716825,-11.420857,3.376754,-20.923113,1.0,4.059633e-15,1.0839481e-08,3.0318664e-19,N,N
CF18_English_N_0042.npy,27.371365,-13.435456,-4.9056287,-18.228903,1.0,1.8959344e-18,9.600197e-15,1.5705665e-20,N,N
CF02_English_N_0073.npy,28.49546,-12.533133,-2.0229173,-22.801743,1.0,1.5188246e-18,5.5723336e-14,5.271179e-23,N,N
CF14_Hindi_N_0022.npy,17.365828,-9.0314045,-0.17029133,-14.722175,1.0,3.4342173e-12,2.4219217e-08,1.1597333e-14,N,N
CM27_Gujarati_N_0026.npy,13.040566,-5.9146004,0.86218166,-12.163623,0.9999949,5.8596794e-09,5.1403476e-06,1.1322894e-11,N,N
CF18_English_N_0006.npy,27.40547,-11.514124,-2.393969,-22.996296,1.0,1.2515124e-17,1.1435846e-13,1.2906012e-22,N,N
CF04_English_N_0023.npy,28.689388,-16.161133,-0.19919124,-22.368345,1.0,3.3240398e-20,2.843472e-13,6.697441e-23,N,N
CF14_Hindi_N_0123.npy,13.993476,-8.804564,2.7784283,-13.767798,0.9999865,1.2558304e-10,1.3469787e-05,8.778613e-13,N,N
CF04_Hindi_N_0022.npy,31.021143,-16.744177,-3.2966542,-22.193735,1.0,1.8021263e-21,1.2472957e-15,7.745903e-24,N,N
CM03_English_N_0086.npy,25.22637,-11.414549,-4.103717,-17.738903,1.0,1.2219436e-16,1.8285448e-13,2.189878e-19,N,N
CM38_English_N_0007.npy,21.679132,-8.747634,-0.9288492,-18.721817,1.0,6.10694e-14,1.5187207e-10,2.8450598e-18,N,N
CF14_Gujarati_N_0060.npy,12.3474,-2.8348958,3.0019317,-15.152565,0.9999124,2.5490283e-07,8.7352746e-05,1.1399311e-12,N,N
CF04_English_N_0047.npy,11.281697,-7.0996885,3.998202,-13.642462,0.9993137,1.03936335e-08,0.0006863098,1.4971894e-11,N,N
CF14_Hindi_N_0013.npy,21.058764,-8.463965,-0.43774083,-18.327545,1.0,1.5081418e-13,4.6151624e-10,7.847735e-18,N,N
CM38_English_N_0135.npy,25.801386,-13.22534,-1.8868306,-18.380135,1.0,1.12436775e-17,9.444088e-13,6.489486e-20,N,N
CM35_English_N_0046.npy,9.749689,-3.1327856,1.9103359,-13.473426,0.9996038,2.5412076e-06,0.0003937677,8.206494e-11,N,N
CM38_English_N_0019.npy,20.05891,-6.873829,-0.27840796,-19.352692,1.0,2.0102958e-12,1.4710073e-09,7.651714e-18,N,N
CF14_English_N_0025.npy,21.20466,-9.4510145,0.54625154,-19.660112,1.0,4.857468e-14,1.0670062e-09,1.7891826e-18,N,N
CM16_Hindi_N_0088.npy,22.846727,-14.57505,0.53593946,-18.930273,1.0,5.596664e-17,2.044317e-10,7.1858684e-19,N,N
CM05_English_N_0083.npy,16.652025,-0.14983934,-3.774634,-18.53365,1.0,5.047112e-08,1.3452868e-09,5.236665e-16,N,N
CF09_English_N_0017.npy,18.124243,-4.409487,-0.24932614,-18.88553,1.0,1.6357826e-10,1.04823865e-08,8.450058e-17,N,N
CM16_Hindi_N_0039.npy,30.685781,-14.450528,-0.8771701,-24.659948,1.0,2.4977523e-20,1.9605779e-14,9.197185e-25,N,N
CF02_Gujarati_N_0004.npy,17.129284,-5.14746,-4.0811677,-14.808213,1.0,2.1151085e-10,6.143532e-10,1.3480986e-14,N,N
CM05_Hindi_N_0094.npy,14.401472,-5.146299,0.63504994,-16.806057,0.9999989,3.2397407e-09,1.0503119e-06,2.7973182e-14,N,N
CF04_Hindi_N_0054.npy,22.02017,-8.787916,2.3219326,-20.89932,1.0,4.170788e-14,2.787172e-09,2.292461e-19,N,N
CM35_English_N_0033.npy,13.870418,-2.1406724,1.9228655,-18.45662,0.99999344,1.11293396e-07,6.475024e-06,9.131518e-15,N,N
CF20_Gujarati_N_0047.npy,39.573563,-16.722538,-4.9841533,-32.26913,1.0,3.5556103e-25,4.454815e-20,6.296701e-32,N,N
CF14_Hindi_N_0035.npy,29.559399,-15.448614,0.4400092,-23.759415,1.0,2.839679e-20,2.2574088e-13,6.9812565e-24,N,N
CF14_Hindi_N_0141.npy,19.872719,-9.088183,-1.1629524,-16.056171,1.0,2.6450847e-13,7.316849e-10,2.4904696e-16,N,N
CM05_English_N_0013.npy,19.589952,-4.8640413,-4.4606757,-18.970678,1.0,2.3975353e-11,3.588762e-11,1.7919705e-17,N,N
CF18_English_N_0007.npy,22.21122,-9.97275,-1.3425822,-17.637142,1.0,1.0536115e-14,5.8981195e-11,4.943975e-18,N,N
CF09_Hindi_N_0072.npy,24.064463,-9.22219,-1.1647663,-20.620195,1.0,3.4977669e-15,1.1042949e-11,3.9237345e-20,N,N
CF04_English_N_0011.npy,22.146563,-13.261656,0.6228148,-18.335674,1.0,4.1918544e-16,4.491122e-10,2.6229324e-18,N,N
CF02_English_N_0001.npy,5.820139,-2.852527,5.5703654,-11.744137,0.5620667,9.622702e-05,0.43783712,1.3234874e-08,N,N
CF09_Hindi_N_0043.npy,29.117102,-14.211802,-4.073472,-19.58166,1.0,1.5222866e-19,3.8504953e-15,7.0859293e-22,N,N
CF09_Hindi_N_0153.npy,18.694769,-9.638289,1.2565597,-16.053917,1.0,4.9557515e-13,2.6710488e-08,8.106561e-16,N,N
CF09_Hindi_N_0165.npy,24.287271,-11.527272,0.87162244,-21.758049,1.0,2.7921636e-16,6.771933e-11,1.0064037e-20,N,N
CM38_English_N_0011.npy,20.274656,-6.246082,-2.563867,-19.036936,1.0,3.0352157e-12,1.2060217e-10,8.456536e-18,N,N
CM35_English_N_0064.npy,30.264448,-11.338073,-3.4634628,-24.187819,1.0,8.555692e-19,2.2498497e-15,2.2474036e-24,N,N
CF04_English_N_0006.npy,17.849802,-5.2555027,2.430902,-19.511898,0.99999976,9.236205e-11,2.0121341e-07,5.94318e-17,N,N
CF14_Gujarati_N_0052.npy,11.208411,-6.777556,1.7569009,-10.802779,0.99992144,1.5443986e-08,7.8564626e-05,2.75821e-10,N,N
CF09_Hindi_N_0147.npy,21.02033,-9.905827,2.8200545,-20.2891,1.0,3.706301e-14,1.2465819e-08,1.1469413e-18,N,N
CF02_Gujarati_N_0038.npy,30.814404,-14.489171,1.6260027,-28.369076,1.0,2.1130413e-20,2.1068753e-13,1.9812602e-26,N,N
CM05_English_N_0072.npy,26.857473,-9.400065,-1.0719808,-25.638992,1.0,1.7928808e-16,7.419795e-13,1.5888168e-23,N,N
CF20_Gujarati_N_0025.npy,25.335108,-11.611976,-2.0542133,-19.417221,1.0,8.9967565e-17,1.273413e-12,3.6670038e-20,N,N
CM38_English_N_0045.npy,22.553118,-8.4628,-3.5608134,-20.049633,1.0,3.388111e-14,4.558937e-12,3.1467308e-19,N,N
CM38_English_N_0003.npy,20.334305,-7.517385,-2.3828244,-15.803191,1.0,8.019819e-13,1.361684e-10,2.02155e-16,N,N
CM38_English_N_0071.npy,26.592028,-11.705409,-1.6136388,-21.79805,1.0,2.3314977e-17,5.62905e-13,9.648442e-22,N,N
CM03_English_N_0072.npy,32.023434,-13.225469,-5.4046736,-23.964302,1.0,2.2317822e-20,5.561336e-17,4.839888e-25,N,N
CF14_Hindi_N_0007.npy,17.333231,-5.471464,0.96834266,-17.681427,0.9999999,1.2475176e-10,7.813019e-08,6.2133816e-16,N,N
CM35_English_N_0070.npy,32.490696,-13.173063,-0.045575883,-29.441761,1.0,1.473948e-20,7.407598e-15,1.2678728e-27,N,N
CM35_English_N_0117.npy,24.045753,-6.9469666,0.77657735,-25.79615,1.0,3.467631e-14,7.8401625e-11,2.2591043e-22,N,N
CF04_Hindi_N_0001.npy,13.414172,-7.292272,0.87385774,-12.716939,0.9999964,1.0169606e-09,3.5793898e-06,4.4812695e-12,N,N
CF04_Hindi_N_0095.npy,29.44575,-15.022193,-2.4687119,-22.226864,1.0,4.8732477e-20,1.3795124e-14,3.6213326e-23,N,N
CM03_English_N_0085.npy,45.138317,-18.770771,-6.3606887,-35.013706,1.0,1.7564496e-28,4.3079094e-23,1.5503102e-35,N,N
CM38_English_N_0020.npy,31.241116,-12.252471,-2.8145316,-26.886066,1.0,1.2911449e-19,1.6211368e-15,5.697517e-26,N,N
CF20_Gujarati_N_0041.npy,30.55219,-14.4274645,-1.0689161,-23.424097,1.0,2.9213496e-20,1.8498122e-14,3.617396e-24,N,N
CF09_Hindi_N_0062.npy,22.916264,-8.919512,-1.5723914,-19.948252,1.0,1.4924453e-14,2.3158597e-11,2.4220143e-19,N,N
CM30_Gujarati_N_0033.npy,16.22093,0.053963006,-8.407543,-15.29821,0.9999999,9.523031e-08,2.0136774e-11,2.0483837e-14,N,N
CF14_Hindi_N_0015.npy,21.798826,-10.338694,0.22463813,-17.200153,1.0,1.1037037e-14,4.270209e-10,1.1560036e-17,N,N
CF20_Gujarati_N_0033.npy,31.185663,-13.441815,-4.3815947,-24.864994,1.0,4.1546258e-20,3.5754984e-16,4.544729e-25,N,N
CF09_Hindi_N_0076.npy,30.305956,-11.715661,-0.81769276,-26.18005,1.0,5.6265637e-19,3.0420805e-14,2.9406178e-25,N,N
CM24_Gujarati_N_0053.npy,11.429075,-4.0852413,2.0646622,-12.662883,0.99991405,1.8288607e-07,8.571358e-05,3.4431714e-11,N,N
CF14_Hindi_N_0001.npy,9.698267,-6.902029,1.1371237,-8.698411,0.9998085,6.173051e-08,0.00019136375,1.024096e-08,N,N
CM30_English_N_0010.npy,20.648687,-7.1116548,-1.8092566,-18.261894,1.0,8.7869225e-13,1.7645717e-10,1.2628399e-17,N,N
CF14_Hindi_N_0139.npy,13.671431,-2.7509422,2.0064666,-15.29444,0.9999913,7.3764994e-08,8.58948e-06,2.6319566e-13,N,N
CF18_English_N_0032.npy,30.850676,-16.911863,-3.4355857,-21.61418,1.0,1.8071447e-21,1.2872574e-15,1.6398454e-23,N,N
CM24_Gujarati_N_0052.npy,21.5305,-8.95133,-2.3866138,-16.727858,1.0,5.779752e-14,4.101373e-11,2.4244111e-17,N,N
CF14_Gujarati_N_0054.npy,24.188929,-10.986392,-0.9753181,-20.116526,1.0,5.291183e-16,1.1784365e-11,5.73305e-20,N,N
CM16_Hindi_N_0026.npy,34.645123,-18.465792,-0.36092296,-25.337482,1.0,8.5945315e-24,6.267109e-16,8.910163e-27,N,N
CM03_English_N_0053.npy,16.4853,-5.5731716,-0.8405241,-15.691323,1.0,2.63104e-10,2.9887524e-08,1.0613769e-14,N,N
CM30_English_N_0059.npy,14.392604,-0.10382742,-5.925746,-13.538937,0.9999995,5.061505e-07,1.4991759e-09,7.404325e-13,N,N
CM03_English_N_0090.npy,27.39851,-12.683799,-4.839397,-18.71071,1.0,3.9126776e-18,9.982854e-15,9.441024e-21,N,N
CM24_Gujarati_N_0048.npy,20.294262,-8.549092,2.5185025,-20.629326,1.0,2.9750264e-13,1.9058385e-08,1.6869866e-18,N,N
CM38_English_N_0030.npy,24.33444,-8.78693,-3.388034,-22.238142,1.0,4.1264108e-15,9.126033e-13,5.939974e-21,N,N
CF02_Gujarati_N_0046.npy,20.096876,-6.5799694,-2.6730669,-17.139399,1.0,2.5965291e-12,1.2916336e-10,6.737385e-17,N,N
CM05_Hindi_N_0126.npy,15.276375,-1.1241759,-2.3875341,-15.91493,0.9999999,7.539303e-08,2.1313824e-08,2.8430746e-14,N,N
CF04_Hindi_N_0117.npy,16.526077,-12.1516695,0.9438987,-12.252562,0.9999999,3.5108572e-13,1.7090156e-07,3.1739195e-13,N,N
CF04_English_N_0067.npy,25.018183,-8.484338,2.5208237,-25.73675,1.0,2.818641e-15,1.6963733e-10,9.065942e-23,N,N
CM16_Hindi_N_0052.npy,35.106342,-14.900659,-1.0809327,-31.592436,1.0,1.9152958e-22,1.9233847e-16,1.0791692e-29,N,N
CF14_Hindi_N_0008.npy,21.85286,-9.814293,2.687251,-20.907011,1.0,1.7665684e-14,4.747691e-09,2.6892017e-19,N,N
CF04_Hindi_N_0029.npy,23.945162,-11.294797,2.2176592,-22.340996,1.0,4.9599804e-16,3.6632403e-10,7.910028e-21,N,N
CM35_English_N_0055.npy,11.480628,-1.5387354,0.22819576,-15.198196,0.99998474,2.2169488e-06,1.2975505e-05,2.591354e-12,N,N
CF02_Gujarati_N_0033.npy,20.206758,-7.2775736,-0.94565934,-18.014801,1.0,1.1579926e-12,6.5106076e-10,2.5152921e-17,N,N
CM30_English_N_0014.npy,19.695581,1.8265928,-5.169652,-22.278576,1.0,1.7361893e-08,1.5891538e-11,5.9000306e-19,N,N
CM30_Gujarati_N_0006.npy,22.191893,-5.833976,-3.0310345,-20.66528,1.0,6.7378357e-13,1.1112761e-11,2.4398747e-19,N,N
CF02_Gujarati_N_0062.npy,19.25968,-4.7260084,-1.3781759,-17.717508,1.0,3.8295554e-11,1.0891639e-09,8.72994e-17,N,N
CF04_Hindi_N_0108.npy,26.67305,-13.887977,2.7922187,-24.433905,1.0,2.4242062e-18,4.2529175e-11,6.375743e-23,N,N
CF04_Hindi_N_0008.npy,23.607735,-14.280965,3.8510725,-21.668282,1.0,3.5087086e-17,2.629e-09,2.172081e-20,N,N
CF02_Gujarati_N_0042.npy,22.223614,-6.8234105,-4.0860763,-19.316166,1.0,2.4268218e-13,3.7484057e-12,9.109676e-19,N,N
CF09_Hindi_N_0056.npy,18.256475,-9.509332,1.306174,-15.627211,1.0,8.73902e-13,4.3508823e-08,1.9253165e-15,N,N
CM05_English_N_0097.npy,11.163474,-0.46534032,-0.9519838,-13.463611,0.9999856,8.90561e-06,5.4741586e-06,2.0164466e-11,N,N
CM05_Hindi_N_0038.npy,6.150782,-4.75813,3.001622,-8.970182,0.9588585,1.7541792e-05,0.041123647,2.598982e-07,N,N
CF02_Gujarati_N_0020.npy,13.549788,-2.25264,-0.3193927,-15.195315,0.9999989,1.3711728e-07,9.4774276e-07,3.2821586e-13,N,N
CF04_Hindi_N_0086.npy,25.425016,-15.233629,-1.180045,-17.606897,1.0,2.1987435e-18,2.7897738e-12,2.048695e-19,N,N
CM05_Hindi_N_0081.npy,18.625872,-4.78598,-1.2888167,-19.881062,1.0,6.7976985e-11,2.244713e-09,1.8908217e-17,N,N
CM05_English_N_0032.npy,23.587664,-6.1775513,-1.8894191,-23.733452,1.0,1.1833995e-13,8.618732e-12,2.8099687e-21,N,N
CF02_English_N_0039.npy,14.440099,-7.200134,2.0894535,-13.7737665,0.9999957,3.997282e-10,4.3269424e-06,5.583058e-13,N,N
CM05_Hindi_N_0025.npy,19.993933,-4.4514275,-1.2835709,-22.439487,1.0,2.4183267e-11,5.745098e-10,3.7273536e-19,N,N
CF20_Gujarati_N_0066.npy,31.022467,-17.59731,-0.038839485,-23.592329,1.0,7.668325e-22,3.2377716e-14,1.9102738e-24,N,N
CM38_English_N_0122.npy,26.81436,-10.625324,-1.1999791,-22.699934,1.0,5.4973414e-17,6.815959e-13,3.1348406e-22,N,N
CF02_English_N_0002.npy,6.279661,3.286649,4.6012626,-15.406955,0.80853236,0.04053673,0.1509309,3.085462e-10,N,N
CF04_English_N_0080.npy,28.338903,-14.232177,2.0065658,-24.327944,1.0,3.2479937e-19,3.6644667e-12,1.3399198e-23,N,N
CM30_Gujarati_N_0004.npy,13.345022,3.0240176,-1.1747189,-18.365873,0.9999666,3.2932905e-05,4.9447243e-07,1.6909026e-14,N,N
CF09_Hindi_N_0009.npy,32.948315,-14.018975,-3.560511,-26.225666,1.0,4.0028154e-21,1.3944976e-16,2.000169e-26,N,N
CM35_English_N_0023.npy,14.172751,-2.684294,1.5221287,-17.099333,0.9999968,4.776134e-08,3.2055543e-06,2.622439e-14,N,N
CF14_Hindi_N_0147.npy,11.469443,-5.049277,0.47179386,-10.198439,0.9999832,6.6989e-08,1.6740727e-05,3.8882267e-10,N,N
CF09_English_N_0054.npy,31.29299,-14.873216,-2.5903637,-24.592392,1.0,8.918079e-21,1.9259556e-15,5.3614996e-25,N,N
CM35_English_N_0107.npy,18.453745,-7.355186,0.21527538,-16.848381,1.0,6.1847697e-12,1.1998669e-08,4.661035e-16,N,N
CM30_Gujarati_N_0067.npy,19.464724,-6.239861,-0.62634766,-19.114786,1.0,6.865007e-12,1.881734e-09,1.7584573e-17,N,N
CF09_Hindi_N_0052.npy,27.502804,-10.739134,-2.1038432,-25.783186,1.0,2.464554e-17,1.3867443e-13,7.214222e-24,N,N
CF02_English_N_0016.npy,8.155866,-0.41013324,3.0165718,-14.149991,0.99398404,0.00018932733,0.0058265636,2.042062e-10,N,N
CF04_English_N_0082.npy,31.27515,-20.31591,-1.4013469,-22.209558,1.0,3.929045e-23,6.4383864e-15,5.9140543e-24,N,N
CM05_English_N_0019.npy,11.215591,-0.7673405,0.048196767,-15.801102,0.9999796,6.249854e-06,1.4127108e-05,1.8483763e-12,N,N
CF04_English_N_0071.npy,19.45348,-8.2655325,2.3942997,-18.643723,1.0,9.157681e-13,3.9020478e-08,2.8483624e-17,N,N
CF04_English_N_0045.npy,30.773596,-15.19501,-3.5301852,-23.26686,1.0,1.086647e-20,1.2649048e-15,3.392569e-24,N,N
CF14_Gujarati_N_0020.npy,21.332884,-10.20576,4.5876775,-22.755905,1.0,2.0088218e-14,5.341326e-08,7.120023e-20,N,N
CM38_English_N_0089.npy,22.732409,-12.755893,-1.9597379,-16.58376,1.0,3.869252e-16,1.8894575e-11,8.417913e-18,N,N
CM35_English_N_0027.npy,14.205788,-1.9863385,0.46242413,-17.761755,0.9999988,9.2864305e-08,1.0748123e-06,1.30819385e-14,N,N
CM24_Gujarati_N_0004.npy,18.317293,-6.695275,-0.59146726,-17.045786,1.0,1.3714499e-11,6.138042e-09,4.3854072e-16,N,N
CM24_Gujarati_N_0059.npy,20.445658,-9.46622,-1.6382333,-15.369266,1.0,1.02196734e-13,2.565004e-10,2.7911094e-16,N,N
CM16_Hindi_N_0021.npy,27.965853,-13.887258,2.4132905,-24.717512,1.0,6.659241e-19,7.992138e-12,1.3179695e-23,N,N
CM05_Hindi_N_0102.npy,9.875573,-1.1952018,2.874766,-14.921545,0.9990741,1.5546091e-05,0.000910303,1.6995958e-11,N,N
CM38_English_N_0139.npy,21.463045,-9.408587,1.4936011,-19.119421,1.0,3.9139993e-14,2.1251056e-09,2.3727879e-18,N,N
CF02_Gujarati_N_0007.npy,23.155676,-8.775332,-4.0978036,-17.892153,1.0,1.3568745e-14,1.4586949e-12,1.4898911e-18,N,N
CM35_English_N_0099.npy,15.07217,-0.0065888744,-0.45487943,-19.786772,0.9999995,2.8273388e-07,1.8058749e-07,7.2602974e-16,N,N
CF02_English_N_0078.npy,22.952517,-7.4209404,0.034423564,-22.207817,1.0,6.441326e-14,1.11377844e-10,2.4384683e-20,N,N
CF04_English_N_0069.npy,19.192215,-7.707933,2.4980304,-19.75906,1.0,2.0768925e-12,5.620921e-08,1.2124847e-17,N,N
CM30_English_N_0013.npy,33.01411,-5.549423,-12.143141,-26.89157,1.0,1.7867758e-17,2.4459959e-20,9.622651e-27,N,N
CF14_English_N_0052.npy,17.026125,-5.444131,1.5083588,-18.1054,0.99999976,1.7429758e-10,1.8227192e-07,5.5280663e-16,N,N
CM05_Hindi_N_0003.npy,18.42654,-3.5194862,0.1500679,-21.091133,1.0,2.9441646e-10,1.1551251e-08,6.8816485e-18,N,N
CM05_English_N_0009.npy,13.747544,-5.657736,-1.4922305,-11.2033615,0.99999976,3.7358845e-09,2.4068547e-07,1.4586787e-11,N,N
CM38_English_N_0128.npy,26.450457,-12.196221,-0.3593438,-21.454515,1.0,1.6442226e-17,2.2732716e-12,1.5672381e-21,N,N
CM38_English_N_0114.npy,14.753093,-7.8283243,0.1460934,-12.689359,0.9999995,1.5596062e-10,4.5316935e-07,1.2075206e-12,N,N
CF04_English_N_0052.npy,28.372982,-13.64239,-2.849222,-23.410273,1.0,5.6618093e-19,2.7565698e-14,3.242033e-23,N,N
CF14_Hindi_N_0059.npy,18.720476,-10.369382,2.2040308,-17.51544,0.9999999,2.325063e-13,6.714273e-08,1.8320677e-16,N,N
CM27_Gujarati_N_0030.npy,15.043546,-8.83509,-0.046048786,-11.2986,0.99999976,4.2622638e-11,2.796869e-07,3.6287017e-12,N,N
CM16_Hindi_N_0062.npy,27.489658,-11.389308,0.26432964,-23.817934,1.0,1.30340404e-17,1.5003414e-12,5.2166886e-23,N,N
CF09_Hindi_N_0047.npy,26.326244,-11.012908,-1.0097854,-23.058064,1.0,6.078715e-17,1.3431156e-12,3.569995e-22,N,N
CM30_Gujarati_N_0012.npy,14.481913,-1.6866847,-5.0311384,-13.306594,0.9999999,9.5075144e-08,3.354208e-09,8.5429e-13,N,N
CM38_English_N_0127.npy,24.806557,-7.95735,-3.7160213,-21.865025,1.0,5.8995023e-15,4.100172e-13,5.380093e-21,N,N
CM38_English_N_0031.npy,17.27097,-8.237124,-3.772474,-12.913991,1.0,8.355553e-12,7.260199e-10,7.777476e-14,N,N
CF04_Hindi_N_0024.npy,25.222567,-13.486428,-0.96823263,-19.040728,1.0,1.544887e-17,4.2216304e-12,5.9799226e-20,N,N
CM03_English_N_0008.npy,24.703264,-10.279952,-0.3765327,-21.859798,1.0,6.4118393e-16,1.2822781e-11,5.996778e-21,N,N
CF02_English_N_0104.npy,16.451925,-2.3564117,-0.20082954,-17.742002,1.0,6.7864607e-09,5.8586842e-08,1.4117762e-15,N,N
CF09_English_N_0013.npy,33.184177,-14.652813,-3.8371534,-25.232536,1.0,1.6774866e-21,8.35295e-17,4.265241e-26,N,N
CF04_Hindi_N_0134.npy,21.806692,-9.892089,-1.9339135,-15.932666,1.0,1.7115702e-14,4.893118e-11,4.0738546e-17,N,N
CF14_Hindi_N_0110.npy,14.876848,-7.1678743,1.9207218,-13.853596,0.9999976,2.6674554e-10,2.3617006e-06,3.3306246e-13,N,N
CF18_English_N_0012.npy,17.086107,-6.366541,-1.1066101,-14.74269,1.0,6.525959e-11,1.25604025e-08,1.5028975e-14,N,N
CM27_Gujarati_N_0007.npy,20.040949,-8.05784,-0.4417499,-16.903578,1.0,6.263988e-13,1.2719708e-09,9.01978e-17,N,N
CF09_English_N_0047.npy,38.784374,-17.064796,0.21089134,-33.650837,1.0,5.5592137e-25,1.7690879e-17,3.481669e-32,N,N
CM05_English_N_0053.npy,11.050684,-2.1891725,0.31695053,-13.189051,0.9999764,1.7782509e-06,2.1796595e-05,2.970344e-11,N,N
CF02_English_N_0063.npy,18.433321,-8.302439,-1.6224169,-14.809456,1.0,2.4479756e-12,1.9494113e-09,3.654654e-15,N,N
CM24_Gujarati_N_0031.npy,17.365904,-7.0228076,2.0918067,-17.439945,0.99999976,2.5592745e-11,2.3256462e-07,7.6561873e-16,N,N
CM38_English_N_0118.npy,24.754427,-10.736672,-0.7451937,-21.048252,1.0,3.8584333e-16,8.426661e-12,1.28276875e-20,N,N
CM38_English_N_0055.npy,28.89142,-9.444742,-4.7599316,-24.761019,1.0,2.2429322e-17,2.428866e-15,5.0008263e-24,N,N
CM16_Hindi_N_0027.npy,21.688446,-12.491212,-0.23731044,-17.039757,1.0,1.4320678e-15,3.00445e-10,1.5154975e-17,N,N
CM35_English_N_0085.npy,33.882336,-11.146383,-2.3902197,-31.370344,1.0,2.7814846e-20,1.7661555e-16,4.5827067e-29,N,N
CM35_English_N_0032.npy,23.380503,-6.621693,-7.366828,-18.69546,1.0,9.3371024e-14,4.432047e-14,5.328953e-19,N,N
CF14_Hindi_N_0102.npy,22.215836,-10.383504,1.1993222,-19.423965,1.0,6.9548406e-15,7.4583717e-10,8.242599e-19,N,N
CF09_Hindi_N_0134.npy,28.920992,-14.563348,-1.2346821,-23.439539,1.0,1.3031392e-19,8.008611e-14,1.8201635e-23,N,N
CM35_English_N_0127.npy,23.013899,-6.5214543,-1.86372,-22.25426,1.0,1.4892215e-13,1.5695945e-11,2.1892169e-20,N,N
CM05_Hindi_N_0006.npy,11.51683,1.1667856,-1.2507861,-16.07248,0.9999652,3.1990232e-05,2.8515408e-06,1.0425573e-12,N,N
CF18_English_N_0028.npy,35.70332,-16.950722,-1.3572532,-28.17378,1.0,1.3571893e-23,8.0315135e-17,1.8135469e-28,N,N
CM38_English_N_0084.npy,29.864408,-14.3470545,-2.2324846,-21.281818,1.0,6.298037e-20,1.1494666e-14,6.130229e-23,N,N
CF04_Hindi_N_0003.npy,26.341484,-11.724721,-0.808687,-23.934841,1.0,2.9380393e-17,1.6174484e-12,1.4630845e-22,N,N
CM05_Hindi_N_0104.npy,36.85074,-15.766167,-4.555645,-28.089342,1.0,1.4085375e-23,1.040965e-18,6.2644386e-29,N,N
CM03_English_N_0057.npy,27.742231,-14.265695,0.27790016,-20.471878,1.0,5.7041264e-19,1.1813884e-12,1.1504759e-21,N,N
CM27_Gujarati_N_0012.npy,14.874658,-7.9255977,1.4244897,-12.973065,0.99999857,1.2530676e-10,1.441006e-06,8.051688e-13,N,N
CF02_English_N_0028.npy,14.717717,-6.061262,-0.69028723,-12.493085,0.99999976,9.45809e-10,2.0341757e-07,1.5222947e-12,N,N
CF04_English_N_0083.npy,24.021688,-12.827468,-1.76845,-17.114328,1.0,9.9223636e-17,6.3021e-12,1.3641272e-18,N,N
CM38_English_N_0057.npy,24.450453,-8.874106,-4.8522835,-20.429115,1.0,3.3676598e-15,1.8792446e-13,3.2288688e-20,N,N
CM30_Gujarati_N_0015.npy,18.020777,2.8225882,-7.7126474,-18.944523,0.99999976,2.509056e-07,6.669839e-12,8.834326e-17,N,N
CF04_English_N_0002.npy,18.958971,-10.289429,1.4582858,-16.537464,1.0,1.9841816e-13,2.5092803e-08,3.8378965e-16,N,N
CM38_English_N_0117.npy,15.350714,-6.5772343,-2.0732987,-12.431118,1.0,2.9978728e-10,2.7092385e-08,8.600106e-13,N,N
CM05_Hindi_N_0012.npy,19.75242,-2.916897,-3.4019046,-20.542826,1.0,1.4283696e-10,8.79436e-11,3.1622556e-18,N,N
CM30_English_N_0030.npy,17.228731,-0.4979996,-5.945324,-17.782202,1.0,2.0016072e-08,8.6225506e-11,6.2365585e-16,N,N
CM05_Hindi_N_0053.npy,18.269148,-3.7301235,-1.5633371,-18.937193,1.0,2.7915012e-10,2.4370315e-09,6.94211e-17,N,N
CF02_English_N_0030.npy,13.418045,-3.4098973,2.6461546,-17.463388,0.999979,4.917095e-08,2.0980617e-05,3.875741e-14,N,N
CM38_English_N_0102.npy,23.175753,-9.760543,-4.1556478,-17.666605,1.0,4.9653406e-15,1.3493475e-12,1.8297403e-18,N,N
CF04_Hindi_N_0045.npy,19.063574,-14.827824,2.6881006,-16.05207,0.9999999,1.91053e-15,7.730763e-08,5.6165357e-16,N,N
CF14_Hindi_N_0114.npy,23.671423,-11.527647,1.1302412,-19.837423,1.0,5.1669963e-16,1.623638e-10,1.2715931e-19,N,N
CM38_English_N_0083.npy,18.548841,-6.904975,-2.7383003,-14.458942,1.0,8.821621e-12,5.689994e-10,4.6227712e-15,N,N
CF04_English_N_0096.npy,20.992033,-12.662854,0.68475723,-16.369795,1.0,2.4202922e-15,1.5158708e-09,5.942433e-17,N,N
CM35_English_N_0048.npy,18.75865,-5.439646,-0.736096,-19.467394,1.0,3.0960914e-11,3.416172e-09,2.5040337e-17,N,N
CF09_Hindi_N_0159.npy,21.88587,-10.911078,-0.22591618,-18.39945,1.0,5.707773e-15,2.494442e-10,3.1937998e-18,N,N
CM38_English_N_0072.npy,27.202475,-9.314009,-3.3775747,-23.13052,1.0,1.383862e-16,5.2390584e-14,1.3824808e-22,N,N
CM05_English_N_0092.npy,17.314754,-4.708746,-0.33961,-18.625902,1.0,2.7246785e-10,2.1518266e-08,2.4613327e-16,N,N
CF09_English_N_0058.npy,22.308365,-7.1977344,-0.47095266,-20.416655,1.0,1.5334293e-13,1.2795814e-10,2.7845753e-19,N,N
CM35_English_N_0111.npy,22.917997,-6.0964,0.7076131,-25.156374,1.0,2.5073075e-13,2.2602299e-10,1.3230181e-21,N,N
CM35_English_N_0100.npy,17.096079,-3.0873537,2.703814,-22.46211,0.9999994,1.715718e-09,5.61718e-07,6.6084005e-18,N,N
CM16_Hindi_N_0023.npy,31.959242,-15.809568,-3.2280457,-23.682364,1.0,1.7958469e-21,5.228242e-16,6.8416023e-25,N,N
CF04_Hindi_N_0079.npy,18.262072,-11.601842,2.585359,-15.793558,0.9999999,1.0721774e-13,1.554857e-07,1.6211675e-15,N,N
CM05_English_N_0071.npy,21.751764,-7.3396864,-3.6463308,-20.657804,1.0,2.3213677e-13,9.327127e-12,3.8173176e-19,N,N
CF14_English_N_0033.npy,23.29564,-8.940573,2.1545238,-23.463404,1.0,9.999776e-15,6.584601e-10,4.9295235e-21,N,N
CF20_Gujarati_N_0043.npy,39.347397,-19.903715,-3.4672756,-28.128572,1.0,1.8516897e-26,2.5457934e-19,4.9608912e-30,N,N
CF14_Gujarati_N_0002.npy,22.563204,-9.716195,-0.0598022,-19.924728,1.0,9.577116e-15,1.4960737e-10,3.5296068e-19,N,N
CF02_English_N_0046.npy,7.5774665,-1.1916224,2.443591,-12.222373,0.9939872,0.00015453041,0.005858239,2.5027644e-09,N,N
CM30_Gujarati_N_0009.npy,21.700829,-6.019889,-3.1381903,-20.233496,1.0,9.142079e-13,1.6313636e-11,6.1397905e-19,N,N
CM03_English_N_0066.npy,38.59535,-16.932987,-2.8135715,-31.754019,1.0,7.6621434e-25,1.0383277e-18,2.8032308e-31,N,N
CM35_English_N_0081.npy,23.118221,-9.710447,-1.5772597,-20.229942,1.0,5.5295683e-15,1.8831684e-11,1.4932474e-19,N,N
CM30_Gujarati_N_0069.npy,17.469463,-4.093655,-1.5410427,-18.326826,1.0,4.3177437e-10,5.5442433e-09,2.8436087e-16,N,N
CF04_English_N_0091.npy,22.811129,-9.032719,-0.8826389,-20.345387,1.0,1.4804469e-14,5.1277576e-11,1.8086844e-19,N,N
CM05_English_N_0006.npy,9.713116,-6.098462,-1.8984387,-6.6067867,0.9999907,1.3586731e-07,9.060706e-06,8.172452e-08,N,N
CF09_English_N_0032.npy,29.48042,-13.126106,-3.271908,-24.45404,1.0,3.1348814e-19,5.9682242e-15,3.771914e-24,N,N
CM05_Hindi_N_0092.npy,15.4654,-3.9703424,0.1062077,-18.356834,0.99999976,3.6238037e-09,2.135933e-07,2.0473394e-15,N,N
CF02_Gujarati_N_0053.npy,18.572344,-2.851621,-3.3994431,-18.352032,1.0,4.96238e-10,2.8692895e-10,9.2033644e-17,N,N
CF04_English_N_0056.npy,21.54322,-9.951591,2.53034,-18.575579,1.0,2.0988284e-14,5.5310934e-09,3.7724866e-18,N,N
CF14_English_N_0044.npy,12.4374485,-7.5684814,0.47247574,-10.218596,0.9999937,2.0489543e-09,6.3632024e-06,1.4474459e-10,N,N
CF14_Gujarati_N_0070.npy,16.077724,-7.1435103,2.2675316,-15.937418,0.99999905,8.2251775e-11,1.0053308e-06,1.2473809e-14,N,N
CF20_Gujarati_N_0061.npy,23.409925,-10.9906,-2.7748325,-17.39807,1.0,1.1482653e-15,4.2472167e-12,1.893708e-18,N,N
CF14_Hindi_N_0086.npy,15.890075,-7.863858,1.3077215,-14.111557,0.9999995,4.828339e-11,4.6447687e-07,9.3423526e-14,N,N
CF04_English_N_0005.npy,16.721373,-5.739065,-0.63202095,-15.798598,1.0,1.7601749e-10,2.9074812e-08,7.5293335e-15,N,N
CF09_Hindi_N_0132.npy,16.295843,-6.692303,-2.4781935,-13.119089,1.0,1.03842504e-10,7.0232735e-09,1.6797986e-13,N,N
CF20_Gujarati_N_0063.npy,25.911943,-12.761764,-1.9692668,-19.74587,1.0,1.6003791e-17,7.7865345e-13,1.4827342e-20,N,N
CF04_Hindi_N_0063.npy,17.612492,-9.411621,0.7259389,-14.360652,1.0,1.8347502e-12,4.63728e-08,1.3008876e-14,N,N
CF20_Gujarati_N_0056.npy,19.992224,-10.894502,-3.8281024,-12.409404,1.0,3.855362e-14,4.518184e-11,8.475247e-15,N,N
CM38_English_N_0106.npy,10.5519905,-3.4042199,-1.242051,-9.449378,0.99999166,8.68743e-07,7.549343e-06,2.0583157e-09,N,N
CF18_English_N_0055.npy,28.462486,-9.495784,-3.5145829,-22.736032,1.0,3.2728973e-17,1.2957912e-14,5.8179053e-23,N,N
CF09_English_N_0005.npy,19.966442,-5.612983,-3.114751,-18.879553,1.0,7.780303e-12,9.4616065e-11,1.3470992e-17,N,N
CF14_Gujarati_N_0035.npy,13.912311,-8.068086,1.825012,-13.80852,0.9999944,2.8446756e-10,5.630547e-06,9.141e-13,N,N
CM16_Hindi_N_0007.npy,21.604788,-12.039894,-1.0453006,-15.873677,1.0,2.4451158e-15,1.4561001e-10,5.288214e-17,N,N
CM38_English_N_0108.npy,21.861124,-9.578094,-2.827022,-16.351267,1.0,2.218818e-14,1.89703e-11,2.5384552e-17,N,N
CF04_English_N_0014.npy,25.306116,-10.88244,2.7327414,-23.502592,1.0,1.9209212e-16,1.572199e-10,6.348153e-22,N,N
CM38_English_N_0115.npy,27.488358,-11.054507,-2.91212,-22.59892,1.0,1.8240893e-17,6.2696024e-14,1.7675453e-22,N,N
CM05_English_N_0035.npy,9.691012,2.9821324,-2.8409383,-13.781894,0.9987779,0.001218539,3.605054e-06,6.3872706e-11,N,N
CM24_Gujarati_N_0028.npy,18.650309,-5.1199274,-0.9643923,-18.49394,1.0,4.7502585e-11,3.030009e-09,7.386822e-17,N,N
CF04_Hindi_N_0101.npy,25.059109,-13.148612,-0.97818696,-19.697641,1.0,2.5503353e-17,4.9220484e-12,3.650813e-20,N,N
CF04_Hindi_N_0033.npy,34.34195,-13.60569,0.9665626,-32.097946,1.0,1.5017747e-21,3.200769e-15,1.3980411e-29,N,N
CF09_Hindi_N_0097.npy,34.559433,-16.122606,-2.8687994,-27.554968,1.0,9.751487e-23,5.5606356e-17,1.0569578e-27,N,N
CM38_English_N_0092.npy,20.44633,-9.983523,-2.155011,-15.195167,1.0,6.0881225e-14,1.5288434e-10,3.3196743e-16,N,N
CM05_English_N_0016.npy,13.450109,-0.027033983,0.06184754,-18.58067,0.999997,1.4026527e-06,1.533031e-06,1.2280302e-14,N,N
CM05_Hindi_N_0078.npy,20.460825,-6.114258,-2.7918696,-20.06596,1.0,2.8746714e-12,7.97045e-11,2.5086502e-18,N,N
CM35_English_N_0045.npy,13.9350815,-4.371702,-0.6540679,-13.828263,0.9999995,1.1206362e-08,4.6133104e-07,8.760578e-13,N,N
CM03_English_N_0098.npy,27.932962,-14.022623,-1.208401,-21.180506,1.0,6.01064e-19,2.2083443e-13,4.6804953e-22,N,N
CM30_English_N_0049.npy,24.784937,-5.66755,-3.725313,-23.567186,1.0,5.951858e-14,4.1510285e-13,1.0021661e-21,N,N
CF04_Hindi_N_0070.npy,13.807007,-4.4902086,-0.75056016,-11.388612,0.9999995,1.1314112e-08,4.7613372e-07,1.142042e-11,N,N
CF09_Hindi_N_0067.npy,18.023182,-4.204553,-2.990554,-15.721223,1.0,2.2213507e-10,7.4791134e-10,2.213052e-15,N,N
CM35_English_N_0121.npy,18.168684,-5.8509836,-2.0959597,-18.44043,1.0,3.701608e-11,1.5818914e-09,1.2614299e-16,N,N
CM30_Gujarati_N_0045.npy,16.486649,-0.71119994,-3.260361,-17.88012,1.0,3.3967922e-08,2.6545008e-09,1.187688e-15,N,N
CM05_English_N_0018.npy,10.702962,-1.7718475,1.1864692,-14.809454,0.9999225,3.8214253e-06,7.362173e-05,8.318873e-12,N,N
CM27_Gujarati_N_0006.npy,20.26797,-11.186877,-0.23317423,-15.029002,1.0,2.1844102e-14,1.2487253e-09,4.685118e-16,N,N
CF14_Hindi_N_0025.npy,23.531145,-12.244601,-0.34640226,-18.730936,1.0,2.9026268e-16,4.266901e-11,4.4239615e-19,N,N
CF04_English_N_0057.npy,20.615988,-6.6074576,3.2811782,-22.162056,1.0,1.5031686e-12,2.962017e-08,2.6407715e-19,N,N
CF04_English_N_0010.npy,23.205637,-14.65995,-0.44537735,-14.493363,1.0,3.5907507e-17,5.3517395e-11,4.24162e-17,N,N
CM16_Hindi_N_0004.npy,25.327833,-9.56473,-1.9923178,-21.026066,1.0,7.020249e-16,1.3646127e-12,7.391938e-21,N,N
CM05_Hindi_N_0063.npy,11.073561,-1.330005,0.5832033,-14.920741,0.9999682,4.1037997e-06,2.7802373e-05,5.1381265e-12,N,N
CM27_Gujarati_N_0031.npy,27.969496,-12.930842,-1.5778455,-21.908384,1.0,1.7266695e-18,1.4714758e-13,2.1792743e-22,N,N
CF20_Gujarati_N_0065.npy,19.77331,-11.160119,-2.5726538,-12.415135,1.0,3.679444e-14,1.9736576e-10,1.0489034e-14,N,N
CM30_Gujarati_N_0003.npy,20.594446,-5.64087,-5.7247906,-17.062153,1.0,4.0378157e-12,3.7127927e-12,4.4253336e-17,N,N
CF04_Hindi_N_0128.npy,15.507672,-3.3121903,1.7444924,-17.272808,0.9999989,6.7086816e-09,1.0537232e-06,5.8025408e-15,N,N
CF04_Hindi_N_0123.npy,16.368761,-9.574138,2.0128372,-14.258615,0.9999994,5.4093167e-12,5.8250725e-07,4.996882e-14,N,N
CF04_Hindi_N_0068.npy,21.091509,-9.071789,2.691304,-20.212322,1.0,7.947788e-14,1.0206862e-08,1.1533822e-18,N,N
CF09_English_N_0004.npy,18.771484,-8.447139,-1.7755022,-15.900228,1.0,1.510434e-12,1.1927722e-09,8.755224e-16,N,N
CF09_Hindi_N_0035.npy,42.897404,-20.5761,-6.593699,-31.889479,1.0,2.715238e-28,3.2083857e-22,3.3149003e-33,N,N
CM27_Gujarati_N_0032.npy,18.228575,-7.051324,0.9064139,-17.501995,1.0,1.04973365e-11,2.999723e-08,3.0367672e-16,N,N
CF14_Hindi_N_0098.npy,22.61239,-14.438966,7.954388,-26.754093,0.9999995,8.105873e-17,4.306357e-07,3.634189e-22,N,N
CM35_English_N_0018.npy,19.222849,-3.3740938,-2.3084965,-20.53706,1.0,1.5355799e-10,4.4571324e-10,5.4012e-18,N,N
CM05_Hindi_N_0035.npy,18.550364,-3.106637,-1.3409061,-22.15076,1.0,3.9308254e-10,2.2979012e-09,2.107296e-18,N,N
CM05_English_N_0075.npy,17.695032,-4.3359423,-1.1199893,-17.641562,1.0,2.7043878e-10,6.741243e-09,4.5031077e-16,N,N
CF02_English_N_0070.npy,22.728746,-6.744616,1.5853525,-23.674763,1.0,1.5844609e-13,6.569623e-10,7.034143e-21,N,N
CF04_Hindi_N_0125.npy,14.2777605,-4.5835733,-0.57120216,-13.012198,0.99999964,6.4361574e-09,3.5577648e-07,1.4064401e-12,N,N
CM05_English_N_0039.npy,20.156212,-4.2982445,-1.7015604,-22.587545,1.0,2.3964289e-11,3.2158062e-10,2.7328843e-19,N,N
CM35_English_N_0082.npy,21.130913,-6.5654635,0.2781845,-21.794546,1.0,9.367343e-13,8.7856794e-10,2.278816e-19,N,N
CM05_English_N_0060.npy,17.233488,-5.5654197,-2.852634,-14.725452,1.0,1.254758e-10,1.8910709e-09,1.31949725e-14,N,N
CF04_English_N_0105.npy,26.312988,-9.714772,2.520395,-25.426601,1.0,2.2560193e-16,4.6452397e-11,3.386739e-23,N,N
CF04_English_N_0075.npy,16.268345,-11.30699,3.997778,-16.395885,0.99999535,1.0572614e-12,4.6876858e-06,6.517829e-15,N,N
CF09_Hindi_N_0070.npy,30.218649,-14.685979,3.39563,-27.411184,1.0,3.1489625e-20,2.2434214e-12,9.3687457e-26,N,N
CF02_English_N_0021.npy,12.028668,-5.4718866,0.78473127,-12.063519,0.9999869,2.509573e-08,1.3086223e-05,3.442634e-11,N,N
CM38_English_N_0130.npy,19.223295,-6.2333364,-2.3085468,-16.640709,1.0,8.796821e-12,4.4549225e-10,2.6574192e-16,N,N
CF04_English_N_0113.npy,23.38554,-7.992593,0.44212696,-22.508215,1.0,2.3585793e-14,1.0859315e-10,1.1711062e-20,N,N
CF14_Gujarati_N_0064.npy,16.830873,-7.9697905,0.28407046,-13.762568,0.9999999,1.6951529e-11,6.5135076e-08,5.1693665e-14,N,N
CF14_English_N_0032.npy,22.125998,-8.768594,1.0409082,-21.387793,1.0,3.825155e-14,6.9640566e-10,1.265322e-19,N,N
CF09_Hindi_N_0169.npy,22.706411,-7.9504075,1.6129261,-22.050858,1.0,4.851912e-14,6.9058304e-10,3.6489192e-20,N,N
CF20_Gujarati_N_0030.npy,22.106411,-12.489115,-3.8621786,-14.194169,1.0,9.44829e-16,5.272114e-12,1.71735e-16,N,N
CM35_English_N_0097.npy,32.683704,-13.500985,-5.6544743,-26.321354,1.0,8.754768e-21,2.2384106e-17,2.3682567e-26,N,N
CM38_English_N_0096.npy,32.129642,-11.921617,-1.8888019,-28.265217,1.0,7.392336e-20,1.6825866e-15,5.8999165e-27,N,N
CM35_English_N_0016.npy,12.002546,-0.2059297,-0.06504539,-15.290674,0.9999893,4.9879436e-06,5.742578e-06,1.4018459e-12,N,N
CM24_Gujarati_N_0011.npy,21.487398,-9.638143,3.3695655,-21.578398,1.0,3.0363302e-14,1.3537095e-08,1.9804436e-19,N,N
CM24_Gujarati_N_0046.npy,16.028273,-5.1006713,2.6826124,-19.669926,0.99999845,6.6652334e-10,1.5997523e-06,3.1366758e-16,N,N
CM05_English_N_0073.npy,11.622258,-1.636674,-3.2936218,-10.56507,0.99999785,1.744689e-06,3.3274733e-07,2.3129423e-10,N,N
CF02_English_N_0025.npy,12.833413,-4.508533,1.1157533,-13.752666,0.9999919,2.9409334e-08,8.14857e-06,2.843212e-12,N,N
CM05_English_N_0064.npy,16.8178,-3.1492994,-2.1452854,-17.851074,1.0,2.130093e-09,5.8134875e-09,8.780074e-16,N,N
CF14_English_N_0003.npy,13.814743,-3.613946,0.8759414,-14.392941,0.9999976,2.6965962e-08,2.4029723e-06,5.617688e-13,N,N
CM05_Hindi_N_0077.npy,31.196325,-9.273855,-5.3452706,-27.423174,1.0,2.6547518e-18,1.3495429e-16,3.4823704e-26,N,N
CF02_English_N_0038.npy,13.395686,-2.1894202,-0.057519402,-15.057891,0.99999845,1.7040166e-07,1.4366356e-06,4.393067e-13,N,N
CF04_English_N_0061.npy,19.432495,-10.212333,-2.055676,-12.984221,1.0,1.3347946e-13,4.6537824e-10,8.348308e-15,N,N
CF04_Hindi_N_0121.npy,15.972457,-8.046684,-1.7923096,-11.231918,1.0,3.7035573e-11,1.926903e-08,1.5321085e-12,N,N
CM03_English_N_0003.npy,26.488981,-10.51063,-1.6965749,-22.361332,1.0,8.536369e-17,5.7433913e-13,6.0894685e-22,N,N
CM35_English_N_0057.npy,29.112816,-10.561948,-0.63686144,-26.608261,1.0,5.881248e-18,1.20193e-13,6.318933e-25,N,N
CF04_English_N_0089.npy,22.016382,-10.156045,-1.8843226,-17.719875,1.0,1.06584e-14,4.169227e-11,5.5304667e-18,N,N
CM35_English_N_0042.npy,14.133916,-8.048034,2.2101562,-12.975207,0.9999933,2.325406e-10,6.630926e-06,1.6852118e-12,N,N
CF20_Gujarati_N_0018.npy,40.53654,-19.990427,-3.9410725,-28.713825,1.0,5.169767e-27,4.826331e-20,8.412946e-31,N,N
CM03_English_N_0089.npy,25.344156,-11.07762,-3.507764,-19.22765,1.0,1.521331e-16,2.9496457e-13,4.3924803e-20,N,N
CM05_Hindi_N_0110.npy,18.892199,-6.1212273,0.32357296,-18.880892,1.0,1.3702733e-11,8.62478e-09,3.9387217e-17,N,N
CF09_Hindi_N_0164.npy,15.985812,-6.1017094,-2.9342356,-12.886519,1.0,2.5557106e-10,6.069147e-09,2.8900523e-13,N,N
CM05_Hindi_N_0112.npy,14.647673,-2.5442173,-2.7104425,-13.453388,1.0,3.4170924e-08,2.8937826e-08,6.249774e-13,N,N
CM05_Hindi_N_0033.npy,11.84188,-3.1168776,2.9626613,-16.483294,0.9998604,3.1873782e-07,0.00013923344,4.9942846e-13,N,N
CM05_Hindi_N_0115.npy,21.797953,-9.224353,-0.27653483,-20.86557,1.0,3.3665443e-14,2.5892372e-10,2.961204e-19,N,N
CF14_Hindi_N_0090.npy,14.730182,-8.253622,0.08495912,-13.204262,0.9999995,1.0429442e-10,4.3617464e-07,7.382862e-13,N,N
CF04_Hindi_N_0043.npy,23.17069,-11.83723,0.21459791,-20.091425,1.0,6.2553817e-16,1.0722488e-10,1.6274287e-19,N,N
CM16_Hindi_N_0016.npy,28.099062,-11.903916,3.1536381,-27.133394,1.0,4.235716e-18,1.466697e-11,1.030028e-24,N,N
CF09_Hindi_N_0125.npy,27.97482,-13.985734,-0.12825516,-23.219736,1.0,5.980861e-19,6.237199e-13,5.840988e-23,N,N
CM16_Hindi_N_0081.npy,16.687216,-6.288268,2.9536798,-17.350515,0.9999989,1.05165696e-10,1.0854274e-06,1.6504437e-15,N,N
CM38_English_N_0053.npy,23.701828,-7.6592364,-5.641727,-19.188684,1.0,2.3991785e-14,1.80408e-13,2.3598693e-19,N,N
CF18_English_N_0021.npy,23.761951,-7.8335724,-1.0918237,-21.627634,1.0,1.8977472e-14,1.6074692e-11,1.9388876e-20,N,N
CF14_Hindi_N_0050.npy,12.92505,-11.051696,1.8605355,-11.007905,0.9999844,3.863891e-11,1.5657983e-05,4.036854e-11,N,N
CF14_Hindi_N_0137.npy,13.388666,-4.6169767,1.2368559,-13.599314,0.99999475,1.5144215e-08,5.2787777e-06,1.9022475e-12,N,N
CF20_Gujarati_N_0054.npy,15.507798,-5.618698,-0.22878185,-12.628538,0.9999999,6.681587e-10,1.4645026e-07,6.0331476e-13,N,N
CM38_English_N_0024.npy,22.261538,-8.913356,-1.2430462,-19.168692,1.0,2.8901225e-14,6.195682e-11,1.0164361e-18,N,N
CM05_English_N_0059.npy,20.220453,-6.6147814,-5.8371816,-17.22794,1.0,2.2161812e-12,4.822955e-12,5.449652e-17,N,N
CM30_Gujarati_N_0025.npy,18.488459,-1.480157,-5.808429,-18.188736,1.0,2.1268656e-09,2.8054097e-11,1.1784133e-16,N,N
CM30_Gujarati_N_0007.npy,23.388517,-7.3233547,0.16073307,-23.10711,1.0,4.5920163e-14,8.171487e-11,6.4151253e-21,N,N
CF02_English_N_0072.npy,26.159489,-12.315692,-3.3080785,-18.261211,1.0,1.9518253e-17,1.5936688e-13,5.1089906e-20,N,N
CM30_English_N_0022.npy,21.084131,-0.7497329,-7.386132,-20.046762,1.0,3.2936182e-10,4.3203814e-13,1.3711338e-18,N,N
CF04_English_N_0049.npy,23.777739,-11.072463,-1.9039841,-18.105413,1.0,7.324031e-16,7.0237587e-12,6.4621676e-19,N,N
CM30_Gujarati_N_0019.npy,20.897238,-1.300116,-8.226867,-18.271107,1.0,2.2898758e-10,2.2467904e-13,9.758992e-18,N,N
CM03_English_N_0031.npy,21.63677,-9.24373,-2.0352328,-17.694407,1.0,3.8794387e-14,5.2405857e-11,8.292529e-18,N,N
CM24_Gujarati_N_0069.npy,11.6970415,-0.5899108,2.967878,-17.345852,0.9998336,4.6107575e-06,0.00016177086,2.436463e-13,N,N
CF02_English_N_0087.npy,18.787992,-7.052393,-0.16385594,-17.833057,1.0,5.9932614e-12,5.8791776e-09,1.2464675e-16,N,N
CF02_English_N_0011.npy,6.8721204,-4.81918,3.124694,-9.350341,0.97695667,8.1735e-06,0.023035029,8.8013586e-08,N,N
CF04_English_N_0028.npy,28.237062,-13.190766,-0.77209413,-24.126863,1.0,1.0188779e-18,2.5204792e-13,1.8139943e-23,N,N
CM16_Hindi_N_0040.npy,30.15431,-12.275063,-1.119151,-26.682535,1.0,3.742456e-19,2.6188387e-14,2.070483e-25,N,N
CF14_English_N_0004.npy,12.871641,-7.447948,3.0457654,-12.901335,0.999946,1.4972382e-09,5.4032207e-05,6.410846e-12,N,N
CM05_English_N_0012.npy,20.65515,-6.4210215,-0.9254129,-20.5937,1.0,1.7416784e-12,4.2430756e-10,1.2185768e-18,N,N
CF09_Hindi_N_0005.npy,31.641657,-14.217929,-3.362063,-24.139894,1.0,1.2118123e-20,6.2817096e-16,5.948125e-25,N,N
CF09_Hindi_N_0077.npy,36.569313,-17.067133,0.8384782,-30.978956,1.0,5.0814578e-24,3.0359567e-16,4.6148603e-30,N,N
CM05_English_N_0067.npy,12.40153,-3.0922291,-0.22776595,-14.009001,0.99999654,1.8670003e-07,3.2746493e-06,3.3888396e-12,N,N
CM35_English_N_0129.npy,10.127248,-3.5216,0.5911351,-11.741023,0.99992657,1.1812693e-06,7.2191644e-05,3.1819897e-10,N,N
CF09_Hindi_N_0131.npy,41.330257,-17.455284,-0.66369045,-35.34331,1.0,2.949604e-26,5.784435e-19,5.0244926e-34,N,N
CF02_Gujarati_N_0049.npy,28.770296,-10.1710615,-2.9727194,-24.906406,1.0,1.2245702e-17,1.6375088e-14,4.88094e-24,N,N
CM30_Gujarati_N_0058.npy,16.774343,-5.642152,-0.67678523,-15.020187,1.0,1.8392442e-10,2.6367648e-08,1.5552875e-14,N,N
CM16_Hindi_N_0082.npy,11.135899,-5.596586,0.9192244,-11.400908,0.9999634,5.4095146e-08,3.6554346e-05,1.630695e-10,N,N
CF04_Hindi_N_0006.npy,22.49238,-10.809595,1.519652,-19.291748,1.0,3.444577e-15,7.792192e-10,7.1348443e-19,N,N
CM16_Hindi_N_0037.npy,31.955889,-17.554035,-1.2465732,-23.650496,1.0,3.1485632e-22,3.804997e-15,7.0868646e-25,N,N
CM38_English_N_0097.npy,25.43205,-11.345761,0.98597753,-22.72769,1.0,1.0656112e-16,2.4166022e-11,1.21476e-21,N,N
CM03_English_N_0054.npy,16.602991,-2.240218,-2.16984,-18.53009,1.0,6.5538823e-09,7.0317454e-09,5.5194705e-16,N,N
CF04_English_N_0077.npy,22.222187,-12.798703,0.92973197,-16.27596,1.0,6.1747733e-16,5.6598376e-10,1.9075134e-17,N,N
CM38_English_N_0103.npy,20.069803,-9.057565,-1.9406947,-16.850094,1.0,2.2394658e-13,2.7603375e-10,9.244674e-17,N,N
CF04_English_N_0037.npy,16.86896,-7.436841,-0.61812735,-15.428309,1.0,2.7805107e-11,2.5436332e-08,9.407512e-15,N,N
CM30_Gujarati_N_0063.npy,10.105121,0.45605403,-3.2520034,-10.790397,0.99993396,6.448145e-05,1.5814153e-06,8.417118e-10,N,N
CM35_English_N_0001.npy,29.10487,-10.88515,-4.0232673,-24.373358,1.0,4.2909618e-18,4.0985807e-15,5.9525314e-24,N,N
CF04_Hindi_N_0105.npy,27.450548,-15.989827,0.7677094,-21.151335,1.0,1.3617089e-19,2.5810148e-12,7.8067523e-22,N,N
M03_English_L_0065.npy,0.3720003,2.4083698,4.826735,-8.668197,0.010560087,0.08091919,0.90851945,1.2518711e-06,M,L
M03_English_L_0053.npy,-3.7194943,3.5420954,3.8607566,-7.011404,0.00029544922,0.42087305,0.5788205,1.0985616e-05,M,L
M03_English_L_0003.npy,1.8954867,2.9910245,5.197065,-10.523678,0.03210659,0.09602408,0.87186915,1.297237e-07,M,L
M03_English_L_0056.npy,-1.5678904,3.9033377,6.652387,-11.437168,0.0002528901,0.060125142,0.9396219,1.3084553e-08,M,L
M03_English_L_0011.npy,1.0353289,2.3175957,5.286117,-9.007244,0.013375146,0.048214756,0.9384095,5.8192137e-07,M,L
M03_English_L_0060.npy,-1.4768828,4.7504888,4.857927,-10.425235,0.00093345845,0.47272453,0.52634186,1.2130405e-07,M,L
M03_English_L_0051.npy,-2.8188362,2.3494318,3.6980226,-6.075432,0.0011721966,0.20584995,0.7929327,4.51522e-05,M,L
M03_English_L_0018.npy,5.49323,3.7198603,4.743235,-14.994047,0.6089655,0.10337799,0.28765646,7.710471e-10,N,L
M09_English_L_0006.npy,-6.8022346,3.3899608,0.5584429,-1.098703,3.5004356e-05,0.93440795,0.055058442,0.010498679,L,L
M09_English_L_0009.npy,-1.6874765,0.43702018,0.15834911,0.41234523,0.041899342,0.35064235,0.2653622,0.34209615,L,L
M03_English_L_0067.npy,-4.4056444,4.268473,1.8913385,-6.038183,0.00015640481,0.91489595,0.084917106,3.0566654e-05,L,L
M03_English_L_0012.npy,5.1026106,1.8650061,4.820828,-12.8245125,0.55750823,0.021886557,0.4206052,9.132722e-09,N,L
M03_English_L_0019.npy,-3.1239882,6.4916162,2.383785,-8.9958725,6.559704e-05,0.9837578,0.016176324,1.8482353e-07,L,L
M03_English_L_0038.npy,-0.9657137,4.1413207,7.672227,-12.913743,0.00017217992,0.028440634,0.97138715,1.1143437e-09,M,L
M03_English_L_0059.npy,-4.3193893,5.676752,0.6861812,-5.7121363,4.5264987e-05,0.993188,0.0067554456,1.1243463e-05,L,L
M03_English_L_0009.npy,1.2095003,3.1050293,5.3952155,-10.919151,0.013624613,0.090686366,0.89568895,7.360673e-08,M,L
M03_English_L_0066.npy,0.6194378,1.8263774,9.448182,-12.724507,0.00014636897,0.000489346,0.9993642,2.345563e-10,M,L
M03_English_L_0015.npy,3.3312037,3.564462,5.683261,-13.806925,0.078309335,0.09888179,0.8228089,2.8237048e-09,M,L
M03_English_L_0068.npy,-2.2489376,5.2050276,3.7638507,-9.601777,0.00046809507,0.80825806,0.19127353,2.9994146e-07,L,L
M03_English_L_0041.npy,2.2179313,0.9078768,5.803462,-9.223401,0.02677927,0.0072251926,0.96599525,2.8766777e-07,M,L
M03_English_L_0006.npy,-4.3603616,1.793444,9.318787,-9.906045,1.1454786e-06,0.00053895265,0.9994598,4.472265e-09,M,L
M03_English_L_0002.npy,0.2659054,4.187332,5.4198527,-11.85842,0.0044526397,0.22473544,0.770812,2.4159615e-08,M,L
M03_English_L_0016.npy,3.8385582,7.713978,3.9657023,-17.37046,0.01986551,0.95757556,0.022558888,1.22219335e-11,L,L
M09_English_L_0004.npy,-6.030511,3.2854564,2.0230153,-3.196301,7.004294e-05,0.7784624,0.2202756,0.0011919177,L,L
M03_English_L_0017.npy,-4.149455,4.761531,3.1605427,-8.026104,0.00011224401,0.8320611,0.16782433,2.3257123e-06,L,L
M03_English_L_0063.npy,-3.8222957,2.3097906,4.6343865,-6.1471715,0.0001935018,0.08908739,0.9107002,1.8923623e-05,M,L
M03_English_L_0024.npy,-2.6852016,6.211642,9.329296,-16.310179,5.7990705e-06,0.042384632,0.95760953,7.0162656e-12,M,L
M03_English_L_0027.npy,0.779975,3.7703187,7.786594,-14.355924,0.0008890404,0.01768525,0.98142576,2.3740204e-10,M,L
M03_English_L_0069.npy,-2.2346241,5.970093,3.4661744,-10.736825,0.0002526356,0.92418253,0.07556485,5.129039e-08,L,L
M03_English_L_0055.npy,-2.523157,3.9998963,7.3260093,-10.816161,5.0957486e-05,0.03468438,0.9652646,1.27526985e-08,M,L
M03_English_L_0061.npy,-4.5690284,4.9735985,3.8967247,-9.220489,5.349927e-05,0.74586165,0.25408435,5.1079263e-07,L,L
M03_English_L_0022.npy,1.8868928,1.8178358,2.4329665,-8.05579,0.27324027,0.2550079,0.47173867,1.3136891e-05,M,L
M03_English_L_0005.npy,-2.7288914,6.989331,5.56593,-13.752139,4.8492482e-05,0.8058319,0.19411957,7.91295e-10,L,L
M03_English_L_0049.npy,-0.2786534,3.5160086,3.918506,-9.001507,0.008931719,0.39713287,0.59393394,1.45428e-06,M,L
M03_English_L_0008.npy,-0.26591948,4.3162546,8.295929,-14.579312,0.00018772065,0.01834531,0.98146695,1.1409984e-10,M,L
M03_English_L_0029.npy,-1.3245262,1.4379166,4.923667,-6.950147,0.0018729402,0.029664546,0.9684558,6.7506885e-06,M,L
M03_English_L_0052.npy,-0.908786,5.037094,5.2419066,-11.619464,0.0011734093,0.44844824,0.55037826,2.617347e-08,M,L
M09_English_L_0003.npy,-9.657717,4.725233,3.1883197,-4.1304364,4.6657468e-07,0.82291865,0.17696358,0.0001173245,L,L
M03_English_L_0057.npy,-3.6845498,2.739818,5.6604896,-8.195844,8.2921324e-05,0.05113682,0.94877934,9.10828e-07,M,L
M03_English_L_0034.npy,1.308949,3.3958855,8.013063,-13.599771,0.0012123925,0.009772107,0.9890155,4.0631998e-10,M,L
M03_English_L_0054.npy,-0.8573233,1.7398611,2.630329,-4.7873015,0.02120684,0.28472063,0.69365597,0.00041658946,M,L
M03_English_L_0033.npy,-2.865868,4.4445887,4.0965114,-8.366286,0.00039169483,0.5859207,0.41368598,1.600098e-06,L,L
M03_English_L_0036.npy,-3.4885995,5.575756,3.7732456,-9.488292,9.932857e-05,0.85836875,0.14153163,2.4628676e-07,L,L
M09_English_L_0002.npy,-5.388809,3.378711,1.2088795,-2.7854328,0.00013946743,0.8956912,0.102285124,0.0018841038,L,L
M03_English_L_0039.npy,-4.5875463,6.5607967,3.2607896,-9.957601,1.3886741e-05,0.96441555,0.035570446,6.462715e-08,L,L
M03_English_L_0058.npy,2.1233692,3.589876,4.358702,-11.004064,0.068102896,0.29516262,0.6367344,1.3551698e-07,M,L
M09_English_L_0005.npy,-5.3341246,3.7188537,0.9204916,-2.8929033,0.00011017044,0.94129056,0.057333756,0.0012655345,L,L
M03_English_L_0045.npy,-5.459531,6.2734113,7.0199614,-12.820964,2.580638e-06,0.32157266,0.6784247,1.6394469e-09,M,L
M09_English_L_0008.npy,-7.737563,1.8282804,4.4380336,-3.2823896,4.799553e-06,0.06848472,0.9310973,0.0004131026,M,L
M03_English_L_0048.npy,-2.0156238,2.9691226,3.0567439,-6.206665,0.0032601615,0.4765264,0.52016413,4.932796e-05,M,L
M03_English_L_0021.npy,-0.9614431,6.5603733,6.9990277,-15.323738,0.00021211867,0.39197847,0.60780936,1.2277603e-10,M,L
M09_English_L_0007.npy,-6.3912663,5.7376804,0.67751473,-4.031755,5.3665085e-06,0.9936336,0.0063041155,5.6808614e-05,L,L
M03_English_L_0001.npy,-6.1044025,-0.7536697,8.93623,-7.084818,2.9370366e-07,6.190178e-05,0.9999378,1.1018448e-07,M,L
M03_English_L_0020.npy,-0.54456633,1.9064182,10.667292,-13.166991,1.35107075e-05,0.00015672091,0.99982977,4.4548077e-11,M,L
M03_English_L_0046.npy,-3.568062,3.0788393,5.7942057,-8.52354,8.0566184e-05,0.062067654,0.9378512,5.6756573e-07,M,L
M03_English_L_0014.npy,4.0793843,5.468948,2.852278,-13.10185,0.18845743,0.75629824,0.055244338,6.5087624e-09,L,L
M03_English_L_0007.npy,5.1823235,1.5990126,4.9251714,-13.249097,0.5552366,0.015426449,0.429337,5.4930602e-09,N,L
M03_English_L_0062.npy,-2.7248387,4.250578,3.2158096,-7.9435716,0.0006890898,0.7373281,0.26197907,3.730862e-06,L,L
M03_English_L_0031.npy,-2.8968487,2.4928932,7.495295,-10.339882,3.04668e-05,0.006676698,0.9932928,1.7838508e-08,M,L
M03_English_L_0026.npy,1.7236975,3.7090971,5.685181,-11.766483,0.016442727,0.11973522,0.86382204,2.2764752e-08,M,L
M03_English_L_0028.npy,2.9221835,0.6975852,6.683376,-10.984354,0.022671739,0.0024510606,0.97487724,2.0699133e-08,M,L
M03_English_L_0064.npy,-2.074317,4.179756,4.276302,-9.332106,0.0009140977,0.47544697,0.52363825,6.44132e-07,M,L
M03_English_L_0023.npy,-5.2579374,6.103063,5.6542106,-11.632018,7.105062e-06,0.610362,0.38963085,1.2115458e-08,L,L
M03_English_L_0070.npy,-2.3671017,2.0013826,1.6113979,-2.652936,0.0074564475,0.5884921,0.39844874,0.0056026783,L,L
M03_English_L_0043.npy,3.1808982,3.423565,3.2943876,-11.406771,0.29456607,0.37546676,0.329967,1.3609387e-07,L,L
M09_English_L_0001.npy,-6.7076435,6.4799805,1.2802445,-5.7860117,1.8633522e-06,0.9945057,0.0054877033,4.6833275e-06,L,L
M03_English_L_0032.npy,3.0905566,1.138454,3.034645,-8.727757,0.4790177,0.068008654,0.45297006,3.5295814e-06,N,L
M03_English_L_0044.npy,-3.7403402,4.191711,4.1944504,-8.433812,0.00017924627,0.4992248,0.50059426,1.6409718e-06,M,L
M03_English_L_0025.npy,-4.029393,5.843808,4.3348813,-9.844448,4.2202362e-05,0.8188675,0.18109022,1.2586081e-07,L,L
M03_English_L_0035.npy,-1.8277837,4.6228023,4.956314,-10.252133,0.00065886753,0.41711134,0.5822296,1.4459376e-07,M,L
M03_English_L_0040.npy,-0.10757909,4.8863707,7.7912383,-14.514791,0.00035178903,0.051895197,0.94775295,1.9467497e-10,M,L
M03_English_L_0004.npy,-2.0627437,5.2674294,5.11837,-11.458959,0.00035198664,0.53700686,0.4626411,2.9228215e-08,L,L
M03_English_L_0030.npy,1.3598297,2.0570734,8.921169,-12.691935,0.0005193653,0.0010429946,0.9984376,4.1008055e-10,M,L
M03_English_L_0010.npy,-7.162606,2.9643977,7.948122,-8.466693,2.719758e-07,0.006801922,0.9931978,7.3819756e-08,M,L
M03_English_L_0013.npy,-5.8598967,3.62179,4.985064,-7.240265,1.5529473e-05,0.20370473,0.7962758,3.905448e-06,M,L
M03_English_L_0037.npy,1.0054805,1.3871515,7.140941,-9.88003,0.0021532387,0.0031539137,0.99469286,4.0325066e-08,M,L
M03_English_L_0047.npy,-3.4841914,4.8451853,1.5308259,-6.3520036,0.00023279918,0.96468073,0.035073213,1.3228361e-05,L,L
M03_English_L_0050.npy,0.6398581,4.4684324,1.1451524,-7.9878483,0.020553056,0.9453771,0.034066144,3.6805363e-06,L,L
M03_English_L_0042.npy,-1.119114,3.0761948,5.71614,-9.47756,0.0010025678,0.06654466,0.93245256,2.3501022e-07,M,L
